rep	hebra	win	estimate	conf.low	conf.high	p	n	n_ref	prop	p_adj	seg	win_center	sig	perm	orden
Rep 1	Misma hebra	-233	-0.027606898444254964	-0.09843232480865566	0.0433248742829701	0.44618642680477766	176	6047	0.01791713325867861	0.5205508312722407	Misma hebra 1	-228.5	FALSE	Matriz real	1,2,3,4,5,6,7,8,9,10,11,12,13,14,15
Rep 1	Misma hebra	-223	0.009906328990158001	-0.06462554167797561	0.08521002169270982	0.7976843681141434	150	6047	0.015270284027282907	0.8685896452798451	Misma hebra 1	-218.5	FALSE	Matriz real	1,2,3,4,5,6,7,8,9,10,11,12,13,14,15
Rep 1	Misma hebra	-213	-0.00827000671961461	-0.0814695661006229	0.06491851417536924	0.8197354936918169	159	6047	0.016186501068919883	0.8731965041499788	Misma hebra 1	-208.5	FALSE	Matriz real	1,2,3,4,5,6,7,8,9,10,11,12,13,14,15
Rep 1	Misma hebra	-203	-0.05158457342658012	-0.12293791322925667	0.019748243458815876	0.1576314283699268	174	6047	0.017713529471648174	0.2574646663375471	Misma hebra 1	-198.5	FALSE	Matriz real	1,2,3,4,5,6,7,8,9,10,11,12,13,14,15
Rep 1	Misma hebra	-193	-0.03429189140683014	-0.10242836210741037	0.03392078598119383	0.3250183336540415	173	6047	0.017611727578132952	0.41910258813284296	Misma hebra 1	-188.5	FALSE	Matriz real	1,2,3,4,5,6,7,8,9,10,11,12,13,14,15
Rep 1	Misma hebra	-183	-0.058425894036325116	-0.13406100578222613	0.018284945748927597	0.1337136127463447	158	6047	0.016084699175404664	0.23161590791264006	Misma hebra 1	-178.5	FALSE	Matriz real	1,2,3,4,5,6,7,8,9,10,11,12,13,14,15
Rep 1	Misma hebra	-173	-0.05791817307585993	-0.13462520978992584	0.018536667599777054	0.13707880264217473	137	6047	0.013946859411585055	0.23161590791264006	Misma hebra 1	-168.5	FALSE	Matriz real	1,2,3,4,5,6,7,8,9,10,11,12,13,14,15
Rep 1	Misma hebra	-163	-0.0756305447323014	-0.15670747167803317	0.004082225590524768	0.06303243840138063	120	6047	0.012216227221826326	0.14707568960322148	Misma hebra 1	-158.5	FALSE	Matriz real	1,2,3,4,5,6,7,8,9,10,11,12,13,14,15
Rep 1	Misma hebra	-153	-0.04888219580963405	-0.12760479138344247	0.03008980820091137	0.220078938807302	130	6047	0.01323424615697852	0.3267838788350848	Misma hebra 1	-148.5	FALSE	Matriz real	1,2,3,4,5,6,7,8,9,10,11,12,13,14,15
Rep 1	Misma hebra	-143	-0.007797528711811108	-0.08558002148725061	0.07162562942559118	0.8445774911172549	141	6047	0.014354066985645933	0.8805169588243722	Misma hebra 1	-138.5	FALSE	Matriz real	1,2,3,4,5,6,7,8,9,10,11,12,13,14,15
Rep 1	Misma hebra	-133	-0.0684432227263524	-0.15475579356031544	0.01796430766778515	0.1193065344214714	117	6047	0.011910821541280668	0.23158168796053324	Misma hebra 1	-128.5	FALSE	Matriz real	1,2,3,4,5,6,7,8,9,10,11,12,13,14,15
Rep 1	Misma hebra	-123	-0.1478875846735072	-0.2295074993886728	-0.06708069720686569	3.3638824747731015e-4	114	6047	0.01160541586073501	0.004120756031597049	Misma hebra 1	-118.5	TRUE	Matriz real	1,2,3,4,5,6,7,8,9,10,11,12,13,14,15
Rep 1	Misma hebra	-113	-0.11353264457720062	-0.20138086920377996	-0.02456777178159805	0.012479122661874875	106	6047	0.010791000712613255	0.043676929316562065	Misma hebra 1	-108.5	TRUE	Matriz real	1,2,3,4,5,6,7,8,9,10,11,12,13,14,15
Rep 1	Misma hebra	-103	-0.0648766438028192	-0.14671614353449067	0.0172818483918891	0.12288007932599723	120	6047	0.012216227221826326	0.23158168796053324	Misma hebra 1	-98.5	FALSE	Matriz real	1,2,3,4,5,6,7,8,9,10,11,12,13,14,15
Rep 1	Misma hebra	-93	-0.11009105524594105	-0.19351412527260092	-0.026751218205763615	0.009330836574520222	101	6047	0.010281991245037158	0.03517007631934545	Misma hebra 1	-88.5	TRUE	Matriz real	1,2,3,4,5,6,7,8,9,10,11,12,13,14,15
Rep 1	Misma hebra	-83	-0.07176224995433689	-0.16174212114191527	0.01831647652906483	0.11757306521994282	101	6047	0.010281991245037158	0.23158168796053324	Misma hebra 1	-78.5	FALSE	Matriz real	1,2,3,4,5,6,7,8,9,10,11,12,13,14,15
Rep 1	Misma hebra	-73	-0.057541440521171064	-0.15159685237960244	0.03814286416096221	0.23562933516680754	106	6047	0.010791000712613255	0.32988106923353055	Misma hebra 1	-68.5	FALSE	Matriz real	1,2,3,4,5,6,7,8,9,10,11,12,13,14,15
Rep 1	Misma hebra	-63	-3.219136923345639e-4	-0.12142439715249435	0.12776062283653197	0.9945711776823607	68	6047	0.006922528759034918	0.9945711776823607	Misma hebra 1	-58.5	FALSE	Matriz real	1,2,3,4,5,6,7,8,9,10,11,12,13,14,15
Rep 1	Misma hebra	-53	-0.1989555240687696	-0.30437046917689903	-0.09847407106211882	1.2406694859887264e-4	64	6047	0.0065153211849740406	0.0020264268271149195	Misma hebra 1	-48.5	TRUE	Matriz real	1,2,3,4,5,6,7,8,9,10,11,12,13,14,15
Rep 1	Misma hebra	-43	-0.1864743638406685	-0.3094985375401913	-0.06239079286879014	0.0036379057078571595	54	6047	0.005497302249821846	0.016205216335000074	Misma hebra 1	-38.5	TRUE	Matriz real	1,2,3,4,5,6,7,8,9,10,11,12,13,14,15
Rep 1	Misma hebra	-33	0.2307216652303927	0.1825242456751252	0.2805885989797467	3.6316842038771975e-22	738	6047	0.07512979741423191	1.779525259899827e-20	Misma hebra 1	-28.5	TRUE	Matriz real	1,2,3,4,5,6,7,8,9,10,11,12,13,14,15
Rep 1	Misma hebra	-23	-0.14358995513818792	-0.26833687197029527	-0.02448209192478235	0.01786668994588337	41	6047	0.004173877634123995	0.051498106314605004	Misma hebra 1	-18.5	FALSE	Matriz real	1,2,3,4,5,6,7,8,9,10,11,12,13,14,15
Rep 1	Misma hebra	-13	-0.06261151475701969	-0.18188877942921466	0.058274686198393315	0.2995466914285604	51	6047	0.005191896569276188	0.39669696972971513	Misma hebra 1	-8.5	FALSE	Matriz real	1,2,3,4,5,6,7,8,9,10,11,12,13,14,15
Rep 1	Misma hebra	-3	-0.11818373919363352	-0.2592466642960825	0.028828301724663035	0.11159365928678561	42	6047	0.004275679527639214	0.23158168796053324	Misma hebra 1	1.5	FALSE	Matriz real	1,2,3,4,5,6,7,8,9,10,11,12,13,14,15
Rep 2	Misma hebra	-233	-0.006644781843595818	-0.09065606626401496	0.07169417315474122	0.8470289781025833	226	7043	0.01946094893653664	0.864675415146387	Misma hebra 1	-228.5	FALSE	Matriz real	1,2,3,4,5,6,7,8,9,10,11,12,13,14,15
Rep 2	Misma hebra	-223	-0.05757845551404817	-0.14469348422513315	0.022843881763268525	0.16782567176469548	210	7043	0.018083182640144666	0.28668078656402246	Misma hebra 1	-218.5	FALSE	Matriz real	1,2,3,4,5,6,7,8,9,10,11,12,13,14,15
Rep 2	Misma hebra	-213	0.01435137331639134	-0.07102199133338206	0.10106703990950835	0.7164312425063954	194	7043	0.01670541634375269	0.7982526540575552	Misma hebra 1	-208.5	FALSE	Matriz real	1,2,3,4,5,6,7,8,9,10,11,12,13,14,15
Rep 2	Misma hebra	-203	-0.029884289162118462	-0.11665527165059877	0.05321839122005435	0.4582584680946701	210	7043	0.018083182640144666	0.5757606394009958	Misma hebra 1	-198.5	FALSE	Matriz real	1,2,3,4,5,6,7,8,9,10,11,12,13,14,15
Rep 2	Misma hebra	-193	-0.011050563988027874	-0.09474173737551554	0.06903405989870803	0.7642335067831836	211	7043	0.018169293033669164	0.7982526540575552	Misma hebra 1	-188.5	FALSE	Matriz real	1,2,3,4,5,6,7,8,9,10,11,12,13,14,15
Rep 2	Misma hebra	-183	-0.042418164493069774	-0.1304407523519844	0.03931964701578467	0.30645422330460526	195	7043	0.01679152673727719	0.40584478221420694	Misma hebra 1	-178.5	FALSE	Matriz real	1,2,3,4,5,6,7,8,9,10,11,12,13,14,15
Rep 2	Misma hebra	-173	-0.08266029143430811	-0.1714112808943654	-6.22260410916594e-5	0.049540241929659425	185	7043	0.015930422802032204	0.14279246203254775	Misma hebra 1	-168.5	FALSE	Matriz real	1,2,3,4,5,6,7,8,9,10,11,12,13,14,15
Rep 2	Misma hebra	-163	-0.10499987740882326	-0.2021854996540513	-0.006514008911119259	0.03062494207879602	155	7043	0.013347110996297254	0.10867401619806721	Misma hebra 1	-158.5	FALSE	Matriz real	1,2,3,4,5,6,7,8,9,10,11,12,13,14,15
Rep 2	Misma hebra	-153	-0.06594811230966412	-0.16036548403794113	0.022957720903049667	0.15052209882375212	154	7043	0.013261000602772756	0.28668078656402246	Misma hebra 1	-148.5	FALSE	Matriz real	1,2,3,4,5,6,7,8,9,10,11,12,13,14,15
Rep 2	Misma hebra	-143	-0.06402203605368631	-0.15649696749331668	0.024774285861101863	0.16396514510233245	163	7043	0.01403599414449324	0.28668078656402246	Misma hebra 1	-138.5	FALSE	Matriz real	1,2,3,4,5,6,7,8,9,10,11,12,13,14,15
Rep 2	Misma hebra	-133	-0.055694773354915406	-0.1540238691767823	0.032997595594231606	0.2203022332635721	154	7043	0.013261000602772756	0.33733779468484476	Misma hebra 1	-128.5	FALSE	Matriz real	1,2,3,4,5,6,7,8,9,10,11,12,13,14,15
Rep 2	Misma hebra	-123	-0.12224284893344017	-0.21971207015904382	-0.02804654638189067	0.009206861232900612	137	7043	0.011797123912856282	0.05012624449023667	Misma hebra 1	-118.5	FALSE	Matriz real	1,2,3,4,5,6,7,8,9,10,11,12,13,14,15
Rep 2	Misma hebra	-113	-0.06379196481877492	-0.17253818503954987	0.03453919390124413	0.2120236338270183	135	7043	0.011624903125807285	0.33513413088786764	Misma hebra 1	-108.5	FALSE	Matriz real	1,2,3,4,5,6,7,8,9,10,11,12,13,14,15
Rep 2	Misma hebra	-103	-0.06674677488584968	-0.16531058881065133	0.024730912699928505	0.1638313757859469	157	7043	0.01351933178334625	0.28668078656402246	Misma hebra 1	-98.5	FALSE	Matriz real	1,2,3,4,5,6,7,8,9,10,11,12,13,14,15
Rep 2	Misma hebra	-93	-0.10984973974263143	-0.21213896475029165	-0.00531305954363245	0.035485393044266844	132	7043	0.01136657194523379	0.10867401619806721	Misma hebra 1	-88.5	FALSE	Matriz real	1,2,3,4,5,6,7,8,9,10,11,12,13,14,15
Rep 2	Misma hebra	-83	-0.01632417365814055	-0.13058510628903564	0.09399802033870105	0.7414370455709736	122	7043	0.010505468009988805	0.7982526540575552	Misma hebra 1	-78.5	FALSE	Matriz real	1,2,3,4,5,6,7,8,9,10,11,12,13,14,15
Rep 2	Misma hebra	-73	-0.05412704289871379	-0.16361739839935802	0.04994040854666768	0.30588417167822546	131	7043	0.011280461551709291	0.40584478221420694	Misma hebra 1	-68.5	FALSE	Matriz real	1,2,3,4,5,6,7,8,9,10,11,12,13,14,15
Rep 2	Misma hebra	-63	-0.07189153689981408	-0.2028099830031297	0.05439788183613185	0.2704431781800166	87	7043	0.007491604236631361	0.3786204494520232	Misma hebra 1	-58.5	FALSE	Matriz real	1,2,3,4,5,6,7,8,9,10,11,12,13,14,15
Rep 2	Misma hebra	-53	-0.1782086938153286	-0.3027552598073771	-0.05284511986500893	0.005144915309813456	81	7043	0.006974941875484371	0.04201680836347656	Misma hebra 1	-48.5	TRUE	Matriz real	1,2,3,4,5,6,7,8,9,10,11,12,13,14,15
Rep 2	Misma hebra	-43	-0.11439160983424804	-0.2563279075818611	0.02095308349092226	0.10427111736479931	72	7043	0.006199948333763886	0.21288686461979858	Misma hebra 1	-38.5	FALSE	Matriz real	1,2,3,4,5,6,7,8,9,10,11,12,13,14,15
Rep 2	Misma hebra	-33	0.20390163972463635	0.14548704887752525	0.2628936012574749	4.3474801085908026e-13	878	7043	0.0756049255145096	2.1302652532094934e-11	Misma hebra 1	-28.5	TRUE	Matriz real	1,2,3,4,5,6,7,8,9,10,11,12,13,14,15
Rep 2	Misma hebra	-23	-0.22647381715444267	-0.38438375406204	-0.06973698949611054	0.0038603836992640245	53	7043	0.004563850856798416	0.04201680836347656	Misma hebra 1	-18.5	TRUE	Matriz real	1,2,3,4,5,6,7,8,9,10,11,12,13,14,15
Rep 2	Misma hebra	-13	-0.10438893335506874	-0.26242831549707507	0.04214253830636677	0.1696682206195235	57	7043	0.0049082924308964096	0.28668078656402246	Misma hebra 1	-8.5	FALSE	Matriz real	1,2,3,4,5,6,7,8,9,10,11,12,13,14,15
Rep 2	Misma hebra	-3	-3.7846041574093425e-4	-0.166555462271774	0.17255076951038215	0.9791659657929777	61	7043	0.005252734004994403	0.9791659657929777	Misma hebra 1	1.5	FALSE	Matriz real	1,2,3,4,5,6,7,8,9,10,11,12,13,14,15
Rep 1	Misma hebra	-233	-0.07552181507981494	-0.1383284295559594	-0.012777300344246402	0.018294719278312836	208	5287	0.021174793851165632	0.048785918075500895	Misma hebra 1	-228.5	TRUE	perm1	0.0182947192783128,0.177567013126764,0.000684997435354923,0.112156876079708,0.631781491001103,0.00641027099406202,0.0181222378830018,0.0293567567209735,0.360146484172128,0.0105772312132303,0.0922355427066786,0.00574101084019334,0.00121176164219521,0.0757925392133028,0.543059481615032,0.0732777291290824,0.000295732263138194,0.186173897585756,0.571931133132071,0.190591187069378,0.0678606342315965,0.00200769355101363,0.266479308666198,0.118430338659962,0.086658042996176,0.87055780682124,0.0143733259370056,0.118176498642405,0.590512126914728,0.0274647533564055,0.00419324864383983,0.0280299615080062,0.1406780726829,0.00317279341188244,0.0980622285607403,0.0097149678923361,0.000359470069372017,0.184062932689054,0.126150259331148,0.165863526457896,4.46446228791873e-05,0.0291804179097516,0.0189839595153284,0.0595985887816205,0.00101992235863113,0.0101040493959784,0.261074895106315,0.000326766720377588
Rep 1	Misma hebra	-223	-0.04439209538555449	-0.10928938666507429	0.02017346491391849	0.17756701312676407	198	5287	0.020156774916013438	0.24074676261395073	Misma hebra 1	-218.5	FALSE	perm1	0.0182947192783128,0.177567013126764,0.000684997435354923,0.112156876079708,0.631781491001103,0.00641027099406202,0.0181222378830018,0.0293567567209735,0.360146484172128,0.0105772312132303,0.0922355427066786,0.00574101084019334,0.00121176164219521,0.0757925392133028,0.543059481615032,0.0732777291290824,0.000295732263138194,0.186173897585756,0.571931133132071,0.190591187069378,0.0678606342315965,0.00200769355101363,0.266479308666198,0.118430338659962,0.086658042996176,0.87055780682124,0.0143733259370056,0.118176498642405,0.590512126914728,0.0274647533564055,0.00419324864383983,0.0280299615080062,0.1406780726829,0.00317279341188244,0.0980622285607403,0.0097149678923361,0.000359470069372017,0.184062932689054,0.126150259331148,0.165863526457896,4.46446228791873e-05,0.0291804179097516,0.0189839595153284,0.0595985887816205,0.00101992235863113,0.0101040493959784,0.261074895106315,0.000326766720377588
Rep 1	Misma hebra	-213	-0.10802810234811694	-0.1717126228261077	-0.045573157228767786	6.849974353549234e-4	199	5287	0.020258576809528656	0.00821996922425908	Misma hebra 1	-208.5	TRUE	perm1	0.0182947192783128,0.177567013126764,0.000684997435354923,0.112156876079708,0.631781491001103,0.00641027099406202,0.0181222378830018,0.0293567567209735,0.360146484172128,0.0105772312132303,0.0922355427066786,0.00574101084019334,0.00121176164219521,0.0757925392133028,0.543059481615032,0.0732777291290824,0.000295732263138194,0.186173897585756,0.571931133132071,0.190591187069378,0.0678606342315965,0.00200769355101363,0.266479308666198,0.118430338659962,0.086658042996176,0.87055780682124,0.0143733259370056,0.118176498642405,0.590512126914728,0.0274647533564055,0.00419324864383983,0.0280299615080062,0.1406780726829,0.00317279341188244,0.0980622285607403,0.0097149678923361,0.000359470069372017,0.184062932689054,0.126150259331148,0.165863526457896,4.46446228791873e-05,0.0291804179097516,0.0189839595153284,0.0595985887816205,0.00101992235863113,0.0101040493959784,0.261074895106315,0.000326766720377588
Rep 1	Misma hebra	-203	-0.051865709674905794	-0.11597663816824376	0.012319063474039974	0.11215687607970809	222	5287	0.022600020360378704	0.17764550798994289	Misma hebra 1	-198.5	FALSE	perm1	0.0182947192783128,0.177567013126764,0.000684997435354923,0.112156876079708,0.631781491001103,0.00641027099406202,0.0181222378830018,0.0293567567209735,0.360146484172128,0.0105772312132303,0.0922355427066786,0.00574101084019334,0.00121176164219521,0.0757925392133028,0.543059481615032,0.0732777291290824,0.000295732263138194,0.186173897585756,0.571931133132071,0.190591187069378,0.0678606342315965,0.00200769355101363,0.266479308666198,0.118430338659962,0.086658042996176,0.87055780682124,0.0143733259370056,0.118176498642405,0.590512126914728,0.0274647533564055,0.00419324864383983,0.0280299615080062,0.1406780726829,0.00317279341188244,0.0980622285607403,0.0097149678923361,0.000359470069372017,0.184062932689054,0.126150259331148,0.165863526457896,4.46446228791873e-05,0.0291804179097516,0.0189839595153284,0.0595985887816205,0.00101992235863113,0.0101040493959784,0.261074895106315,0.000326766720377588
Rep 1	Misma hebra	-193	0.01668114401254463	-0.0533346080985295	0.0882895581994569	0.6317814910011028	187	5287	0.019036954087346025	0.6317814910011028	Misma hebra 1	-188.5	FALSE	perm1	0.0182947192783128,0.177567013126764,0.000684997435354923,0.112156876079708,0.631781491001103,0.00641027099406202,0.0181222378830018,0.0293567567209735,0.360146484172128,0.0105772312132303,0.0922355427066786,0.00574101084019334,0.00121176164219521,0.0757925392133028,0.543059481615032,0.0732777291290824,0.000295732263138194,0.186173897585756,0.571931133132071,0.190591187069378,0.0678606342315965,0.00200769355101363,0.266479308666198,0.118430338659962,0.086658042996176,0.87055780682124,0.0143733259370056,0.118176498642405,0.590512126914728,0.0274647533564055,0.00419324864383983,0.0280299615080062,0.1406780726829,0.00317279341188244,0.0980622285607403,0.0097149678923361,0.000359470069372017,0.184062932689054,0.126150259331148,0.165863526457896,4.46446228791873e-05,0.0291804179097516,0.0189839595153284,0.0595985887816205,0.00101992235863113,0.0101040493959784,0.261074895106315,0.000326766720377588
Rep 1	Misma hebra	-183	-0.09181813880810989	-0.15795574842613608	-0.02579770357259525	0.006410270994062015	187	5287	0.019036954087346025	0.02564108397624806	Misma hebra 1	-178.5	TRUE	perm1	0.0182947192783128,0.177567013126764,0.000684997435354923,0.112156876079708,0.631781491001103,0.00641027099406202,0.0181222378830018,0.0293567567209735,0.360146484172128,0.0105772312132303,0.0922355427066786,0.00574101084019334,0.00121176164219521,0.0757925392133028,0.543059481615032,0.0732777291290824,0.000295732263138194,0.186173897585756,0.571931133132071,0.190591187069378,0.0678606342315965,0.00200769355101363,0.266479308666198,0.118430338659962,0.086658042996176,0.87055780682124,0.0143733259370056,0.118176498642405,0.590512126914728,0.0274647533564055,0.00419324864383983,0.0280299615080062,0.1406780726829,0.00317279341188244,0.0980622285607403,0.0097149678923361,0.000359470069372017,0.184062932689054,0.126150259331148,0.165863526457896,4.46446228791873e-05,0.0291804179097516,0.0189839595153284,0.0595985887816205,0.00101992235863113,0.0101040493959784,0.261074895106315,0.000326766720377588
Rep 1	Misma hebra	-173	-0.08550590415433923	-0.1575789994922069	-0.01466451098904804	0.01812223788300175	159	5287	0.016186501068919883	0.048785918075500895	Misma hebra 1	-168.5	TRUE	perm1	0.0182947192783128,0.177567013126764,0.000684997435354923,0.112156876079708,0.631781491001103,0.00641027099406202,0.0181222378830018,0.0293567567209735,0.360146484172128,0.0105772312132303,0.0922355427066786,0.00574101084019334,0.00121176164219521,0.0757925392133028,0.543059481615032,0.0732777291290824,0.000295732263138194,0.186173897585756,0.571931133132071,0.190591187069378,0.0678606342315965,0.00200769355101363,0.266479308666198,0.118430338659962,0.086658042996176,0.87055780682124,0.0143733259370056,0.118176498642405,0.590512126914728,0.0274647533564055,0.00419324864383983,0.0280299615080062,0.1406780726829,0.00317279341188244,0.0980622285607403,0.0097149678923361,0.000359470069372017,0.184062932689054,0.126150259331148,0.165863526457896,4.46446228791873e-05,0.0291804179097516,0.0189839595153284,0.0595985887816205,0.00101992235863113,0.0101040493959784,0.261074895106315,0.000326766720377588
Rep 1	Misma hebra	-163	-0.07927490756374617	-0.1519144979703745	-0.008034138875753119	0.029356756720973473	168	5287	0.017102718110556855	0.07045621613033633	Misma hebra 1	-158.5	FALSE	perm1	0.0182947192783128,0.177567013126764,0.000684997435354923,0.112156876079708,0.631781491001103,0.00641027099406202,0.0181222378830018,0.0293567567209735,0.360146484172128,0.0105772312132303,0.0922355427066786,0.00574101084019334,0.00121176164219521,0.0757925392133028,0.543059481615032,0.0732777291290824,0.000295732263138194,0.186173897585756,0.571931133132071,0.190591187069378,0.0678606342315965,0.00200769355101363,0.266479308666198,0.118430338659962,0.086658042996176,0.87055780682124,0.0143733259370056,0.118176498642405,0.590512126914728,0.0274647533564055,0.00419324864383983,0.0280299615080062,0.1406780726829,0.00317279341188244,0.0980622285607403,0.0097149678923361,0.000359470069372017,0.184062932689054,0.126150259331148,0.165863526457896,4.46446228791873e-05,0.0291804179097516,0.0189839595153284,0.0595985887816205,0.00101992235863113,0.0101040493959784,0.261074895106315,0.000326766720377588
Rep 1	Misma hebra	-153	-0.037900909127904205	-0.11826457091841584	0.044146442098257785	0.36014648417212847	146	5287	0.01486307645322203	0.41159598191100394	Misma hebra 1	-148.5	FALSE	perm1	0.0182947192783128,0.177567013126764,0.000684997435354923,0.112156876079708,0.631781491001103,0.00641027099406202,0.0181222378830018,0.0293567567209735,0.360146484172128,0.0105772312132303,0.0922355427066786,0.00574101084019334,0.00121176164219521,0.0757925392133028,0.543059481615032,0.0732777291290824,0.000295732263138194,0.186173897585756,0.571931133132071,0.190591187069378,0.0678606342315965,0.00200769355101363,0.266479308666198,0.118430338659962,0.086658042996176,0.87055780682124,0.0143733259370056,0.118176498642405,0.590512126914728,0.0274647533564055,0.00419324864383983,0.0280299615080062,0.1406780726829,0.00317279341188244,0.0980622285607403,0.0097149678923361,0.000359470069372017,0.184062932689054,0.126150259331148,0.165863526457896,4.46446228791873e-05,0.0291804179097516,0.0189839595153284,0.0595985887816205,0.00101992235863113,0.0101040493959784,0.261074895106315,0.000326766720377588
Rep 1	Misma hebra	-143	-0.08937854664552244	-0.15902870141409262	-0.02090833948870124	0.010577231213230297	178	5287	0.01812073704570905	0.0362647927310753	Misma hebra 1	-138.5	TRUE	perm1	0.0182947192783128,0.177567013126764,0.000684997435354923,0.112156876079708,0.631781491001103,0.00641027099406202,0.0181222378830018,0.0293567567209735,0.360146484172128,0.0105772312132303,0.0922355427066786,0.00574101084019334,0.00121176164219521,0.0757925392133028,0.543059481615032,0.0732777291290824,0.000295732263138194,0.186173897585756,0.571931133132071,0.190591187069378,0.0678606342315965,0.00200769355101363,0.266479308666198,0.118430338659962,0.086658042996176,0.87055780682124,0.0143733259370056,0.118176498642405,0.590512126914728,0.0274647533564055,0.00419324864383983,0.0280299615080062,0.1406780726829,0.00317279341188244,0.0980622285607403,0.0097149678923361,0.000359470069372017,0.184062932689054,0.126150259331148,0.165863526457896,4.46446228791873e-05,0.0291804179097516,0.0189839595153284,0.0595985887816205,0.00101992235863113,0.0101040493959784,0.261074895106315,0.000326766720377588
Rep 1	Misma hebra	-133	-0.06242134055431297	-0.1351602332346143	0.010317958481375848	0.09223554270667864	153	5287	0.015575689707828565	0.15811807321144908	Misma hebra 1	-128.5	FALSE	perm1	0.0182947192783128,0.177567013126764,0.000684997435354923,0.112156876079708,0.631781491001103,0.00641027099406202,0.0181222378830018,0.0293567567209735,0.360146484172128,0.0105772312132303,0.0922355427066786,0.00574101084019334,0.00121176164219521,0.0757925392133028,0.543059481615032,0.0732777291290824,0.000295732263138194,0.186173897585756,0.571931133132071,0.190591187069378,0.0678606342315965,0.00200769355101363,0.266479308666198,0.118430338659962,0.086658042996176,0.87055780682124,0.0143733259370056,0.118176498642405,0.590512126914728,0.0274647533564055,0.00419324864383983,0.0280299615080062,0.1406780726829,0.00317279341188244,0.0980622285607403,0.0097149678923361,0.000359470069372017,0.184062932689054,0.126150259331148,0.165863526457896,4.46446228791873e-05,0.0291804179097516,0.0189839595153284,0.0595985887816205,0.00101992235863113,0.0101040493959784,0.261074895106315,0.000326766720377588
Rep 1	Misma hebra	-123	-0.10666682272515911	-0.18274740418981544	-0.031222591038834478	0.005741010840193338	142	5287	0.014455868879161152	0.02564108397624806	Misma hebra 1	-118.5	TRUE	perm1	0.0182947192783128,0.177567013126764,0.000684997435354923,0.112156876079708,0.631781491001103,0.00641027099406202,0.0181222378830018,0.0293567567209735,0.360146484172128,0.0105772312132303,0.0922355427066786,0.00574101084019334,0.00121176164219521,0.0757925392133028,0.543059481615032,0.0732777291290824,0.000295732263138194,0.186173897585756,0.571931133132071,0.190591187069378,0.0678606342315965,0.00200769355101363,0.266479308666198,0.118430338659962,0.086658042996176,0.87055780682124,0.0143733259370056,0.118176498642405,0.590512126914728,0.0274647533564055,0.00419324864383983,0.0280299615080062,0.1406780726829,0.00317279341188244,0.0980622285607403,0.0097149678923361,0.000359470069372017,0.184062932689054,0.126150259331148,0.165863526457896,4.46446228791873e-05,0.0291804179097516,0.0189839595153284,0.0595985887816205,0.00101992235863113,0.0101040493959784,0.261074895106315,0.000326766720377588
Rep 1	Misma hebra	-113	-0.1215352066098237	-0.19539161627926058	-0.04839060935949715	0.0012117616421952096	138	5287	0.014048661305100275	0.009694093137561676	Misma hebra 1	-108.5	TRUE	perm1	0.0182947192783128,0.177567013126764,0.000684997435354923,0.112156876079708,0.631781491001103,0.00641027099406202,0.0181222378830018,0.0293567567209735,0.360146484172128,0.0105772312132303,0.0922355427066786,0.00574101084019334,0.00121176164219521,0.0757925392133028,0.543059481615032,0.0732777291290824,0.000295732263138194,0.186173897585756,0.571931133132071,0.190591187069378,0.0678606342315965,0.00200769355101363,0.266479308666198,0.118430338659962,0.086658042996176,0.87055780682124,0.0143733259370056,0.118176498642405,0.590512126914728,0.0274647533564055,0.00419324864383983,0.0280299615080062,0.1406780726829,0.00317279341188244,0.0980622285607403,0.0097149678923361,0.000359470069372017,0.184062932689054,0.126150259331148,0.165863526457896,4.46446228791873e-05,0.0291804179097516,0.0189839595153284,0.0595985887816205,0.00101992235863113,0.0101040493959784,0.261074895106315,0.000326766720377588
Rep 1	Misma hebra	-103	-0.07116354309352671	-0.1501495252738949	0.007397670020826681	0.07579253921330276	147	5287	0.01496487834673725	0.1399246877784051	Misma hebra 1	-98.5	FALSE	perm1	0.0182947192783128,0.177567013126764,0.000684997435354923,0.112156876079708,0.631781491001103,0.00641027099406202,0.0181222378830018,0.0293567567209735,0.360146484172128,0.0105772312132303,0.0922355427066786,0.00574101084019334,0.00121176164219521,0.0757925392133028,0.543059481615032,0.0732777291290824,0.000295732263138194,0.186173897585756,0.571931133132071,0.190591187069378,0.0678606342315965,0.00200769355101363,0.266479308666198,0.118430338659962,0.086658042996176,0.87055780682124,0.0143733259370056,0.118176498642405,0.590512126914728,0.0274647533564055,0.00419324864383983,0.0280299615080062,0.1406780726829,0.00317279341188244,0.0980622285607403,0.0097149678923361,0.000359470069372017,0.184062932689054,0.126150259331148,0.165863526457896,4.46446228791873e-05,0.0291804179097516,0.0189839595153284,0.0595985887816205,0.00101992235863113,0.0101040493959784,0.261074895106315,0.000326766720377588
Rep 1	Misma hebra	-93	-0.024753714174045285	-0.10573604955490072	0.055892896455111446	0.5430594816150324	135	5287	0.013743255624554617	0.5924285253982171	Misma hebra 1	-88.5	FALSE	perm1	0.0182947192783128,0.177567013126764,0.000684997435354923,0.112156876079708,0.631781491001103,0.00641027099406202,0.0181222378830018,0.0293567567209735,0.360146484172128,0.0105772312132303,0.0922355427066786,0.00574101084019334,0.00121176164219521,0.0757925392133028,0.543059481615032,0.0732777291290824,0.000295732263138194,0.186173897585756,0.571931133132071,0.190591187069378,0.0678606342315965,0.00200769355101363,0.266479308666198,0.118430338659962,0.086658042996176,0.87055780682124,0.0143733259370056,0.118176498642405,0.590512126914728,0.0274647533564055,0.00419324864383983,0.0280299615080062,0.1406780726829,0.00317279341188244,0.0980622285607403,0.0097149678923361,0.000359470069372017,0.184062932689054,0.126150259331148,0.165863526457896,4.46446228791873e-05,0.0291804179097516,0.0189839595153284,0.0595985887816205,0.00101992235863113,0.0101040493959784,0.261074895106315,0.000326766720377588
Rep 1	Misma hebra	-83	-0.077866623069679	-0.16343771029988907	0.007679905939918078	0.07327772912908243	118	5287	0.012012623434795887	0.1399246877784051	Misma hebra 1	-78.5	FALSE	perm1	0.0182947192783128,0.177567013126764,0.000684997435354923,0.112156876079708,0.631781491001103,0.00641027099406202,0.0181222378830018,0.0293567567209735,0.360146484172128,0.0105772312132303,0.0922355427066786,0.00574101084019334,0.00121176164219521,0.0757925392133028,0.543059481615032,0.0732777291290824,0.000295732263138194,0.186173897585756,0.571931133132071,0.190591187069378,0.0678606342315965,0.00200769355101363,0.266479308666198,0.118430338659962,0.086658042996176,0.87055780682124,0.0143733259370056,0.118176498642405,0.590512126914728,0.0274647533564055,0.00419324864383983,0.0280299615080062,0.1406780726829,0.00317279341188244,0.0980622285607403,0.0097149678923361,0.000359470069372017,0.184062932689054,0.126150259331148,0.165863526457896,4.46446228791873e-05,0.0291804179097516,0.0189839595153284,0.0595985887816205,0.00101992235863113,0.0101040493959784,0.261074895106315,0.000326766720377588
Rep 1	Misma hebra	-73	-0.14496683258008733	-0.22501163887128972	-0.06680128166495407	2.9573226313819406e-4	126	5287	0.012827038582917642	0.007097574315316657	Misma hebra 1	-68.5	TRUE	perm1	0.0182947192783128,0.177567013126764,0.000684997435354923,0.112156876079708,0.631781491001103,0.00641027099406202,0.0181222378830018,0.0293567567209735,0.360146484172128,0.0105772312132303,0.0922355427066786,0.00574101084019334,0.00121176164219521,0.0757925392133028,0.543059481615032,0.0732777291290824,0.000295732263138194,0.186173897585756,0.571931133132071,0.190591187069378,0.0678606342315965,0.00200769355101363,0.266479308666198,0.118430338659962,0.086658042996176,0.87055780682124,0.0143733259370056,0.118176498642405,0.590512126914728,0.0274647533564055,0.00419324864383983,0.0280299615080062,0.1406780726829,0.00317279341188244,0.0980622285607403,0.0097149678923361,0.000359470069372017,0.184062932689054,0.126150259331148,0.165863526457896,4.46446228791873e-05,0.0291804179097516,0.0189839595153284,0.0595985887816205,0.00101992235863113,0.0101040493959784,0.261074895106315,0.000326766720377588
Rep 1	Misma hebra	-63	-0.06228323632416972	-0.15592299617884628	0.03021453179696783	0.18617389758575645	108	5287	0.010994604499643693	0.24074676261395073	Misma hebra 1	-58.5	FALSE	perm1	0.0182947192783128,0.177567013126764,0.000684997435354923,0.112156876079708,0.631781491001103,0.00641027099406202,0.0181222378830018,0.0293567567209735,0.360146484172128,0.0105772312132303,0.0922355427066786,0.00574101084019334,0.00121176164219521,0.0757925392133028,0.543059481615032,0.0732777291290824,0.000295732263138194,0.186173897585756,0.571931133132071,0.190591187069378,0.0678606342315965,0.00200769355101363,0.266479308666198,0.118430338659962,0.086658042996176,0.87055780682124,0.0143733259370056,0.118176498642405,0.590512126914728,0.0274647533564055,0.00419324864383983,0.0280299615080062,0.1406780726829,0.00317279341188244,0.0980622285607403,0.0097149678923361,0.000359470069372017,0.184062932689054,0.126150259331148,0.165863526457896,4.46446228791873e-05,0.0291804179097516,0.0189839595153284,0.0595985887816205,0.00101992235863113,0.0101040493959784,0.261074895106315,0.000326766720377588
Rep 1	Misma hebra	-53	-0.029848663642138888	-0.13299162409608034	0.07356324751810872	0.5719311331320713	84	5287	0.008551359055278427	0.5967977041378135	Misma hebra 1	-48.5	FALSE	perm1	0.0182947192783128,0.177567013126764,0.000684997435354923,0.112156876079708,0.631781491001103,0.00641027099406202,0.0181222378830018,0.0293567567209735,0.360146484172128,0.0105772312132303,0.0922355427066786,0.00574101084019334,0.00121176164219521,0.0757925392133028,0.543059481615032,0.0732777291290824,0.000295732263138194,0.186173897585756,0.571931133132071,0.190591187069378,0.0678606342315965,0.00200769355101363,0.266479308666198,0.118430338659962,0.086658042996176,0.87055780682124,0.0143733259370056,0.118176498642405,0.590512126914728,0.0274647533564055,0.00419324864383983,0.0280299615080062,0.1406780726829,0.00317279341188244,0.0980622285607403,0.0097149678923361,0.000359470069372017,0.184062932689054,0.126150259331148,0.165863526457896,4.46446228791873e-05,0.0291804179097516,0.0189839595153284,0.0595985887816205,0.00101992235863113,0.0101040493959784,0.261074895106315,0.000326766720377588
Rep 1	Misma hebra	-43	-0.05494004354968379	-0.13861402636116626	0.027942525932842775	0.19059118706937767	128	5287	0.013030642369948081	0.24074676261395073	Misma hebra 1	-38.5	FALSE	perm1	0.0182947192783128,0.177567013126764,0.000684997435354923,0.112156876079708,0.631781491001103,0.00641027099406202,0.0181222378830018,0.0293567567209735,0.360146484172128,0.0105772312132303,0.0922355427066786,0.00574101084019334,0.00121176164219521,0.0757925392133028,0.543059481615032,0.0732777291290824,0.000295732263138194,0.186173897585756,0.571931133132071,0.190591187069378,0.0678606342315965,0.00200769355101363,0.266479308666198,0.118430338659962,0.086658042996176,0.87055780682124,0.0143733259370056,0.118176498642405,0.590512126914728,0.0274647533564055,0.00419324864383983,0.0280299615080062,0.1406780726829,0.00317279341188244,0.0980622285607403,0.0097149678923361,0.000359470069372017,0.184062932689054,0.126150259331148,0.165863526457896,4.46446228791873e-05,0.0291804179097516,0.0189839595153284,0.0595985887816205,0.00101992235863113,0.0101040493959784,0.261074895106315,0.000326766720377588
Rep 1	Misma hebra	-33	-0.0776369463037453	-0.16036256938430732	0.005672902006212714	0.06786063423159652	122	5287	0.012419831008856765	0.1399246877784051	Misma hebra 1	-28.5	FALSE	perm1	0.0182947192783128,0.177567013126764,0.000684997435354923,0.112156876079708,0.631781491001103,0.00641027099406202,0.0181222378830018,0.0293567567209735,0.360146484172128,0.0105772312132303,0.0922355427066786,0.00574101084019334,0.00121176164219521,0.0757925392133028,0.543059481615032,0.0732777291290824,0.000295732263138194,0.186173897585756,0.571931133132071,0.190591187069378,0.0678606342315965,0.00200769355101363,0.266479308666198,0.118430338659962,0.086658042996176,0.87055780682124,0.0143733259370056,0.118176498642405,0.590512126914728,0.0274647533564055,0.00419324864383983,0.0280299615080062,0.1406780726829,0.00317279341188244,0.0980622285607403,0.0097149678923361,0.000359470069372017,0.184062932689054,0.126150259331148,0.165863526457896,4.46446228791873e-05,0.0291804179097516,0.0189839595153284,0.0595985887816205,0.00101992235863113,0.0101040493959784,0.261074895106315,0.000326766720377588
Rep 1	Misma hebra	-23	-0.13366629362916144	-0.21903367541984525	-0.04948659720108771	0.0020076935510136267	106	5287	0.010791000712613255	0.01204616130608176	Misma hebra 1	-18.5	TRUE	perm1	0.0182947192783128,0.177567013126764,0.000684997435354923,0.112156876079708,0.631781491001103,0.00641027099406202,0.0181222378830018,0.0293567567209735,0.360146484172128,0.0105772312132303,0.0922355427066786,0.00574101084019334,0.00121176164219521,0.0757925392133028,0.543059481615032,0.0732777291290824,0.000295732263138194,0.186173897585756,0.571931133132071,0.190591187069378,0.0678606342315965,0.00200769355101363,0.266479308666198,0.118430338659962,0.086658042996176,0.87055780682124,0.0143733259370056,0.118176498642405,0.590512126914728,0.0274647533564055,0.00419324864383983,0.0280299615080062,0.1406780726829,0.00317279341188244,0.0980622285607403,0.0097149678923361,0.000359470069372017,0.184062932689054,0.126150259331148,0.165863526457896,4.46446228791873e-05,0.0291804179097516,0.0189839595153284,0.0595985887816205,0.00101992235863113,0.0101040493959784,0.261074895106315,0.000326766720377588
Rep 1	Misma hebra	-13	-0.05265797698968019	-0.14736244898331863	0.040558666887726115	0.2664793086661983	109	5287	0.011096406393158913	0.3197751703994379	Misma hebra 1	-8.5	FALSE	perm1	0.0182947192783128,0.177567013126764,0.000684997435354923,0.112156876079708,0.631781491001103,0.00641027099406202,0.0181222378830018,0.0293567567209735,0.360146484172128,0.0105772312132303,0.0922355427066786,0.00574101084019334,0.00121176164219521,0.0757925392133028,0.543059481615032,0.0732777291290824,0.000295732263138194,0.186173897585756,0.571931133132071,0.190591187069378,0.0678606342315965,0.00200769355101363,0.266479308666198,0.118430338659962,0.086658042996176,0.87055780682124,0.0143733259370056,0.118176498642405,0.590512126914728,0.0274647533564055,0.00419324864383983,0.0280299615080062,0.1406780726829,0.00317279341188244,0.0980622285607403,0.0097149678923361,0.000359470069372017,0.184062932689054,0.126150259331148,0.165863526457896,4.46446228791873e-05,0.0291804179097516,0.0189839595153284,0.0595985887816205,0.00101992235863113,0.0101040493959784,0.261074895106315,0.000326766720377588
Rep 1	Misma hebra	-3	-0.08679185303692041	-0.1948892415344386	0.021917460128252856	0.11843033865996191	86	5287	0.008754962842308867	0.17764550798994289	Misma hebra 1	1.5	FALSE	perm1	0.0182947192783128,0.177567013126764,0.000684997435354923,0.112156876079708,0.631781491001103,0.00641027099406202,0.0181222378830018,0.0293567567209735,0.360146484172128,0.0105772312132303,0.0922355427066786,0.00574101084019334,0.00121176164219521,0.0757925392133028,0.543059481615032,0.0732777291290824,0.000295732263138194,0.186173897585756,0.571931133132071,0.190591187069378,0.0678606342315965,0.00200769355101363,0.266479308666198,0.118430338659962,0.086658042996176,0.87055780682124,0.0143733259370056,0.118176498642405,0.590512126914728,0.0274647533564055,0.00419324864383983,0.0280299615080062,0.1406780726829,0.00317279341188244,0.0980622285607403,0.0097149678923361,0.000359470069372017,0.184062932689054,0.126150259331148,0.165863526457896,4.46446228791873e-05,0.0291804179097516,0.0189839595153284,0.0595985887816205,0.00101992235863113,0.0101040493959784,0.261074895106315,0.000326766720377588
Rep 2	Misma hebra	-233	-0.06691150409272802	-0.14596265363724908	0.0071800003100690015	0.08665804299617598	258	6184	0.02221648152932059	0.13865286879388158	Misma hebra 1	-228.5	FALSE	perm1	0.0182947192783128,0.177567013126764,0.000684997435354923,0.112156876079708,0.631781491001103,0.00641027099406202,0.0181222378830018,0.0293567567209735,0.360146484172128,0.0105772312132303,0.0922355427066786,0.00574101084019334,0.00121176164219521,0.0757925392133028,0.543059481615032,0.0732777291290824,0.000295732263138194,0.186173897585756,0.571931133132071,0.190591187069378,0.0678606342315965,0.00200769355101363,0.266479308666198,0.118430338659962,0.086658042996176,0.87055780682124,0.0143733259370056,0.118176498642405,0.590512126914728,0.0274647533564055,0.00419324864383983,0.0280299615080062,0.1406780726829,0.00317279341188244,0.0980622285607403,0.0097149678923361,0.000359470069372017,0.184062932689054,0.126150259331148,0.165863526457896,4.46446228791873e-05,0.0291804179097516,0.0189839595153284,0.0595985887816205,0.00101992235863113,0.0101040493959784,0.261074895106315,0.000326766720377588
Rep 2	Misma hebra	-223	-0.004218992941888967	-0.08705524299441231	0.07469509620195477	0.8705578068212395	239	6184	0.02058038405235512	0.8705578068212395	Misma hebra 1	-218.5	FALSE	perm1	0.0182947192783128,0.177567013126764,0.000684997435354923,0.112156876079708,0.631781491001103,0.00641027099406202,0.0181222378830018,0.0293567567209735,0.360146484172128,0.0105772312132303,0.0922355427066786,0.00574101084019334,0.00121176164219521,0.0757925392133028,0.543059481615032,0.0732777291290824,0.000295732263138194,0.186173897585756,0.571931133132071,0.190591187069378,0.0678606342315965,0.00200769355101363,0.266479308666198,0.118430338659962,0.086658042996176,0.87055780682124,0.0143733259370056,0.118176498642405,0.590512126914728,0.0274647533564055,0.00419324864383983,0.0280299615080062,0.1406780726829,0.00317279341188244,0.0980622285607403,0.0097149678923361,0.000359470069372017,0.184062932689054,0.126150259331148,0.165863526457896,4.46446228791873e-05,0.0291804179097516,0.0189839595153284,0.0595985887816205,0.00101992235863113,0.0101040493959784,0.261074895106315,0.000326766720377588
Rep 2	Misma hebra	-213	-0.09548347164016713	-0.17527803441258155	-0.01691443263756796	0.014373325937005618	252	6184	0.0216998191681736	0.03832886916534831	Misma hebra 1	-208.5	TRUE	perm1	0.0182947192783128,0.177567013126764,0.000684997435354923,0.112156876079708,0.631781491001103,0.00641027099406202,0.0181222378830018,0.0293567567209735,0.360146484172128,0.0105772312132303,0.0922355427066786,0.00574101084019334,0.00121176164219521,0.0757925392133028,0.543059481615032,0.0732777291290824,0.000295732263138194,0.186173897585756,0.571931133132071,0.190591187069378,0.0678606342315965,0.00200769355101363,0.266479308666198,0.118430338659962,0.086658042996176,0.87055780682124,0.0143733259370056,0.118176498642405,0.590512126914728,0.0274647533564055,0.00419324864383983,0.0280299615080062,0.1406780726829,0.00317279341188244,0.0980622285607403,0.0097149678923361,0.000359470069372017,0.184062932689054,0.126150259331148,0.165863526457896,4.46446228791873e-05,0.0291804179097516,0.0189839595153284,0.0595985887816205,0.00101992235863113,0.0101040493959784,0.261074895106315,0.000326766720377588
Rep 2	Misma hebra	-203	-0.05969568862772937	-0.13947172616903247	0.013076340385658872	0.11817649864240518	261	6184	0.022474812709894085	0.16683740984810144	Misma hebra 1	-198.5	FALSE	perm1	0.0182947192783128,0.177567013126764,0.000684997435354923,0.112156876079708,0.631781491001103,0.00641027099406202,0.0181222378830018,0.0293567567209735,0.360146484172128,0.0105772312132303,0.0922355427066786,0.00574101084019334,0.00121176164219521,0.0757925392133028,0.543059481615032,0.0732777291290824,0.000295732263138194,0.186173897585756,0.571931133132071,0.190591187069378,0.0678606342315965,0.00200769355101363,0.266479308666198,0.118430338659962,0.086658042996176,0.87055780682124,0.0143733259370056,0.118176498642405,0.590512126914728,0.0274647533564055,0.00419324864383983,0.0280299615080062,0.1406780726829,0.00317279341188244,0.0980622285607403,0.0097149678923361,0.000359470069372017,0.184062932689054,0.126150259331148,0.165863526457896,4.46446228791873e-05,0.0291804179097516,0.0189839595153284,0.0595985887816205,0.00101992235863113,0.0101040493959784,0.261074895106315,0.000326766720377588
Rep 2	Misma hebra	-193	-0.02032223379947595	-0.10865504242162802	0.0597048010140844	0.5905121269147284	227	6184	0.019547059330061137	0.6161865672153688	Misma hebra 1	-188.5	FALSE	perm1	0.0182947192783128,0.177567013126764,0.000684997435354923,0.112156876079708,0.631781491001103,0.00641027099406202,0.0181222378830018,0.0293567567209735,0.360146484172128,0.0105772312132303,0.0922355427066786,0.00574101084019334,0.00121176164219521,0.0757925392133028,0.543059481615032,0.0732777291290824,0.000295732263138194,0.186173897585756,0.571931133132071,0.190591187069378,0.0678606342315965,0.00200769355101363,0.266479308666198,0.118430338659962,0.086658042996176,0.87055780682124,0.0143733259370056,0.118176498642405,0.590512126914728,0.0274647533564055,0.00419324864383983,0.0280299615080062,0.1406780726829,0.00317279341188244,0.0980622285607403,0.0097149678923361,0.000359470069372017,0.184062932689054,0.126150259331148,0.165863526457896,4.46446228791873e-05,0.0291804179097516,0.0189839595153284,0.0595985887816205,0.00101992235863113,0.0101040493959784,0.261074895106315,0.000326766720377588
Rep 2	Misma hebra	-183	-0.08935360805392571	-0.169600645343261	-0.0076231619241790595	0.027464753356405452	230	6184	0.019805390510634634	0.05387154075646458	Misma hebra 1	-178.5	FALSE	perm1	0.0182947192783128,0.177567013126764,0.000684997435354923,0.112156876079708,0.631781491001103,0.00641027099406202,0.0181222378830018,0.0293567567209735,0.360146484172128,0.0105772312132303,0.0922355427066786,0.00574101084019334,0.00121176164219521,0.0757925392133028,0.543059481615032,0.0732777291290824,0.000295732263138194,0.186173897585756,0.571931133132071,0.190591187069378,0.0678606342315965,0.00200769355101363,0.266479308666198,0.118430338659962,0.086658042996176,0.87055780682124,0.0143733259370056,0.118176498642405,0.590512126914728,0.0274647533564055,0.00419324864383983,0.0280299615080062,0.1406780726829,0.00317279341188244,0.0980622285607403,0.0097149678923361,0.000359470069372017,0.184062932689054,0.126150259331148,0.165863526457896,4.46446228791873e-05,0.0291804179097516,0.0189839595153284,0.0595985887816205,0.00101992235863113,0.0101040493959784,0.261074895106315,0.000326766720377588
Rep 2	Misma hebra	-173	-0.12264279018979436	-0.2105109169280829	-0.036611991875014294	0.00419324864383983	197	6184	0.016963747524326188	0.01677299457535932	Misma hebra 1	-168.5	TRUE	perm1	0.0182947192783128,0.177567013126764,0.000684997435354923,0.112156876079708,0.631781491001103,0.00641027099406202,0.0181222378830018,0.0293567567209735,0.360146484172128,0.0105772312132303,0.0922355427066786,0.00574101084019334,0.00121176164219521,0.0757925392133028,0.543059481615032,0.0732777291290824,0.000295732263138194,0.186173897585756,0.571931133132071,0.190591187069378,0.0678606342315965,0.00200769355101363,0.266479308666198,0.118430338659962,0.086658042996176,0.87055780682124,0.0143733259370056,0.118176498642405,0.590512126914728,0.0274647533564055,0.00419324864383983,0.0280299615080062,0.1406780726829,0.00317279341188244,0.0980622285607403,0.0097149678923361,0.000359470069372017,0.184062932689054,0.126150259331148,0.165863526457896,4.46446228791873e-05,0.0291804179097516,0.0189839595153284,0.0595985887816205,0.00101992235863113,0.0101040493959784,0.261074895106315,0.000326766720377588
Rep 2	Misma hebra	-163	-0.09409983823359748	-0.17930510765050603	-0.00801520238470327	0.028029961508006216	206	6184	0.01773874106604667	0.05387154075646458	Misma hebra 1	-158.5	FALSE	perm1	0.0182947192783128,0.177567013126764,0.000684997435354923,0.112156876079708,0.631781491001103,0.00641027099406202,0.0181222378830018,0.0293567567209735,0.360146484172128,0.0105772312132303,0.0922355427066786,0.00574101084019334,0.00121176164219521,0.0757925392133028,0.543059481615032,0.0732777291290824,0.000295732263138194,0.186173897585756,0.571931133132071,0.190591187069378,0.0678606342315965,0.00200769355101363,0.266479308666198,0.118430338659962,0.086658042996176,0.87055780682124,0.0143733259370056,0.118176498642405,0.590512126914728,0.0274647533564055,0.00419324864383983,0.0280299615080062,0.1406780726829,0.00317279341188244,0.0980622285607403,0.0097149678923361,0.000359470069372017,0.184062932689054,0.126150259331148,0.165863526457896,4.46446228791873e-05,0.0291804179097516,0.0189839595153284,0.0595985887816205,0.00101992235863113,0.0101040493959784,0.261074895106315,0.000326766720377588
Rep 2	Misma hebra	-153	-0.06960803404331282	-0.16715573296343178	0.02147397750732306	0.14067807268289972	178	6184	0.015327650047360716	0.17769861812576807	Misma hebra 1	-148.5	FALSE	perm1	0.0182947192783128,0.177567013126764,0.000684997435354923,0.112156876079708,0.631781491001103,0.00641027099406202,0.0181222378830018,0.0293567567209735,0.360146484172128,0.0105772312132303,0.0922355427066786,0.00574101084019334,0.00121176164219521,0.0757925392133028,0.543059481615032,0.0732777291290824,0.000295732263138194,0.186173897585756,0.571931133132071,0.190591187069378,0.0678606342315965,0.00200769355101363,0.266479308666198,0.118430338659962,0.086658042996176,0.87055780682124,0.0143733259370056,0.118176498642405,0.590512126914728,0.0274647533564055,0.00419324864383983,0.0280299615080062,0.1406780726829,0.00317279341188244,0.0980622285607403,0.0097149678923361,0.000359470069372017,0.184062932689054,0.126150259331148,0.165863526457896,4.46446228791873e-05,0.0291804179097516,0.0189839595153284,0.0595985887816205,0.00101992235863113,0.0101040493959784,0.261074895106315,0.000326766720377588
Rep 2	Misma hebra	-143	-0.12624555418703032	-0.21450502699787127	-0.040001076402993385	0.0031727934118824376	214	6184	0.01842762421424266	0.0152294083770357	Misma hebra 1	-138.5	TRUE	perm1	0.0182947192783128,0.177567013126764,0.000684997435354923,0.112156876079708,0.631781491001103,0.00641027099406202,0.0181222378830018,0.0293567567209735,0.360146484172128,0.0105772312132303,0.0922355427066786,0.00574101084019334,0.00121176164219521,0.0757925392133028,0.543059481615032,0.0732777291290824,0.000295732263138194,0.186173897585756,0.571931133132071,0.190591187069378,0.0678606342315965,0.00200769355101363,0.266479308666198,0.118430338659962,0.086658042996176,0.87055780682124,0.0143733259370056,0.118176498642405,0.590512126914728,0.0274647533564055,0.00419324864383983,0.0280299615080062,0.1406780726829,0.00317279341188244,0.0980622285607403,0.0097149678923361,0.000359470069372017,0.184062932689054,0.126150259331148,0.165863526457896,4.46446228791873e-05,0.0291804179097516,0.0189839595153284,0.0595985887816205,0.00101992235863113,0.0101040493959784,0.261074895106315,0.000326766720377588
Rep 2	Misma hebra	-133	-0.07635635312307372	-0.17139542155922338	0.010706514317339289	0.09806222856074033	186	6184	0.016016533195556702	0.1470933428411105	Misma hebra 1	-128.5	FALSE	perm1	0.0182947192783128,0.177567013126764,0.000684997435354923,0.112156876079708,0.631781491001103,0.00641027099406202,0.0181222378830018,0.0293567567209735,0.360146484172128,0.0105772312132303,0.0922355427066786,0.00574101084019334,0.00121176164219521,0.0757925392133028,0.543059481615032,0.0732777291290824,0.000295732263138194,0.186173897585756,0.571931133132071,0.190591187069378,0.0678606342315965,0.00200769355101363,0.266479308666198,0.118430338659962,0.086658042996176,0.87055780682124,0.0143733259370056,0.118176498642405,0.590512126914728,0.0274647533564055,0.00419324864383983,0.0280299615080062,0.1406780726829,0.00317279341188244,0.0980622285607403,0.0097149678923361,0.000359470069372017,0.184062932689054,0.126150259331148,0.165863526457896,4.46446228791873e-05,0.0291804179097516,0.0189839595153284,0.0595985887816205,0.00101992235863113,0.0101040493959784,0.261074895106315,0.000326766720377588
Rep 2	Misma hebra	-123	-0.12029613472834066	-0.21401650598459196	-0.02736444712357222	0.009714967892336102	182	6184	0.01567209162145871	0.030312148187935102	Misma hebra 1	-118.5	TRUE	perm1	0.0182947192783128,0.177567013126764,0.000684997435354923,0.112156876079708,0.631781491001103,0.00641027099406202,0.0181222378830018,0.0293567567209735,0.360146484172128,0.0105772312132303,0.0922355427066786,0.00574101084019334,0.00121176164219521,0.0757925392133028,0.543059481615032,0.0732777291290824,0.000295732263138194,0.186173897585756,0.571931133132071,0.190591187069378,0.0678606342315965,0.00200769355101363,0.266479308666198,0.118430338659962,0.086658042996176,0.87055780682124,0.0143733259370056,0.118176498642405,0.590512126914728,0.0274647533564055,0.00419324864383983,0.0280299615080062,0.1406780726829,0.00317279341188244,0.0980622285607403,0.0097149678923361,0.000359470069372017,0.184062932689054,0.126150259331148,0.165863526457896,4.46446228791873e-05,0.0291804179097516,0.0189839595153284,0.0595985887816205,0.00101992235863113,0.0101040493959784,0.261074895106315,0.000326766720377588
Rep 2	Misma hebra	-113	-0.16324477651944191	-0.25545132491609046	-0.07127068239736109	3.5947006937201684e-4	167	6184	0.014380435718591234	0.0028757605549761347	Misma hebra 1	-108.5	TRUE	perm1	0.0182947192783128,0.177567013126764,0.000684997435354923,0.112156876079708,0.631781491001103,0.00641027099406202,0.0181222378830018,0.0293567567209735,0.360146484172128,0.0105772312132303,0.0922355427066786,0.00574101084019334,0.00121176164219521,0.0757925392133028,0.543059481615032,0.0732777291290824,0.000295732263138194,0.186173897585756,0.571931133132071,0.190591187069378,0.0678606342315965,0.00200769355101363,0.266479308666198,0.118430338659962,0.086658042996176,0.87055780682124,0.0143733259370056,0.118176498642405,0.590512126914728,0.0274647533564055,0.00419324864383983,0.0280299615080062,0.1406780726829,0.00317279341188244,0.0980622285607403,0.0097149678923361,0.000359470069372017,0.184062932689054,0.126150259331148,0.165863526457896,4.46446228791873e-05,0.0291804179097516,0.0189839595153284,0.0595985887816205,0.00101992235863113,0.0101040493959784,0.261074895106315,0.000326766720377588
Rep 2	Misma hebra	-103	-0.06288096763758545	-0.15891909753172576	0.028686867982255067	0.18406293268905358	176	6184	0.01515542926031172	0.21035763735891835	Misma hebra 1	-98.5	FALSE	perm1	0.0182947192783128,0.177567013126764,0.000684997435354923,0.112156876079708,0.631781491001103,0.00641027099406202,0.0181222378830018,0.0293567567209735,0.360146484172128,0.0105772312132303,0.0922355427066786,0.00574101084019334,0.00121176164219521,0.0757925392133028,0.543059481615032,0.0732777291290824,0.000295732263138194,0.186173897585756,0.571931133132071,0.190591187069378,0.0678606342315965,0.00200769355101363,0.266479308666198,0.118430338659962,0.086658042996176,0.87055780682124,0.0143733259370056,0.118176498642405,0.590512126914728,0.0274647533564055,0.00419324864383983,0.0280299615080062,0.1406780726829,0.00317279341188244,0.0980622285607403,0.0097149678923361,0.000359470069372017,0.184062932689054,0.126150259331148,0.165863526457896,4.46446228791873e-05,0.0291804179097516,0.0189839595153284,0.0595985887816205,0.00101992235863113,0.0101040493959784,0.261074895106315,0.000326766720377588
Rep 2	Misma hebra	-93	-0.07295815127611714	-0.17118293100347148	0.017872595619670303	0.12615025933114818	174	6184	0.014983208473262722	0.16820034577486423	Misma hebra 1	-88.5	FALSE	perm1	0.0182947192783128,0.177567013126764,0.000684997435354923,0.112156876079708,0.631781491001103,0.00641027099406202,0.0181222378830018,0.0293567567209735,0.360146484172128,0.0105772312132303,0.0922355427066786,0.00574101084019334,0.00121176164219521,0.0757925392133028,0.543059481615032,0.0732777291290824,0.000295732263138194,0.186173897585756,0.571931133132071,0.190591187069378,0.0678606342315965,0.00200769355101363,0.266479308666198,0.118430338659962,0.086658042996176,0.87055780682124,0.0143733259370056,0.118176498642405,0.590512126914728,0.0274647533564055,0.00419324864383983,0.0280299615080062,0.1406780726829,0.00317279341188244,0.0980622285607403,0.0097149678923361,0.000359470069372017,0.184062932689054,0.126150259331148,0.165863526457896,4.46446228791873e-05,0.0291804179097516,0.0189839595153284,0.0595985887816205,0.00101992235863113,0.0101040493959784,0.261074895106315,0.000326766720377588
Rep 2	Misma hebra	-83	-0.07258850905916486	-0.1791037122688555	0.028993093211402185	0.16586352645789648	144	6184	0.012399896667527771	0.19903623174947577	Misma hebra 1	-78.5	FALSE	perm1	0.0182947192783128,0.177567013126764,0.000684997435354923,0.112156876079708,0.631781491001103,0.00641027099406202,0.0181222378830018,0.0293567567209735,0.360146484172128,0.0105772312132303,0.0922355427066786,0.00574101084019334,0.00121176164219521,0.0757925392133028,0.543059481615032,0.0732777291290824,0.000295732263138194,0.186173897585756,0.571931133132071,0.190591187069378,0.0678606342315965,0.00200769355101363,0.266479308666198,0.118430338659962,0.086658042996176,0.87055780682124,0.0143733259370056,0.118176498642405,0.590512126914728,0.0274647533564055,0.00419324864383983,0.0280299615080062,0.1406780726829,0.00317279341188244,0.0980622285607403,0.0097149678923361,0.000359470069372017,0.184062932689054,0.126150259331148,0.165863526457896,4.46446228791873e-05,0.0291804179097516,0.0189839595153284,0.0595985887816205,0.00101992235863113,0.0101040493959784,0.261074895106315,0.000326766720377588
Rep 2	Misma hebra	-73	-0.197505720382816	-0.29745252468704864	-0.1003100458660021	4.4644622879187324e-5	142	6184	0.012227675880478774	0.0010714709491004958	Misma hebra 1	-68.5	TRUE	perm1	0.0182947192783128,0.177567013126764,0.000684997435354923,0.112156876079708,0.631781491001103,0.00641027099406202,0.0181222378830018,0.0293567567209735,0.360146484172128,0.0105772312132303,0.0922355427066786,0.00574101084019334,0.00121176164219521,0.0757925392133028,0.543059481615032,0.0732777291290824,0.000295732263138194,0.186173897585756,0.571931133132071,0.190591187069378,0.0678606342315965,0.00200769355101363,0.266479308666198,0.118430338659962,0.086658042996176,0.87055780682124,0.0143733259370056,0.118176498642405,0.590512126914728,0.0274647533564055,0.00419324864383983,0.0280299615080062,0.1406780726829,0.00317279341188244,0.0980622285607403,0.0097149678923361,0.000359470069372017,0.184062932689054,0.126150259331148,0.165863526457896,4.46446228791873e-05,0.0291804179097516,0.0189839595153284,0.0595985887816205,0.00101992235863113,0.0101040493959784,0.261074895106315,0.000326766720377588
Rep 2	Misma hebra	-63	-0.10935013797049258	-0.2122337435202196	-0.009025205861989728	0.029180417909751646	141	6184	0.012141565486954276	0.05387154075646458	Misma hebra 1	-58.5	FALSE	perm1	0.0182947192783128,0.177567013126764,0.000684997435354923,0.112156876079708,0.631781491001103,0.00641027099406202,0.0181222378830018,0.0293567567209735,0.360146484172128,0.0105772312132303,0.0922355427066786,0.00574101084019334,0.00121176164219521,0.0757925392133028,0.543059481615032,0.0732777291290824,0.000295732263138194,0.186173897585756,0.571931133132071,0.190591187069378,0.0678606342315965,0.00200769355101363,0.266479308666198,0.118430338659962,0.086658042996176,0.87055780682124,0.0143733259370056,0.118176498642405,0.590512126914728,0.0274647533564055,0.00419324864383983,0.0280299615080062,0.1406780726829,0.00317279341188244,0.0980622285607403,0.0097149678923361,0.000359470069372017,0.184062932689054,0.126150259331148,0.165863526457896,4.46446228791873e-05,0.0291804179097516,0.0189839595153284,0.0595985887816205,0.00101992235863113,0.0101040493959784,0.261074895106315,0.000326766720377588
Rep 2	Misma hebra	-53	-0.14380918990909172	-0.2650199979751565	-0.023306048398139018	0.018983959515328382	109	6184	0.009386032894170327	0.045561502836788115	Misma hebra 1	-48.5	TRUE	perm1	0.0182947192783128,0.177567013126764,0.000684997435354923,0.112156876079708,0.631781491001103,0.00641027099406202,0.0181222378830018,0.0293567567209735,0.360146484172128,0.0105772312132303,0.0922355427066786,0.00574101084019334,0.00121176164219521,0.0757925392133028,0.543059481615032,0.0732777291290824,0.000295732263138194,0.186173897585756,0.571931133132071,0.190591187069378,0.0678606342315965,0.00200769355101363,0.266479308666198,0.118430338659962,0.086658042996176,0.87055780682124,0.0143733259370056,0.118176498642405,0.590512126914728,0.0274647533564055,0.00419324864383983,0.0280299615080062,0.1406780726829,0.00317279341188244,0.0980622285607403,0.0097149678923361,0.000359470069372017,0.184062932689054,0.126150259331148,0.165863526457896,4.46446228791873e-05,0.0291804179097516,0.0189839595153284,0.0595985887816205,0.00101992235863113,0.0101040493959784,0.261074895106315,0.000326766720377588
Rep 2	Misma hebra	-43	-0.08876604194307734	-0.18508282308986382	0.0016567741333977483	0.0595985887816205	171	6184	0.014724877292689228	0.10216900933992085	Misma hebra 1	-38.5	FALSE	perm1	0.0182947192783128,0.177567013126764,0.000684997435354923,0.112156876079708,0.631781491001103,0.00641027099406202,0.0181222378830018,0.0293567567209735,0.360146484172128,0.0105772312132303,0.0922355427066786,0.00574101084019334,0.00121176164219521,0.0757925392133028,0.543059481615032,0.0732777291290824,0.000295732263138194,0.186173897585756,0.571931133132071,0.190591187069378,0.0678606342315965,0.00200769355101363,0.266479308666198,0.118430338659962,0.086658042996176,0.87055780682124,0.0143733259370056,0.118176498642405,0.590512126914728,0.0274647533564055,0.00419324864383983,0.0280299615080062,0.1406780726829,0.00317279341188244,0.0980622285607403,0.0097149678923361,0.000359470069372017,0.184062932689054,0.126150259331148,0.165863526457896,4.46446228791873e-05,0.0291804179097516,0.0189839595153284,0.0595985887816205,0.00101992235863113,0.0101040493959784,0.261074895106315,0.000326766720377588
Rep 2	Misma hebra	-33	-0.1542390715717479	-0.25185490568868435	-0.0604594717073671	0.0010199223586311256	154	6184	0.013261000602772756	0.0061195341517867536	Misma hebra 1	-28.5	TRUE	perm1	0.0182947192783128,0.177567013126764,0.000684997435354923,0.112156876079708,0.631781491001103,0.00641027099406202,0.0181222378830018,0.0293567567209735,0.360146484172128,0.0105772312132303,0.0922355427066786,0.00574101084019334,0.00121176164219521,0.0757925392133028,0.543059481615032,0.0732777291290824,0.000295732263138194,0.186173897585756,0.571931133132071,0.190591187069378,0.0678606342315965,0.00200769355101363,0.266479308666198,0.118430338659962,0.086658042996176,0.87055780682124,0.0143733259370056,0.118176498642405,0.590512126914728,0.0274647533564055,0.00419324864383983,0.0280299615080062,0.1406780726829,0.00317279341188244,0.0980622285607403,0.0097149678923361,0.000359470069372017,0.184062932689054,0.126150259331148,0.165863526457896,4.46446228791873e-05,0.0291804179097516,0.0189839595153284,0.0595985887816205,0.00101992235863113,0.0101040493959784,0.261074895106315,0.000326766720377588
Rep 2	Misma hebra	-23	-0.13758501420651273	-0.2486692895955405	-0.029032526566209964	0.010104049395978367	124	6184	0.010677688797037803	0.030312148187935102	Misma hebra 1	-18.5	TRUE	perm1	0.0182947192783128,0.177567013126764,0.000684997435354923,0.112156876079708,0.631781491001103,0.00641027099406202,0.0181222378830018,0.0293567567209735,0.360146484172128,0.0105772312132303,0.0922355427066786,0.00574101084019334,0.00121176164219521,0.0757925392133028,0.543059481615032,0.0732777291290824,0.000295732263138194,0.186173897585756,0.571931133132071,0.190591187069378,0.0678606342315965,0.00200769355101363,0.266479308666198,0.118430338659962,0.086658042996176,0.87055780682124,0.0143733259370056,0.118176498642405,0.590512126914728,0.0274647533564055,0.00419324864383983,0.0280299615080062,0.1406780726829,0.00317279341188244,0.0980622285607403,0.0097149678923361,0.000359470069372017,0.184062932689054,0.126150259331148,0.165863526457896,4.46446228791873e-05,0.0291804179097516,0.0189839595153284,0.0595985887816205,0.00101992235863113,0.0101040493959784,0.261074895106315,0.000326766720377588
Rep 2	Misma hebra	-13	-0.06116200779039148	-0.17109300707489905	0.04353292496711738	0.26107489510631454	135	6184	0.011624903125807285	0.28480897647961584	Misma hebra 1	-8.5	FALSE	perm1	0.0182947192783128,0.177567013126764,0.000684997435354923,0.112156876079708,0.631781491001103,0.00641027099406202,0.0181222378830018,0.0293567567209735,0.360146484172128,0.0105772312132303,0.0922355427066786,0.00574101084019334,0.00121176164219521,0.0757925392133028,0.543059481615032,0.0732777291290824,0.000295732263138194,0.186173897585756,0.571931133132071,0.190591187069378,0.0678606342315965,0.00200769355101363,0.266479308666198,0.118430338659962,0.086658042996176,0.87055780682124,0.0143733259370056,0.118176498642405,0.590512126914728,0.0274647533564055,0.00419324864383983,0.0280299615080062,0.1406780726829,0.00317279341188244,0.0980622285607403,0.0097149678923361,0.000359470069372017,0.184062932689054,0.126150259331148,0.165863526457896,4.46446228791873e-05,0.0291804179097516,0.0189839595153284,0.0595985887816205,0.00101992235863113,0.0101040493959784,0.261074895106315,0.000326766720377588
Rep 2	Misma hebra	-3	-0.2072487883908847	-0.3281208764710931	-0.09296072669861016	3.2676672037758797e-4	98	6184	0.008438818565400843	0.0028757605549761347	Misma hebra 1	1.5	TRUE	perm1	0.0182947192783128,0.177567013126764,0.000684997435354923,0.112156876079708,0.631781491001103,0.00641027099406202,0.0181222378830018,0.0293567567209735,0.360146484172128,0.0105772312132303,0.0922355427066786,0.00574101084019334,0.00121176164219521,0.0757925392133028,0.543059481615032,0.0732777291290824,0.000295732263138194,0.186173897585756,0.571931133132071,0.190591187069378,0.0678606342315965,0.00200769355101363,0.266479308666198,0.118430338659962,0.086658042996176,0.87055780682124,0.0143733259370056,0.118176498642405,0.590512126914728,0.0274647533564055,0.00419324864383983,0.0280299615080062,0.1406780726829,0.00317279341188244,0.0980622285607403,0.0097149678923361,0.000359470069372017,0.184062932689054,0.126150259331148,0.165863526457896,4.46446228791873e-05,0.0291804179097516,0.0189839595153284,0.0595985887816205,0.00101992235863113,0.0101040493959784,0.261074895106315,0.000326766720377588
Rep 1	Misma hebra	-233	-0.09578283711648862	-0.1562950951342358	-0.034820033152158314	0.0021959071432899662	276	4866	0.02809732261020055	0.005039022822976721	Misma hebra 1	-228.5	TRUE	perm2	0.00219590714328997,0.0257468672490181,0.0026793255984013,0.0188270682072214,0.0244162688688274,0.90770345372637,0.00108569260195244,0.000141686972480823,0.00913721772823686,0.0244620456102973,0.000721817620183224,0.000448388741662743,0.00157531418427897,0.00179219649757934,0.106119252172009,9.48562285790068e-06,0.00230955212719766,0.00501116793530139,0.000483937001916636,0.124314619180825,0.595476712221323,0.00212852522355908,0.123750790380003,0.101437069190623,0.00893738491697263,0.167265248306202,0.0325064290965121,0.000358329461073481,0.00330355765470216,0.00125545523271129,0.00922649698005656,6.60312100479545e-05,0.00120741240488452,0.0026936603491231,0.00795551405559657,0.000126736320511439,0.00020964141047909,8.85643936002772e-06,0.00105037057274684,0.000254143954426652,0.000167380977073246,0.00543394474811682,0.000415459559914795,0.029663764435235,0.338872454339722,0.179451116756039,0.0777392677347469,0.199394426702951
Rep 1	Misma hebra	-223	-0.07122562418401039	-0.1342441142452998	-0.008561951374290505	0.025746867249018066	246	4866	0.025043265804743968	0.03432915633202409	Misma hebra 1	-218.5	TRUE	perm2	0.00219590714328997,0.0257468672490181,0.0026793255984013,0.0188270682072214,0.0244162688688274,0.90770345372637,0.00108569260195244,0.000141686972480823,0.00913721772823686,0.0244620456102973,0.000721817620183224,0.000448388741662743,0.00157531418427897,0.00179219649757934,0.106119252172009,9.48562285790068e-06,0.00230955212719766,0.00501116793530139,0.000483937001916636,0.124314619180825,0.595476712221323,0.00212852522355908,0.123750790380003,0.101437069190623,0.00893738491697263,0.167265248306202,0.0325064290965121,0.000358329461073481,0.00330355765470216,0.00125545523271129,0.00922649698005656,6.60312100479545e-05,0.00120741240488452,0.0026936603491231,0.00795551405559657,0.000126736320511439,0.00020964141047909,8.85643936002772e-06,0.00105037057274684,0.000254143954426652,0.000167380977073246,0.00543394474811682,0.000415459559914795,0.029663764435235,0.338872454339722,0.179451116756039,0.0777392677347469,0.199394426702951
Rep 1	Misma hebra	-213	-0.08978160219947917	-0.14833715986161317	-0.031452909333769714	0.0026793255984013022	262	4866	0.026672096100987478	0.0053586511968026045	Misma hebra 1	-208.5	TRUE	perm2	0.00219590714328997,0.0257468672490181,0.0026793255984013,0.0188270682072214,0.0244162688688274,0.90770345372637,0.00108569260195244,0.000141686972480823,0.00913721772823686,0.0244620456102973,0.000721817620183224,0.000448388741662743,0.00157531418427897,0.00179219649757934,0.106119252172009,9.48562285790068e-06,0.00230955212719766,0.00501116793530139,0.000483937001916636,0.124314619180825,0.595476712221323,0.00212852522355908,0.123750790380003,0.101437069190623,0.00893738491697263,0.167265248306202,0.0325064290965121,0.000358329461073481,0.00330355765470216,0.00125545523271129,0.00922649698005656,6.60312100479545e-05,0.00120741240488452,0.0026936603491231,0.00795551405559657,0.000126736320511439,0.00020964141047909,8.85643936002772e-06,0.00105037057274684,0.000254143954426652,0.000167380977073246,0.00543394474811682,0.000415459559914795,0.029663764435235,0.338872454339722,0.179451116756039,0.0777392677347469,0.199394426702951
Rep 1	Misma hebra	-203	-0.06719827027152193	-0.12379556489805903	-0.011059332995486464	0.01882706820722137	272	4866	0.027690115036139672	0.030123309131554196	Misma hebra 1	-198.5	TRUE	perm2	0.00219590714328997,0.0257468672490181,0.0026793255984013,0.0188270682072214,0.0244162688688274,0.90770345372637,0.00108569260195244,0.000141686972480823,0.00913721772823686,0.0244620456102973,0.000721817620183224,0.000448388741662743,0.00157531418427897,0.00179219649757934,0.106119252172009,9.48562285790068e-06,0.00230955212719766,0.00501116793530139,0.000483937001916636,0.124314619180825,0.595476712221323,0.00212852522355908,0.123750790380003,0.101437069190623,0.00893738491697263,0.167265248306202,0.0325064290965121,0.000358329461073481,0.00330355765470216,0.00125545523271129,0.00922649698005656,6.60312100479545e-05,0.00120741240488452,0.0026936603491231,0.00795551405559657,0.000126736320511439,0.00020964141047909,8.85643936002772e-06,0.00105037057274684,0.000254143954426652,0.000167380977073246,0.00543394474811682,0.000415459559914795,0.029663764435235,0.338872454339722,0.179451116756039,0.0777392677347469,0.199394426702951
Rep 1	Misma hebra	-193	-0.06900895655706869	-0.12987273607950456	-0.00886565929930372	0.024416268868827435	240	4866	0.024432454443652652	0.03432915633202409	Misma hebra 1	-188.5	TRUE	perm2	0.00219590714328997,0.0257468672490181,0.0026793255984013,0.0188270682072214,0.0244162688688274,0.90770345372637,0.00108569260195244,0.000141686972480823,0.00913721772823686,0.0244620456102973,0.000721817620183224,0.000448388741662743,0.00157531418427897,0.00179219649757934,0.106119252172009,9.48562285790068e-06,0.00230955212719766,0.00501116793530139,0.000483937001916636,0.124314619180825,0.595476712221323,0.00212852522355908,0.123750790380003,0.101437069190623,0.00893738491697263,0.167265248306202,0.0325064290965121,0.000358329461073481,0.00330355765470216,0.00125545523271129,0.00922649698005656,6.60312100479545e-05,0.00120741240488452,0.0026936603491231,0.00795551405559657,0.000126736320511439,0.00020964141047909,8.85643936002772e-06,0.00105037057274684,0.000254143954426652,0.000167380977073246,0.00543394474811682,0.000415459559914795,0.029663764435235,0.338872454339722,0.179451116756039,0.0777392677347469,0.199394426702951
Rep 1	Misma hebra	-183	0.0037155480968526495	-0.06098239014075312	0.06884528347286054	0.9077034537263704	229	4866	0.02331263361498524	0.9077034537263704	Misma hebra 1	-178.5	FALSE	perm2	0.00219590714328997,0.0257468672490181,0.0026793255984013,0.0188270682072214,0.0244162688688274,0.90770345372637,0.00108569260195244,0.000141686972480823,0.00913721772823686,0.0244620456102973,0.000721817620183224,0.000448388741662743,0.00157531418427897,0.00179219649757934,0.106119252172009,9.48562285790068e-06,0.00230955212719766,0.00501116793530139,0.000483937001916636,0.124314619180825,0.595476712221323,0.00212852522355908,0.123750790380003,0.101437069190623,0.00893738491697263,0.167265248306202,0.0325064290965121,0.000358329461073481,0.00330355765470216,0.00125545523271129,0.00922649698005656,6.60312100479545e-05,0.00120741240488452,0.0026936603491231,0.00795551405559657,0.000126736320511439,0.00020964141047909,8.85643936002772e-06,0.00105037057274684,0.000254143954426652,0.000167380977073246,0.00543394474811682,0.000415459559914795,0.029663764435235,0.338872454339722,0.179451116756039,0.0777392677347469,0.199394426702951
Rep 1	Misma hebra	-173	-0.10264981151078785	-0.16487960691987388	-0.04119316150783155	0.001085692601952435	216	4866	0.021989208999287385	0.00434277040780974	Misma hebra 1	-168.5	TRUE	perm2	0.00219590714328997,0.0257468672490181,0.0026793255984013,0.0188270682072214,0.0244162688688274,0.90770345372637,0.00108569260195244,0.000141686972480823,0.00913721772823686,0.0244620456102973,0.000721817620183224,0.000448388741662743,0.00157531418427897,0.00179219649757934,0.106119252172009,9.48562285790068e-06,0.00230955212719766,0.00501116793530139,0.000483937001916636,0.124314619180825,0.595476712221323,0.00212852522355908,0.123750790380003,0.101437069190623,0.00893738491697263,0.167265248306202,0.0325064290965121,0.000358329461073481,0.00330355765470216,0.00125545523271129,0.00922649698005656,6.60312100479545e-05,0.00120741240488452,0.0026936603491231,0.00795551405559657,0.000126736320511439,0.00020964141047909,8.85643936002772e-06,0.00105037057274684,0.000254143954426652,0.000167380977073246,0.00543394474811682,0.000415459559914795,0.029663764435235,0.338872454339722,0.179451116756039,0.0777392677347469,0.199394426702951
Rep 1	Misma hebra	-163	-0.13142388803962146	-0.19960970527293165	-0.06398695634388173	1.4168697248082338e-4	192	4866	0.01954596355492212	0.0017002436697698806	Misma hebra 1	-158.5	TRUE	perm2	0.00219590714328997,0.0257468672490181,0.0026793255984013,0.0188270682072214,0.0244162688688274,0.90770345372637,0.00108569260195244,0.000141686972480823,0.00913721772823686,0.0244620456102973,0.000721817620183224,0.000448388741662743,0.00157531418427897,0.00179219649757934,0.106119252172009,9.48562285790068e-06,0.00230955212719766,0.00501116793530139,0.000483937001916636,0.124314619180825,0.595476712221323,0.00212852522355908,0.123750790380003,0.101437069190623,0.00893738491697263,0.167265248306202,0.0325064290965121,0.000358329461073481,0.00330355765470216,0.00125545523271129,0.00922649698005656,6.60312100479545e-05,0.00120741240488452,0.0026936603491231,0.00795551405559657,0.000126736320511439,0.00020964141047909,8.85643936002772e-06,0.00105037057274684,0.000254143954426652,0.000167380977073246,0.00543394474811682,0.000415459559914795,0.029663764435235,0.338872454339722,0.179451116756039,0.0777392677347469,0.199394426702951
Rep 1	Misma hebra	-153	-0.08935574272292218	-0.1572493855264631	-0.022348231363625806	0.009137217728236863	170	4866	0.017306321897587296	0.015663801819834622	Misma hebra 1	-148.5	TRUE	perm2	0.00219590714328997,0.0257468672490181,0.0026793255984013,0.0188270682072214,0.0244162688688274,0.90770345372637,0.00108569260195244,0.000141686972480823,0.00913721772823686,0.0244620456102973,0.000721817620183224,0.000448388741662743,0.00157531418427897,0.00179219649757934,0.106119252172009,9.48562285790068e-06,0.00230955212719766,0.00501116793530139,0.000483937001916636,0.124314619180825,0.595476712221323,0.00212852522355908,0.123750790380003,0.101437069190623,0.00893738491697263,0.167265248306202,0.0325064290965121,0.000358329461073481,0.00330355765470216,0.00125545523271129,0.00922649698005656,6.60312100479545e-05,0.00120741240488452,0.0026936603491231,0.00795551405559657,0.000126736320511439,0.00020964141047909,8.85643936002772e-06,0.00105037057274684,0.000254143954426652,0.000167380977073246,0.00543394474811682,0.000415459559914795,0.029663764435235,0.338872454339722,0.179451116756039,0.0777392677347469,0.199394426702951
Rep 1	Misma hebra	-143	-0.07716590479434636	-0.14482352762213332	-0.01005955976305673	0.024462045610297283	190	4866	0.019342359767891684	0.03432915633202409	Misma hebra 1	-138.5	TRUE	perm2	0.00219590714328997,0.0257468672490181,0.0026793255984013,0.0188270682072214,0.0244162688688274,0.90770345372637,0.00108569260195244,0.000141686972480823,0.00913721772823686,0.0244620456102973,0.000721817620183224,0.000448388741662743,0.00157531418427897,0.00179219649757934,0.106119252172009,9.48562285790068e-06,0.00230955212719766,0.00501116793530139,0.000483937001916636,0.124314619180825,0.595476712221323,0.00212852522355908,0.123750790380003,0.101437069190623,0.00893738491697263,0.167265248306202,0.0325064290965121,0.000358329461073481,0.00330355765470216,0.00125545523271129,0.00922649698005656,6.60312100479545e-05,0.00120741240488452,0.0026936603491231,0.00795551405559657,0.000126736320511439,0.00020964141047909,8.85643936002772e-06,0.00105037057274684,0.000254143954426652,0.000167380977073246,0.00543394474811682,0.000415459559914795,0.029663764435235,0.338872454339722,0.179451116756039,0.0777392677347469,0.199394426702951
Rep 1	Misma hebra	-133	-0.11952236202300655	-0.18995729574207193	-0.05034544100228253	7.218176201832245e-4	172	4866	0.017509925684617733	0.0034647245768794775	Misma hebra 1	-128.5	TRUE	perm2	0.00219590714328997,0.0257468672490181,0.0026793255984013,0.0188270682072214,0.0244162688688274,0.90770345372637,0.00108569260195244,0.000141686972480823,0.00913721772823686,0.0244620456102973,0.000721817620183224,0.000448388741662743,0.00157531418427897,0.00179219649757934,0.106119252172009,9.48562285790068e-06,0.00230955212719766,0.00501116793530139,0.000483937001916636,0.124314619180825,0.595476712221323,0.00212852522355908,0.123750790380003,0.101437069190623,0.00893738491697263,0.167265248306202,0.0325064290965121,0.000358329461073481,0.00330355765470216,0.00125545523271129,0.00922649698005656,6.60312100479545e-05,0.00120741240488452,0.0026936603491231,0.00795551405559657,0.000126736320511439,0.00020964141047909,8.85643936002772e-06,0.00105037057274684,0.000254143954426652,0.000167380977073246,0.00543394474811682,0.000415459559914795,0.029663764435235,0.338872454339722,0.179451116756039,0.0777392677347469,0.199394426702951
Rep 1	Misma hebra	-123	-0.12625092583968872	-0.19707827498714256	-0.05611764260741997	4.4838874166274286e-4	161	4866	0.01639010485595032	0.0029036220114998165	Misma hebra 1	-118.5	TRUE	perm2	0.00219590714328997,0.0257468672490181,0.0026793255984013,0.0188270682072214,0.0244162688688274,0.90770345372637,0.00108569260195244,0.000141686972480823,0.00913721772823686,0.0244620456102973,0.000721817620183224,0.000448388741662743,0.00157531418427897,0.00179219649757934,0.106119252172009,9.48562285790068e-06,0.00230955212719766,0.00501116793530139,0.000483937001916636,0.124314619180825,0.595476712221323,0.00212852522355908,0.123750790380003,0.101437069190623,0.00893738491697263,0.167265248306202,0.0325064290965121,0.000358329461073481,0.00330355765470216,0.00125545523271129,0.00922649698005656,6.60312100479545e-05,0.00120741240488452,0.0026936603491231,0.00795551405559657,0.000126736320511439,0.00020964141047909,8.85643936002772e-06,0.00105037057274684,0.000254143954426652,0.000167380977073246,0.00543394474811682,0.000415459559914795,0.029663764435235,0.338872454339722,0.179451116756039,0.0777392677347469,0.199394426702951
Rep 1	Misma hebra	-113	-0.11118539267792563	-0.1810005851021191	-0.042651716397354336	0.0015753141842789668	168	4866	0.017102718110556855	0.005039022822976721	Misma hebra 1	-108.5	TRUE	perm2	0.00219590714328997,0.0257468672490181,0.0026793255984013,0.0188270682072214,0.0244162688688274,0.90770345372637,0.00108569260195244,0.000141686972480823,0.00913721772823686,0.0244620456102973,0.000721817620183224,0.000448388741662743,0.00157531418427897,0.00179219649757934,0.106119252172009,9.48562285790068e-06,0.00230955212719766,0.00501116793530139,0.000483937001916636,0.124314619180825,0.595476712221323,0.00212852522355908,0.123750790380003,0.101437069190623,0.00893738491697263,0.167265248306202,0.0325064290965121,0.000358329461073481,0.00330355765470216,0.00125545523271129,0.00922649698005656,6.60312100479545e-05,0.00120741240488452,0.0026936603491231,0.00795551405559657,0.000126736320511439,0.00020964141047909,8.85643936002772e-06,0.00105037057274684,0.000254143954426652,0.000167380977073246,0.00543394474811682,0.000415459559914795,0.029663764435235,0.338872454339722,0.179451116756039,0.0777392677347469,0.199394426702951
Rep 1	Misma hebra	-103	-0.11268337444449858	-0.18478552518790461	-0.04190938010412769	0.0017921964975793386	162	4866	0.01649190674946554	0.005039022822976721	Misma hebra 1	-98.5	TRUE	perm2	0.00219590714328997,0.0257468672490181,0.0026793255984013,0.0188270682072214,0.0244162688688274,0.90770345372637,0.00108569260195244,0.000141686972480823,0.00913721772823686,0.0244620456102973,0.000721817620183224,0.000448388741662743,0.00157531418427897,0.00179219649757934,0.106119252172009,9.48562285790068e-06,0.00230955212719766,0.00501116793530139,0.000483937001916636,0.124314619180825,0.595476712221323,0.00212852522355908,0.123750790380003,0.101437069190623,0.00893738491697263,0.167265248306202,0.0325064290965121,0.000358329461073481,0.00330355765470216,0.00125545523271129,0.00922649698005656,6.60312100479545e-05,0.00120741240488452,0.0026936603491231,0.00795551405559657,0.000126736320511439,0.00020964141047909,8.85643936002772e-06,0.00105037057274684,0.000254143954426652,0.000167380977073246,0.00543394474811682,0.000415459559914795,0.029663764435235,0.338872454339722,0.179451116756039,0.0777392677347469,0.199394426702951
Rep 1	Misma hebra	-93	-0.059951490770253545	-0.13420179702692572	0.012851085326285136	0.10611925217200918	147	4866	0.01496487834673725	0.12734310260641102	Misma hebra 1	-88.5	FALSE	perm2	0.00219590714328997,0.0257468672490181,0.0026793255984013,0.0188270682072214,0.0244162688688274,0.90770345372637,0.00108569260195244,0.000141686972480823,0.00913721772823686,0.0244620456102973,0.000721817620183224,0.000448388741662743,0.00157531418427897,0.00179219649757934,0.106119252172009,9.48562285790068e-06,0.00230955212719766,0.00501116793530139,0.000483937001916636,0.124314619180825,0.595476712221323,0.00212852522355908,0.123750790380003,0.101437069190623,0.00893738491697263,0.167265248306202,0.0325064290965121,0.000358329461073481,0.00330355765470216,0.00125545523271129,0.00922649698005656,6.60312100479545e-05,0.00120741240488452,0.0026936603491231,0.00795551405559657,0.000126736320511439,0.00020964141047909,8.85643936002772e-06,0.00105037057274684,0.000254143954426652,0.000167380977073246,0.00543394474811682,0.000415459559914795,0.029663764435235,0.338872454339722,0.179451116756039,0.0777392677347469,0.199394426702951
Rep 1	Misma hebra	-83	-0.16478249306956702	-0.23713526451374106	-0.09280182343458625	9.485622857900683e-6	147	4866	0.01496487834673725	2.276549485896164e-4	Misma hebra 1	-78.5	TRUE	perm2	0.00219590714328997,0.0257468672490181,0.0026793255984013,0.0188270682072214,0.0244162688688274,0.90770345372637,0.00108569260195244,0.000141686972480823,0.00913721772823686,0.0244620456102973,0.000721817620183224,0.000448388741662743,0.00157531418427897,0.00179219649757934,0.106119252172009,9.48562285790068e-06,0.00230955212719766,0.00501116793530139,0.000483937001916636,0.124314619180825,0.595476712221323,0.00212852522355908,0.123750790380003,0.101437069190623,0.00893738491697263,0.167265248306202,0.0325064290965121,0.000358329461073481,0.00330355765470216,0.00125545523271129,0.00922649698005656,6.60312100479545e-05,0.00120741240488452,0.0026936603491231,0.00795551405559657,0.000126736320511439,0.00020964141047909,8.85643936002772e-06,0.00105037057274684,0.000254143954426652,0.000167380977073246,0.00543394474811682,0.000415459559914795,0.029663764435235,0.338872454339722,0.179451116756039,0.0777392677347469,0.199394426702951
Rep 1	Misma hebra	-73	-0.11938341654782053	-0.19806178096024338	-0.042786811586739824	0.002309552127197664	129	4866	0.0131324442634633	0.005039022822976721	Misma hebra 1	-68.5	TRUE	perm2	0.00219590714328997,0.0257468672490181,0.0026793255984013,0.0188270682072214,0.0244162688688274,0.90770345372637,0.00108569260195244,0.000141686972480823,0.00913721772823686,0.0244620456102973,0.000721817620183224,0.000448388741662743,0.00157531418427897,0.00179219649757934,0.106119252172009,9.48562285790068e-06,0.00230955212719766,0.00501116793530139,0.000483937001916636,0.124314619180825,0.595476712221323,0.00212852522355908,0.123750790380003,0.101437069190623,0.00893738491697263,0.167265248306202,0.0325064290965121,0.000358329461073481,0.00330355765470216,0.00125545523271129,0.00922649698005656,6.60312100479545e-05,0.00120741240488452,0.0026936603491231,0.00795551405559657,0.000126736320511439,0.00020964141047909,8.85643936002772e-06,0.00105037057274684,0.000254143954426652,0.000167380977073246,0.00543394474811682,0.000415459559914795,0.029663764435235,0.338872454339722,0.179451116756039,0.0777392677347469,0.199394426702951
Rep 1	Misma hebra	-63	-0.11082459060582542	-0.18654445433101563	-0.03432374196668288	0.005011167935301386	165	4866	0.0167973124300112	0.009251386957479483	Misma hebra 1	-58.5	TRUE	perm2	0.00219590714328997,0.0257468672490181,0.0026793255984013,0.0188270682072214,0.0244162688688274,0.90770345372637,0.00108569260195244,0.000141686972480823,0.00913721772823686,0.0244620456102973,0.000721817620183224,0.000448388741662743,0.00157531418427897,0.00179219649757934,0.106119252172009,9.48562285790068e-06,0.00230955212719766,0.00501116793530139,0.000483937001916636,0.124314619180825,0.595476712221323,0.00212852522355908,0.123750790380003,0.101437069190623,0.00893738491697263,0.167265248306202,0.0325064290965121,0.000358329461073481,0.00330355765470216,0.00125545523271129,0.00922649698005656,6.60312100479545e-05,0.00120741240488452,0.0026936603491231,0.00795551405559657,0.000126736320511439,0.00020964141047909,8.85643936002772e-06,0.00105037057274684,0.000254143954426652,0.000167380977073246,0.00543394474811682,0.000415459559914795,0.029663764435235,0.338872454339722,0.179451116756039,0.0777392677347469,0.199394426702951
Rep 1	Misma hebra	-53	-0.1539644187874295	-0.2418996362340707	-0.06825285594500664	4.8393700191663605e-4	95	4866	0.009671179883945842	0.0029036220114998165	Misma hebra 1	-48.5	TRUE	perm2	0.00219590714328997,0.0257468672490181,0.0026793255984013,0.0188270682072214,0.0244162688688274,0.90770345372637,0.00108569260195244,0.000141686972480823,0.00913721772823686,0.0244620456102973,0.000721817620183224,0.000448388741662743,0.00157531418427897,0.00179219649757934,0.106119252172009,9.48562285790068e-06,0.00230955212719766,0.00501116793530139,0.000483937001916636,0.124314619180825,0.595476712221323,0.00212852522355908,0.123750790380003,0.101437069190623,0.00893738491697263,0.167265248306202,0.0325064290965121,0.000358329461073481,0.00330355765470216,0.00125545523271129,0.00922649698005656,6.60312100479545e-05,0.00120741240488452,0.0026936603491231,0.00795551405559657,0.000126736320511439,0.00020964141047909,8.85643936002772e-06,0.00105037057274684,0.000254143954426652,0.000167380977073246,0.00543394474811682,0.000415459559914795,0.029663764435235,0.338872454339722,0.179451116756039,0.0777392677347469,0.199394426702951
Rep 1	Misma hebra	-43	-0.0602394782014299	-0.1380917461724043	0.016852799135988483	0.12431461918082498	139	4866	0.014150463198615494	0.1356159481972636	Misma hebra 1	-38.5	FALSE	perm2	0.00219590714328997,0.0257468672490181,0.0026793255984013,0.0188270682072214,0.0244162688688274,0.90770345372637,0.00108569260195244,0.000141686972480823,0.00913721772823686,0.0244620456102973,0.000721817620183224,0.000448388741662743,0.00157531418427897,0.00179219649757934,0.106119252172009,9.48562285790068e-06,0.00230955212719766,0.00501116793530139,0.000483937001916636,0.124314619180825,0.595476712221323,0.00212852522355908,0.123750790380003,0.101437069190623,0.00893738491697263,0.167265248306202,0.0325064290965121,0.000358329461073481,0.00330355765470216,0.00125545523271129,0.00922649698005656,6.60312100479545e-05,0.00120741240488452,0.0026936603491231,0.00795551405559657,0.000126736320511439,0.00020964141047909,8.85643936002772e-06,0.00105037057274684,0.000254143954426652,0.000167380977073246,0.00543394474811682,0.000415459559914795,0.029663764435235,0.338872454339722,0.179451116756039,0.0777392677347469,0.199394426702951
Rep 1	Misma hebra	-33	-0.02037982149956287	-0.09559870451119853	0.0550210053462629	0.5954767122213227	175	4866	0.017815331365163393	0.6213670040570324	Misma hebra 1	-28.5	FALSE	perm2	0.00219590714328997,0.0257468672490181,0.0026793255984013,0.0188270682072214,0.0244162688688274,0.90770345372637,0.00108569260195244,0.000141686972480823,0.00913721772823686,0.0244620456102973,0.000721817620183224,0.000448388741662743,0.00157531418427897,0.00179219649757934,0.106119252172009,9.48562285790068e-06,0.00230955212719766,0.00501116793530139,0.000483937001916636,0.124314619180825,0.595476712221323,0.00212852522355908,0.123750790380003,0.101437069190623,0.00893738491697263,0.167265248306202,0.0325064290965121,0.000358329461073481,0.00330355765470216,0.00125545523271129,0.00922649698005656,6.60312100479545e-05,0.00120741240488452,0.0026936603491231,0.00795551405559657,0.000126736320511439,0.00020964141047909,8.85643936002772e-06,0.00105037057274684,0.000254143954426652,0.000167380977073246,0.00543394474811682,0.000415459559914795,0.029663764435235,0.338872454339722,0.179451116756039,0.0777392677347469,0.199394426702951
Rep 1	Misma hebra	-23	-0.1333229670890017	-0.2175913763259317	-0.04872048263458414	0.002128525223559081	119	4866	0.012114425328311107	0.005039022822976721	Misma hebra 1	-18.5	TRUE	perm2	0.00219590714328997,0.0257468672490181,0.0026793255984013,0.0188270682072214,0.0244162688688274,0.90770345372637,0.00108569260195244,0.000141686972480823,0.00913721772823686,0.0244620456102973,0.000721817620183224,0.000448388741662743,0.00157531418427897,0.00179219649757934,0.106119252172009,9.48562285790068e-06,0.00230955212719766,0.00501116793530139,0.000483937001916636,0.124314619180825,0.595476712221323,0.00212852522355908,0.123750790380003,0.101437069190623,0.00893738491697263,0.167265248306202,0.0325064290965121,0.000358329461073481,0.00330355765470216,0.00125545523271129,0.00922649698005656,6.60312100479545e-05,0.00120741240488452,0.0026936603491231,0.00795551405559657,0.000126736320511439,0.00020964141047909,8.85643936002772e-06,0.00105037057274684,0.000254143954426652,0.000167380977073246,0.00543394474811682,0.000415459559914795,0.029663764435235,0.338872454339722,0.179451116756039,0.0777392677347469,0.199394426702951
Rep 1	Misma hebra	-13	-0.06907903145118047	-0.1578754752069882	0.01914859974898564	0.12375079038000299	115	4866	0.011707217754250229	0.1356159481972636	Misma hebra 1	-8.5	FALSE	perm2	0.00219590714328997,0.0257468672490181,0.0026793255984013,0.0188270682072214,0.0244162688688274,0.90770345372637,0.00108569260195244,0.000141686972480823,0.00913721772823686,0.0244620456102973,0.000721817620183224,0.000448388741662743,0.00157531418427897,0.00179219649757934,0.106119252172009,9.48562285790068e-06,0.00230955212719766,0.00501116793530139,0.000483937001916636,0.124314619180825,0.595476712221323,0.00212852522355908,0.123750790380003,0.101437069190623,0.00893738491697263,0.167265248306202,0.0325064290965121,0.000358329461073481,0.00330355765470216,0.00125545523271129,0.00922649698005656,6.60312100479545e-05,0.00120741240488452,0.0026936603491231,0.00795551405559657,0.000126736320511439,0.00020964141047909,8.85643936002772e-06,0.00105037057274684,0.000254143954426652,0.000167380977073246,0.00543394474811682,0.000415459559914795,0.029663764435235,0.338872454339722,0.179451116756039,0.0777392677347469,0.199394426702951
Rep 1	Misma hebra	-3	-0.056183234543880016	-0.12409086517033596	0.010692941557985726	0.10143706919062295	194	4866	0.01974956734195256	0.12734310260641102	Misma hebra 1	1.5	FALSE	perm2	0.00219590714328997,0.0257468672490181,0.0026793255984013,0.0188270682072214,0.0244162688688274,0.90770345372637,0.00108569260195244,0.000141686972480823,0.00913721772823686,0.0244620456102973,0.000721817620183224,0.000448388741662743,0.00157531418427897,0.00179219649757934,0.106119252172009,9.48562285790068e-06,0.00230955212719766,0.00501116793530139,0.000483937001916636,0.124314619180825,0.595476712221323,0.00212852522355908,0.123750790380003,0.101437069190623,0.00893738491697263,0.167265248306202,0.0325064290965121,0.000358329461073481,0.00330355765470216,0.00125545523271129,0.00922649698005656,6.60312100479545e-05,0.00120741240488452,0.0026936603491231,0.00795551405559657,0.000126736320511439,0.00020964141047909,8.85643936002772e-06,0.00105037057274684,0.000254143954426652,0.000167380977073246,0.00543394474811682,0.000415459559914795,0.029663764435235,0.338872454339722,0.179451116756039,0.0777392677347469,0.199394426702951
Rep 2	Misma hebra	-233	-0.08804356812227274	-0.15717942640122698	-0.019497862993823625	0.008937384916972631	348	5663	0.029966416946525444	0.013025642795373972	Misma hebra 1	-228.5	TRUE	perm2	0.00219590714328997,0.0257468672490181,0.0026793255984013,0.0188270682072214,0.0244162688688274,0.90770345372637,0.00108569260195244,0.000141686972480823,0.00913721772823686,0.0244620456102973,0.000721817620183224,0.000448388741662743,0.00157531418427897,0.00179219649757934,0.106119252172009,9.48562285790068e-06,0.00230955212719766,0.00501116793530139,0.000483937001916636,0.124314619180825,0.595476712221323,0.00212852522355908,0.123750790380003,0.101437069190623,0.00893738491697263,0.167265248306202,0.0325064290965121,0.000358329461073481,0.00330355765470216,0.00125545523271129,0.00922649698005656,6.60312100479545e-05,0.00120741240488452,0.0026936603491231,0.00795551405559657,0.000126736320511439,0.00020964141047909,8.85643936002772e-06,0.00105037057274684,0.000254143954426652,0.000167380977073246,0.00543394474811682,0.000415459559914795,0.029663764435235,0.338872454339722,0.179451116756039,0.0777392677347469,0.199394426702951
Rep 2	Misma hebra	-223	-0.05081479388849252	-0.1288670299812889	0.019228230413362978	0.16726524830620154	301	5663	0.02591922845087402	0.19116028377851604	Misma hebra 1	-218.5	FALSE	perm2	0.00219590714328997,0.0257468672490181,0.0026793255984013,0.0188270682072214,0.0244162688688274,0.90770345372637,0.00108569260195244,0.000141686972480823,0.00913721772823686,0.0244620456102973,0.000721817620183224,0.000448388741662743,0.00157531418427897,0.00179219649757934,0.106119252172009,9.48562285790068e-06,0.00230955212719766,0.00501116793530139,0.000483937001916636,0.124314619180825,0.595476712221323,0.00212852522355908,0.123750790380003,0.101437069190623,0.00893738491697263,0.167265248306202,0.0325064290965121,0.000358329461073481,0.00330355765470216,0.00125545523271129,0.00922649698005656,6.60312100479545e-05,0.00120741240488452,0.0026936603491231,0.00795551405559657,0.000126736320511439,0.00020964141047909,8.85643936002772e-06,0.00105037057274684,0.000254143954426652,0.000167380977073246,0.00543394474811682,0.000415459559914795,0.029663764435235,0.338872454339722,0.179451116756039,0.0777392677347469,0.199394426702951
Rep 2	Misma hebra	-213	-0.07587733963614167	-0.1492400277953226	-0.003263589578411333	0.032506429096512086	327	5663	0.028158098682510978	0.04106075254296263	Misma hebra 1	-208.5	TRUE	perm2	0.00219590714328997,0.0257468672490181,0.0026793255984013,0.0188270682072214,0.0244162688688274,0.90770345372637,0.00108569260195244,0.000141686972480823,0.00913721772823686,0.0244620456102973,0.000721817620183224,0.000448388741662743,0.00157531418427897,0.00179219649757934,0.106119252172009,9.48562285790068e-06,0.00230955212719766,0.00501116793530139,0.000483937001916636,0.124314619180825,0.595476712221323,0.00212852522355908,0.123750790380003,0.101437069190623,0.00893738491697263,0.167265248306202,0.0325064290965121,0.000358329461073481,0.00330355765470216,0.00125545523271129,0.00922649698005656,6.60312100479545e-05,0.00120741240488452,0.0026936603491231,0.00795551405559657,0.000126736320511439,0.00020964141047909,8.85643936002772e-06,0.00105037057274684,0.000254143954426652,0.000167380977073246,0.00543394474811682,0.000415459559914795,0.029663764435235,0.338872454339722,0.179451116756039,0.0777392677347469,0.199394426702951
Rep 2	Misma hebra	-203	-0.12703063203581527	-0.19792582366868786	-0.05579067261524391	3.583294610734813e-4	315	5663	0.027124773960216998	0.001228558152251936	Misma hebra 1	-198.5	TRUE	perm2	0.00219590714328997,0.0257468672490181,0.0026793255984013,0.0188270682072214,0.0244162688688274,0.90770345372637,0.00108569260195244,0.000141686972480823,0.00913721772823686,0.0244620456102973,0.000721817620183224,0.000448388741662743,0.00157531418427897,0.00179219649757934,0.106119252172009,9.48562285790068e-06,0.00230955212719766,0.00501116793530139,0.000483937001916636,0.124314619180825,0.595476712221323,0.00212852522355908,0.123750790380003,0.101437069190623,0.00893738491697263,0.167265248306202,0.0325064290965121,0.000358329461073481,0.00330355765470216,0.00125545523271129,0.00922649698005656,6.60312100479545e-05,0.00120741240488452,0.0026936603491231,0.00795551405559657,0.000126736320511439,0.00020964141047909,8.85643936002772e-06,0.00105037057274684,0.000254143954426652,0.000167380977073246,0.00543394474811682,0.000415459559914795,0.029663764435235,0.338872454339722,0.179451116756039,0.0777392677347469,0.199394426702951
Rep 2	Misma hebra	-193	-0.10462046781665828	-0.1776447022546913	-0.03240805367910422	0.0033035576547021587	301	5663	0.02591922845087402	0.006098875670219371	Misma hebra 1	-188.5	TRUE	perm2	0.00219590714328997,0.0257468672490181,0.0026793255984013,0.0188270682072214,0.0244162688688274,0.90770345372637,0.00108569260195244,0.000141686972480823,0.00913721772823686,0.0244620456102973,0.000721817620183224,0.000448388741662743,0.00157531418427897,0.00179219649757934,0.106119252172009,9.48562285790068e-06,0.00230955212719766,0.00501116793530139,0.000483937001916636,0.124314619180825,0.595476712221323,0.00212852522355908,0.123750790380003,0.101437069190623,0.00893738491697263,0.167265248306202,0.0325064290965121,0.000358329461073481,0.00330355765470216,0.00125545523271129,0.00922649698005656,6.60312100479545e-05,0.00120741240488452,0.0026936603491231,0.00795551405559657,0.000126736320511439,0.00020964141047909,8.85643936002772e-06,0.00105037057274684,0.000254143954426652,0.000167380977073246,0.00543394474811682,0.000415459559914795,0.029663764435235,0.338872454339722,0.179451116756039,0.0777392677347469,0.199394426702951
Rep 2	Misma hebra	-183	-0.12045347243747846	-0.1965989930188171	-0.043951573073786235	0.001255455232711292	284	5663	0.024455351760957547	0.002739175053188273	Misma hebra 1	-178.5	TRUE	perm2	0.00219590714328997,0.0257468672490181,0.0026793255984013,0.0188270682072214,0.0244162688688274,0.90770345372637,0.00108569260195244,0.000141686972480823,0.00913721772823686,0.0244620456102973,0.000721817620183224,0.000448388741662743,0.00157531418427897,0.00179219649757934,0.106119252172009,9.48562285790068e-06,0.00230955212719766,0.00501116793530139,0.000483937001916636,0.124314619180825,0.595476712221323,0.00212852522355908,0.123750790380003,0.101437069190623,0.00893738491697263,0.167265248306202,0.0325064290965121,0.000358329461073481,0.00330355765470216,0.00125545523271129,0.00922649698005656,6.60312100479545e-05,0.00120741240488452,0.0026936603491231,0.00795551405559657,0.000126736320511439,0.00020964141047909,8.85643936002772e-06,0.00105037057274684,0.000254143954426652,0.000167380977073246,0.00543394474811682,0.000415459559914795,0.029663764435235,0.338872454339722,0.179451116756039,0.0777392677347469,0.199394426702951
Rep 2	Misma hebra	-173	-0.09676970237736168	-0.17305588004501804	-0.021048241704769776	0.009226496980056563	275	5663	0.02368035821923706	0.013025642795373972	Misma hebra 1	-168.5	TRUE	perm2	0.00219590714328997,0.0257468672490181,0.0026793255984013,0.0188270682072214,0.0244162688688274,0.90770345372637,0.00108569260195244,0.000141686972480823,0.00913721772823686,0.0244620456102973,0.000721817620183224,0.000448388741662743,0.00157531418427897,0.00179219649757934,0.106119252172009,9.48562285790068e-06,0.00230955212719766,0.00501116793530139,0.000483937001916636,0.124314619180825,0.595476712221323,0.00212852522355908,0.123750790380003,0.101437069190623,0.00893738491697263,0.167265248306202,0.0325064290965121,0.000358329461073481,0.00330355765470216,0.00125545523271129,0.00922649698005656,6.60312100479545e-05,0.00120741240488452,0.0026936603491231,0.00795551405559657,0.000126736320511439,0.00020964141047909,8.85643936002772e-06,0.00105037057274684,0.000254143954426652,0.000167380977073246,0.00543394474811682,0.000415459559914795,0.029663764435235,0.338872454339722,0.179451116756039,0.0777392677347469,0.199394426702951
Rep 2	Misma hebra	-163	-0.15465515885700543	-0.23349273165052598	-0.07726413135039956	6.603121004795447e-5	249	5663	0.021441487987600105	7.923745205754536e-4	Misma hebra 1	-158.5	TRUE	perm2	0.00219590714328997,0.0257468672490181,0.0026793255984013,0.0188270682072214,0.0244162688688274,0.90770345372637,0.00108569260195244,0.000141686972480823,0.00913721772823686,0.0244620456102973,0.000721817620183224,0.000448388741662743,0.00157531418427897,0.00179219649757934,0.106119252172009,9.48562285790068e-06,0.00230955212719766,0.00501116793530139,0.000483937001916636,0.124314619180825,0.595476712221323,0.00212852522355908,0.123750790380003,0.101437069190623,0.00893738491697263,0.167265248306202,0.0325064290965121,0.000358329461073481,0.00330355765470216,0.00125545523271129,0.00922649698005656,6.60312100479545e-05,0.00120741240488452,0.0026936603491231,0.00795551405559657,0.000126736320511439,0.00020964141047909,8.85643936002772e-06,0.00105037057274684,0.000254143954426652,0.000167380977073246,0.00543394474811682,0.000415459559914795,0.029663764435235,0.338872454339722,0.179451116756039,0.0777392677347469,0.199394426702951
Rep 2	Misma hebra	-153	-0.1343521226022027	-0.21737295969402212	-0.05074703102635351	0.0012074124048845212	217	5663	0.018685955394816153	0.002739175053188273	Misma hebra 1	-148.5	TRUE	perm2	0.00219590714328997,0.0257468672490181,0.0026793255984013,0.0188270682072214,0.0244162688688274,0.90770345372637,0.00108569260195244,0.000141686972480823,0.00913721772823686,0.0244620456102973,0.000721817620183224,0.000448388741662743,0.00157531418427897,0.00179219649757934,0.106119252172009,9.48562285790068e-06,0.00230955212719766,0.00501116793530139,0.000483937001916636,0.124314619180825,0.595476712221323,0.00212852522355908,0.123750790380003,0.101437069190623,0.00893738491697263,0.167265248306202,0.0325064290965121,0.000358329461073481,0.00330355765470216,0.00125545523271129,0.00922649698005656,6.60312100479545e-05,0.00120741240488452,0.0026936603491231,0.00795551405559657,0.000126736320511439,0.00020964141047909,8.85643936002772e-06,0.00105037057274684,0.000254143954426652,0.000167380977073246,0.00543394474811682,0.000415459559914795,0.029663764435235,0.338872454339722,0.179451116756039,0.0777392677347469,0.199394426702951
Rep 2	Misma hebra	-143	-0.12640386861061068	-0.21208463362165525	-0.04288279835602574	0.002693660349123096	232	5663	0.01997761129768363	0.005387320698246192	Misma hebra 1	-138.5	TRUE	perm2	0.00219590714328997,0.0257468672490181,0.0026793255984013,0.0188270682072214,0.0244162688688274,0.90770345372637,0.00108569260195244,0.000141686972480823,0.00913721772823686,0.0244620456102973,0.000721817620183224,0.000448388741662743,0.00157531418427897,0.00179219649757934,0.106119252172009,9.48562285790068e-06,0.00230955212719766,0.00501116793530139,0.000483937001916636,0.124314619180825,0.595476712221323,0.00212852522355908,0.123750790380003,0.101437069190623,0.00893738491697263,0.167265248306202,0.0325064290965121,0.000358329461073481,0.00330355765470216,0.00125545523271129,0.00922649698005656,6.60312100479545e-05,0.00120741240488452,0.0026936603491231,0.00795551405559657,0.000126736320511439,0.00020964141047909,8.85643936002772e-06,0.00105037057274684,0.000254143954426652,0.000167380977073246,0.00543394474811682,0.000415459559914795,0.029663764435235,0.338872454339722,0.179451116756039,0.0777392677347469,0.199394426702951
Rep 2	Misma hebra	-133	-0.11030925200771136	-0.19509291582230348	-0.02630175909348735	0.007955514055596571	220	5663	0.01894428657538965	0.012728822488954515	Misma hebra 1	-128.5	TRUE	perm2	0.00219590714328997,0.0257468672490181,0.0026793255984013,0.0188270682072214,0.0244162688688274,0.90770345372637,0.00108569260195244,0.000141686972480823,0.00913721772823686,0.0244620456102973,0.000721817620183224,0.000448388741662743,0.00157531418427897,0.00179219649757934,0.106119252172009,9.48562285790068e-06,0.00230955212719766,0.00501116793530139,0.000483937001916636,0.124314619180825,0.595476712221323,0.00212852522355908,0.123750790380003,0.101437069190623,0.00893738491697263,0.167265248306202,0.0325064290965121,0.000358329461073481,0.00330355765470216,0.00125545523271129,0.00922649698005656,6.60312100479545e-05,0.00120741240488452,0.0026936603491231,0.00795551405559657,0.000126736320511439,0.00020964141047909,8.85643936002772e-06,0.00105037057274684,0.000254143954426652,0.000167380977073246,0.00543394474811682,0.000415459559914795,0.029663764435235,0.338872454339722,0.179451116756039,0.0777392677347469,0.199394426702951
Rep 2	Misma hebra	-123	-0.16493297715156277	-0.25329583964750924	-0.07921611050981531	1.267363205114394e-4	197	5663	0.016963747524326188	0.0010042858624394768	Misma hebra 1	-118.5	TRUE	perm2	0.00219590714328997,0.0257468672490181,0.0026793255984013,0.0188270682072214,0.0244162688688274,0.90770345372637,0.00108569260195244,0.000141686972480823,0.00913721772823686,0.0244620456102973,0.000721817620183224,0.000448388741662743,0.00157531418427897,0.00179219649757934,0.106119252172009,9.48562285790068e-06,0.00230955212719766,0.00501116793530139,0.000483937001916636,0.124314619180825,0.595476712221323,0.00212852522355908,0.123750790380003,0.101437069190623,0.00893738491697263,0.167265248306202,0.0325064290965121,0.000358329461073481,0.00330355765470216,0.00125545523271129,0.00922649698005656,6.60312100479545e-05,0.00120741240488452,0.0026936603491231,0.00795551405559657,0.000126736320511439,0.00020964141047909,8.85643936002772e-06,0.00105037057274684,0.000254143954426652,0.000167380977073246,0.00543394474811682,0.000415459559914795,0.029663764435235,0.338872454339722,0.179451116756039,0.0777392677347469,0.199394426702951
Rep 2	Misma hebra	-113	-0.1599519864042595	-0.24621667339634012	-0.0714492402287136	2.0964141047909027e-4	210	5663	0.018083182640144666	0.0010062787702996333	Misma hebra 1	-108.5	TRUE	perm2	0.00219590714328997,0.0257468672490181,0.0026793255984013,0.0188270682072214,0.0244162688688274,0.90770345372637,0.00108569260195244,0.000141686972480823,0.00913721772823686,0.0244620456102973,0.000721817620183224,0.000448388741662743,0.00157531418427897,0.00179219649757934,0.106119252172009,9.48562285790068e-06,0.00230955212719766,0.00501116793530139,0.000483937001916636,0.124314619180825,0.595476712221323,0.00212852522355908,0.123750790380003,0.101437069190623,0.00893738491697263,0.167265248306202,0.0325064290965121,0.000358329461073481,0.00330355765470216,0.00125545523271129,0.00922649698005656,6.60312100479545e-05,0.00120741240488452,0.0026936603491231,0.00795551405559657,0.000126736320511439,0.00020964141047909,8.85643936002772e-06,0.00105037057274684,0.000254143954426652,0.000167380977073246,0.00543394474811682,0.000415459559914795,0.029663764435235,0.338872454339722,0.179451116756039,0.0777392677347469,0.199394426702951
Rep 2	Misma hebra	-103	-0.1958407329399472	-0.28374477248412255	-0.10818913650950909	8.85643936002772e-6	199	5663	0.017135968311375184	2.1255454464066525e-4	Misma hebra 1	-98.5	TRUE	perm2	0.00219590714328997,0.0257468672490181,0.0026793255984013,0.0188270682072214,0.0244162688688274,0.90770345372637,0.00108569260195244,0.000141686972480823,0.00913721772823686,0.0244620456102973,0.000721817620183224,0.000448388741662743,0.00157531418427897,0.00179219649757934,0.106119252172009,9.48562285790068e-06,0.00230955212719766,0.00501116793530139,0.000483937001916636,0.124314619180825,0.595476712221323,0.00212852522355908,0.123750790380003,0.101437069190623,0.00893738491697263,0.167265248306202,0.0325064290965121,0.000358329461073481,0.00330355765470216,0.00125545523271129,0.00922649698005656,6.60312100479545e-05,0.00120741240488452,0.0026936603491231,0.00795551405559657,0.000126736320511439,0.00020964141047909,8.85643936002772e-06,0.00105037057274684,0.000254143954426652,0.000167380977073246,0.00543394474811682,0.000415459559914795,0.029663764435235,0.338872454339722,0.179451116756039,0.0777392677347469,0.199394426702951
Rep 2	Misma hebra	-93	-0.14868266582743492	-0.24224187212234316	-0.0574577338769048	0.0010503705727468438	190	5663	0.016360974769654698	0.002739175053188273	Misma hebra 1	-88.5	TRUE	perm2	0.00219590714328997,0.0257468672490181,0.0026793255984013,0.0188270682072214,0.0244162688688274,0.90770345372637,0.00108569260195244,0.000141686972480823,0.00913721772823686,0.0244620456102973,0.000721817620183224,0.000448388741662743,0.00157531418427897,0.00179219649757934,0.106119252172009,9.48562285790068e-06,0.00230955212719766,0.00501116793530139,0.000483937001916636,0.124314619180825,0.595476712221323,0.00212852522355908,0.123750790380003,0.101437069190623,0.00893738491697263,0.167265248306202,0.0325064290965121,0.000358329461073481,0.00330355765470216,0.00125545523271129,0.00922649698005656,6.60312100479545e-05,0.00120741240488452,0.0026936603491231,0.00795551405559657,0.000126736320511439,0.00020964141047909,8.85643936002772e-06,0.00105037057274684,0.000254143954426652,0.000167380977073246,0.00543394474811682,0.000415459559914795,0.029663764435235,0.338872454339722,0.179451116756039,0.0777392677347469,0.199394426702951
Rep 2	Misma hebra	-83	-0.15335531382860917	-0.2380908963947735	-0.0693155475570184	2.541439544266525e-4	202	5663	0.017394299491948678	0.00101657581770661	Misma hebra 1	-78.5	TRUE	perm2	0.00219590714328997,0.0257468672490181,0.0026793255984013,0.0188270682072214,0.0244162688688274,0.90770345372637,0.00108569260195244,0.000141686972480823,0.00913721772823686,0.0244620456102973,0.000721817620183224,0.000448388741662743,0.00157531418427897,0.00179219649757934,0.106119252172009,9.48562285790068e-06,0.00230955212719766,0.00501116793530139,0.000483937001916636,0.124314619180825,0.595476712221323,0.00212852522355908,0.123750790380003,0.101437069190623,0.00893738491697263,0.167265248306202,0.0325064290965121,0.000358329461073481,0.00330355765470216,0.00125545523271129,0.00922649698005656,6.60312100479545e-05,0.00120741240488452,0.0026936603491231,0.00795551405559657,0.000126736320511439,0.00020964141047909,8.85643936002772e-06,0.00105037057274684,0.000254143954426652,0.000167380977073246,0.00543394474811682,0.000415459559914795,0.029663764435235,0.338872454339722,0.179451116756039,0.0777392677347469,0.199394426702951
Rep 2	Misma hebra	-73	-0.1844867531066279	-0.28160633182760697	-0.08724568980148319	1.673809770732461e-4	165	5663	0.014208214931542238	0.0010042858624394768	Misma hebra 1	-68.5	TRUE	perm2	0.00219590714328997,0.0257468672490181,0.0026793255984013,0.0188270682072214,0.0244162688688274,0.90770345372637,0.00108569260195244,0.000141686972480823,0.00913721772823686,0.0244620456102973,0.000721817620183224,0.000448388741662743,0.00157531418427897,0.00179219649757934,0.106119252172009,9.48562285790068e-06,0.00230955212719766,0.00501116793530139,0.000483937001916636,0.124314619180825,0.595476712221323,0.00212852522355908,0.123750790380003,0.101437069190623,0.00893738491697263,0.167265248306202,0.0325064290965121,0.000358329461073481,0.00330355765470216,0.00125545523271129,0.00922649698005656,6.60312100479545e-05,0.00120741240488452,0.0026936603491231,0.00795551405559657,0.000126736320511439,0.00020964141047909,8.85643936002772e-06,0.00105037057274684,0.000254143954426652,0.000167380977073246,0.00543394474811682,0.000415459559914795,0.029663764435235,0.338872454339722,0.179451116756039,0.0777392677347469,0.199394426702951
Rep 2	Misma hebra	-63	-0.12398471796604638	-0.21392668937841458	-0.033682508815458326	0.005433944748116821	202	5663	0.017394299491948678	0.009315333853914549	Misma hebra 1	-58.5	TRUE	perm2	0.00219590714328997,0.0257468672490181,0.0026793255984013,0.0188270682072214,0.0244162688688274,0.90770345372637,0.00108569260195244,0.000141686972480823,0.00913721772823686,0.0244620456102973,0.000721817620183224,0.000448388741662743,0.00157531418427897,0.00179219649757934,0.106119252172009,9.48562285790068e-06,0.00230955212719766,0.00501116793530139,0.000483937001916636,0.124314619180825,0.595476712221323,0.00212852522355908,0.123750790380003,0.101437069190623,0.00893738491697263,0.167265248306202,0.0325064290965121,0.000358329461073481,0.00330355765470216,0.00125545523271129,0.00922649698005656,6.60312100479545e-05,0.00120741240488452,0.0026936603491231,0.00795551405559657,0.000126736320511439,0.00020964141047909,8.85643936002772e-06,0.00105037057274684,0.000254143954426652,0.000167380977073246,0.00543394474811682,0.000415459559914795,0.029663764435235,0.338872454339722,0.179451116756039,0.0777392677347469,0.199394426702951
Rep 2	Misma hebra	-53	-0.20076135821781863	-0.31576089192332985	-0.08720543657948558	4.1545955991479494e-4	115	5663	0.009902695255317317	0.0012463786797443847	Misma hebra 1	-48.5	TRUE	perm2	0.00219590714328997,0.0257468672490181,0.0026793255984013,0.0188270682072214,0.0244162688688274,0.90770345372637,0.00108569260195244,0.000141686972480823,0.00913721772823686,0.0244620456102973,0.000721817620183224,0.000448388741662743,0.00157531418427897,0.00179219649757934,0.106119252172009,9.48562285790068e-06,0.00230955212719766,0.00501116793530139,0.000483937001916636,0.124314619180825,0.595476712221323,0.00212852522355908,0.123750790380003,0.101437069190623,0.00893738491697263,0.167265248306202,0.0325064290965121,0.000358329461073481,0.00330355765470216,0.00125545523271129,0.00922649698005656,6.60312100479545e-05,0.00120741240488452,0.0026936603491231,0.00795551405559657,0.000126736320511439,0.00020964141047909,8.85643936002772e-06,0.00105037057274684,0.000254143954426652,0.000167380977073246,0.00543394474811682,0.000415459559914795,0.029663764435235,0.338872454339722,0.179451116756039,0.0777392677347469,0.199394426702951
Rep 2	Misma hebra	-43	-0.09823387022512003	-0.19303087079371747	-0.00641064858165475	0.02966376443523498	188	5663	0.016188753982605702	0.039551685913646634	Misma hebra 1	-38.5	TRUE	perm2	0.00219590714328997,0.0257468672490181,0.0026793255984013,0.0188270682072214,0.0244162688688274,0.90770345372637,0.00108569260195244,0.000141686972480823,0.00913721772823686,0.0244620456102973,0.000721817620183224,0.000448388741662743,0.00157531418427897,0.00179219649757934,0.106119252172009,9.48562285790068e-06,0.00230955212719766,0.00501116793530139,0.000483937001916636,0.124314619180825,0.595476712221323,0.00212852522355908,0.123750790380003,0.101437069190623,0.00893738491697263,0.167265248306202,0.0325064290965121,0.000358329461073481,0.00330355765470216,0.00125545523271129,0.00922649698005656,6.60312100479545e-05,0.00120741240488452,0.0026936603491231,0.00795551405559657,0.000126736320511439,0.00020964141047909,8.85643936002772e-06,0.00105037057274684,0.000254143954426652,0.000167380977073246,0.00543394474811682,0.000415459559914795,0.029663764435235,0.338872454339722,0.179451116756039,0.0777392677347469,0.199394426702951
Rep 2	Misma hebra	-33	-0.040134371662878116	-0.12804837926327245	0.04119023187835302	0.33887245433972224	236	5663	0.020322052871781623	0.33887245433972224	Misma hebra 1	-28.5	FALSE	perm2	0.00219590714328997,0.0257468672490181,0.0026793255984013,0.0188270682072214,0.0244162688688274,0.90770345372637,0.00108569260195244,0.000141686972480823,0.00913721772823686,0.0244620456102973,0.000721817620183224,0.000448388741662743,0.00157531418427897,0.00179219649757934,0.106119252172009,9.48562285790068e-06,0.00230955212719766,0.00501116793530139,0.000483937001916636,0.124314619180825,0.595476712221323,0.00212852522355908,0.123750790380003,0.101437069190623,0.00893738491697263,0.167265248306202,0.0325064290965121,0.000358329461073481,0.00330355765470216,0.00125545523271129,0.00922649698005656,6.60312100479545e-05,0.00120741240488452,0.0026936603491231,0.00795551405559657,0.000126736320511439,0.00020964141047909,8.85643936002772e-06,0.00105037057274684,0.000254143954426652,0.000167380977073246,0.00543394474811682,0.000415459559914795,0.029663764435235,0.338872454339722,0.179451116756039,0.0777392677347469,0.199394426702951
Rep 2	Misma hebra	-23	-0.06917659828024579	-0.17911925744371832	0.031526483645493715	0.17945111675603942	142	5663	0.012227675880478774	0.19576485464295207	Misma hebra 1	-18.5	FALSE	perm2	0.00219590714328997,0.0257468672490181,0.0026793255984013,0.0188270682072214,0.0244162688688274,0.90770345372637,0.00108569260195244,0.000141686972480823,0.00913721772823686,0.0244620456102973,0.000721817620183224,0.000448388741662743,0.00157531418427897,0.00179219649757934,0.106119252172009,9.48562285790068e-06,0.00230955212719766,0.00501116793530139,0.000483937001916636,0.124314619180825,0.595476712221323,0.00212852522355908,0.123750790380003,0.101437069190623,0.00893738491697263,0.167265248306202,0.0325064290965121,0.000358329461073481,0.00330355765470216,0.00125545523271129,0.00922649698005656,6.60312100479545e-05,0.00120741240488452,0.0026936603491231,0.00795551405559657,0.000126736320511439,0.00020964141047909,8.85643936002772e-06,0.00105037057274684,0.000254143954426652,0.000167380977073246,0.00543394474811682,0.000415459559914795,0.029663764435235,0.338872454339722,0.179451116756039,0.0777392677347469,0.199394426702951
Rep 2	Misma hebra	-13	-0.08914719863387366	-0.19730367070458907	0.006794392227386733	0.07773926773474694	143	5663	0.012313786274003272	0.09328712128169633	Misma hebra 1	-8.5	FALSE	perm2	0.00219590714328997,0.0257468672490181,0.0026793255984013,0.0188270682072214,0.0244162688688274,0.90770345372637,0.00108569260195244,0.000141686972480823,0.00913721772823686,0.0244620456102973,0.000721817620183224,0.000448388741662743,0.00157531418427897,0.00179219649757934,0.106119252172009,9.48562285790068e-06,0.00230955212719766,0.00501116793530139,0.000483937001916636,0.124314619180825,0.595476712221323,0.00212852522355908,0.123750790380003,0.101437069190623,0.00893738491697263,0.167265248306202,0.0325064290965121,0.000358329461073481,0.00330355765470216,0.00125545523271129,0.00922649698005656,6.60312100479545e-05,0.00120741240488452,0.0026936603491231,0.00795551405559657,0.000126736320511439,0.00020964141047909,8.85643936002772e-06,0.00105037057274684,0.000254143954426652,0.000167380977073246,0.00543394474811682,0.000415459559914795,0.029663764435235,0.338872454339722,0.179451116756039,0.0777392677347469,0.199394426702951
Rep 2	Misma hebra	-3	-0.05267622716928211	-0.14124869054138223	0.02638839032474899	0.1993944267029512	234	5663	0.020149832084732627	0.20806374960307952	Misma hebra 1	1.5	FALSE	perm2	0.00219590714328997,0.0257468672490181,0.0026793255984013,0.0188270682072214,0.0244162688688274,0.90770345372637,0.00108569260195244,0.000141686972480823,0.00913721772823686,0.0244620456102973,0.000721817620183224,0.000448388741662743,0.00157531418427897,0.00179219649757934,0.106119252172009,9.48562285790068e-06,0.00230955212719766,0.00501116793530139,0.000483937001916636,0.124314619180825,0.595476712221323,0.00212852522355908,0.123750790380003,0.101437069190623,0.00893738491697263,0.167265248306202,0.0325064290965121,0.000358329461073481,0.00330355765470216,0.00125545523271129,0.00922649698005656,6.60312100479545e-05,0.00120741240488452,0.0026936603491231,0.00795551405559657,0.000126736320511439,0.00020964141047909,8.85643936002772e-06,0.00105037057274684,0.000254143954426652,0.000167380977073246,0.00543394474811682,0.000415459559914795,0.029663764435235,0.338872454339722,0.179451116756039,0.0777392677347469,0.199394426702951
Rep 1	Misma hebra	-233	-0.05772426159719274	-0.12587895145358075	0.01182306343090481	0.10328465487732497	182	5732	0.018527944619769927	0.20656930975464993	Misma hebra 1	-228.5	FALSE	perm3	0.103284654877325,0.00207975524804225,0.910333434976124,0.284876611159486,0.28178865401903,0.776003243034188,0.000854285724210682,0.048991397208042,0.0340414595378226,0.168711296883243,0.566983745463978,0.00371310512073435,0.000366604986959456,0.145640124505268,0.202136939443551,0.348315459662612,0.00330389488724121,0.057952120184194,0.642670181532153,0.00211685272820327,0.14641141590958,0.0258937579035255,0.324874691431928,0.0754877642808064,0.369831248394661,0.00105885946072983,0.50064254024963,0.160078312153344,0.240733329245758,0.30255755983061,0.00561875933917662,0.000388508828239064,0.00381104422382604,0.0328712812161597,0.00224195081794776,0.0262481432426748,0.010731303721273,0.196304867823672,0.192620081437728,0.843480708072078,0.00758639900366125,0.0663390023584017,0.310479452923999,0.311463199059797,0.185200450282051,0.0499745712450514,0.882892279494797,0.00884607538775813
Rep 1	Misma hebra	-223	-0.10703258125136139	-0.17477131833221038	-0.03932172481879055	0.0020797552480422508	178	5732	0.01812073704570905	0.012701116369219643	Misma hebra 1	-218.5	TRUE	perm3	0.103284654877325,0.00207975524804225,0.910333434976124,0.284876611159486,0.28178865401903,0.776003243034188,0.000854285724210682,0.048991397208042,0.0340414595378226,0.168711296883243,0.566983745463978,0.00371310512073435,0.000366604986959456,0.145640124505268,0.202136939443551,0.348315459662612,0.00330389488724121,0.057952120184194,0.642670181532153,0.00211685272820327,0.14641141590958,0.0258937579035255,0.324874691431928,0.0754877642808064,0.369831248394661,0.00105885946072983,0.50064254024963,0.160078312153344,0.240733329245758,0.30255755983061,0.00561875933917662,0.000388508828239064,0.00381104422382604,0.0328712812161597,0.00224195081794776,0.0262481432426748,0.010731303721273,0.196304867823672,0.192620081437728,0.843480708072078,0.00758639900366125,0.0663390023584017,0.310479452923999,0.311463199059797,0.185200450282051,0.0499745712450514,0.882892279494797,0.00884607538775813
Rep 1	Misma hebra	-213	-0.0036334604430029336	-0.06999856112656438	0.061851586019598115	0.9103334349761236	179	5732	0.01822253893922427	0.9103334349761236	Misma hebra 1	-208.5	FALSE	perm3	0.103284654877325,0.00207975524804225,0.910333434976124,0.284876611159486,0.28178865401903,0.776003243034188,0.000854285724210682,0.048991397208042,0.0340414595378226,0.168711296883243,0.566983745463978,0.00371310512073435,0.000366604986959456,0.145640124505268,0.202136939443551,0.348315459662612,0.00330389488724121,0.057952120184194,0.642670181532153,0.00211685272820327,0.14641141590958,0.0258937579035255,0.324874691431928,0.0754877642808064,0.369831248394661,0.00105885946072983,0.50064254024963,0.160078312153344,0.240733329245758,0.30255755983061,0.00561875933917662,0.000388508828239064,0.00381104422382604,0.0328712812161597,0.00224195081794776,0.0262481432426748,0.010731303721273,0.196304867823672,0.192620081437728,0.843480708072078,0.00758639900366125,0.0663390023584017,0.310479452923999,0.311463199059797,0.185200450282051,0.0499745712450514,0.882892279494797,0.00884607538775813
Rep 1	Misma hebra	-203	-0.04375960748930683	-0.12455834936728802	0.036800056561087216	0.28487661115948637	135	5732	0.013743255624554617	0.3798354815459818	Misma hebra 1	-198.5	FALSE	perm3	0.103284654877325,0.00207975524804225,0.910333434976124,0.284876611159486,0.28178865401903,0.776003243034188,0.000854285724210682,0.048991397208042,0.0340414595378226,0.168711296883243,0.566983745463978,0.00371310512073435,0.000366604986959456,0.145640124505268,0.202136939443551,0.348315459662612,0.00330389488724121,0.057952120184194,0.642670181532153,0.00211685272820327,0.14641141590958,0.0258937579035255,0.324874691431928,0.0754877642808064,0.369831248394661,0.00105885946072983,0.50064254024963,0.160078312153344,0.240733329245758,0.30255755983061,0.00561875933917662,0.000388508828239064,0.00381104422382604,0.0328712812161597,0.00224195081794776,0.0262481432426748,0.010731303721273,0.196304867823672,0.192620081437728,0.843480708072078,0.00758639900366125,0.0663390023584017,0.310479452923999,0.311463199059797,0.185200450282051,0.0499745712450514,0.882892279494797,0.00884607538775813
Rep 1	Misma hebra	-193	-0.04128787168290787	-0.11725211337558067	0.03382581411073419	0.2817886540190297	151	5732	0.015372085920798128	0.3798354815459818	Misma hebra 1	-188.5	FALSE	perm3	0.103284654877325,0.00207975524804225,0.910333434976124,0.284876611159486,0.28178865401903,0.776003243034188,0.000854285724210682,0.048991397208042,0.0340414595378226,0.168711296883243,0.566983745463978,0.00371310512073435,0.000366604986959456,0.145640124505268,0.202136939443551,0.348315459662612,0.00330389488724121,0.057952120184194,0.642670181532153,0.00211685272820327,0.14641141590958,0.0258937579035255,0.324874691431928,0.0754877642808064,0.369831248394661,0.00105885946072983,0.50064254024963,0.160078312153344,0.240733329245758,0.30255755983061,0.00561875933917662,0.000388508828239064,0.00381104422382604,0.0328712812161597,0.00224195081794776,0.0262481432426748,0.010731303721273,0.196304867823672,0.192620081437728,0.843480708072078,0.00758639900366125,0.0663390023584017,0.310479452923999,0.311463199059797,0.185200450282051,0.0499745712450514,0.882892279494797,0.00884607538775813
Rep 1	Misma hebra	-183	-0.010268495684745086	-0.08334014326562225	0.06105781773422279	0.7760032430341877	170	5732	0.017306321897587296	0.8097425144704566	Misma hebra 1	-178.5	FALSE	perm3	0.103284654877325,0.00207975524804225,0.910333434976124,0.284876611159486,0.28178865401903,0.776003243034188,0.000854285724210682,0.048991397208042,0.0340414595378226,0.168711296883243,0.566983745463978,0.00371310512073435,0.000366604986959456,0.145640124505268,0.202136939443551,0.348315459662612,0.00330389488724121,0.057952120184194,0.642670181532153,0.00211685272820327,0.14641141590958,0.0258937579035255,0.324874691431928,0.0754877642808064,0.369831248394661,0.00105885946072983,0.50064254024963,0.160078312153344,0.240733329245758,0.30255755983061,0.00561875933917662,0.000388508828239064,0.00381104422382604,0.0328712812161597,0.00224195081794776,0.0262481432426748,0.010731303721273,0.196304867823672,0.192620081437728,0.843480708072078,0.00758639900366125,0.0663390023584017,0.310479452923999,0.311463199059797,0.185200450282051,0.0499745712450514,0.882892279494797,0.00884607538775813
Rep 1	Misma hebra	-173	-0.12372515156606587	-0.19600636723664314	-0.051517242803878045	8.542857242106816e-4	158	5732	0.016084699175404664	0.01025142869052818	Misma hebra 1	-168.5	TRUE	perm3	0.103284654877325,0.00207975524804225,0.910333434976124,0.284876611159486,0.28178865401903,0.776003243034188,0.000854285724210682,0.048991397208042,0.0340414595378226,0.168711296883243,0.566983745463978,0.00371310512073435,0.000366604986959456,0.145640124505268,0.202136939443551,0.348315459662612,0.00330389488724121,0.057952120184194,0.642670181532153,0.00211685272820327,0.14641141590958,0.0258937579035255,0.324874691431928,0.0754877642808064,0.369831248394661,0.00105885946072983,0.50064254024963,0.160078312153344,0.240733329245758,0.30255755983061,0.00561875933917662,0.000388508828239064,0.00381104422382604,0.0328712812161597,0.00224195081794776,0.0262481432426748,0.010731303721273,0.196304867823672,0.192620081437728,0.843480708072078,0.00758639900366125,0.0663390023584017,0.310479452923999,0.311463199059797,0.185200450282051,0.0499745712450514,0.882892279494797,0.00884607538775813
Rep 1	Misma hebra	-163	-0.08074757548428824	-0.16132749215200112	-2.398309746265377e-4	0.04899139720804203	130	5732	0.01323424615697852	0.13064372588811207	Misma hebra 1	-158.5	FALSE	perm3	0.103284654877325,0.00207975524804225,0.910333434976124,0.284876611159486,0.28178865401903,0.776003243034188,0.000854285724210682,0.048991397208042,0.0340414595378226,0.168711296883243,0.566983745463978,0.00371310512073435,0.000366604986959456,0.145640124505268,0.202136939443551,0.348315459662612,0.00330389488724121,0.057952120184194,0.642670181532153,0.00211685272820327,0.14641141590958,0.0258937579035255,0.324874691431928,0.0754877642808064,0.369831248394661,0.00105885946072983,0.50064254024963,0.160078312153344,0.240733329245758,0.30255755983061,0.00561875933917662,0.000388508828239064,0.00381104422382604,0.0328712812161597,0.00224195081794776,0.0262481432426748,0.010731303721273,0.196304867823672,0.192620081437728,0.843480708072078,0.00758639900366125,0.0663390023584017,0.310479452923999,0.311463199059797,0.185200450282051,0.0499745712450514,0.882892279494797,0.00884607538775813
Rep 1	Misma hebra	-153	-0.0799174132206545	-0.15464722432909467	-0.005946814200397724	0.03404145953782257	140	5732	0.014252265092130713	0.10212437861346771	Misma hebra 1	-148.5	FALSE	perm3	0.103284654877325,0.00207975524804225,0.910333434976124,0.284876611159486,0.28178865401903,0.776003243034188,0.000854285724210682,0.048991397208042,0.0340414595378226,0.168711296883243,0.566983745463978,0.00371310512073435,0.000366604986959456,0.145640124505268,0.202136939443551,0.348315459662612,0.00330389488724121,0.057952120184194,0.642670181532153,0.00211685272820327,0.14641141590958,0.0258937579035255,0.324874691431928,0.0754877642808064,0.369831248394661,0.00105885946072983,0.50064254024963,0.160078312153344,0.240733329245758,0.30255755983061,0.00561875933917662,0.000388508828239064,0.00381104422382604,0.0328712812161597,0.00224195081794776,0.0262481432426748,0.010731303721273,0.196304867823672,0.192620081437728,0.843480708072078,0.00758639900366125,0.0663390023584017,0.310479452923999,0.311463199059797,0.185200450282051,0.0499745712450514,0.882892279494797,0.00884607538775813
Rep 1	Misma hebra	-143	-0.06271032811247672	-0.1496286541568753	0.027372105513911404	0.16871129688324318	121	5732	0.012318029115341545	0.2699380750131891	Misma hebra 1	-138.5	FALSE	perm3	0.103284654877325,0.00207975524804225,0.910333434976124,0.284876611159486,0.28178865401903,0.776003243034188,0.000854285724210682,0.048991397208042,0.0340414595378226,0.168711296883243,0.566983745463978,0.00371310512073435,0.000366604986959456,0.145640124505268,0.202136939443551,0.348315459662612,0.00330389488724121,0.057952120184194,0.642670181532153,0.00211685272820327,0.14641141590958,0.0258937579035255,0.324874691431928,0.0754877642808064,0.369831248394661,0.00105885946072983,0.50064254024963,0.160078312153344,0.240733329245758,0.30255755983061,0.00561875933917662,0.000388508828239064,0.00381104422382604,0.0328712812161597,0.00224195081794776,0.0262481432426748,0.010731303721273,0.196304867823672,0.192620081437728,0.843480708072078,0.00758639900366125,0.0663390023584017,0.310479452923999,0.311463199059797,0.185200450282051,0.0499745712450514,0.882892279494797,0.00884607538775813
Rep 1	Misma hebra	-133	-0.026060723656678404	-0.11574545936413604	0.06435818805334644	0.5669837454639776	119	5732	0.012114425328311107	0.6479814233874029	Misma hebra 1	-128.5	FALSE	perm3	0.103284654877325,0.00207975524804225,0.910333434976124,0.284876611159486,0.28178865401903,0.776003243034188,0.000854285724210682,0.048991397208042,0.0340414595378226,0.168711296883243,0.566983745463978,0.00371310512073435,0.000366604986959456,0.145640124505268,0.202136939443551,0.348315459662612,0.00330389488724121,0.057952120184194,0.642670181532153,0.00211685272820327,0.14641141590958,0.0258937579035255,0.324874691431928,0.0754877642808064,0.369831248394661,0.00105885946072983,0.50064254024963,0.160078312153344,0.240733329245758,0.30255755983061,0.00561875933917662,0.000388508828239064,0.00381104422382604,0.0328712812161597,0.00224195081794776,0.0262481432426748,0.010731303721273,0.196304867823672,0.192620081437728,0.843480708072078,0.00758639900366125,0.0663390023584017,0.310479452923999,0.311463199059797,0.185200450282051,0.0499745712450514,0.882892279494797,0.00884607538775813
Rep 1	Misma hebra	-123	-0.11631096536099615	-0.1951093323831118	-0.03845471879825058	0.0037131051207343457	131	5732	0.013336048050493739	0.014852420482937383	Misma hebra 1	-118.5	TRUE	perm3	0.103284654877325,0.00207975524804225,0.910333434976124,0.284876611159486,0.28178865401903,0.776003243034188,0.000854285724210682,0.048991397208042,0.0340414595378226,0.168711296883243,0.566983745463978,0.00371310512073435,0.000366604986959456,0.145640124505268,0.202136939443551,0.348315459662612,0.00330389488724121,0.057952120184194,0.642670181532153,0.00211685272820327,0.14641141590958,0.0258937579035255,0.324874691431928,0.0754877642808064,0.369831248394661,0.00105885946072983,0.50064254024963,0.160078312153344,0.240733329245758,0.30255755983061,0.00561875933917662,0.000388508828239064,0.00381104422382604,0.0328712812161597,0.00224195081794776,0.0262481432426748,0.010731303721273,0.196304867823672,0.192620081437728,0.843480708072078,0.00758639900366125,0.0663390023584017,0.310479452923999,0.311463199059797,0.185200450282051,0.0499745712450514,0.882892279494797,0.00884607538775813
Rep 1	Misma hebra	-113	-0.12942118650722534	-0.201466664292672	-0.05855261314153966	3.6660498695945554e-4	134	5732	0.013641453731039397	0.008798519687026933	Misma hebra 1	-108.5	TRUE	perm3	0.103284654877325,0.00207975524804225,0.910333434976124,0.284876611159486,0.28178865401903,0.776003243034188,0.000854285724210682,0.048991397208042,0.0340414595378226,0.168711296883243,0.566983745463978,0.00371310512073435,0.000366604986959456,0.145640124505268,0.202136939443551,0.348315459662612,0.00330389488724121,0.057952120184194,0.642670181532153,0.00211685272820327,0.14641141590958,0.0258937579035255,0.324874691431928,0.0754877642808064,0.369831248394661,0.00105885946072983,0.50064254024963,0.160078312153344,0.240733329245758,0.30255755983061,0.00561875933917662,0.000388508828239064,0.00381104422382604,0.0328712812161597,0.00224195081794776,0.0262481432426748,0.010731303721273,0.196304867823672,0.192620081437728,0.843480708072078,0.00758639900366125,0.0663390023584017,0.310479452923999,0.311463199059797,0.185200450282051,0.0499745712450514,0.882892279494797,0.00884607538775813
Rep 1	Misma hebra	-103	-0.06301766642334862	-0.149092293740978	0.021732713537486747	0.14564012450526836	102	5732	0.010383793138552377	0.2509909987021376	Misma hebra 1	-98.5	FALSE	perm3	0.103284654877325,0.00207975524804225,0.910333434976124,0.284876611159486,0.28178865401903,0.776003243034188,0.000854285724210682,0.048991397208042,0.0340414595378226,0.168711296883243,0.566983745463978,0.00371310512073435,0.000366604986959456,0.145640124505268,0.202136939443551,0.348315459662612,0.00330389488724121,0.057952120184194,0.642670181532153,0.00211685272820327,0.14641141590958,0.0258937579035255,0.324874691431928,0.0754877642808064,0.369831248394661,0.00105885946072983,0.50064254024963,0.160078312153344,0.240733329245758,0.30255755983061,0.00561875933917662,0.000388508828239064,0.00381104422382604,0.0328712812161597,0.00224195081794776,0.0262481432426748,0.010731303721273,0.196304867823672,0.192620081437728,0.843480708072078,0.00758639900366125,0.0663390023584017,0.310479452923999,0.311463199059797,0.185200450282051,0.0499745712450514,0.882892279494797,0.00884607538775813
Rep 1	Misma hebra	-93	-0.05978812108333282	-0.1544949138326616	0.032466819700054335	0.20213693944355135	104	5732	0.010587396925582816	0.303205409165327	Misma hebra 1	-88.5	FALSE	perm3	0.103284654877325,0.00207975524804225,0.910333434976124,0.284876611159486,0.28178865401903,0.776003243034188,0.000854285724210682,0.048991397208042,0.0340414595378226,0.168711296883243,0.566983745463978,0.00371310512073435,0.000366604986959456,0.145640124505268,0.202136939443551,0.348315459662612,0.00330389488724121,0.057952120184194,0.642670181532153,0.00211685272820327,0.14641141590958,0.0258937579035255,0.324874691431928,0.0754877642808064,0.369831248394661,0.00105885946072983,0.50064254024963,0.160078312153344,0.240733329245758,0.30255755983061,0.00561875933917662,0.000388508828239064,0.00381104422382604,0.0328712812161597,0.00224195081794776,0.0262481432426748,0.010731303721273,0.196304867823672,0.192620081437728,0.843480708072078,0.00758639900366125,0.0663390023584017,0.310479452923999,0.311463199059797,0.185200450282051,0.0499745712450514,0.882892279494797,0.00884607538775813
Rep 1	Misma hebra	-83	-0.042422304498785326	-0.13021245345713436	0.04642658101853921	0.34831545966261185	112	5732	0.011401812073704571	0.4179785515951342	Misma hebra 1	-78.5	FALSE	perm3	0.103284654877325,0.00207975524804225,0.910333434976124,0.284876611159486,0.28178865401903,0.776003243034188,0.000854285724210682,0.048991397208042,0.0340414595378226,0.168711296883243,0.566983745463978,0.00371310512073435,0.000366604986959456,0.145640124505268,0.202136939443551,0.348315459662612,0.00330389488724121,0.057952120184194,0.642670181532153,0.00211685272820327,0.14641141590958,0.0258937579035255,0.324874691431928,0.0754877642808064,0.369831248394661,0.00105885946072983,0.50064254024963,0.160078312153344,0.240733329245758,0.30255755983061,0.00561875933917662,0.000388508828239064,0.00381104422382604,0.0328712812161597,0.00224195081794776,0.0262481432426748,0.010731303721273,0.196304867823672,0.192620081437728,0.843480708072078,0.00758639900366125,0.0663390023584017,0.310479452923999,0.311463199059797,0.185200450282051,0.0499745712450514,0.882892279494797,0.00884607538775813
Rep 1	Misma hebra	-73	-0.1430836991191198	-0.2394058152535183	-0.04863182047618607	0.003303894887241211	92	5732	0.009365774203400182	0.014852420482937383	Misma hebra 1	-68.5	TRUE	perm3	0.103284654877325,0.00207975524804225,0.910333434976124,0.284876611159486,0.28178865401903,0.776003243034188,0.000854285724210682,0.048991397208042,0.0340414595378226,0.168711296883243,0.566983745463978,0.00371310512073435,0.000366604986959456,0.145640124505268,0.202136939443551,0.348315459662612,0.00330389488724121,0.057952120184194,0.642670181532153,0.00211685272820327,0.14641141590958,0.0258937579035255,0.324874691431928,0.0754877642808064,0.369831248394661,0.00105885946072983,0.50064254024963,0.160078312153344,0.240733329245758,0.30255755983061,0.00561875933917662,0.000388508828239064,0.00381104422382604,0.0328712812161597,0.00224195081794776,0.0262481432426748,0.010731303721273,0.196304867823672,0.192620081437728,0.843480708072078,0.00758639900366125,0.0663390023584017,0.310479452923999,0.311463199059797,0.185200450282051,0.0499745712450514,0.882892279494797,0.00884607538775813
Rep 1	Misma hebra	-63	-0.09397200893878573	-0.18965627004986754	0.003360461828341406	0.057952120184194024	84	5732	0.008551359055278427	0.13908508844206566	Misma hebra 1	-58.5	FALSE	perm3	0.103284654877325,0.00207975524804225,0.910333434976124,0.284876611159486,0.28178865401903,0.776003243034188,0.000854285724210682,0.048991397208042,0.0340414595378226,0.168711296883243,0.566983745463978,0.00371310512073435,0.000366604986959456,0.145640124505268,0.202136939443551,0.348315459662612,0.00330389488724121,0.057952120184194,0.642670181532153,0.00211685272820327,0.14641141590958,0.0258937579035255,0.324874691431928,0.0754877642808064,0.369831248394661,0.00105885946072983,0.50064254024963,0.160078312153344,0.240733329245758,0.30255755983061,0.00561875933917662,0.000388508828239064,0.00381104422382604,0.0328712812161597,0.00224195081794776,0.0262481432426748,0.010731303721273,0.196304867823672,0.192620081437728,0.843480708072078,0.00758639900366125,0.0663390023584017,0.310479452923999,0.311463199059797,0.185200450282051,0.0499745712450514,0.882892279494797,0.00884607538775813
Rep 1	Misma hebra	-53	-0.029358989580885585	-0.15244018791428288	0.09455495064538397	0.6426701815321527	69	5732	0.007024330652550138	0.7010947434896211	Misma hebra 1	-48.5	FALSE	perm3	0.103284654877325,0.00207975524804225,0.910333434976124,0.284876611159486,0.28178865401903,0.776003243034188,0.000854285724210682,0.048991397208042,0.0340414595378226,0.168711296883243,0.566983745463978,0.00371310512073435,0.000366604986959456,0.145640124505268,0.202136939443551,0.348315459662612,0.00330389488724121,0.057952120184194,0.642670181532153,0.00211685272820327,0.14641141590958,0.0258937579035255,0.324874691431928,0.0754877642808064,0.369831248394661,0.00105885946072983,0.50064254024963,0.160078312153344,0.240733329245758,0.30255755983061,0.00561875933917662,0.000388508828239064,0.00381104422382604,0.0328712812161597,0.00224195081794776,0.0262481432426748,0.010731303721273,0.196304867823672,0.192620081437728,0.843480708072078,0.00758639900366125,0.0663390023584017,0.310479452923999,0.311463199059797,0.185200450282051,0.0499745712450514,0.882892279494797,0.00884607538775813
Rep 1	Misma hebra	-43	0.15139650511999694	0.05414080135347505	0.2542290190620178	0.002116852728203274	116	5732	0.011809019647765448	0.012701116369219643	Misma hebra 1	-38.5	TRUE	perm3	0.103284654877325,0.00207975524804225,0.910333434976124,0.284876611159486,0.28178865401903,0.776003243034188,0.000854285724210682,0.048991397208042,0.0340414595378226,0.168711296883243,0.566983745463978,0.00371310512073435,0.000366604986959456,0.145640124505268,0.202136939443551,0.348315459662612,0.00330389488724121,0.057952120184194,0.642670181532153,0.00211685272820327,0.14641141590958,0.0258937579035255,0.324874691431928,0.0754877642808064,0.369831248394661,0.00105885946072983,0.50064254024963,0.160078312153344,0.240733329245758,0.30255755983061,0.00561875933917662,0.000388508828239064,0.00381104422382604,0.0328712812161597,0.00224195081794776,0.0262481432426748,0.010731303721273,0.196304867823672,0.192620081437728,0.843480708072078,0.00758639900366125,0.0663390023584017,0.310479452923999,0.311463199059797,0.185200450282051,0.0499745712450514,0.882892279494797,0.00884607538775813
Rep 1	Misma hebra	-33	-0.06405474216535992	-0.15150751808030782	0.022600668630437817	0.14641141590958026	105	5732	0.010689198819098035	0.2509909987021376	Misma hebra 1	-28.5	FALSE	perm3	0.103284654877325,0.00207975524804225,0.910333434976124,0.284876611159486,0.28178865401903,0.776003243034188,0.000854285724210682,0.048991397208042,0.0340414595378226,0.168711296883243,0.566983745463978,0.00371310512073435,0.000366604986959456,0.145640124505268,0.202136939443551,0.348315459662612,0.00330389488724121,0.057952120184194,0.642670181532153,0.00211685272820327,0.14641141590958,0.0258937579035255,0.324874691431928,0.0754877642808064,0.369831248394661,0.00105885946072983,0.50064254024963,0.160078312153344,0.240733329245758,0.30255755983061,0.00561875933917662,0.000388508828239064,0.00381104422382604,0.0328712812161597,0.00224195081794776,0.0262481432426748,0.010731303721273,0.196304867823672,0.192620081437728,0.843480708072078,0.00758639900366125,0.0663390023584017,0.310479452923999,0.311463199059797,0.185200450282051,0.0499745712450514,0.882892279494797,0.00884607538775813
Rep 1	Misma hebra	-23	-0.1290002379327942	-0.24340218884870513	-0.015732645886151475	0.025893757903525542	73	5732	0.007431538226611015	0.08877859852637328	Misma hebra 1	-18.5	FALSE	perm3	0.103284654877325,0.00207975524804225,0.910333434976124,0.284876611159486,0.28178865401903,0.776003243034188,0.000854285724210682,0.048991397208042,0.0340414595378226,0.168711296883243,0.566983745463978,0.00371310512073435,0.000366604986959456,0.145640124505268,0.202136939443551,0.348315459662612,0.00330389488724121,0.057952120184194,0.642670181532153,0.00211685272820327,0.14641141590958,0.0258937579035255,0.324874691431928,0.0754877642808064,0.369831248394661,0.00105885946072983,0.50064254024963,0.160078312153344,0.240733329245758,0.30255755983061,0.00561875933917662,0.000388508828239064,0.00381104422382604,0.0328712812161597,0.00224195081794776,0.0262481432426748,0.010731303721273,0.196304867823672,0.192620081437728,0.843480708072078,0.00758639900366125,0.0663390023584017,0.310479452923999,0.311463199059797,0.185200450282051,0.0499745712450514,0.882892279494797,0.00884607538775813
Rep 1	Misma hebra	-13	-0.04418242836851105	-0.13190574381993445	0.04410160751318228	0.32487469143192793	117	5732	0.011910821541280668	0.41036803128243526	Misma hebra 1	-8.5	FALSE	perm3	0.103284654877325,0.00207975524804225,0.910333434976124,0.284876611159486,0.28178865401903,0.776003243034188,0.000854285724210682,0.048991397208042,0.0340414595378226,0.168711296883243,0.566983745463978,0.00371310512073435,0.000366604986959456,0.145640124505268,0.202136939443551,0.348315459662612,0.00330389488724121,0.057952120184194,0.642670181532153,0.00211685272820327,0.14641141590958,0.0258937579035255,0.324874691431928,0.0754877642808064,0.369831248394661,0.00105885946072983,0.50064254024963,0.160078312153344,0.240733329245758,0.30255755983061,0.00561875933917662,0.000388508828239064,0.00381104422382604,0.0328712812161597,0.00224195081794776,0.0262481432426748,0.010731303721273,0.196304867823672,0.192620081437728,0.843480708072078,0.00758639900366125,0.0663390023584017,0.310479452923999,0.311463199059797,0.185200450282051,0.0499745712450514,0.882892279494797,0.00884607538775813
Rep 1	Misma hebra	-3	-0.11091297358519761	-0.23819899182823925	0.011505513064781984	0.07548776428080645	47	5732	0.004784688995215311	0.1647005766126686	Misma hebra 1	1.5	FALSE	perm3	0.103284654877325,0.00207975524804225,0.910333434976124,0.284876611159486,0.28178865401903,0.776003243034188,0.000854285724210682,0.048991397208042,0.0340414595378226,0.168711296883243,0.566983745463978,0.00371310512073435,0.000366604986959456,0.145640124505268,0.202136939443551,0.348315459662612,0.00330389488724121,0.057952120184194,0.642670181532153,0.00211685272820327,0.14641141590958,0.0258937579035255,0.324874691431928,0.0754877642808064,0.369831248394661,0.00105885946072983,0.50064254024963,0.160078312153344,0.240733329245758,0.30255755983061,0.00561875933917662,0.000388508828239064,0.00381104422382604,0.0328712812161597,0.00224195081794776,0.0262481432426748,0.010731303721273,0.196304867823672,0.192620081437728,0.843480708072078,0.00758639900366125,0.0663390023584017,0.310479452923999,0.311463199059797,0.185200450282051,0.0499745712450514,0.882892279494797,0.00884607538775813
Rep 2	Misma hebra	-233	-0.03630815566698086	-0.12334838611179805	0.0436634058666778	0.3698312483946611	216	6732	0.018599845001291655	0.42266428387961263	Misma hebra 1	-228.5	FALSE	perm3	0.103284654877325,0.00207975524804225,0.910333434976124,0.284876611159486,0.28178865401903,0.776003243034188,0.000854285724210682,0.048991397208042,0.0340414595378226,0.168711296883243,0.566983745463978,0.00371310512073435,0.000366604986959456,0.145640124505268,0.202136939443551,0.348315459662612,0.00330389488724121,0.057952120184194,0.642670181532153,0.00211685272820327,0.14641141590958,0.0258937579035255,0.324874691431928,0.0754877642808064,0.369831248394661,0.00105885946072983,0.50064254024963,0.160078312153344,0.240733329245758,0.30255755983061,0.00561875933917662,0.000388508828239064,0.00381104422382604,0.0328712812161597,0.00224195081794776,0.0262481432426748,0.010731303721273,0.196304867823672,0.192620081437728,0.843480708072078,0.00758639900366125,0.0663390023584017,0.310479452923999,0.311463199059797,0.185200450282051,0.0499745712450514,0.882892279494797,0.00884607538775813
Rep 2	Misma hebra	-223	-0.13392377623966992	-0.21674847963934837	-0.051678197575414586	0.0010588594607298318	211	6732	0.018169293033669164	0.012706313528757982	Misma hebra 1	-218.5	TRUE	perm3	0.103284654877325,0.00207975524804225,0.910333434976124,0.284876611159486,0.28178865401903,0.776003243034188,0.000854285724210682,0.048991397208042,0.0340414595378226,0.168711296883243,0.566983745463978,0.00371310512073435,0.000366604986959456,0.145640124505268,0.202136939443551,0.348315459662612,0.00330389488724121,0.057952120184194,0.642670181532153,0.00211685272820327,0.14641141590958,0.0258937579035255,0.324874691431928,0.0754877642808064,0.369831248394661,0.00105885946072983,0.50064254024963,0.160078312153344,0.240733329245758,0.30255755983061,0.00561875933917662,0.000388508828239064,0.00381104422382604,0.0328712812161597,0.00224195081794776,0.0262481432426748,0.010731303721273,0.196304867823672,0.192620081437728,0.843480708072078,0.00758639900366125,0.0663390023584017,0.310479452923999,0.311463199059797,0.185200450282051,0.0499745712450514,0.882892279494797,0.00884607538775813
Rep 2	Misma hebra	-213	-0.027145762550217542	-0.11290388344861904	0.05514182974394234	0.50064254024963	221	6732	0.01903039696891415	0.5461554984541417	Misma hebra 1	-208.5	FALSE	perm3	0.103284654877325,0.00207975524804225,0.910333434976124,0.284876611159486,0.28178865401903,0.776003243034188,0.000854285724210682,0.048991397208042,0.0340414595378226,0.168711296883243,0.566983745463978,0.00371310512073435,0.000366604986959456,0.145640124505268,0.202136939443551,0.348315459662612,0.00330389488724121,0.057952120184194,0.642670181532153,0.00211685272820327,0.14641141590958,0.0258937579035255,0.324874691431928,0.0754877642808064,0.369831248394661,0.00105885946072983,0.50064254024963,0.160078312153344,0.240733329245758,0.30255755983061,0.00561875933917662,0.000388508828239064,0.00381104422382604,0.0328712812161597,0.00224195081794776,0.0262481432426748,0.010731303721273,0.196304867823672,0.192620081437728,0.843480708072078,0.00758639900366125,0.0663390023584017,0.310479452923999,0.311463199059797,0.185200450282051,0.0499745712450514,0.882892279494797,0.00884607538775813
Rep 2	Misma hebra	-203	-0.06251570924383741	-0.15745375695430588	0.02390491578705589	0.16007831215334448	181	6732	0.015585981227934212	0.29445730173550855	Misma hebra 1	-198.5	FALSE	perm3	0.103284654877325,0.00207975524804225,0.910333434976124,0.284876611159486,0.28178865401903,0.776003243034188,0.000854285724210682,0.048991397208042,0.0340414595378226,0.168711296883243,0.566983745463978,0.00371310512073435,0.000366604986959456,0.145640124505268,0.202136939443551,0.348315459662612,0.00330389488724121,0.057952120184194,0.642670181532153,0.00211685272820327,0.14641141590958,0.0258937579035255,0.324874691431928,0.0754877642808064,0.369831248394661,0.00105885946072983,0.50064254024963,0.160078312153344,0.240733329245758,0.30255755983061,0.00561875933917662,0.000388508828239064,0.00381104422382604,0.0328712812161597,0.00224195081794776,0.0262481432426748,0.010731303721273,0.196304867823672,0.192620081437728,0.843480708072078,0.00758639900366125,0.0663390023584017,0.310479452923999,0.311463199059797,0.185200450282051,0.0499745712450514,0.882892279494797,0.00884607538775813
Rep 2	Misma hebra	-193	-0.05228308517504945	-0.1427757163328955	0.03483216873622167	0.24073332924575822	189	6732	0.0162748643761302	0.3398588177587175	Misma hebra 1	-188.5	FALSE	perm3	0.103284654877325,0.00207975524804225,0.910333434976124,0.284876611159486,0.28178865401903,0.776003243034188,0.000854285724210682,0.048991397208042,0.0340414595378226,0.168711296883243,0.566983745463978,0.00371310512073435,0.000366604986959456,0.145640124505268,0.202136939443551,0.348315459662612,0.00330389488724121,0.057952120184194,0.642670181532153,0.00211685272820327,0.14641141590958,0.0258937579035255,0.324874691431928,0.0754877642808064,0.369831248394661,0.00105885946072983,0.50064254024963,0.160078312153344,0.240733329245758,0.30255755983061,0.00561875933917662,0.000388508828239064,0.00381104422382604,0.0328712812161597,0.00224195081794776,0.0262481432426748,0.010731303721273,0.196304867823672,0.192620081437728,0.843480708072078,0.00758639900366125,0.0663390023584017,0.310479452923999,0.311463199059797,0.185200450282051,0.0499745712450514,0.882892279494797,0.00884607538775813
Rep 2	Misma hebra	-183	-0.042576180558637364	-0.13178498442496503	0.039026306128595346	0.3025575598306099	215	6732	0.018513734607767156	0.3737558388717559	Misma hebra 1	-178.5	FALSE	perm3	0.103284654877325,0.00207975524804225,0.910333434976124,0.284876611159486,0.28178865401903,0.776003243034188,0.000854285724210682,0.048991397208042,0.0340414595378226,0.168711296883243,0.566983745463978,0.00371310512073435,0.000366604986959456,0.145640124505268,0.202136939443551,0.348315459662612,0.00330389488724121,0.057952120184194,0.642670181532153,0.00211685272820327,0.14641141590958,0.0258937579035255,0.324874691431928,0.0754877642808064,0.369831248394661,0.00105885946072983,0.50064254024963,0.160078312153344,0.240733329245758,0.30255755983061,0.00561875933917662,0.000388508828239064,0.00381104422382604,0.0328712812161597,0.00224195081794776,0.0262481432426748,0.010731303721273,0.196304867823672,0.192620081437728,0.843480708072078,0.00758639900366125,0.0663390023584017,0.310479452923999,0.311463199059797,0.185200450282051,0.0499745712450514,0.882892279494797,0.00884607538775813
Rep 2	Misma hebra	-173	-0.11342545593336176	-0.19933954160769404	-0.030684538969310633	0.005618759339176621	202	6732	0.017394299491948678	0.026970044828047778	Misma hebra 1	-168.5	TRUE	perm3	0.103284654877325,0.00207975524804225,0.910333434976124,0.284876611159486,0.28178865401903,0.776003243034188,0.000854285724210682,0.048991397208042,0.0340414595378226,0.168711296883243,0.566983745463978,0.00371310512073435,0.000366604986959456,0.145640124505268,0.202136939443551,0.348315459662612,0.00330389488724121,0.057952120184194,0.642670181532153,0.00211685272820327,0.14641141590958,0.0258937579035255,0.324874691431928,0.0754877642808064,0.369831248394661,0.00105885946072983,0.50064254024963,0.160078312153344,0.240733329245758,0.30255755983061,0.00561875933917662,0.000388508828239064,0.00381104422382604,0.0328712812161597,0.00224195081794776,0.0262481432426748,0.010731303721273,0.196304867823672,0.192620081437728,0.843480708072078,0.00758639900366125,0.0663390023584017,0.310479452923999,0.311463199059797,0.185200450282051,0.0499745712450514,0.882892279494797,0.00884607538775813
Rep 2	Misma hebra	-163	-0.1635925509777345	-0.25563494863249986	-0.0710963415839314	3.8850882823906406e-4	163	6732	0.01403599414449324	0.009324211877737538	Misma hebra 1	-158.5	TRUE	perm3	0.103284654877325,0.00207975524804225,0.910333434976124,0.284876611159486,0.28178865401903,0.776003243034188,0.000854285724210682,0.048991397208042,0.0340414595378226,0.168711296883243,0.566983745463978,0.00371310512073435,0.000366604986959456,0.145640124505268,0.202136939443551,0.348315459662612,0.00330389488724121,0.057952120184194,0.642670181532153,0.00211685272820327,0.14641141590958,0.0258937579035255,0.324874691431928,0.0754877642808064,0.369831248394661,0.00105885946072983,0.50064254024963,0.160078312153344,0.240733329245758,0.30255755983061,0.00561875933917662,0.000388508828239064,0.00381104422382604,0.0328712812161597,0.00224195081794776,0.0262481432426748,0.010731303721273,0.196304867823672,0.192620081437728,0.843480708072078,0.00758639900366125,0.0663390023584017,0.310479452923999,0.311463199059797,0.185200450282051,0.0499745712450514,0.882892279494797,0.00884607538775813
Rep 2	Misma hebra	-153	-0.12937658072665412	-0.2214578337791103	-0.03906014045324795	0.003811044223826038	179	6732	0.015413760440885214	0.02286626534295623	Misma hebra 1	-148.5	TRUE	perm3	0.103284654877325,0.00207975524804225,0.910333434976124,0.284876611159486,0.28178865401903,0.776003243034188,0.000854285724210682,0.048991397208042,0.0340414595378226,0.168711296883243,0.566983745463978,0.00371310512073435,0.000366604986959456,0.145640124505268,0.202136939443551,0.348315459662612,0.00330389488724121,0.057952120184194,0.642670181532153,0.00211685272820327,0.14641141590958,0.0258937579035255,0.324874691431928,0.0754877642808064,0.369831248394661,0.00105885946072983,0.50064254024963,0.160078312153344,0.240733329245758,0.30255755983061,0.00561875933917662,0.000388508828239064,0.00381104422382604,0.0328712812161597,0.00224195081794776,0.0262481432426748,0.010731303721273,0.196304867823672,0.192620081437728,0.843480708072078,0.00758639900366125,0.0663390023584017,0.310479452923999,0.311463199059797,0.185200450282051,0.0499745712450514,0.882892279494797,0.00884607538775813
Rep 2	Misma hebra	-143	-0.10209276156177849	-0.19901007722105094	-0.004212997207198404	0.03287128121615969	164	6732	0.014122104538017738	0.07889107491878325	Misma hebra 1	-138.5	FALSE	perm3	0.103284654877325,0.00207975524804225,0.910333434976124,0.284876611159486,0.28178865401903,0.776003243034188,0.000854285724210682,0.048991397208042,0.0340414595378226,0.168711296883243,0.566983745463978,0.00371310512073435,0.000366604986959456,0.145640124505268,0.202136939443551,0.348315459662612,0.00330389488724121,0.057952120184194,0.642670181532153,0.00211685272820327,0.14641141590958,0.0258937579035255,0.324874691431928,0.0754877642808064,0.369831248394661,0.00105885946072983,0.50064254024963,0.160078312153344,0.240733329245758,0.30255755983061,0.00561875933917662,0.000388508828239064,0.00381104422382604,0.0328712812161597,0.00224195081794776,0.0262481432426748,0.010731303721273,0.196304867823672,0.192620081437728,0.843480708072078,0.00758639900366125,0.0663390023584017,0.310479452923999,0.311463199059797,0.185200450282051,0.0499745712450514,0.882892279494797,0.00884607538775813
Rep 2	Misma hebra	-133	-0.16042060925598164	-0.26095875110801653	-0.05574029446182378	0.002241950817947757	150	6732	0.012916559028674762	0.017935606543582058	Misma hebra 1	-128.5	TRUE	perm3	0.103284654877325,0.00207975524804225,0.910333434976124,0.284876611159486,0.28178865401903,0.776003243034188,0.000854285724210682,0.048991397208042,0.0340414595378226,0.168711296883243,0.566983745463978,0.00371310512073435,0.000366604986959456,0.145640124505268,0.202136939443551,0.348315459662612,0.00330389488724121,0.057952120184194,0.642670181532153,0.00211685272820327,0.14641141590958,0.0258937579035255,0.324874691431928,0.0754877642808064,0.369831248394661,0.00105885946072983,0.50064254024963,0.160078312153344,0.240733329245758,0.30255755983061,0.00561875933917662,0.000388508828239064,0.00381104422382604,0.0328712812161597,0.00224195081794776,0.0262481432426748,0.010731303721273,0.196304867823672,0.192620081437728,0.843480708072078,0.00758639900366125,0.0663390023584017,0.310479452923999,0.311463199059797,0.185200450282051,0.0499745712450514,0.882892279494797,0.00884607538775813
Rep 2	Misma hebra	-123	-0.10577411443379128	-0.20288725162589052	-0.010099956554415018	0.026248143242674795	157	6732	0.01351933178334625	0.06999504864713278	Misma hebra 1	-118.5	FALSE	perm3	0.103284654877325,0.00207975524804225,0.910333434976124,0.284876611159486,0.28178865401903,0.776003243034188,0.000854285724210682,0.048991397208042,0.0340414595378226,0.168711296883243,0.566983745463978,0.00371310512073435,0.000366604986959456,0.145640124505268,0.202136939443551,0.348315459662612,0.00330389488724121,0.057952120184194,0.642670181532153,0.00211685272820327,0.14641141590958,0.0258937579035255,0.324874691431928,0.0754877642808064,0.369831248394661,0.00105885946072983,0.50064254024963,0.160078312153344,0.240733329245758,0.30255755983061,0.00561875933917662,0.000388508828239064,0.00381104422382604,0.0328712812161597,0.00224195081794776,0.0262481432426748,0.010731303721273,0.196304867823672,0.192620081437728,0.843480708072078,0.00758639900366125,0.0663390023584017,0.310479452923999,0.311463199059797,0.185200450282051,0.0499745712450514,0.882892279494797,0.00884607538775813
Rep 2	Misma hebra	-113	-0.11970707444886419	-0.21633671419402442	-0.025603068438944977	0.010731303721272966	161	6732	0.013863773357444244	0.032193911163818895	Misma hebra 1	-108.5	TRUE	perm3	0.103284654877325,0.00207975524804225,0.910333434976124,0.284876611159486,0.28178865401903,0.776003243034188,0.000854285724210682,0.048991397208042,0.0340414595378226,0.168711296883243,0.566983745463978,0.00371310512073435,0.000366604986959456,0.145640124505268,0.202136939443551,0.348315459662612,0.00330389488724121,0.057952120184194,0.642670181532153,0.00211685272820327,0.14641141590958,0.0258937579035255,0.324874691431928,0.0754877642808064,0.369831248394661,0.00105885946072983,0.50064254024963,0.160078312153344,0.240733329245758,0.30255755983061,0.00561875933917662,0.000388508828239064,0.00381104422382604,0.0328712812161597,0.00224195081794776,0.0262481432426748,0.010731303721273,0.196304867823672,0.192620081437728,0.843480708072078,0.00758639900366125,0.0663390023584017,0.310479452923999,0.311463199059797,0.185200450282051,0.0499745712450514,0.882892279494797,0.00884607538775813
Rep 2	Misma hebra	-103	-0.06695315169528189	-0.17404259649511522	0.030980972281490153	0.19630486782367235	141	6732	0.012141565486954276	0.29445730173550855	Misma hebra 1	-98.5	FALSE	perm3	0.103284654877325,0.00207975524804225,0.910333434976124,0.284876611159486,0.28178865401903,0.776003243034188,0.000854285724210682,0.048991397208042,0.0340414595378226,0.168711296883243,0.566983745463978,0.00371310512073435,0.000366604986959456,0.145640124505268,0.202136939443551,0.348315459662612,0.00330389488724121,0.057952120184194,0.642670181532153,0.00211685272820327,0.14641141590958,0.0258937579035255,0.324874691431928,0.0754877642808064,0.369831248394661,0.00105885946072983,0.50064254024963,0.160078312153344,0.240733329245758,0.30255755983061,0.00561875933917662,0.000388508828239064,0.00381104422382604,0.0328712812161597,0.00224195081794776,0.0262481432426748,0.010731303721273,0.196304867823672,0.192620081437728,0.843480708072078,0.00758639900366125,0.0663390023584017,0.310479452923999,0.311463199059797,0.185200450282051,0.0499745712450514,0.882892279494797,0.00884607538775813
Rep 2	Misma hebra	-93	-0.0669765998329575	-0.1797217476851497	0.03412280149139738	0.19262008143772805	136	6732	0.011711013519331783	0.29445730173550855	Misma hebra 1	-88.5	FALSE	perm3	0.103284654877325,0.00207975524804225,0.910333434976124,0.284876611159486,0.28178865401903,0.776003243034188,0.000854285724210682,0.048991397208042,0.0340414595378226,0.168711296883243,0.566983745463978,0.00371310512073435,0.000366604986959456,0.145640124505268,0.202136939443551,0.348315459662612,0.00330389488724121,0.057952120184194,0.642670181532153,0.00211685272820327,0.14641141590958,0.0258937579035255,0.324874691431928,0.0754877642808064,0.369831248394661,0.00105885946072983,0.50064254024963,0.160078312153344,0.240733329245758,0.30255755983061,0.00561875933917662,0.000388508828239064,0.00381104422382604,0.0328712812161597,0.00224195081794776,0.0262481432426748,0.010731303721273,0.196304867823672,0.192620081437728,0.843480708072078,0.00758639900366125,0.0663390023584017,0.310479452923999,0.311463199059797,0.185200450282051,0.0499745712450514,0.882892279494797,0.00884607538775813
Rep 2	Misma hebra	-83	-0.007383048513077004	-0.11631056561136935	0.09359571230146406	0.8434807080720776	141	6732	0.012141565486954276	0.880153782336081	Misma hebra 1	-78.5	FALSE	perm3	0.103284654877325,0.00207975524804225,0.910333434976124,0.284876611159486,0.28178865401903,0.776003243034188,0.000854285724210682,0.048991397208042,0.0340414595378226,0.168711296883243,0.566983745463978,0.00371310512073435,0.000366604986959456,0.145640124505268,0.202136939443551,0.348315459662612,0.00330389488724121,0.057952120184194,0.642670181532153,0.00211685272820327,0.14641141590958,0.0258937579035255,0.324874691431928,0.0754877642808064,0.369831248394661,0.00105885946072983,0.50064254024963,0.160078312153344,0.240733329245758,0.30255755983061,0.00561875933917662,0.000388508828239064,0.00381104422382604,0.0328712812161597,0.00224195081794776,0.0262481432426748,0.010731303721273,0.196304867823672,0.192620081437728,0.843480708072078,0.00758639900366125,0.0663390023584017,0.310479452923999,0.311463199059797,0.185200450282051,0.0499745712450514,0.882892279494797,0.00884607538775813
Rep 2	Misma hebra	-73	-0.15383280836679727	-0.2679254699567183	-0.03924092615647888	0.0075863990036612455	111	6732	0.009558253681219323	0.030329401329456437	Misma hebra 1	-68.5	TRUE	perm3	0.103284654877325,0.00207975524804225,0.910333434976124,0.284876611159486,0.28178865401903,0.776003243034188,0.000854285724210682,0.048991397208042,0.0340414595378226,0.168711296883243,0.566983745463978,0.00371310512073435,0.000366604986959456,0.145640124505268,0.202136939443551,0.348315459662612,0.00330389488724121,0.057952120184194,0.642670181532153,0.00211685272820327,0.14641141590958,0.0258937579035255,0.324874691431928,0.0754877642808064,0.369831248394661,0.00105885946072983,0.50064254024963,0.160078312153344,0.240733329245758,0.30255755983061,0.00561875933917662,0.000388508828239064,0.00381104422382604,0.0328712812161597,0.00224195081794776,0.0262481432426748,0.010731303721273,0.196304867823672,0.192620081437728,0.843480708072078,0.00758639900366125,0.0663390023584017,0.310479452923999,0.311463199059797,0.185200450282051,0.0499745712450514,0.882892279494797,0.00884607538775813
Rep 2	Misma hebra	-63	-0.10378594296991578	-0.21975948556367553	0.005736711069678334	0.06633900235840175	107	6732	0.00921381210712133	0.1326780047168035	Misma hebra 1	-58.5	FALSE	perm3	0.103284654877325,0.00207975524804225,0.910333434976124,0.284876611159486,0.28178865401903,0.776003243034188,0.000854285724210682,0.048991397208042,0.0340414595378226,0.168711296883243,0.566983745463978,0.00371310512073435,0.000366604986959456,0.145640124505268,0.202136939443551,0.348315459662612,0.00330389488724121,0.057952120184194,0.642670181532153,0.00211685272820327,0.14641141590958,0.0258937579035255,0.324874691431928,0.0754877642808064,0.369831248394661,0.00105885946072983,0.50064254024963,0.160078312153344,0.240733329245758,0.30255755983061,0.00561875933917662,0.000388508828239064,0.00381104422382604,0.0328712812161597,0.00224195081794776,0.0262481432426748,0.010731303721273,0.196304867823672,0.192620081437728,0.843480708072078,0.00758639900366125,0.0663390023584017,0.310479452923999,0.311463199059797,0.185200450282051,0.0499745712450514,0.882892279494797,0.00884607538775813
Rep 2	Misma hebra	-53	-0.07103684901354729	-0.21729258199319476	0.06604635457924976	0.3104794529239989	81	6732	0.006974941875484371	0.3737558388717559	Misma hebra 1	-48.5	FALSE	perm3	0.103284654877325,0.00207975524804225,0.910333434976124,0.284876611159486,0.28178865401903,0.776003243034188,0.000854285724210682,0.048991397208042,0.0340414595378226,0.168711296883243,0.566983745463978,0.00371310512073435,0.000366604986959456,0.145640124505268,0.202136939443551,0.348315459662612,0.00330389488724121,0.057952120184194,0.642670181532153,0.00211685272820327,0.14641141590958,0.0258937579035255,0.324874691431928,0.0754877642808064,0.369831248394661,0.00105885946072983,0.50064254024963,0.160078312153344,0.240733329245758,0.30255755983061,0.00561875933917662,0.000388508828239064,0.00381104422382604,0.0328712812161597,0.00224195081794776,0.0262481432426748,0.010731303721273,0.196304867823672,0.192620081437728,0.843480708072078,0.00758639900366125,0.0663390023584017,0.310479452923999,0.311463199059797,0.185200450282051,0.0499745712450514,0.882892279494797,0.00884607538775813
Rep 2	Misma hebra	-43	0.05780604559938072	-0.050618818991853824	0.17900811455027957	0.3114631990597966	147	6732	0.012658227848101266	0.3737558388717559	Misma hebra 1	-38.5	FALSE	perm3	0.103284654877325,0.00207975524804225,0.910333434976124,0.284876611159486,0.28178865401903,0.776003243034188,0.000854285724210682,0.048991397208042,0.0340414595378226,0.168711296883243,0.566983745463978,0.00371310512073435,0.000366604986959456,0.145640124505268,0.202136939443551,0.348315459662612,0.00330389488724121,0.057952120184194,0.642670181532153,0.00211685272820327,0.14641141590958,0.0258937579035255,0.324874691431928,0.0754877642808064,0.369831248394661,0.00105885946072983,0.50064254024963,0.160078312153344,0.240733329245758,0.30255755983061,0.00561875933917662,0.000388508828239064,0.00381104422382604,0.0328712812161597,0.00224195081794776,0.0262481432426748,0.010731303721273,0.196304867823672,0.192620081437728,0.843480708072078,0.00758639900366125,0.0663390023584017,0.310479452923999,0.311463199059797,0.185200450282051,0.0499745712450514,0.882892279494797,0.00884607538775813
Rep 2	Misma hebra	-33	-0.07755575800010533	-0.1943992008341547	0.03366686431301982	0.18520045028205137	120	6732	0.01033324722293981	0.29445730173550855	Misma hebra 1	-28.5	FALSE	perm3	0.103284654877325,0.00207975524804225,0.910333434976124,0.284876611159486,0.28178865401903,0.776003243034188,0.000854285724210682,0.048991397208042,0.0340414595378226,0.168711296883243,0.566983745463978,0.00371310512073435,0.000366604986959456,0.145640124505268,0.202136939443551,0.348315459662612,0.00330389488724121,0.057952120184194,0.642670181532153,0.00211685272820327,0.14641141590958,0.0258937579035255,0.324874691431928,0.0754877642808064,0.369831248394661,0.00105885946072983,0.50064254024963,0.160078312153344,0.240733329245758,0.30255755983061,0.00561875933917662,0.000388508828239064,0.00381104422382604,0.0328712812161597,0.00224195081794776,0.0262481432426748,0.010731303721273,0.196304867823672,0.192620081437728,0.843480708072078,0.00758639900366125,0.0663390023584017,0.310479452923999,0.311463199059797,0.185200450282051,0.0499745712450514,0.882892279494797,0.00884607538775813
Rep 2	Misma hebra	-23	-0.12103471996287998	-0.24902668530048222	4.1038502312594225e-5	0.04997457124505142	88	6732	0.00757771463015586	0.10903542817102127	Misma hebra 1	-18.5	FALSE	perm3	0.103284654877325,0.00207975524804225,0.910333434976124,0.284876611159486,0.28178865401903,0.776003243034188,0.000854285724210682,0.048991397208042,0.0340414595378226,0.168711296883243,0.566983745463978,0.00371310512073435,0.000366604986959456,0.145640124505268,0.202136939443551,0.348315459662612,0.00330389488724121,0.057952120184194,0.642670181532153,0.00211685272820327,0.14641141590958,0.0258937579035255,0.324874691431928,0.0754877642808064,0.369831248394661,0.00105885946072983,0.50064254024963,0.160078312153344,0.240733329245758,0.30255755983061,0.00561875933917662,0.000388508828239064,0.00381104422382604,0.0328712812161597,0.00224195081794776,0.0262481432426748,0.010731303721273,0.196304867823672,0.192620081437728,0.843480708072078,0.00758639900366125,0.0663390023584017,0.310479452923999,0.311463199059797,0.185200450282051,0.0499745712450514,0.882892279494797,0.00884607538775813
Rep 2	Misma hebra	-13	-0.006415815161521078	-0.11837803549793853	0.10023163340149814	0.8828922794947973	130	6732	0.011194351158184793	0.8828922794947973	Misma hebra 1	-8.5	FALSE	perm3	0.103284654877325,0.00207975524804225,0.910333434976124,0.284876611159486,0.28178865401903,0.776003243034188,0.000854285724210682,0.048991397208042,0.0340414595378226,0.168711296883243,0.566983745463978,0.00371310512073435,0.000366604986959456,0.145640124505268,0.202136939443551,0.348315459662612,0.00330389488724121,0.057952120184194,0.642670181532153,0.00211685272820327,0.14641141590958,0.0258937579035255,0.324874691431928,0.0754877642808064,0.369831248394661,0.00105885946072983,0.50064254024963,0.160078312153344,0.240733329245758,0.30255755983061,0.00561875933917662,0.000388508828239064,0.00381104422382604,0.0328712812161597,0.00224195081794776,0.0262481432426748,0.010731303721273,0.196304867823672,0.192620081437728,0.843480708072078,0.00758639900366125,0.0663390023584017,0.310479452923999,0.311463199059797,0.185200450282051,0.0499745712450514,0.882892279494797,0.00884607538775813
Rep 2	Misma hebra	-3	-0.1863023648531752	-0.3274685941183042	-0.04251183897498895	0.008846075387758128	72	6732	0.006199948333763886	0.030329401329456437	Misma hebra 1	1.5	TRUE	perm3	0.103284654877325,0.00207975524804225,0.910333434976124,0.284876611159486,0.28178865401903,0.776003243034188,0.000854285724210682,0.048991397208042,0.0340414595378226,0.168711296883243,0.566983745463978,0.00371310512073435,0.000366604986959456,0.145640124505268,0.202136939443551,0.348315459662612,0.00330389488724121,0.057952120184194,0.642670181532153,0.00211685272820327,0.14641141590958,0.0258937579035255,0.324874691431928,0.0754877642808064,0.369831248394661,0.00105885946072983,0.50064254024963,0.160078312153344,0.240733329245758,0.30255755983061,0.00561875933917662,0.000388508828239064,0.00381104422382604,0.0328712812161597,0.00224195081794776,0.0262481432426748,0.010731303721273,0.196304867823672,0.192620081437728,0.843480708072078,0.00758639900366125,0.0663390023584017,0.310479452923999,0.311463199059797,0.185200450282051,0.0499745712450514,0.882892279494797,0.00884607538775813
Rep 1	Misma hebra	-233	-0.09801089492057093	-0.16105902098800476	-0.03573629247793397	0.0020465634070484357	209	5646	0.02127659574468085	0.009043180184451863	Misma hebra 1	-228.5	TRUE	perm4	0.00204656340704844,0.109969099788088,0.907928633570913,0.00177499289491543,0.233749182025501,0.00332527666018134,0.116660496505391,0.114585398862966,0.00100309413599733,0.259765647615743,0.0409295859789655,0.0111552801249689,0.0458076378283257,0.00288456042764755,0.0720337884475085,3.63660251208474e-05,0.00599092246617395,0.0037907427203187,0.0157454502463736,0.686456034538224,0.00365273332633928,0.000225355924583605,0.00364835801214155,0.00414479091787377,0.00257219432324862,0.556816991068001,0.443600827956133,0.0204694205205277,0.0464067069387187,0.00996511196881237,0.00127138341161755,0.666494248745328,0.0144805324248033,0.0441987399811579,0.0175938361981899,6.17200908657693e-05,0.894805765262072,0.0196732781878062,0.0334664063586717,0.000425017716595986,0.00277603892162367,0.00053237486904171,0.00114576459263839,0.533588844250995,0.022536352861642,0.000172818703559654,0.0298476297221842,0.0998422000875036
Rep 1	Misma hebra	-223	-0.054160539262841347	-0.12151098286118431	0.012416641397952136	0.10996909978808794	194	5646	0.01974956734195256	0.13999259580646928	Misma hebra 1	-218.5	FALSE	perm4	0.00204656340704844,0.109969099788088,0.907928633570913,0.00177499289491543,0.233749182025501,0.00332527666018134,0.116660496505391,0.114585398862966,0.00100309413599733,0.259765647615743,0.0409295859789655,0.0111552801249689,0.0458076378283257,0.00288456042764755,0.0720337884475085,3.63660251208474e-05,0.00599092246617395,0.0037907427203187,0.0157454502463736,0.686456034538224,0.00365273332633928,0.000225355924583605,0.00364835801214155,0.00414479091787377,0.00257219432324862,0.556816991068001,0.443600827956133,0.0204694205205277,0.0464067069387187,0.00996511196881237,0.00127138341161755,0.666494248745328,0.0144805324248033,0.0441987399811579,0.0175938361981899,6.17200908657693e-05,0.894805765262072,0.0196732781878062,0.0334664063586717,0.000425017716595986,0.00277603892162367,0.00053237486904171,0.00114576459263839,0.533588844250995,0.022536352861642,0.000172818703559654,0.0298476297221842,0.0998422000875036
Rep 1	Misma hebra	-213	-0.0037491506904648174	-0.07199291222159594	0.06400153482325552	0.9079286335709126	195	5646	0.01985136923546778	0.9079286335709126	Misma hebra 1	-208.5	FALSE	perm4	0.00204656340704844,0.109969099788088,0.907928633570913,0.00177499289491543,0.233749182025501,0.00332527666018134,0.116660496505391,0.114585398862966,0.00100309413599733,0.259765647615743,0.0409295859789655,0.0111552801249689,0.0458076378283257,0.00288456042764755,0.0720337884475085,3.63660251208474e-05,0.00599092246617395,0.0037907427203187,0.0157454502463736,0.686456034538224,0.00365273332633928,0.000225355924583605,0.00364835801214155,0.00414479091787377,0.00257219432324862,0.556816991068001,0.443600827956133,0.0204694205205277,0.0464067069387187,0.00996511196881237,0.00127138341161755,0.666494248745328,0.0144805324248033,0.0441987399811579,0.0175938361981899,6.17200908657693e-05,0.894805765262072,0.0196732781878062,0.0334664063586717,0.000425017716595986,0.00277603892162367,0.00053237486904171,0.00114576459263839,0.533588844250995,0.022536352861642,0.000172818703559654,0.0298476297221842,0.0998422000875036
Rep 1	Misma hebra	-203	-0.11180979655986874	-0.18227079785599826	-0.04200418963821197	0.0017749928949154273	182	5646	0.018527944619769927	0.009043180184451863	Misma hebra 1	-198.5	TRUE	perm4	0.00204656340704844,0.109969099788088,0.907928633570913,0.00177499289491543,0.233749182025501,0.00332527666018134,0.116660496505391,0.114585398862966,0.00100309413599733,0.259765647615743,0.0409295859789655,0.0111552801249689,0.0458076378283257,0.00288456042764755,0.0720337884475085,3.63660251208474e-05,0.00599092246617395,0.0037907427203187,0.0157454502463736,0.686456034538224,0.00365273332633928,0.000225355924583605,0.00364835801214155,0.00414479091787377,0.00257219432324862,0.556816991068001,0.443600827956133,0.0204694205205277,0.0464067069387187,0.00996511196881237,0.00127138341161755,0.666494248745328,0.0144805324248033,0.0441987399811579,0.0175938361981899,6.17200908657693e-05,0.894805765262072,0.0196732781878062,0.0334664063586717,0.000425017716595986,0.00277603892162367,0.00053237486904171,0.00114576459263839,0.533588844250995,0.022536352861642,0.000172818703559654,0.0298476297221842,0.0998422000875036
Rep 1	Misma hebra	-193	-0.041978972646269284	-0.11184059118573417	0.027493511957202548	0.23374918202550102	175	5646	0.017815331365163393	0.2671419223148583	Misma hebra 1	-188.5	FALSE	perm4	0.00204656340704844,0.109969099788088,0.907928633570913,0.00177499289491543,0.233749182025501,0.00332527666018134,0.116660496505391,0.114585398862966,0.00100309413599733,0.259765647615743,0.0409295859789655,0.0111552801249689,0.0458076378283257,0.00288456042764755,0.0720337884475085,3.63660251208474e-05,0.00599092246617395,0.0037907427203187,0.0157454502463736,0.686456034538224,0.00365273332633928,0.000225355924583605,0.00364835801214155,0.00414479091787377,0.00257219432324862,0.556816991068001,0.443600827956133,0.0204694205205277,0.0464067069387187,0.00996511196881237,0.00127138341161755,0.666494248745328,0.0144805324248033,0.0441987399811579,0.0175938361981899,6.17200908657693e-05,0.894805765262072,0.0196732781878062,0.0334664063586717,0.000425017716595986,0.00277603892162367,0.00053237486904171,0.00114576459263839,0.533588844250995,0.022536352861642,0.000172818703559654,0.0298476297221842,0.0998422000875036
Rep 1	Misma hebra	-183	-0.10637208010476232	-0.1800665810583228	-0.03510077803629976	0.003325276660181341	168	5646	0.017102718110556855	0.009043180184451863	Misma hebra 1	-178.5	TRUE	perm4	0.00204656340704844,0.109969099788088,0.907928633570913,0.00177499289491543,0.233749182025501,0.00332527666018134,0.116660496505391,0.114585398862966,0.00100309413599733,0.259765647615743,0.0409295859789655,0.0111552801249689,0.0458076378283257,0.00288456042764755,0.0720337884475085,3.63660251208474e-05,0.00599092246617395,0.0037907427203187,0.0157454502463736,0.686456034538224,0.00365273332633928,0.000225355924583605,0.00364835801214155,0.00414479091787377,0.00257219432324862,0.556816991068001,0.443600827956133,0.0204694205205277,0.0464067069387187,0.00996511196881237,0.00127138341161755,0.666494248745328,0.0144805324248033,0.0441987399811579,0.0175938361981899,6.17200908657693e-05,0.894805765262072,0.0196732781878062,0.0334664063586717,0.000425017716595986,0.00277603892162367,0.00053237486904171,0.00114576459263839,0.533588844250995,0.022536352861642,0.000172818703559654,0.0298476297221842,0.0998422000875036
Rep 1	Misma hebra	-173	-0.05369842248638004	-0.1215125851266843	0.013321078286600863	0.11666049650539108	180	5646	0.01832434083273949	0.13999259580646928	Misma hebra 1	-168.5	FALSE	perm4	0.00204656340704844,0.109969099788088,0.907928633570913,0.00177499289491543,0.233749182025501,0.00332527666018134,0.116660496505391,0.114585398862966,0.00100309413599733,0.259765647615743,0.0409295859789655,0.0111552801249689,0.0458076378283257,0.00288456042764755,0.0720337884475085,3.63660251208474e-05,0.00599092246617395,0.0037907427203187,0.0157454502463736,0.686456034538224,0.00365273332633928,0.000225355924583605,0.00364835801214155,0.00414479091787377,0.00257219432324862,0.556816991068001,0.443600827956133,0.0204694205205277,0.0464067069387187,0.00996511196881237,0.00127138341161755,0.666494248745328,0.0144805324248033,0.0441987399811579,0.0175938361981899,6.17200908657693e-05,0.894805765262072,0.0196732781878062,0.0334664063586717,0.000425017716595986,0.00277603892162367,0.00053237486904171,0.00114576459263839,0.533588844250995,0.022536352861642,0.000172818703559654,0.0298476297221842,0.0998422000875036
Rep 1	Misma hebra	-163	-0.058460143299290335	-0.13280729601991503	0.014375476757637581	0.11458539886296633	166	5646	0.016899114323526417	0.13999259580646928	Misma hebra 1	-158.5	FALSE	perm4	0.00204656340704844,0.109969099788088,0.907928633570913,0.00177499289491543,0.233749182025501,0.00332527666018134,0.116660496505391,0.114585398862966,0.00100309413599733,0.259765647615743,0.0409295859789655,0.0111552801249689,0.0458076378283257,0.00288456042764755,0.0720337884475085,3.63660251208474e-05,0.00599092246617395,0.0037907427203187,0.0157454502463736,0.686456034538224,0.00365273332633928,0.000225355924583605,0.00364835801214155,0.00414479091787377,0.00257219432324862,0.556816991068001,0.443600827956133,0.0204694205205277,0.0464067069387187,0.00996511196881237,0.00127138341161755,0.666494248745328,0.0144805324248033,0.0441987399811579,0.0175938361981899,6.17200908657693e-05,0.894805765262072,0.0196732781878062,0.0334664063586717,0.000425017716595986,0.00277603892162367,0.00053237486904171,0.00114576459263839,0.533588844250995,0.022536352861642,0.000172818703559654,0.0298476297221842,0.0998422000875036
Rep 1	Misma hebra	-153	-0.12911908253993754	-0.2056068152367794	-0.05250261750048861	0.0010030941359973277	140	5646	0.014252265092130713	0.008024753087978622	Misma hebra 1	-148.5	TRUE	perm4	0.00204656340704844,0.109969099788088,0.907928633570913,0.00177499289491543,0.233749182025501,0.00332527666018134,0.116660496505391,0.114585398862966,0.00100309413599733,0.259765647615743,0.0409295859789655,0.0111552801249689,0.0458076378283257,0.00288456042764755,0.0720337884475085,3.63660251208474e-05,0.00599092246617395,0.0037907427203187,0.0157454502463736,0.686456034538224,0.00365273332633928,0.000225355924583605,0.00364835801214155,0.00414479091787377,0.00257219432324862,0.556816991068001,0.443600827956133,0.0204694205205277,0.0464067069387187,0.00996511196881237,0.00127138341161755,0.666494248745328,0.0144805324248033,0.0441987399811579,0.0175938361981899,6.17200908657693e-05,0.894805765262072,0.0196732781878062,0.0334664063586717,0.000425017716595986,0.00277603892162367,0.00053237486904171,0.00114576459263839,0.533588844250995,0.022536352861642,0.000172818703559654,0.0298476297221842,0.0998422000875036
Rep 1	Misma hebra	-143	-0.050923020487928336	-0.1395194297072796	0.03845345172919525	0.25976564761574306	125	5646	0.012725236689402423	0.2833807064899015	Misma hebra 1	-138.5	FALSE	perm4	0.00204656340704844,0.109969099788088,0.907928633570913,0.00177499289491543,0.233749182025501,0.00332527666018134,0.116660496505391,0.114585398862966,0.00100309413599733,0.259765647615743,0.0409295859789655,0.0111552801249689,0.0458076378283257,0.00288456042764755,0.0720337884475085,3.63660251208474e-05,0.00599092246617395,0.0037907427203187,0.0157454502463736,0.686456034538224,0.00365273332633928,0.000225355924583605,0.00364835801214155,0.00414479091787377,0.00257219432324862,0.556816991068001,0.443600827956133,0.0204694205205277,0.0464067069387187,0.00996511196881237,0.00127138341161755,0.666494248745328,0.0144805324248033,0.0441987399811579,0.0175938361981899,6.17200908657693e-05,0.894805765262072,0.0196732781878062,0.0334664063586717,0.000425017716595986,0.00277603892162367,0.00053237486904171,0.00114576459263839,0.533588844250995,0.022536352861642,0.000172818703559654,0.0298476297221842,0.0998422000875036
Rep 1	Misma hebra	-133	-0.09644726447627525	-0.19032808798054013	-0.0037369971129592224	0.040929585978965524	108	5646	0.010994604499643693	0.06548733756634484	Misma hebra 1	-128.5	FALSE	perm4	0.00204656340704844,0.109969099788088,0.907928633570913,0.00177499289491543,0.233749182025501,0.00332527666018134,0.116660496505391,0.114585398862966,0.00100309413599733,0.259765647615743,0.0409295859789655,0.0111552801249689,0.0458076378283257,0.00288456042764755,0.0720337884475085,3.63660251208474e-05,0.00599092246617395,0.0037907427203187,0.0157454502463736,0.686456034538224,0.00365273332633928,0.000225355924583605,0.00364835801214155,0.00414479091787377,0.00257219432324862,0.556816991068001,0.443600827956133,0.0204694205205277,0.0464067069387187,0.00996511196881237,0.00127138341161755,0.666494248745328,0.0144805324248033,0.0441987399811579,0.0175938361981899,6.17200908657693e-05,0.894805765262072,0.0196732781878062,0.0334664063586717,0.000425017716595986,0.00277603892162367,0.00053237486904171,0.00114576459263839,0.533588844250995,0.022536352861642,0.000172818703559654,0.0298476297221842,0.0998422000875036
Rep 1	Misma hebra	-123	-0.1015519214544638	-0.18177503744905799	-0.022995952628916714	0.011155280124968874	116	5646	0.011809019647765448	0.020594363307634846	Misma hebra 1	-118.5	TRUE	perm4	0.00204656340704844,0.109969099788088,0.907928633570913,0.00177499289491543,0.233749182025501,0.00332527666018134,0.116660496505391,0.114585398862966,0.00100309413599733,0.259765647615743,0.0409295859789655,0.0111552801249689,0.0458076378283257,0.00288456042764755,0.0720337884475085,3.63660251208474e-05,0.00599092246617395,0.0037907427203187,0.0157454502463736,0.686456034538224,0.00365273332633928,0.000225355924583605,0.00364835801214155,0.00414479091787377,0.00257219432324862,0.556816991068001,0.443600827956133,0.0204694205205277,0.0464067069387187,0.00996511196881237,0.00127138341161755,0.666494248745328,0.0144805324248033,0.0441987399811579,0.0175938361981899,6.17200908657693e-05,0.894805765262072,0.0196732781878062,0.0334664063586717,0.000425017716595986,0.00277603892162367,0.00053237486904171,0.00114576459263839,0.533588844250995,0.022536352861642,0.000172818703559654,0.0298476297221842,0.0998422000875036
Rep 1	Misma hebra	-113	-0.08525160970309388	-0.17068010225055316	-0.0014760649161582524	0.04580763782832574	111	5646	0.011300010180189352	0.0687114567424886	Misma hebra 1	-108.5	FALSE	perm4	0.00204656340704844,0.109969099788088,0.907928633570913,0.00177499289491543,0.233749182025501,0.00332527666018134,0.116660496505391,0.114585398862966,0.00100309413599733,0.259765647615743,0.0409295859789655,0.0111552801249689,0.0458076378283257,0.00288456042764755,0.0720337884475085,3.63660251208474e-05,0.00599092246617395,0.0037907427203187,0.0157454502463736,0.686456034538224,0.00365273332633928,0.000225355924583605,0.00364835801214155,0.00414479091787377,0.00257219432324862,0.556816991068001,0.443600827956133,0.0204694205205277,0.0464067069387187,0.00996511196881237,0.00127138341161755,0.666494248745328,0.0144805324248033,0.0441987399811579,0.0175938361981899,6.17200908657693e-05,0.894805765262072,0.0196732781878062,0.0334664063586717,0.000425017716595986,0.00277603892162367,0.00053237486904171,0.00114576459263839,0.533588844250995,0.022536352861642,0.000172818703559654,0.0298476297221842,0.0998422000875036
Rep 1	Misma hebra	-103	-0.12574374847200284	-0.20864735961380607	-0.043670492559980574	0.0028845604276475528	117	5646	0.011910821541280668	0.009043180184451863	Misma hebra 1	-98.5	TRUE	perm4	0.00204656340704844,0.109969099788088,0.907928633570913,0.00177499289491543,0.233749182025501,0.00332527666018134,0.116660496505391,0.114585398862966,0.00100309413599733,0.259765647615743,0.0409295859789655,0.0111552801249689,0.0458076378283257,0.00288456042764755,0.0720337884475085,3.63660251208474e-05,0.00599092246617395,0.0037907427203187,0.0157454502463736,0.686456034538224,0.00365273332633928,0.000225355924583605,0.00364835801214155,0.00414479091787377,0.00257219432324862,0.556816991068001,0.443600827956133,0.0204694205205277,0.0464067069387187,0.00996511196881237,0.00127138341161755,0.666494248745328,0.0144805324248033,0.0441987399811579,0.0175938361981899,6.17200908657693e-05,0.894805765262072,0.0196732781878062,0.0334664063586717,0.000425017716595986,0.00277603892162367,0.00053237486904171,0.00114576459263839,0.533588844250995,0.022536352861642,0.000172818703559654,0.0298476297221842,0.0998422000875036
Rep 1	Misma hebra	-93	-0.08246630817361647	-0.17303812472954358	0.00733422108190291	0.07203378844750855	104	5646	0.010587396925582816	0.10169476016118854	Misma hebra 1	-88.5	FALSE	perm4	0.00204656340704844,0.109969099788088,0.907928633570913,0.00177499289491543,0.233749182025501,0.00332527666018134,0.116660496505391,0.114585398862966,0.00100309413599733,0.259765647615743,0.0409295859789655,0.0111552801249689,0.0458076378283257,0.00288456042764755,0.0720337884475085,3.63660251208474e-05,0.00599092246617395,0.0037907427203187,0.0157454502463736,0.686456034538224,0.00365273332633928,0.000225355924583605,0.00364835801214155,0.00414479091787377,0.00257219432324862,0.556816991068001,0.443600827956133,0.0204694205205277,0.0464067069387187,0.00996511196881237,0.00127138341161755,0.666494248745328,0.0144805324248033,0.0441987399811579,0.0175938361981899,6.17200908657693e-05,0.894805765262072,0.0196732781878062,0.0334664063586717,0.000425017716595986,0.00277603892162367,0.00053237486904171,0.00114576459263839,0.533588844250995,0.022536352861642,0.000172818703559654,0.0298476297221842,0.0998422000875036
Rep 1	Misma hebra	-83	-0.19511203660331505	-0.28728642287711187	-0.10359847153559304	3.636602512084737e-5	99	5646	0.010078387458006719	8.727846029003368e-4	Misma hebra 1	-78.5	TRUE	perm4	0.00204656340704844,0.109969099788088,0.907928633570913,0.00177499289491543,0.233749182025501,0.00332527666018134,0.116660496505391,0.114585398862966,0.00100309413599733,0.259765647615743,0.0409295859789655,0.0111552801249689,0.0458076378283257,0.00288456042764755,0.0720337884475085,3.63660251208474e-05,0.00599092246617395,0.0037907427203187,0.0157454502463736,0.686456034538224,0.00365273332633928,0.000225355924583605,0.00364835801214155,0.00414479091787377,0.00257219432324862,0.556816991068001,0.443600827956133,0.0204694205205277,0.0464067069387187,0.00996511196881237,0.00127138341161755,0.666494248745328,0.0144805324248033,0.0441987399811579,0.0175938361981899,6.17200908657693e-05,0.894805765262072,0.0196732781878062,0.0334664063586717,0.000425017716595986,0.00277603892162367,0.00053237486904171,0.00114576459263839,0.533588844250995,0.022536352861642,0.000172818703559654,0.0298476297221842,0.0998422000875036
Rep 1	Misma hebra	-73	-0.1409508556703796	-0.24235917176991936	-0.041645459944830175	0.005990922466173952	88	5646	0.008958566629339306	0.011981844932347904	Misma hebra 1	-68.5	TRUE	perm4	0.00204656340704844,0.109969099788088,0.907928633570913,0.00177499289491543,0.233749182025501,0.00332527666018134,0.116660496505391,0.114585398862966,0.00100309413599733,0.259765647615743,0.0409295859789655,0.0111552801249689,0.0458076378283257,0.00288456042764755,0.0720337884475085,3.63660251208474e-05,0.00599092246617395,0.0037907427203187,0.0157454502463736,0.686456034538224,0.00365273332633928,0.000225355924583605,0.00364835801214155,0.00414479091787377,0.00257219432324862,0.556816991068001,0.443600827956133,0.0204694205205277,0.0464067069387187,0.00996511196881237,0.00127138341161755,0.666494248745328,0.0144805324248033,0.0441987399811579,0.0175938361981899,6.17200908657693e-05,0.894805765262072,0.0196732781878062,0.0334664063586717,0.000425017716595986,0.00277603892162367,0.00053237486904171,0.00114576459263839,0.533588844250995,0.022536352861642,0.000172818703559654,0.0298476297221842,0.0998422000875036
Rep 1	Misma hebra	-63	-0.13764529069265005	-0.2343728347190791	-0.045009098999455356	0.0037907427203187037	85	5646	0.008653160948793648	0.009043180184451863	Misma hebra 1	-58.5	TRUE	perm4	0.00204656340704844,0.109969099788088,0.907928633570913,0.00177499289491543,0.233749182025501,0.00332527666018134,0.116660496505391,0.114585398862966,0.00100309413599733,0.259765647615743,0.0409295859789655,0.0111552801249689,0.0458076378283257,0.00288456042764755,0.0720337884475085,3.63660251208474e-05,0.00599092246617395,0.0037907427203187,0.0157454502463736,0.686456034538224,0.00365273332633928,0.000225355924583605,0.00364835801214155,0.00414479091787377,0.00257219432324862,0.556816991068001,0.443600827956133,0.0204694205205277,0.0464067069387187,0.00996511196881237,0.00127138341161755,0.666494248745328,0.0144805324248033,0.0441987399811579,0.0175938361981899,6.17200908657693e-05,0.894805765262072,0.0196732781878062,0.0334664063586717,0.000425017716595986,0.00277603892162367,0.00053237486904171,0.00114576459263839,0.533588844250995,0.022536352861642,0.000172818703559654,0.0298476297221842,0.0998422000875036
Rep 1	Misma hebra	-53	-0.11843742371728332	-0.21822234741819818	-0.021884587924405542	0.0157454502463736	74	5646	0.007533340120126234	0.026992200422354742	Misma hebra 1	-48.5	TRUE	perm4	0.00204656340704844,0.109969099788088,0.907928633570913,0.00177499289491543,0.233749182025501,0.00332527666018134,0.116660496505391,0.114585398862966,0.00100309413599733,0.259765647615743,0.0409295859789655,0.0111552801249689,0.0458076378283257,0.00288456042764755,0.0720337884475085,3.63660251208474e-05,0.00599092246617395,0.0037907427203187,0.0157454502463736,0.686456034538224,0.00365273332633928,0.000225355924583605,0.00364835801214155,0.00414479091787377,0.00257219432324862,0.556816991068001,0.443600827956133,0.0204694205205277,0.0464067069387187,0.00996511196881237,0.00127138341161755,0.666494248745328,0.0144805324248033,0.0441987399811579,0.0175938361981899,6.17200908657693e-05,0.894805765262072,0.0196732781878062,0.0334664063586717,0.000425017716595986,0.00277603892162367,0.00053237486904171,0.00114576459263839,0.533588844250995,0.022536352861642,0.000172818703559654,0.0298476297221842,0.0998422000875036
Rep 1	Misma hebra	-43	-0.015103394725211895	-0.08794658307844634	0.060275889286560705	0.686456034538224	191	5646	0.019444161661406903	0.7163019490833642	Misma hebra 1	-38.5	FALSE	perm4	0.00204656340704844,0.109969099788088,0.907928633570913,0.00177499289491543,0.233749182025501,0.00332527666018134,0.116660496505391,0.114585398862966,0.00100309413599733,0.259765647615743,0.0409295859789655,0.0111552801249689,0.0458076378283257,0.00288456042764755,0.0720337884475085,3.63660251208474e-05,0.00599092246617395,0.0037907427203187,0.0157454502463736,0.686456034538224,0.00365273332633928,0.000225355924583605,0.00364835801214155,0.00414479091787377,0.00257219432324862,0.556816991068001,0.443600827956133,0.0204694205205277,0.0464067069387187,0.00996511196881237,0.00127138341161755,0.666494248745328,0.0144805324248033,0.0441987399811579,0.0175938361981899,6.17200908657693e-05,0.894805765262072,0.0196732781878062,0.0334664063586717,0.000425017716595986,0.00277603892162367,0.00053237486904171,0.00114576459263839,0.533588844250995,0.022536352861642,0.000172818703559654,0.0298476297221842,0.0998422000875036
Rep 1	Misma hebra	-33	-0.13483454647575757	-0.22994526291147005	-0.043174341292840784	0.0036527333263392846	84	5646	0.008551359055278427	0.009043180184451863	Misma hebra 1	-28.5	TRUE	perm4	0.00204656340704844,0.109969099788088,0.907928633570913,0.00177499289491543,0.233749182025501,0.00332527666018134,0.116660496505391,0.114585398862966,0.00100309413599733,0.259765647615743,0.0409295859789655,0.0111552801249689,0.0458076378283257,0.00288456042764755,0.0720337884475085,3.63660251208474e-05,0.00599092246617395,0.0037907427203187,0.0157454502463736,0.686456034538224,0.00365273332633928,0.000225355924583605,0.00364835801214155,0.00414479091787377,0.00257219432324862,0.556816991068001,0.443600827956133,0.0204694205205277,0.0464067069387187,0.00996511196881237,0.00127138341161755,0.666494248745328,0.0144805324248033,0.0441987399811579,0.0175938361981899,6.17200908657693e-05,0.894805765262072,0.0196732781878062,0.0334664063586717,0.000425017716595986,0.00277603892162367,0.00053237486904171,0.00114576459263839,0.533588844250995,0.022536352861642,0.000172818703559654,0.0298476297221842,0.0998422000875036
Rep 1	Misma hebra	-23	-0.18487599726332923	-0.28889889948875674	-0.08661460432417754	2.2535592458360542e-4	72	5646	0.007329736333095796	0.002704271095003265	Misma hebra 1	-18.5	TRUE	perm4	0.00204656340704844,0.109969099788088,0.907928633570913,0.00177499289491543,0.233749182025501,0.00332527666018134,0.116660496505391,0.114585398862966,0.00100309413599733,0.259765647615743,0.0409295859789655,0.0111552801249689,0.0458076378283257,0.00288456042764755,0.0720337884475085,3.63660251208474e-05,0.00599092246617395,0.0037907427203187,0.0157454502463736,0.686456034538224,0.00365273332633928,0.000225355924583605,0.00364835801214155,0.00414479091787377,0.00257219432324862,0.556816991068001,0.443600827956133,0.0204694205205277,0.0464067069387187,0.00996511196881237,0.00127138341161755,0.666494248745328,0.0144805324248033,0.0441987399811579,0.0175938361981899,6.17200908657693e-05,0.894805765262072,0.0196732781878062,0.0334664063586717,0.000425017716595986,0.00277603892162367,0.00053237486904171,0.00114576459263839,0.533588844250995,0.022536352861642,0.000172818703559654,0.0298476297221842,0.0998422000875036
Rep 1	Misma hebra	-13	-0.12572439902519647	-0.2124372425376595	-0.041138355137537545	0.0036483580121415525	100	5646	0.010180189351521938	0.009043180184451863	Misma hebra 1	-8.5	TRUE	perm4	0.00204656340704844,0.109969099788088,0.907928633570913,0.00177499289491543,0.233749182025501,0.00332527666018134,0.116660496505391,0.114585398862966,0.00100309413599733,0.259765647615743,0.0409295859789655,0.0111552801249689,0.0458076378283257,0.00288456042764755,0.0720337884475085,3.63660251208474e-05,0.00599092246617395,0.0037907427203187,0.0157454502463736,0.686456034538224,0.00365273332633928,0.000225355924583605,0.00364835801214155,0.00414479091787377,0.00257219432324862,0.556816991068001,0.443600827956133,0.0204694205205277,0.0464067069387187,0.00996511196881237,0.00127138341161755,0.666494248745328,0.0144805324248033,0.0441987399811579,0.0175938361981899,6.17200908657693e-05,0.894805765262072,0.0196732781878062,0.0334664063586717,0.000425017716595986,0.00277603892162367,0.00053237486904171,0.00114576459263839,0.533588844250995,0.022536352861642,0.000172818703559654,0.0298476297221842,0.0998422000875036
Rep 1	Misma hebra	-3	-0.1867857562199624	-0.3209450828133019	-0.05992065656927431	0.004144790917873771	55	5646	0.005599104143337066	0.009043180184451863	Misma hebra 1	1.5	TRUE	perm4	0.00204656340704844,0.109969099788088,0.907928633570913,0.00177499289491543,0.233749182025501,0.00332527666018134,0.116660496505391,0.114585398862966,0.00100309413599733,0.259765647615743,0.0409295859789655,0.0111552801249689,0.0458076378283257,0.00288456042764755,0.0720337884475085,3.63660251208474e-05,0.00599092246617395,0.0037907427203187,0.0157454502463736,0.686456034538224,0.00365273332633928,0.000225355924583605,0.00364835801214155,0.00414479091787377,0.00257219432324862,0.556816991068001,0.443600827956133,0.0204694205205277,0.0464067069387187,0.00996511196881237,0.00127138341161755,0.666494248745328,0.0144805324248033,0.0441987399811579,0.0175938361981899,6.17200908657693e-05,0.894805765262072,0.0196732781878062,0.0334664063586717,0.000425017716595986,0.00277603892162367,0.00053237486904171,0.00114576459263839,0.533588844250995,0.022536352861642,0.000172818703559654,0.0298476297221842,0.0998422000875036
Rep 2	Misma hebra	-233	-0.1193949509990714	-0.19685831849877056	-0.0406168775828716	0.0025721943232486196	237	6514	0.02040816326530612	0.008328116764871014	Misma hebra 1	-228.5	TRUE	perm4	0.00204656340704844,0.109969099788088,0.907928633570913,0.00177499289491543,0.233749182025501,0.00332527666018134,0.116660496505391,0.114585398862966,0.00100309413599733,0.259765647615743,0.0409295859789655,0.0111552801249689,0.0458076378283257,0.00288456042764755,0.0720337884475085,3.63660251208474e-05,0.00599092246617395,0.0037907427203187,0.0157454502463736,0.686456034538224,0.00365273332633928,0.000225355924583605,0.00364835801214155,0.00414479091787377,0.00257219432324862,0.556816991068001,0.443600827956133,0.0204694205205277,0.0464067069387187,0.00996511196881237,0.00127138341161755,0.666494248745328,0.0144805324248033,0.0441987399811579,0.0175938361981899,6.17200908657693e-05,0.894805765262072,0.0196732781878062,0.0334664063586717,0.000425017716595986,0.00277603892162367,0.00053237486904171,0.00114576459263839,0.533588844250995,0.022536352861642,0.000172818703559654,0.0298476297221842,0.0998422000875036
Rep 2	Misma hebra	-223	-0.0208081579521712	-0.1023121239461597	0.054879925979976096	0.5568169910680008	258	6514	0.02221648152932059	0.6074367175287281	Misma hebra 1	-218.5	FALSE	perm4	0.00204656340704844,0.109969099788088,0.907928633570913,0.00177499289491543,0.233749182025501,0.00332527666018134,0.116660496505391,0.114585398862966,0.00100309413599733,0.259765647615743,0.0409295859789655,0.0111552801249689,0.0458076378283257,0.00288456042764755,0.0720337884475085,3.63660251208474e-05,0.00599092246617395,0.0037907427203187,0.0157454502463736,0.686456034538224,0.00365273332633928,0.000225355924583605,0.00364835801214155,0.00414479091787377,0.00257219432324862,0.556816991068001,0.443600827956133,0.0204694205205277,0.0464067069387187,0.00996511196881237,0.00127138341161755,0.666494248745328,0.0144805324248033,0.0441987399811579,0.0175938361981899,6.17200908657693e-05,0.894805765262072,0.0196732781878062,0.0334664063586717,0.000425017716595986,0.00277603892162367,0.00053237486904171,0.00114576459263839,0.533588844250995,0.022536352861642,0.000172818703559654,0.0298476297221842,0.0998422000875036
Rep 2	Misma hebra	-213	-0.028116300434420365	-0.11152169043373224	0.047927443049091675	0.443600827956133	249	6514	0.021441487987600105	0.5323209935473595	Misma hebra 1	-208.5	FALSE	perm4	0.00204656340704844,0.109969099788088,0.907928633570913,0.00177499289491543,0.233749182025501,0.00332527666018134,0.116660496505391,0.114585398862966,0.00100309413599733,0.259765647615743,0.0409295859789655,0.0111552801249689,0.0458076378283257,0.00288456042764755,0.0720337884475085,3.63660251208474e-05,0.00599092246617395,0.0037907427203187,0.0157454502463736,0.686456034538224,0.00365273332633928,0.000225355924583605,0.00364835801214155,0.00414479091787377,0.00257219432324862,0.556816991068001,0.443600827956133,0.0204694205205277,0.0464067069387187,0.00996511196881237,0.00127138341161755,0.666494248745328,0.0144805324248033,0.0441987399811579,0.0175938361981899,6.17200908657693e-05,0.894805765262072,0.0196732781878062,0.0334664063586717,0.000425017716595986,0.00277603892162367,0.00053237486904171,0.00114576459263839,0.533588844250995,0.022536352861642,0.000172818703559654,0.0298476297221842,0.0998422000875036
Rep 2	Misma hebra	-203	-0.09291527157042337	-0.17546089459982225	-0.010345456325910059	0.02046942052052766	232	6514	0.01997761129768363	0.037789699422512604	Misma hebra 1	-198.5	TRUE	perm4	0.00204656340704844,0.109969099788088,0.907928633570913,0.00177499289491543,0.233749182025501,0.00332527666018134,0.116660496505391,0.114585398862966,0.00100309413599733,0.259765647615743,0.0409295859789655,0.0111552801249689,0.0458076378283257,0.00288456042764755,0.0720337884475085,3.63660251208474e-05,0.00599092246617395,0.0037907427203187,0.0157454502463736,0.686456034538224,0.00365273332633928,0.000225355924583605,0.00364835801214155,0.00414479091787377,0.00257219432324862,0.556816991068001,0.443600827956133,0.0204694205205277,0.0464067069387187,0.00996511196881237,0.00127138341161755,0.666494248745328,0.0144805324248033,0.0441987399811579,0.0175938361981899,6.17200908657693e-05,0.894805765262072,0.0196732781878062,0.0334664063586717,0.000425017716595986,0.00277603892162367,0.00053237486904171,0.00114576459263839,0.533588844250995,0.022536352861642,0.000172818703559654,0.0298476297221842,0.0998422000875036
Rep 2	Misma hebra	-193	-0.08438994947921384	-0.17184789281659024	-2.256129135576006e-4	0.046406706938718685	212	6514	0.018255403427193662	0.06187560925162491	Misma hebra 1	-188.5	FALSE	perm4	0.00204656340704844,0.109969099788088,0.907928633570913,0.00177499289491543,0.233749182025501,0.00332527666018134,0.116660496505391,0.114585398862966,0.00100309413599733,0.259765647615743,0.0409295859789655,0.0111552801249689,0.0458076378283257,0.00288456042764755,0.0720337884475085,3.63660251208474e-05,0.00599092246617395,0.0037907427203187,0.0157454502463736,0.686456034538224,0.00365273332633928,0.000225355924583605,0.00364835801214155,0.00414479091787377,0.00257219432324862,0.556816991068001,0.443600827956133,0.0204694205205277,0.0464067069387187,0.00996511196881237,0.00127138341161755,0.666494248745328,0.0144805324248033,0.0441987399811579,0.0175938361981899,6.17200908657693e-05,0.894805765262072,0.0196732781878062,0.0334664063586717,0.000425017716595986,0.00277603892162367,0.00053237486904171,0.00114576459263839,0.533588844250995,0.022536352861642,0.000172818703559654,0.0298476297221842,0.0998422000875036
Rep 2	Misma hebra	-183	-0.10436930645260113	-0.19124967558975958	-0.022550613603687243	0.009965111968812375	220	6514	0.01894428657538965	0.026573631916833	Misma hebra 1	-178.5	TRUE	perm4	0.00204656340704844,0.109969099788088,0.907928633570913,0.00177499289491543,0.233749182025501,0.00332527666018134,0.116660496505391,0.114585398862966,0.00100309413599733,0.259765647615743,0.0409295859789655,0.0111552801249689,0.0458076378283257,0.00288456042764755,0.0720337884475085,3.63660251208474e-05,0.00599092246617395,0.0037907427203187,0.0157454502463736,0.686456034538224,0.00365273332633928,0.000225355924583605,0.00364835801214155,0.00414479091787377,0.00257219432324862,0.556816991068001,0.443600827956133,0.0204694205205277,0.0464067069387187,0.00996511196881237,0.00127138341161755,0.666494248745328,0.0144805324248033,0.0441987399811579,0.0175938361981899,6.17200908657693e-05,0.894805765262072,0.0196732781878062,0.0334664063586717,0.000425017716595986,0.00277603892162367,0.00053237486904171,0.00114576459263839,0.533588844250995,0.022536352861642,0.000172818703559654,0.0298476297221842,0.0998422000875036
Rep 2	Misma hebra	-173	-0.12760434805871196	-0.20753737623077015	-0.049187460993304385	0.0012713834116175524	224	6514	0.019288728149487643	0.0050855336464702095	Misma hebra 1	-168.5	TRUE	perm4	0.00204656340704844,0.109969099788088,0.907928633570913,0.00177499289491543,0.233749182025501,0.00332527666018134,0.116660496505391,0.114585398862966,0.00100309413599733,0.259765647615743,0.0409295859789655,0.0111552801249689,0.0458076378283257,0.00288456042764755,0.0720337884475085,3.63660251208474e-05,0.00599092246617395,0.0037907427203187,0.0157454502463736,0.686456034538224,0.00365273332633928,0.000225355924583605,0.00364835801214155,0.00414479091787377,0.00257219432324862,0.556816991068001,0.443600827956133,0.0204694205205277,0.0464067069387187,0.00996511196881237,0.00127138341161755,0.666494248745328,0.0144805324248033,0.0441987399811579,0.0175938361981899,6.17200908657693e-05,0.894805765262072,0.0196732781878062,0.0334664063586717,0.000425017716595986,0.00277603892162367,0.00053237486904171,0.00114576459263839,0.533588844250995,0.022536352861642,0.000172818703559654,0.0298476297221842,0.0998422000875036
Rep 2	Misma hebra	-163	-0.016988109978721532	-0.10671458010041524	0.06904348150680949	0.6664942487453285	213	6514	0.01834151382071816	0.6954722595603428	Misma hebra 1	-158.5	FALSE	perm4	0.00204656340704844,0.109969099788088,0.907928633570913,0.00177499289491543,0.233749182025501,0.00332527666018134,0.116660496505391,0.114585398862966,0.00100309413599733,0.259765647615743,0.0409295859789655,0.0111552801249689,0.0458076378283257,0.00288456042764755,0.0720337884475085,3.63660251208474e-05,0.00599092246617395,0.0037907427203187,0.0157454502463736,0.686456034538224,0.00365273332633928,0.000225355924583605,0.00364835801214155,0.00414479091787377,0.00257219432324862,0.556816991068001,0.443600827956133,0.0204694205205277,0.0464067069387187,0.00996511196881237,0.00127138341161755,0.666494248745328,0.0144805324248033,0.0441987399811579,0.0175938361981899,6.17200908657693e-05,0.894805765262072,0.0196732781878062,0.0334664063586717,0.000425017716595986,0.00277603892162367,0.00053237486904171,0.00114576459263839,0.533588844250995,0.022536352861642,0.000172818703559654,0.0298476297221842,0.0998422000875036
Rep 2	Misma hebra	-153	-0.10725799387761499	-0.19949703628404855	-0.018379495147865577	0.014480532424803341	173	6514	0.014897098079738224	0.034753277819528014	Misma hebra 1	-148.5	TRUE	perm4	0.00204656340704844,0.109969099788088,0.907928633570913,0.00177499289491543,0.233749182025501,0.00332527666018134,0.116660496505391,0.114585398862966,0.00100309413599733,0.259765647615743,0.0409295859789655,0.0111552801249689,0.0458076378283257,0.00288456042764755,0.0720337884475085,3.63660251208474e-05,0.00599092246617395,0.0037907427203187,0.0157454502463736,0.686456034538224,0.00365273332633928,0.000225355924583605,0.00364835801214155,0.00414479091787377,0.00257219432324862,0.556816991068001,0.443600827956133,0.0204694205205277,0.0464067069387187,0.00996511196881237,0.00127138341161755,0.666494248745328,0.0144805324248033,0.0441987399811579,0.0175938361981899,6.17200908657693e-05,0.894805765262072,0.0196732781878062,0.0334664063586717,0.000425017716595986,0.00277603892162367,0.00053237486904171,0.00114576459263839,0.533588844250995,0.022536352861642,0.000172818703559654,0.0298476297221842,0.0998422000875036
Rep 2	Misma hebra	-143	-0.10108387469835697	-0.20449841099949895	-8.001054874509152e-4	0.04419873998115786	159	6514	0.013691552570395246	0.06187560925162491	Misma hebra 1	-138.5	FALSE	perm4	0.00204656340704844,0.109969099788088,0.907928633570913,0.00177499289491543,0.233749182025501,0.00332527666018134,0.116660496505391,0.114585398862966,0.00100309413599733,0.259765647615743,0.0409295859789655,0.0111552801249689,0.0458076378283257,0.00288456042764755,0.0720337884475085,3.63660251208474e-05,0.00599092246617395,0.0037907427203187,0.0157454502463736,0.686456034538224,0.00365273332633928,0.000225355924583605,0.00364835801214155,0.00414479091787377,0.00257219432324862,0.556816991068001,0.443600827956133,0.0204694205205277,0.0464067069387187,0.00996511196881237,0.00127138341161755,0.666494248745328,0.0144805324248033,0.0441987399811579,0.0175938361981899,6.17200908657693e-05,0.894805765262072,0.0196732781878062,0.0334664063586717,0.000425017716595986,0.00277603892162367,0.00053237486904171,0.00114576459263839,0.533588844250995,0.022536352861642,0.000172818703559654,0.0298476297221842,0.0998422000875036
Rep 2	Misma hebra	-133	-0.11897754156114718	-0.22724412562979124	-0.01574556595211911	0.017593836198189865	142	6514	0.012227675880478774	0.037789699422512604	Misma hebra 1	-128.5	TRUE	perm4	0.00204656340704844,0.109969099788088,0.907928633570913,0.00177499289491543,0.233749182025501,0.00332527666018134,0.116660496505391,0.114585398862966,0.00100309413599733,0.259765647615743,0.0409295859789655,0.0111552801249689,0.0458076378283257,0.00288456042764755,0.0720337884475085,3.63660251208474e-05,0.00599092246617395,0.0037907427203187,0.0157454502463736,0.686456034538224,0.00365273332633928,0.000225355924583605,0.00364835801214155,0.00414479091787377,0.00257219432324862,0.556816991068001,0.443600827956133,0.0204694205205277,0.0464067069387187,0.00996511196881237,0.00127138341161755,0.666494248745328,0.0144805324248033,0.0441987399811579,0.0175938361981899,6.17200908657693e-05,0.894805765262072,0.0196732781878062,0.0334664063586717,0.000425017716595986,0.00277603892162367,0.00053237486904171,0.00114576459263839,0.533588844250995,0.022536352861642,0.000172818703559654,0.0298476297221842,0.0998422000875036
Rep 2	Misma hebra	-123	-0.197905845079323	-0.299954611207728	-0.09881336654428922	6.172009086576925e-5	139	6514	0.01196934469990528	0.001481282180778462	Misma hebra 1	-118.5	TRUE	perm4	0.00204656340704844,0.109969099788088,0.907928633570913,0.00177499289491543,0.233749182025501,0.00332527666018134,0.116660496505391,0.114585398862966,0.00100309413599733,0.259765647615743,0.0409295859789655,0.0111552801249689,0.0458076378283257,0.00288456042764755,0.0720337884475085,3.63660251208474e-05,0.00599092246617395,0.0037907427203187,0.0157454502463736,0.686456034538224,0.00365273332633928,0.000225355924583605,0.00364835801214155,0.00414479091787377,0.00257219432324862,0.556816991068001,0.443600827956133,0.0204694205205277,0.0464067069387187,0.00996511196881237,0.00127138341161755,0.666494248745328,0.0144805324248033,0.0441987399811579,0.0175938361981899,6.17200908657693e-05,0.894805765262072,0.0196732781878062,0.0334664063586717,0.000425017716595986,0.00277603892162367,0.00053237486904171,0.00114576459263839,0.533588844250995,0.022536352861642,0.000172818703559654,0.0298476297221842,0.0998422000875036
Rep 2	Misma hebra	-113	-0.003859782536562331	-0.11073219946069403	0.09753229948859615	0.8948057652620723	157	6514	0.01351933178334625	0.8948057652620723	Misma hebra 1	-108.5	FALSE	perm4	0.00204656340704844,0.109969099788088,0.907928633570913,0.00177499289491543,0.233749182025501,0.00332527666018134,0.116660496505391,0.114585398862966,0.00100309413599733,0.259765647615743,0.0409295859789655,0.0111552801249689,0.0458076378283257,0.00288456042764755,0.0720337884475085,3.63660251208474e-05,0.00599092246617395,0.0037907427203187,0.0157454502463736,0.686456034538224,0.00365273332633928,0.000225355924583605,0.00364835801214155,0.00414479091787377,0.00257219432324862,0.556816991068001,0.443600827956133,0.0204694205205277,0.0464067069387187,0.00996511196881237,0.00127138341161755,0.666494248745328,0.0144805324248033,0.0441987399811579,0.0175938361981899,6.17200908657693e-05,0.894805765262072,0.0196732781878062,0.0334664063586717,0.000425017716595986,0.00277603892162367,0.00053237486904171,0.00114576459263839,0.533588844250995,0.022536352861642,0.000172818703559654,0.0298476297221842,0.0998422000875036
Rep 2	Misma hebra	-103	-0.11181922163862286	-0.2108962908261323	-0.015251403042525515	0.01967327818780618	152	6514	0.013088779815723758	0.037789699422512604	Misma hebra 1	-98.5	TRUE	perm4	0.00204656340704844,0.109969099788088,0.907928633570913,0.00177499289491543,0.233749182025501,0.00332527666018134,0.116660496505391,0.114585398862966,0.00100309413599733,0.259765647615743,0.0409295859789655,0.0111552801249689,0.0458076378283257,0.00288456042764755,0.0720337884475085,3.63660251208474e-05,0.00599092246617395,0.0037907427203187,0.0157454502463736,0.686456034538224,0.00365273332633928,0.000225355924583605,0.00364835801214155,0.00414479091787377,0.00257219432324862,0.556816991068001,0.443600827956133,0.0204694205205277,0.0464067069387187,0.00996511196881237,0.00127138341161755,0.666494248745328,0.0144805324248033,0.0441987399811579,0.0175938361981899,6.17200908657693e-05,0.894805765262072,0.0196732781878062,0.0334664063586717,0.000425017716595986,0.00277603892162367,0.00053237486904171,0.00114576459263839,0.533588844250995,0.022536352861642,0.000172818703559654,0.0298476297221842,0.0998422000875036
Rep 2	Misma hebra	-93	-0.1171320820175318	-0.22844372225629989	-0.006545320296873087	0.03346640635867166	125	6514	0.010763799190562301	0.05019960953800749	Misma hebra 1	-88.5	FALSE	perm4	0.00204656340704844,0.109969099788088,0.907928633570913,0.00177499289491543,0.233749182025501,0.00332527666018134,0.116660496505391,0.114585398862966,0.00100309413599733,0.259765647615743,0.0409295859789655,0.0111552801249689,0.0458076378283257,0.00288456042764755,0.0720337884475085,3.63660251208474e-05,0.00599092246617395,0.0037907427203187,0.0157454502463736,0.686456034538224,0.00365273332633928,0.000225355924583605,0.00364835801214155,0.00414479091787377,0.00257219432324862,0.556816991068001,0.443600827956133,0.0204694205205277,0.0464067069387187,0.00996511196881237,0.00127138341161755,0.666494248745328,0.0144805324248033,0.0441987399811579,0.0175938361981899,6.17200908657693e-05,0.894805765262072,0.0196732781878062,0.0334664063586717,0.000425017716595986,0.00277603892162367,0.00053237486904171,0.00114576459263839,0.533588844250995,0.022536352861642,0.000172818703559654,0.0298476297221842,0.0998422000875036
Rep 2	Misma hebra	-83	-0.1877594498642968	-0.29479148862827703	-0.08141097428126878	4.250177165959862e-4	125	6514	0.010763799190562301	0.0031942492142502596	Misma hebra 1	-78.5	TRUE	perm4	0.00204656340704844,0.109969099788088,0.907928633570913,0.00177499289491543,0.233749182025501,0.00332527666018134,0.116660496505391,0.114585398862966,0.00100309413599733,0.259765647615743,0.0409295859789655,0.0111552801249689,0.0458076378283257,0.00288456042764755,0.0720337884475085,3.63660251208474e-05,0.00599092246617395,0.0037907427203187,0.0157454502463736,0.686456034538224,0.00365273332633928,0.000225355924583605,0.00364835801214155,0.00414479091787377,0.00257219432324862,0.556816991068001,0.443600827956133,0.0204694205205277,0.0464067069387187,0.00996511196881237,0.00127138341161755,0.666494248745328,0.0144805324248033,0.0441987399811579,0.0175938361981899,6.17200908657693e-05,0.894805765262072,0.0196732781878062,0.0334664063586717,0.000425017716595986,0.00277603892162367,0.00053237486904171,0.00114576459263839,0.533588844250995,0.022536352861642,0.000172818703559654,0.0298476297221842,0.0998422000875036
Rep 2	Misma hebra	-73	-0.17085576008070477	-0.285672411709649	-0.056190885292833205	0.0027760389216236712	112	6514	0.009644364074743821	0.008328116764871014	Misma hebra 1	-68.5	TRUE	perm4	0.00204656340704844,0.109969099788088,0.907928633570913,0.00177499289491543,0.233749182025501,0.00332527666018134,0.116660496505391,0.114585398862966,0.00100309413599733,0.259765647615743,0.0409295859789655,0.0111552801249689,0.0458076378283257,0.00288456042764755,0.0720337884475085,3.63660251208474e-05,0.00599092246617395,0.0037907427203187,0.0157454502463736,0.686456034538224,0.00365273332633928,0.000225355924583605,0.00364835801214155,0.00414479091787377,0.00257219432324862,0.556816991068001,0.443600827956133,0.0204694205205277,0.0464067069387187,0.00996511196881237,0.00127138341161755,0.666494248745328,0.0144805324248033,0.0441987399811579,0.0175938361981899,6.17200908657693e-05,0.894805765262072,0.0196732781878062,0.0334664063586717,0.000425017716595986,0.00277603892162367,0.00053237486904171,0.00114576459263839,0.533588844250995,0.022536352861642,0.000172818703559654,0.0298476297221842,0.0998422000875036
Rep 2	Misma hebra	-63	-0.18960899423501293	-0.2994228434004223	-0.07958430815624712	5.3237486904171e-4	119	6514	0.010247136829415311	0.0031942492142502596	Misma hebra 1	-58.5	TRUE	perm4	0.00204656340704844,0.109969099788088,0.907928633570913,0.00177499289491543,0.233749182025501,0.00332527666018134,0.116660496505391,0.114585398862966,0.00100309413599733,0.259765647615743,0.0409295859789655,0.0111552801249689,0.0458076378283257,0.00288456042764755,0.0720337884475085,3.63660251208474e-05,0.00599092246617395,0.0037907427203187,0.0157454502463736,0.686456034538224,0.00365273332633928,0.000225355924583605,0.00364835801214155,0.00414479091787377,0.00257219432324862,0.556816991068001,0.443600827956133,0.0204694205205277,0.0464067069387187,0.00996511196881237,0.00127138341161755,0.666494248745328,0.0144805324248033,0.0441987399811579,0.0175938361981899,6.17200908657693e-05,0.894805765262072,0.0196732781878062,0.0334664063586717,0.000425017716595986,0.00277603892162367,0.00053237486904171,0.00114576459263839,0.533588844250995,0.022536352861642,0.000172818703559654,0.0298476297221842,0.0998422000875036
Rep 2	Misma hebra	-53	-0.19583443397398498	-0.3170044849126592	-0.07439143326754165	0.0011457645926383937	96	6514	0.008266597778351847	0.0050855336464702095	Misma hebra 1	-48.5	TRUE	perm4	0.00204656340704844,0.109969099788088,0.907928633570913,0.00177499289491543,0.233749182025501,0.00332527666018134,0.116660496505391,0.114585398862966,0.00100309413599733,0.259765647615743,0.0409295859789655,0.0111552801249689,0.0458076378283257,0.00288456042764755,0.0720337884475085,3.63660251208474e-05,0.00599092246617395,0.0037907427203187,0.0157454502463736,0.686456034538224,0.00365273332633928,0.000225355924583605,0.00364835801214155,0.00414479091787377,0.00257219432324862,0.556816991068001,0.443600827956133,0.0204694205205277,0.0464067069387187,0.00996511196881237,0.00127138341161755,0.666494248745328,0.0144805324248033,0.0441987399811579,0.0175938361981899,6.17200908657693e-05,0.894805765262072,0.0196732781878062,0.0334664063586717,0.000425017716595986,0.00277603892162367,0.00053237486904171,0.00114576459263839,0.533588844250995,0.022536352861642,0.000172818703559654,0.0298476297221842,0.0998422000875036
Rep 2	Misma hebra	-43	0.025467878011527077	-0.05739015940848684	0.12107778495394586	0.5335888442509946	250	6514	0.021527598381124603	0.6074367175287281	Misma hebra 1	-38.5	FALSE	perm4	0.00204656340704844,0.109969099788088,0.907928633570913,0.00177499289491543,0.233749182025501,0.00332527666018134,0.116660496505391,0.114585398862966,0.00100309413599733,0.259765647615743,0.0409295859789655,0.0111552801249689,0.0458076378283257,0.00288456042764755,0.0720337884475085,3.63660251208474e-05,0.00599092246617395,0.0037907427203187,0.0157454502463736,0.686456034538224,0.00365273332633928,0.000225355924583605,0.00364835801214155,0.00414479091787377,0.00257219432324862,0.556816991068001,0.443600827956133,0.0204694205205277,0.0464067069387187,0.00996511196881237,0.00127138341161755,0.666494248745328,0.0144805324248033,0.0441987399811579,0.0175938361981899,6.17200908657693e-05,0.894805765262072,0.0196732781878062,0.0334664063586717,0.000425017716595986,0.00277603892162367,0.00053237486904171,0.00114576459263839,0.533588844250995,0.022536352861642,0.000172818703559654,0.0298476297221842,0.0998422000875036
Rep 2	Misma hebra	-33	-0.12727990092744387	-0.24045049998441384	-0.013273248367237866	0.022536352861642028	113	6514	0.00973047446826832	0.038633747762814905	Misma hebra 1	-28.5	TRUE	perm4	0.00204656340704844,0.109969099788088,0.907928633570913,0.00177499289491543,0.233749182025501,0.00332527666018134,0.116660496505391,0.114585398862966,0.00100309413599733,0.259765647615743,0.0409295859789655,0.0111552801249689,0.0458076378283257,0.00288456042764755,0.0720337884475085,3.63660251208474e-05,0.00599092246617395,0.0037907427203187,0.0157454502463736,0.686456034538224,0.00365273332633928,0.000225355924583605,0.00364835801214155,0.00414479091787377,0.00257219432324862,0.556816991068001,0.443600827956133,0.0204694205205277,0.0464067069387187,0.00996511196881237,0.00127138341161755,0.666494248745328,0.0144805324248033,0.0441987399811579,0.0175938361981899,6.17200908657693e-05,0.894805765262072,0.0196732781878062,0.0334664063586717,0.000425017716595986,0.00277603892162367,0.00053237486904171,0.00114576459263839,0.533588844250995,0.022536352861642,0.000172818703559654,0.0298476297221842,0.0998422000875036
Rep 2	Misma hebra	-23	-0.2199040406338864	-0.34222837758301733	-0.10116302746224123	1.728187035596535e-4	95	6514	0.008180487384827349	0.002073824442715842	Misma hebra 1	-18.5	TRUE	perm4	0.00204656340704844,0.109969099788088,0.907928633570913,0.00177499289491543,0.233749182025501,0.00332527666018134,0.116660496505391,0.114585398862966,0.00100309413599733,0.259765647615743,0.0409295859789655,0.0111552801249689,0.0458076378283257,0.00288456042764755,0.0720337884475085,3.63660251208474e-05,0.00599092246617395,0.0037907427203187,0.0157454502463736,0.686456034538224,0.00365273332633928,0.000225355924583605,0.00364835801214155,0.00414479091787377,0.00257219432324862,0.556816991068001,0.443600827956133,0.0204694205205277,0.0464067069387187,0.00996511196881237,0.00127138341161755,0.666494248745328,0.0144805324248033,0.0441987399811579,0.0175938361981899,6.17200908657693e-05,0.894805765262072,0.0196732781878062,0.0334664063586717,0.000425017716595986,0.00277603892162367,0.00053237486904171,0.00114576459263839,0.533588844250995,0.022536352861642,0.000172818703559654,0.0298476297221842,0.0998422000875036
Rep 2	Misma hebra	-13	-0.11952457713261752	-0.23138382365933413	-0.007908614583660191	0.029847629722184167	124	6514	0.010677688797037803	0.04775620755549467	Misma hebra 1	-8.5	TRUE	perm4	0.00204656340704844,0.109969099788088,0.907928633570913,0.00177499289491543,0.233749182025501,0.00332527666018134,0.116660496505391,0.114585398862966,0.00100309413599733,0.259765647615743,0.0409295859789655,0.0111552801249689,0.0458076378283257,0.00288456042764755,0.0720337884475085,3.63660251208474e-05,0.00599092246617395,0.0037907427203187,0.0157454502463736,0.686456034538224,0.00365273332633928,0.000225355924583605,0.00364835801214155,0.00414479091787377,0.00257219432324862,0.556816991068001,0.443600827956133,0.0204694205205277,0.0464067069387187,0.00996511196881237,0.00127138341161755,0.666494248745328,0.0144805324248033,0.0441987399811579,0.0175938361981899,6.17200908657693e-05,0.894805765262072,0.0196732781878062,0.0334664063586717,0.000425017716595986,0.00277603892162367,0.00053237486904171,0.00114576459263839,0.533588844250995,0.022536352861642,0.000172818703559654,0.0298476297221842,0.0998422000875036
Rep 2	Misma hebra	-3	-0.12335026627491771	-0.2711066807380467	0.021028669967073668	0.09984220008750365	71	6514	0.006113837940239387	0.12611646326842565	Misma hebra 1	1.5	FALSE	perm4	0.00204656340704844,0.109969099788088,0.907928633570913,0.00177499289491543,0.233749182025501,0.00332527666018134,0.116660496505391,0.114585398862966,0.00100309413599733,0.259765647615743,0.0409295859789655,0.0111552801249689,0.0458076378283257,0.00288456042764755,0.0720337884475085,3.63660251208474e-05,0.00599092246617395,0.0037907427203187,0.0157454502463736,0.686456034538224,0.00365273332633928,0.000225355924583605,0.00364835801214155,0.00414479091787377,0.00257219432324862,0.556816991068001,0.443600827956133,0.0204694205205277,0.0464067069387187,0.00996511196881237,0.00127138341161755,0.666494248745328,0.0144805324248033,0.0441987399811579,0.0175938361981899,6.17200908657693e-05,0.894805765262072,0.0196732781878062,0.0334664063586717,0.000425017716595986,0.00277603892162367,0.00053237486904171,0.00114576459263839,0.533588844250995,0.022536352861642,0.000172818703559654,0.0298476297221842,0.0998422000875036
Rep 1	Misma hebra	-233	-0.044085589169639186	-0.10654295417839617	0.017299496109144476	0.15967422244955903	233	5384	0.023719841189046117	0.18248482565663887	Misma hebra 1	-228.5	FALSE	perm5	0.159674222449559,0.00650256236550718,0.00712066935159126,0.172152974814756,0.000130745088127951,0.00274071539199734,0.00396985064051032,0.00436319252270177,2.5566612244632e-05,0.0140736005908448,0.00200826165083209,0.0435090914587451,0.492803585440718,0.000266587110434668,0.00335838493082683,0.00906006973837395,0.000207510545901045,0.0745145268731984,0.00232611170636781,0.00704287312562653,0.236846888899167,1.42325519305031e-05,0.00371017531323317,0.00156083134503007,0.082147134398749,0.0704150192618468,0.0384470756371272,0.0731089590610109,0.00844677457762327,0.0387126480733852,0.00270863450426979,0.0391944838000596,6.04519013685873e-05,0.01157529443934,0.0137020158873137,0.00260578315715947,0.545837654744915,0.0122210928985648,0.00192192654746223,0.0159955157368711,0.0331266981048897,0.237113235757715,0.0327395148245989,0.139860865899754,0.104934194095392,0.00427698226855291,0.00510608238828282,0.0248499922500032
Rep 1	Misma hebra	-223	-0.0850581031146646	-0.1467523273693141	-0.023632462922137307	0.006502562365507176	229	5384	0.02331263361498524	0.010681004027386892	Misma hebra 1	-218.5	TRUE	perm5	0.159674222449559,0.00650256236550718,0.00712066935159126,0.172152974814756,0.000130745088127951,0.00274071539199734,0.00396985064051032,0.00436319252270177,2.5566612244632e-05,0.0140736005908448,0.00200826165083209,0.0435090914587451,0.492803585440718,0.000266587110434668,0.00335838493082683,0.00906006973837395,0.000207510545901045,0.0745145268731984,0.00232611170636781,0.00704287312562653,0.236846888899167,1.42325519305031e-05,0.00371017531323317,0.00156083134503007,0.082147134398749,0.0704150192618468,0.0384470756371272,0.0731089590610109,0.00844677457762327,0.0387126480733852,0.00270863450426979,0.0391944838000596,6.04519013685873e-05,0.01157529443934,0.0137020158873137,0.00260578315715947,0.545837654744915,0.0122210928985648,0.00192192654746223,0.0159955157368711,0.0331266981048897,0.237113235757715,0.0327395148245989,0.139860865899754,0.104934194095392,0.00427698226855291,0.00510608238828282,0.0248499922500032
Rep 1	Misma hebra	-213	-0.09432752460173728	-0.16301005330661614	-0.025973235645987976	0.007120669351591261	206	5384	0.020971190064135194	0.010681004027386892	Misma hebra 1	-208.5	TRUE	perm5	0.159674222449559,0.00650256236550718,0.00712066935159126,0.172152974814756,0.000130745088127951,0.00274071539199734,0.00396985064051032,0.00436319252270177,2.5566612244632e-05,0.0140736005908448,0.00200826165083209,0.0435090914587451,0.492803585440718,0.000266587110434668,0.00335838493082683,0.00906006973837395,0.000207510545901045,0.0745145268731984,0.00232611170636781,0.00704287312562653,0.236846888899167,1.42325519305031e-05,0.00371017531323317,0.00156083134503007,0.082147134398749,0.0704150192618468,0.0384470756371272,0.0731089590610109,0.00844677457762327,0.0387126480733852,0.00270863450426979,0.0391944838000596,6.04519013685873e-05,0.01157529443934,0.0137020158873137,0.00260578315715947,0.545837654744915,0.0122210928985648,0.00192192654746223,0.0159955157368711,0.0331266981048897,0.237113235757715,0.0327395148245989,0.139860865899754,0.104934194095392,0.00427698226855291,0.00510608238828282,0.0248499922500032
Rep 1	Misma hebra	-203	-0.045830831344315454	-0.11220253450289065	0.020228571462712668	0.17215297481475614	203	5384	0.020665784383589535	0.18780324525246123	Misma hebra 1	-198.5	FALSE	perm5	0.159674222449559,0.00650256236550718,0.00712066935159126,0.172152974814756,0.000130745088127951,0.00274071539199734,0.00396985064051032,0.00436319252270177,2.5566612244632e-05,0.0140736005908448,0.00200826165083209,0.0435090914587451,0.492803585440718,0.000266587110434668,0.00335838493082683,0.00906006973837395,0.000207510545901045,0.0745145268731984,0.00232611170636781,0.00704287312562653,0.236846888899167,1.42325519305031e-05,0.00371017531323317,0.00156083134503007,0.082147134398749,0.0704150192618468,0.0384470756371272,0.0731089590610109,0.00844677457762327,0.0387126480733852,0.00270863450426979,0.0391944838000596,6.04519013685873e-05,0.01157529443934,0.0137020158873137,0.00260578315715947,0.545837654744915,0.0122210928985648,0.00192192654746223,0.0159955157368711,0.0331266981048897,0.237113235757715,0.0327395148245989,0.139860865899754,0.104934194095392,0.00427698226855291,0.00510608238828282,0.0248499922500032
Rep 1	Misma hebra	-193	-0.115127261146774	-0.17459923840565703	-0.056190592346058006	1.307450881279513e-4	235	5384	0.023923444976076555	0.0010459607050236103	Misma hebra 1	-188.5	TRUE	perm5	0.159674222449559,0.00650256236550718,0.00712066935159126,0.172152974814756,0.000130745088127951,0.00274071539199734,0.00396985064051032,0.00436319252270177,2.5566612244632e-05,0.0140736005908448,0.00200826165083209,0.0435090914587451,0.492803585440718,0.000266587110434668,0.00335838493082683,0.00906006973837395,0.000207510545901045,0.0745145268731984,0.00232611170636781,0.00704287312562653,0.236846888899167,1.42325519305031e-05,0.00371017531323317,0.00156083134503007,0.082147134398749,0.0704150192618468,0.0384470756371272,0.0731089590610109,0.00844677457762327,0.0387126480733852,0.00270863450426979,0.0391944838000596,6.04519013685873e-05,0.01157529443934,0.0137020158873137,0.00260578315715947,0.545837654744915,0.0122210928985648,0.00192192654746223,0.0159955157368711,0.0331266981048897,0.237113235757715,0.0327395148245989,0.139860865899754,0.104934194095392,0.00427698226855291,0.00510608238828282,0.0248499922500032
Rep 1	Misma hebra	-183	-0.10756744862651269	-0.17677917290180728	-0.0373524628065231	0.0027407153919973377	186	5384	0.018935152193830806	0.007308574378659567	Misma hebra 1	-178.5	TRUE	perm5	0.159674222449559,0.00650256236550718,0.00712066935159126,0.172152974814756,0.000130745088127951,0.00274071539199734,0.00396985064051032,0.00436319252270177,2.5566612244632e-05,0.0140736005908448,0.00200826165083209,0.0435090914587451,0.492803585440718,0.000266587110434668,0.00335838493082683,0.00906006973837395,0.000207510545901045,0.0745145268731984,0.00232611170636781,0.00704287312562653,0.236846888899167,1.42325519305031e-05,0.00371017531323317,0.00156083134503007,0.082147134398749,0.0704150192618468,0.0384470756371272,0.0731089590610109,0.00844677457762327,0.0387126480733852,0.00270863450426979,0.0391944838000596,6.04519013685873e-05,0.01157529443934,0.0137020158873137,0.00260578315715947,0.545837654744915,0.0122210928985648,0.00192192654746223,0.0159955157368711,0.0331266981048897,0.237113235757715,0.0327395148245989,0.139860865899754,0.104934194095392,0.00427698226855291,0.00510608238828282,0.0248499922500032
Rep 1	Misma hebra	-173	-0.09423926843405456	-0.1588009882064751	-0.030045377924864974	0.003969850640510323	195	5384	0.01985136923546778	0.007939701281020646	Misma hebra 1	-168.5	TRUE	perm5	0.159674222449559,0.00650256236550718,0.00712066935159126,0.172152974814756,0.000130745088127951,0.00274071539199734,0.00396985064051032,0.00436319252270177,2.5566612244632e-05,0.0140736005908448,0.00200826165083209,0.0435090914587451,0.492803585440718,0.000266587110434668,0.00335838493082683,0.00906006973837395,0.000207510545901045,0.0745145268731984,0.00232611170636781,0.00704287312562653,0.236846888899167,1.42325519305031e-05,0.00371017531323317,0.00156083134503007,0.082147134398749,0.0704150192618468,0.0384470756371272,0.0731089590610109,0.00844677457762327,0.0387126480733852,0.00270863450426979,0.0391944838000596,6.04519013685873e-05,0.01157529443934,0.0137020158873137,0.00260578315715947,0.545837654744915,0.0122210928985648,0.00192192654746223,0.0159955157368711,0.0331266981048897,0.237113235757715,0.0327395148245989,0.139860865899754,0.104934194095392,0.00427698226855291,0.00510608238828282,0.0248499922500032
Rep 1	Misma hebra	-163	-0.10344753916740111	-0.17332835584818043	-0.03273555192137471	0.004363192522701771	176	5384	0.01791713325867861	0.008055124657295578	Misma hebra 1	-158.5	TRUE	perm5	0.159674222449559,0.00650256236550718,0.00712066935159126,0.172152974814756,0.000130745088127951,0.00274071539199734,0.00396985064051032,0.00436319252270177,2.5566612244632e-05,0.0140736005908448,0.00200826165083209,0.0435090914587451,0.492803585440718,0.000266587110434668,0.00335838493082683,0.00906006973837395,0.000207510545901045,0.0745145268731984,0.00232611170636781,0.00704287312562653,0.236846888899167,1.42325519305031e-05,0.00371017531323317,0.00156083134503007,0.082147134398749,0.0704150192618468,0.0384470756371272,0.0731089590610109,0.00844677457762327,0.0387126480733852,0.00270863450426979,0.0391944838000596,6.04519013685873e-05,0.01157529443934,0.0137020158873137,0.00260578315715947,0.545837654744915,0.0122210928985648,0.00192192654746223,0.0159955157368711,0.0331266981048897,0.237113235757715,0.0327395148245989,0.139860865899754,0.104934194095392,0.00427698226855291,0.00510608238828282,0.0248499922500032
Rep 1	Misma hebra	-153	-0.14630976241440857	-0.21715885690862147	-0.07788065817059941	2.556661224463202e-5	160	5384	0.0162883029624351	3.067993469355842e-4	Misma hebra 1	-148.5	TRUE	perm5	0.159674222449559,0.00650256236550718,0.00712066935159126,0.172152974814756,0.000130745088127951,0.00274071539199734,0.00396985064051032,0.00436319252270177,2.5566612244632e-05,0.0140736005908448,0.00200826165083209,0.0435090914587451,0.492803585440718,0.000266587110434668,0.00335838493082683,0.00906006973837395,0.000207510545901045,0.0745145268731984,0.00232611170636781,0.00704287312562653,0.236846888899167,1.42325519305031e-05,0.00371017531323317,0.00156083134503007,0.082147134398749,0.0704150192618468,0.0384470756371272,0.0731089590610109,0.00844677457762327,0.0387126480733852,0.00270863450426979,0.0391944838000596,6.04519013685873e-05,0.01157529443934,0.0137020158873137,0.00260578315715947,0.545837654744915,0.0122210928985648,0.00192192654746223,0.0159955157368711,0.0331266981048897,0.237113235757715,0.0327395148245989,0.139860865899754,0.104934194095392,0.00427698226855291,0.00510608238828282,0.0248499922500032
Rep 1	Misma hebra	-143	-0.09820690333517607	-0.17679718682447051	-0.01960332630577958	0.014073600590844832	140	5384	0.014252265092130713	0.018764800787793107	Misma hebra 1	-138.5	TRUE	perm5	0.159674222449559,0.00650256236550718,0.00712066935159126,0.172152974814756,0.000130745088127951,0.00274071539199734,0.00396985064051032,0.00436319252270177,2.5566612244632e-05,0.0140736005908448,0.00200826165083209,0.0435090914587451,0.492803585440718,0.000266587110434668,0.00335838493082683,0.00906006973837395,0.000207510545901045,0.0745145268731984,0.00232611170636781,0.00704287312562653,0.236846888899167,1.42325519305031e-05,0.00371017531323317,0.00156083134503007,0.082147134398749,0.0704150192618468,0.0384470756371272,0.0731089590610109,0.00844677457762327,0.0387126480733852,0.00270863450426979,0.0391944838000596,6.04519013685873e-05,0.01157529443934,0.0137020158873137,0.00260578315715947,0.545837654744915,0.0122210928985648,0.00192192654746223,0.0159955157368711,0.0331266981048897,0.237113235757715,0.0327395148245989,0.139860865899754,0.104934194095392,0.00427698226855291,0.00510608238828282,0.0248499922500032
Rep 1	Misma hebra	-133	-0.12352998666313153	-0.20181661921967137	-0.04558262248337876	0.0020082616508320947	142	5384	0.014455868879161152	0.00688546851713861	Misma hebra 1	-128.5	TRUE	perm5	0.159674222449559,0.00650256236550718,0.00712066935159126,0.172152974814756,0.000130745088127951,0.00274071539199734,0.00396985064051032,0.00436319252270177,2.5566612244632e-05,0.0140736005908448,0.00200826165083209,0.0435090914587451,0.492803585440718,0.000266587110434668,0.00335838493082683,0.00906006973837395,0.000207510545901045,0.0745145268731984,0.00232611170636781,0.00704287312562653,0.236846888899167,1.42325519305031e-05,0.00371017531323317,0.00156083134503007,0.082147134398749,0.0704150192618468,0.0384470756371272,0.0731089590610109,0.00844677457762327,0.0387126480733852,0.00270863450426979,0.0391944838000596,6.04519013685873e-05,0.01157529443934,0.0137020158873137,0.00260578315715947,0.545837654744915,0.0122210928985648,0.00192192654746223,0.0159955157368711,0.0331266981048897,0.237113235757715,0.0327395148245989,0.139860865899754,0.104934194095392,0.00427698226855291,0.00510608238828282,0.0248499922500032
Rep 1	Misma hebra	-123	-0.08054734554058013	-0.15912540529261668	-0.00233751725246152	0.04350909145874507	137	5384	0.013946859411585055	0.05495885236894114	Misma hebra 1	-118.5	FALSE	perm5	0.159674222449559,0.00650256236550718,0.00712066935159126,0.172152974814756,0.000130745088127951,0.00274071539199734,0.00396985064051032,0.00436319252270177,2.5566612244632e-05,0.0140736005908448,0.00200826165083209,0.0435090914587451,0.492803585440718,0.000266587110434668,0.00335838493082683,0.00906006973837395,0.000207510545901045,0.0745145268731984,0.00232611170636781,0.00704287312562653,0.236846888899167,1.42325519305031e-05,0.00371017531323317,0.00156083134503007,0.082147134398749,0.0704150192618468,0.0384470756371272,0.0731089590610109,0.00844677457762327,0.0387126480733852,0.00270863450426979,0.0391944838000596,6.04519013685873e-05,0.01157529443934,0.0137020158873137,0.00260578315715947,0.545837654744915,0.0122210928985648,0.00192192654746223,0.0159955157368711,0.0331266981048897,0.237113235757715,0.0327395148245989,0.139860865899754,0.104934194095392,0.00427698226855291,0.00510608238828282,0.0248499922500032
Rep 1	Misma hebra	-113	-0.02820684289891225	-0.10922346825464434	0.05308683910800225	0.4928035854407175	138	5384	0.014048661305100275	0.4928035854407175	Misma hebra 1	-108.5	FALSE	perm5	0.159674222449559,0.00650256236550718,0.00712066935159126,0.172152974814756,0.000130745088127951,0.00274071539199734,0.00396985064051032,0.00436319252270177,2.5566612244632e-05,0.0140736005908448,0.00200826165083209,0.0435090914587451,0.492803585440718,0.000266587110434668,0.00335838493082683,0.00906006973837395,0.000207510545901045,0.0745145268731984,0.00232611170636781,0.00704287312562653,0.236846888899167,1.42325519305031e-05,0.00371017531323317,0.00156083134503007,0.082147134398749,0.0704150192618468,0.0384470756371272,0.0731089590610109,0.00844677457762327,0.0387126480733852,0.00270863450426979,0.0391944838000596,6.04519013685873e-05,0.01157529443934,0.0137020158873137,0.00260578315715947,0.545837654744915,0.0122210928985648,0.00192192654746223,0.0159955157368711,0.0331266981048897,0.237113235757715,0.0327395148245989,0.139860865899754,0.104934194095392,0.00427698226855291,0.00510608238828282,0.0248499922500032
Rep 1	Misma hebra	-103	-0.14324590653814548	-0.22086840513460107	-0.06713493387376733	2.665871104346683e-4	140	5384	0.014252265092130713	0.0012796181300864077	Misma hebra 1	-98.5	TRUE	perm5	0.159674222449559,0.00650256236550718,0.00712066935159126,0.172152974814756,0.000130745088127951,0.00274071539199734,0.00396985064051032,0.00436319252270177,2.5566612244632e-05,0.0140736005908448,0.00200826165083209,0.0435090914587451,0.492803585440718,0.000266587110434668,0.00335838493082683,0.00906006973837395,0.000207510545901045,0.0745145268731984,0.00232611170636781,0.00704287312562653,0.236846888899167,1.42325519305031e-05,0.00371017531323317,0.00156083134503007,0.082147134398749,0.0704150192618468,0.0384470756371272,0.0731089590610109,0.00844677457762327,0.0387126480733852,0.00270863450426979,0.0391944838000596,6.04519013685873e-05,0.01157529443934,0.0137020158873137,0.00260578315715947,0.545837654744915,0.0122210928985648,0.00192192654746223,0.0159955157368711,0.0331266981048897,0.237113235757715,0.0327395148245989,0.139860865899754,0.104934194095392,0.00427698226855291,0.00510608238828282,0.0248499922500032
Rep 1	Misma hebra	-93	-0.11974783753439354	-0.2014690343758253	-0.039665723546493566	0.003358384930826834	117	5384	0.011910821541280668	0.007939701281020646	Misma hebra 1	-88.5	TRUE	perm5	0.159674222449559,0.00650256236550718,0.00712066935159126,0.172152974814756,0.000130745088127951,0.00274071539199734,0.00396985064051032,0.00436319252270177,2.5566612244632e-05,0.0140736005908448,0.00200826165083209,0.0435090914587451,0.492803585440718,0.000266587110434668,0.00335838493082683,0.00906006973837395,0.000207510545901045,0.0745145268731984,0.00232611170636781,0.00704287312562653,0.236846888899167,1.42325519305031e-05,0.00371017531323317,0.00156083134503007,0.082147134398749,0.0704150192618468,0.0384470756371272,0.0731089590610109,0.00844677457762327,0.0387126480733852,0.00270863450426979,0.0391944838000596,6.04519013685873e-05,0.01157529443934,0.0137020158873137,0.00260578315715947,0.545837654744915,0.0122210928985648,0.00192192654746223,0.0159955157368711,0.0331266981048897,0.237113235757715,0.0327395148245989,0.139860865899754,0.104934194095392,0.00427698226855291,0.00510608238828282,0.0248499922500032
Rep 1	Misma hebra	-83	-0.09842298940904072	-0.17300220530270155	-0.024729477952754805	0.009060069738373948	139	5384	0.014150463198615494	0.012790686689469102	Misma hebra 1	-78.5	TRUE	perm5	0.159674222449559,0.00650256236550718,0.00712066935159126,0.172152974814756,0.000130745088127951,0.00274071539199734,0.00396985064051032,0.00436319252270177,2.5566612244632e-05,0.0140736005908448,0.00200826165083209,0.0435090914587451,0.492803585440718,0.000266587110434668,0.00335838493082683,0.00906006973837395,0.000207510545901045,0.0745145268731984,0.00232611170636781,0.00704287312562653,0.236846888899167,1.42325519305031e-05,0.00371017531323317,0.00156083134503007,0.082147134398749,0.0704150192618468,0.0384470756371272,0.0731089590610109,0.00844677457762327,0.0387126480733852,0.00270863450426979,0.0391944838000596,6.04519013685873e-05,0.01157529443934,0.0137020158873137,0.00260578315715947,0.545837654744915,0.0122210928985648,0.00192192654746223,0.0159955157368711,0.0331266981048897,0.237113235757715,0.0327395148245989,0.139860865899754,0.104934194095392,0.00427698226855291,0.00510608238828282,0.0248499922500032
Rep 1	Misma hebra	-73	-0.1468986823051313	-0.22582301460864565	-0.06998047480498543	2.075105459010452e-4	127	5384	0.012928840476432862	0.0012450632754062712	Misma hebra 1	-68.5	TRUE	perm5	0.159674222449559,0.00650256236550718,0.00712066935159126,0.172152974814756,0.000130745088127951,0.00274071539199734,0.00396985064051032,0.00436319252270177,2.5566612244632e-05,0.0140736005908448,0.00200826165083209,0.0435090914587451,0.492803585440718,0.000266587110434668,0.00335838493082683,0.00906006973837395,0.000207510545901045,0.0745145268731984,0.00232611170636781,0.00704287312562653,0.236846888899167,1.42325519305031e-05,0.00371017531323317,0.00156083134503007,0.082147134398749,0.0704150192618468,0.0384470756371272,0.0731089590610109,0.00844677457762327,0.0387126480733852,0.00270863450426979,0.0391944838000596,6.04519013685873e-05,0.01157529443934,0.0137020158873137,0.00260578315715947,0.545837654744915,0.0122210928985648,0.00192192654746223,0.0159955157368711,0.0331266981048897,0.237113235757715,0.0327395148245989,0.139860865899754,0.104934194095392,0.00427698226855291,0.00510608238828282,0.0248499922500032
Rep 1	Misma hebra	-63	-0.07657111463086512	-0.16013996179288495	0.007510968841396903	0.07451452687319839	124	5384	0.012623434795887203	0.08941743224783806	Misma hebra 1	-58.5	FALSE	perm5	0.159674222449559,0.00650256236550718,0.00712066935159126,0.172152974814756,0.000130745088127951,0.00274071539199734,0.00396985064051032,0.00436319252270177,2.5566612244632e-05,0.0140736005908448,0.00200826165083209,0.0435090914587451,0.492803585440718,0.000266587110434668,0.00335838493082683,0.00906006973837395,0.000207510545901045,0.0745145268731984,0.00232611170636781,0.00704287312562653,0.236846888899167,1.42325519305031e-05,0.00371017531323317,0.00156083134503007,0.082147134398749,0.0704150192618468,0.0384470756371272,0.0731089590610109,0.00844677457762327,0.0387126480733852,0.00270863450426979,0.0391944838000596,6.04519013685873e-05,0.01157529443934,0.0137020158873137,0.00260578315715947,0.545837654744915,0.0122210928985648,0.00192192654746223,0.0159955157368711,0.0331266981048897,0.237113235757715,0.0327395148245989,0.139860865899754,0.104934194095392,0.00427698226855291,0.00510608238828282,0.0248499922500032
Rep 1	Misma hebra	-53	-0.14219819956585153	-0.2381649798764894	-0.050693813998438884	0.002326111706367809	84	5384	0.008551359055278427	0.006978335119103427	Misma hebra 1	-48.5	TRUE	perm5	0.159674222449559,0.00650256236550718,0.00712066935159126,0.172152974814756,0.000130745088127951,0.00274071539199734,0.00396985064051032,0.00436319252270177,2.5566612244632e-05,0.0140736005908448,0.00200826165083209,0.0435090914587451,0.492803585440718,0.000266587110434668,0.00335838493082683,0.00906006973837395,0.000207510545901045,0.0745145268731984,0.00232611170636781,0.00704287312562653,0.236846888899167,1.42325519305031e-05,0.00371017531323317,0.00156083134503007,0.082147134398749,0.0704150192618468,0.0384470756371272,0.0731089590610109,0.00844677457762327,0.0387126480733852,0.00270863450426979,0.0391944838000596,6.04519013685873e-05,0.01157529443934,0.0137020158873137,0.00260578315715947,0.545837654744915,0.0122210928985648,0.00192192654746223,0.0159955157368711,0.0331266981048897,0.237113235757715,0.0327395148245989,0.139860865899754,0.104934194095392,0.00427698226855291,0.00510608238828282,0.0248499922500032
Rep 1	Misma hebra	-43	-0.1358149126132625	-0.23600116525834253	-0.03692132274468973	0.007042873125626527	93	5384	0.009467576096915403	0.010681004027386892	Misma hebra 1	-38.5	TRUE	perm5	0.159674222449559,0.00650256236550718,0.00712066935159126,0.172152974814756,0.000130745088127951,0.00274071539199734,0.00396985064051032,0.00436319252270177,2.5566612244632e-05,0.0140736005908448,0.00200826165083209,0.0435090914587451,0.492803585440718,0.000266587110434668,0.00335838493082683,0.00906006973837395,0.000207510545901045,0.0745145268731984,0.00232611170636781,0.00704287312562653,0.236846888899167,1.42325519305031e-05,0.00371017531323317,0.00156083134503007,0.082147134398749,0.0704150192618468,0.0384470756371272,0.0731089590610109,0.00844677457762327,0.0387126480733852,0.00270863450426979,0.0391944838000596,6.04519013685873e-05,0.01157529443934,0.0137020158873137,0.00260578315715947,0.545837654744915,0.0122210928985648,0.00192192654746223,0.0159955157368711,0.0331266981048897,0.237113235757715,0.0327395148245989,0.139860865899754,0.104934194095392,0.00427698226855291,0.00510608238828282,0.0248499922500032
Rep 1	Misma hebra	-33	-0.05014186469972107	-0.13482777391157783	0.03405913108516562	0.236846888899167	131	5384	0.013336048050493739	0.2471445797208699	Misma hebra 1	-28.5	FALSE	perm5	0.159674222449559,0.00650256236550718,0.00712066935159126,0.172152974814756,0.000130745088127951,0.00274071539199734,0.00396985064051032,0.00436319252270177,2.5566612244632e-05,0.0140736005908448,0.00200826165083209,0.0435090914587451,0.492803585440718,0.000266587110434668,0.00335838493082683,0.00906006973837395,0.000207510545901045,0.0745145268731984,0.00232611170636781,0.00704287312562653,0.236846888899167,1.42325519305031e-05,0.00371017531323317,0.00156083134503007,0.082147134398749,0.0704150192618468,0.0384470756371272,0.0731089590610109,0.00844677457762327,0.0387126480733852,0.00270863450426979,0.0391944838000596,6.04519013685873e-05,0.01157529443934,0.0137020158873137,0.00260578315715947,0.545837654744915,0.0122210928985648,0.00192192654746223,0.0159955157368711,0.0331266981048897,0.237113235757715,0.0327395148245989,0.139860865899754,0.104934194095392,0.00427698226855291,0.00510608238828282,0.0248499922500032
Rep 1	Misma hebra	-23	-0.19130492343186703	-0.27828786032727487	-0.10611546373692873	1.4232551930503065e-5	102	5384	0.010383793138552377	3.067993469355842e-4	Misma hebra 1	-18.5	TRUE	perm5	0.159674222449559,0.00650256236550718,0.00712066935159126,0.172152974814756,0.000130745088127951,0.00274071539199734,0.00396985064051032,0.00436319252270177,2.5566612244632e-05,0.0140736005908448,0.00200826165083209,0.0435090914587451,0.492803585440718,0.000266587110434668,0.00335838493082683,0.00906006973837395,0.000207510545901045,0.0745145268731984,0.00232611170636781,0.00704287312562653,0.236846888899167,1.42325519305031e-05,0.00371017531323317,0.00156083134503007,0.082147134398749,0.0704150192618468,0.0384470756371272,0.0731089590610109,0.00844677457762327,0.0387126480733852,0.00270863450426979,0.0391944838000596,6.04519013685873e-05,0.01157529443934,0.0137020158873137,0.00260578315715947,0.545837654744915,0.0122210928985648,0.00192192654746223,0.0159955157368711,0.0331266981048897,0.237113235757715,0.0327395148245989,0.139860865899754,0.104934194095392,0.00427698226855291,0.00510608238828282,0.0248499922500032
Rep 1	Misma hebra	-13	-0.15594212353476242	-0.2595816632254901	-0.05172024309773677	0.003710175313233168	75	5384	0.0076351420136414536	0.007939701281020646	Misma hebra 1	-8.5	TRUE	perm5	0.159674222449559,0.00650256236550718,0.00712066935159126,0.172152974814756,0.000130745088127951,0.00274071539199734,0.00396985064051032,0.00436319252270177,2.5566612244632e-05,0.0140736005908448,0.00200826165083209,0.0435090914587451,0.492803585440718,0.000266587110434668,0.00335838493082683,0.00906006973837395,0.000207510545901045,0.0745145268731984,0.00232611170636781,0.00704287312562653,0.236846888899167,1.42325519305031e-05,0.00371017531323317,0.00156083134503007,0.082147134398749,0.0704150192618468,0.0384470756371272,0.0731089590610109,0.00844677457762327,0.0387126480733852,0.00270863450426979,0.0391944838000596,6.04519013685873e-05,0.01157529443934,0.0137020158873137,0.00260578315715947,0.545837654744915,0.0122210928985648,0.00192192654746223,0.0159955157368711,0.0331266981048897,0.237113235757715,0.0327395148245989,0.139860865899754,0.104934194095392,0.00427698226855291,0.00510608238828282,0.0248499922500032
Rep 1	Misma hebra	-3	-0.1714746767813757	-0.27951042149505584	-0.06608859400110194	0.0015608313450300698	77	5384	0.007838745800671893	0.006243325380120279	Misma hebra 1	1.5	TRUE	perm5	0.159674222449559,0.00650256236550718,0.00712066935159126,0.172152974814756,0.000130745088127951,0.00274071539199734,0.00396985064051032,0.00436319252270177,2.5566612244632e-05,0.0140736005908448,0.00200826165083209,0.0435090914587451,0.492803585440718,0.000266587110434668,0.00335838493082683,0.00906006973837395,0.000207510545901045,0.0745145268731984,0.00232611170636781,0.00704287312562653,0.236846888899167,1.42325519305031e-05,0.00371017531323317,0.00156083134503007,0.082147134398749,0.0704150192618468,0.0384470756371272,0.0731089590610109,0.00844677457762327,0.0387126480733852,0.00270863450426979,0.0391944838000596,6.04519013685873e-05,0.01157529443934,0.0137020158873137,0.00260578315715947,0.545837654744915,0.0122210928985648,0.00192192654746223,0.0159955157368711,0.0331266981048897,0.237113235757715,0.0327395148245989,0.139860865899754,0.104934194095392,0.00427698226855291,0.00510608238828282,0.0248499922500032
Rep 2	Misma hebra	-233	-0.05913281222479192	-0.1338139963964566	0.004965633282525469	0.08214713439874902	304	6239	0.026177559631447515	0.09857656127849881	Misma hebra 1	-228.5	FALSE	perm5	0.159674222449559,0.00650256236550718,0.00712066935159126,0.172152974814756,0.000130745088127951,0.00274071539199734,0.00396985064051032,0.00436319252270177,2.5566612244632e-05,0.0140736005908448,0.00200826165083209,0.0435090914587451,0.492803585440718,0.000266587110434668,0.00335838493082683,0.00906006973837395,0.000207510545901045,0.0745145268731984,0.00232611170636781,0.00704287312562653,0.236846888899167,1.42325519305031e-05,0.00371017531323317,0.00156083134503007,0.082147134398749,0.0704150192618468,0.0384470756371272,0.0731089590610109,0.00844677457762327,0.0387126480733852,0.00270863450426979,0.0391944838000596,6.04519013685873e-05,0.01157529443934,0.0137020158873137,0.00260578315715947,0.545837654744915,0.0122210928985648,0.00192192654746223,0.0159955157368711,0.0331266981048897,0.237113235757715,0.0327395148245989,0.139860865899754,0.104934194095392,0.00427698226855291,0.00510608238828282,0.0248499922500032
Rep 2	Misma hebra	-223	-0.06535549945845555	-0.14121997941072156	0.004002027514580933	0.07041501926184678	273	6239	0.023508137432188065	0.09234815881390844	Misma hebra 1	-218.5	FALSE	perm5	0.159674222449559,0.00650256236550718,0.00712066935159126,0.172152974814756,0.000130745088127951,0.00274071539199734,0.00396985064051032,0.00436319252270177,2.5566612244632e-05,0.0140736005908448,0.00200826165083209,0.0435090914587451,0.492803585440718,0.000266587110434668,0.00335838493082683,0.00906006973837395,0.000207510545901045,0.0745145268731984,0.00232611170636781,0.00704287312562653,0.236846888899167,1.42325519305031e-05,0.00371017531323317,0.00156083134503007,0.082147134398749,0.0704150192618468,0.0384470756371272,0.0731089590610109,0.00844677457762327,0.0387126480733852,0.00270863450426979,0.0391944838000596,6.04519013685873e-05,0.01157529443934,0.0137020158873137,0.00260578315715947,0.545837654744915,0.0122210928985648,0.00192192654746223,0.0159955157368711,0.0331266981048897,0.237113235757715,0.0327395148245989,0.139860865899754,0.104934194095392,0.00427698226855291,0.00510608238828282,0.0248499922500032
Rep 2	Misma hebra	-213	-0.08198036091389845	-0.16342850271380185	-0.0018513431244824017	0.038447075637127244	270	6239	0.02324980625161457	0.05533338889420175	Misma hebra 1	-208.5	FALSE	perm5	0.159674222449559,0.00650256236550718,0.00712066935159126,0.172152974814756,0.000130745088127951,0.00274071539199734,0.00396985064051032,0.00436319252270177,2.5566612244632e-05,0.0140736005908448,0.00200826165083209,0.0435090914587451,0.492803585440718,0.000266587110434668,0.00335838493082683,0.00906006973837395,0.000207510545901045,0.0745145268731984,0.00232611170636781,0.00704287312562653,0.236846888899167,1.42325519305031e-05,0.00371017531323317,0.00156083134503007,0.082147134398749,0.0704150192618468,0.0384470756371272,0.0731089590610109,0.00844677457762327,0.0387126480733852,0.00270863450426979,0.0391944838000596,6.04519013685873e-05,0.01157529443934,0.0137020158873137,0.00260578315715947,0.545837654744915,0.0122210928985648,0.00192192654746223,0.0159955157368711,0.0331266981048897,0.237113235757715,0.0327395148245989,0.139860865899754,0.104934194095392,0.00427698226855291,0.00510608238828282,0.0248499922500032
Rep 2	Misma hebra	-203	-0.0672525710601278	-0.1478262311527257	0.004733346052320472	0.07310895906101085	252	6239	0.0216998191681736	0.09234815881390844	Misma hebra 1	-198.5	FALSE	perm5	0.159674222449559,0.00650256236550718,0.00712066935159126,0.172152974814756,0.000130745088127951,0.00274071539199734,0.00396985064051032,0.00436319252270177,2.5566612244632e-05,0.0140736005908448,0.00200826165083209,0.0435090914587451,0.492803585440718,0.000266587110434668,0.00335838493082683,0.00906006973837395,0.000207510545901045,0.0745145268731984,0.00232611170636781,0.00704287312562653,0.236846888899167,1.42325519305031e-05,0.00371017531323317,0.00156083134503007,0.082147134398749,0.0704150192618468,0.0384470756371272,0.0731089590610109,0.00844677457762327,0.0387126480733852,0.00270863450426979,0.0391944838000596,6.04519013685873e-05,0.01157529443934,0.0137020158873137,0.00260578315715947,0.545837654744915,0.0122210928985648,0.00192192654746223,0.0159955157368711,0.0331266981048897,0.237113235757715,0.0327395148245989,0.139860865899754,0.104934194095392,0.00427698226855291,0.00510608238828282,0.0248499922500032
Rep 2	Misma hebra	-193	-0.09592382665897922	-0.17090513163511903	-0.02209746855505278	0.008446774577623273	298	6239	0.025660897270300527	0.02896036998042265	Misma hebra 1	-188.5	TRUE	perm5	0.159674222449559,0.00650256236550718,0.00712066935159126,0.172152974814756,0.000130745088127951,0.00274071539199734,0.00396985064051032,0.00436319252270177,2.5566612244632e-05,0.0140736005908448,0.00200826165083209,0.0435090914587451,0.492803585440718,0.000266587110434668,0.00335838493082683,0.00906006973837395,0.000207510545901045,0.0745145268731984,0.00232611170636781,0.00704287312562653,0.236846888899167,1.42325519305031e-05,0.00371017531323317,0.00156083134503007,0.082147134398749,0.0704150192618468,0.0384470756371272,0.0731089590610109,0.00844677457762327,0.0387126480733852,0.00270863450426979,0.0391944838000596,6.04519013685873e-05,0.01157529443934,0.0137020158873137,0.00260578315715947,0.545837654744915,0.0122210928985648,0.00192192654746223,0.0159955157368711,0.0331266981048897,0.237113235757715,0.0327395148245989,0.139860865899754,0.104934194095392,0.00427698226855291,0.00510608238828282,0.0248499922500032
Rep 2	Misma hebra	-183	-0.08255937824264319	-0.16461137256660488	-0.0027020209582577	0.038712648073385175	229	6239	0.019719280117110136	0.05533338889420175	Misma hebra 1	-178.5	FALSE	perm5	0.159674222449559,0.00650256236550718,0.00712066935159126,0.172152974814756,0.000130745088127951,0.00274071539199734,0.00396985064051032,0.00436319252270177,2.5566612244632e-05,0.0140736005908448,0.00200826165083209,0.0435090914587451,0.492803585440718,0.000266587110434668,0.00335838493082683,0.00906006973837395,0.000207510545901045,0.0745145268731984,0.00232611170636781,0.00704287312562653,0.236846888899167,1.42325519305031e-05,0.00371017531323317,0.00156083134503007,0.082147134398749,0.0704150192618468,0.0384470756371272,0.0731089590610109,0.00844677457762327,0.0387126480733852,0.00270863450426979,0.0391944838000596,6.04519013685873e-05,0.01157529443934,0.0137020158873137,0.00260578315715947,0.545837654744915,0.0122210928985648,0.00192192654746223,0.0159955157368711,0.0331266981048897,0.237113235757715,0.0327395148245989,0.139860865899754,0.104934194095392,0.00427698226855291,0.00510608238828282,0.0248499922500032
Rep 2	Misma hebra	-173	-0.11792746006744484	-0.1979076629377068	-0.037730932101625446	0.002708634504269794	250	6239	0.021527598381124603	0.016251807025618764	Misma hebra 1	-168.5	TRUE	perm5	0.159674222449559,0.00650256236550718,0.00712066935159126,0.172152974814756,0.000130745088127951,0.00274071539199734,0.00396985064051032,0.00436319252270177,2.5566612244632e-05,0.0140736005908448,0.00200826165083209,0.0435090914587451,0.492803585440718,0.000266587110434668,0.00335838493082683,0.00906006973837395,0.000207510545901045,0.0745145268731984,0.00232611170636781,0.00704287312562653,0.236846888899167,1.42325519305031e-05,0.00371017531323317,0.00156083134503007,0.082147134398749,0.0704150192618468,0.0384470756371272,0.0731089590610109,0.00844677457762327,0.0387126480733852,0.00270863450426979,0.0391944838000596,6.04519013685873e-05,0.01157529443934,0.0137020158873137,0.00260578315715947,0.545837654744915,0.0122210928985648,0.00192192654746223,0.0159955157368711,0.0331266981048897,0.237113235757715,0.0327395148245989,0.139860865899754,0.104934194095392,0.00427698226855291,0.00510608238828282,0.0248499922500032
Rep 2	Misma hebra	-163	-0.08638638337507645	-0.17292462686646948	-0.0022120405704215665	0.03919448380005957	214	6239	0.01842762421424266	0.05533338889420175	Misma hebra 1	-158.5	FALSE	perm5	0.159674222449559,0.00650256236550718,0.00712066935159126,0.172152974814756,0.000130745088127951,0.00274071539199734,0.00396985064051032,0.00436319252270177,2.5566612244632e-05,0.0140736005908448,0.00200826165083209,0.0435090914587451,0.492803585440718,0.000266587110434668,0.00335838493082683,0.00906006973837395,0.000207510545901045,0.0745145268731984,0.00232611170636781,0.00704287312562653,0.236846888899167,1.42325519305031e-05,0.00371017531323317,0.00156083134503007,0.082147134398749,0.0704150192618468,0.0384470756371272,0.0731089590610109,0.00844677457762327,0.0387126480733852,0.00270863450426979,0.0391944838000596,6.04519013685873e-05,0.01157529443934,0.0137020158873137,0.00260578315715947,0.545837654744915,0.0122210928985648,0.00192192654746223,0.0159955157368711,0.0331266981048897,0.237113235757715,0.0327395148245989,0.139860865899754,0.104934194095392,0.00427698226855291,0.00510608238828282,0.0248499922500032
Rep 2	Misma hebra	-153	-0.16425858844816196	-0.24710947082611426	-0.0819068327402345	6.045190136858734e-5	206	6239	0.01773874106604667	0.0014508456328460961	Misma hebra 1	-148.5	TRUE	perm5	0.159674222449559,0.00650256236550718,0.00712066935159126,0.172152974814756,0.000130745088127951,0.00274071539199734,0.00396985064051032,0.00436319252270177,2.5566612244632e-05,0.0140736005908448,0.00200826165083209,0.0435090914587451,0.492803585440718,0.000266587110434668,0.00335838493082683,0.00906006973837395,0.000207510545901045,0.0745145268731984,0.00232611170636781,0.00704287312562653,0.236846888899167,1.42325519305031e-05,0.00371017531323317,0.00156083134503007,0.082147134398749,0.0704150192618468,0.0384470756371272,0.0731089590610109,0.00844677457762327,0.0387126480733852,0.00270863450426979,0.0391944838000596,6.04519013685873e-05,0.01157529443934,0.0137020158873137,0.00260578315715947,0.545837654744915,0.0122210928985648,0.00192192654746223,0.0159955157368711,0.0331266981048897,0.237113235757715,0.0327395148245989,0.139860865899754,0.104934194095392,0.00427698226855291,0.00510608238828282,0.0248499922500032
Rep 2	Misma hebra	-143	-0.11145347228565784	-0.2013306254353875	-0.023243138620098	0.011575294439340014	184	6239	0.015844312408507706	0.0325895810628395	Misma hebra 1	-138.5	TRUE	perm5	0.159674222449559,0.00650256236550718,0.00712066935159126,0.172152974814756,0.000130745088127951,0.00274071539199734,0.00396985064051032,0.00436319252270177,2.5566612244632e-05,0.0140736005908448,0.00200826165083209,0.0435090914587451,0.492803585440718,0.000266587110434668,0.00335838493082683,0.00906006973837395,0.000207510545901045,0.0745145268731984,0.00232611170636781,0.00704287312562653,0.236846888899167,1.42325519305031e-05,0.00371017531323317,0.00156083134503007,0.082147134398749,0.0704150192618468,0.0384470756371272,0.0731089590610109,0.00844677457762327,0.0387126480733852,0.00270863450426979,0.0391944838000596,6.04519013685873e-05,0.01157529443934,0.0137020158873137,0.00260578315715947,0.545837654744915,0.0122210928985648,0.00192192654746223,0.0159955157368711,0.0331266981048897,0.237113235757715,0.0327395148245989,0.139860865899754,0.104934194095392,0.00427698226855291,0.00510608238828282,0.0248499922500032
Rep 2	Misma hebra	-133	-0.11139624515972862	-0.20578340115158197	-0.019000974024654577	0.013702015887313687	186	6239	0.016016533195556702	0.03288483812955285	Misma hebra 1	-128.5	TRUE	perm5	0.159674222449559,0.00650256236550718,0.00712066935159126,0.172152974814756,0.000130745088127951,0.00274071539199734,0.00396985064051032,0.00436319252270177,2.5566612244632e-05,0.0140736005908448,0.00200826165083209,0.0435090914587451,0.492803585440718,0.000266587110434668,0.00335838493082683,0.00906006973837395,0.000207510545901045,0.0745145268731984,0.00232611170636781,0.00704287312562653,0.236846888899167,1.42325519305031e-05,0.00371017531323317,0.00156083134503007,0.082147134398749,0.0704150192618468,0.0384470756371272,0.0731089590610109,0.00844677457762327,0.0387126480733852,0.00270863450426979,0.0391944838000596,6.04519013685873e-05,0.01157529443934,0.0137020158873137,0.00260578315715947,0.545837654744915,0.0122210928985648,0.00192192654746223,0.0159955157368711,0.0331266981048897,0.237113235757715,0.0327395148245989,0.139860865899754,0.104934194095392,0.00427698226855291,0.00510608238828282,0.0248499922500032
Rep 2	Misma hebra	-123	-0.1389251506571376	-0.2331421691990813	-0.04426563556559147	0.0026057831571594664	184	6239	0.015844312408507706	0.016251807025618764	Misma hebra 1	-118.5	TRUE	perm5	0.159674222449559,0.00650256236550718,0.00712066935159126,0.172152974814756,0.000130745088127951,0.00274071539199734,0.00396985064051032,0.00436319252270177,2.5566612244632e-05,0.0140736005908448,0.00200826165083209,0.0435090914587451,0.492803585440718,0.000266587110434668,0.00335838493082683,0.00906006973837395,0.000207510545901045,0.0745145268731984,0.00232611170636781,0.00704287312562653,0.236846888899167,1.42325519305031e-05,0.00371017531323317,0.00156083134503007,0.082147134398749,0.0704150192618468,0.0384470756371272,0.0731089590610109,0.00844677457762327,0.0387126480733852,0.00270863450426979,0.0391944838000596,6.04519013685873e-05,0.01157529443934,0.0137020158873137,0.00260578315715947,0.545837654744915,0.0122210928985648,0.00192192654746223,0.0159955157368711,0.0331266981048897,0.237113235757715,0.0327395148245989,0.139860865899754,0.104934194095392,0.00427698226855291,0.00510608238828282,0.0248499922500032
Rep 2	Misma hebra	-113	-0.028192916275234684	-0.1301495807016036	0.06756172534966638	0.5458376547449153	167	6239	0.014380435718591234	0.5458376547449153	Misma hebra 1	-108.5	FALSE	perm5	0.159674222449559,0.00650256236550718,0.00712066935159126,0.172152974814756,0.000130745088127951,0.00274071539199734,0.00396985064051032,0.00436319252270177,2.5566612244632e-05,0.0140736005908448,0.00200826165083209,0.0435090914587451,0.492803585440718,0.000266587110434668,0.00335838493082683,0.00906006973837395,0.000207510545901045,0.0745145268731984,0.00232611170636781,0.00704287312562653,0.236846888899167,1.42325519305031e-05,0.00371017531323317,0.00156083134503007,0.082147134398749,0.0704150192618468,0.0384470756371272,0.0731089590610109,0.00844677457762327,0.0387126480733852,0.00270863450426979,0.0391944838000596,6.04519013685873e-05,0.01157529443934,0.0137020158873137,0.00260578315715947,0.545837654744915,0.0122210928985648,0.00192192654746223,0.0159955157368711,0.0331266981048897,0.237113235757715,0.0327395148245989,0.139860865899754,0.104934194095392,0.00427698226855291,0.00510608238828282,0.0248499922500032
Rep 2	Misma hebra	-103	-0.11385696633965124	-0.20629207281300233	-0.020947382091850365	0.012221092898564812	180	6239	0.015499870834409714	0.0325895810628395	Misma hebra 1	-98.5	TRUE	perm5	0.159674222449559,0.00650256236550718,0.00712066935159126,0.172152974814756,0.000130745088127951,0.00274071539199734,0.00396985064051032,0.00436319252270177,2.5566612244632e-05,0.0140736005908448,0.00200826165083209,0.0435090914587451,0.492803585440718,0.000266587110434668,0.00335838493082683,0.00906006973837395,0.000207510545901045,0.0745145268731984,0.00232611170636781,0.00704287312562653,0.236846888899167,1.42325519305031e-05,0.00371017531323317,0.00156083134503007,0.082147134398749,0.0704150192618468,0.0384470756371272,0.0731089590610109,0.00844677457762327,0.0387126480733852,0.00270863450426979,0.0391944838000596,6.04519013685873e-05,0.01157529443934,0.0137020158873137,0.00260578315715947,0.545837654744915,0.0122210928985648,0.00192192654746223,0.0159955157368711,0.0331266981048897,0.237113235757715,0.0327395148245989,0.139860865899754,0.104934194095392,0.00427698226855291,0.00510608238828282,0.0248499922500032
Rep 2	Misma hebra	-93	-0.15411114830973574	-0.25496983072148843	-0.053834078637893336	0.0019219265474622307	148	6239	0.012744338241625764	0.016251807025618764	Misma hebra 1	-88.5	TRUE	perm5	0.159674222449559,0.00650256236550718,0.00712066935159126,0.172152974814756,0.000130745088127951,0.00274071539199734,0.00396985064051032,0.00436319252270177,2.5566612244632e-05,0.0140736005908448,0.00200826165083209,0.0435090914587451,0.492803585440718,0.000266587110434668,0.00335838493082683,0.00906006973837395,0.000207510545901045,0.0745145268731984,0.00232611170636781,0.00704287312562653,0.236846888899167,1.42325519305031e-05,0.00371017531323317,0.00156083134503007,0.082147134398749,0.0704150192618468,0.0384470756371272,0.0731089590610109,0.00844677457762327,0.0387126480733852,0.00270863450426979,0.0391944838000596,6.04519013685873e-05,0.01157529443934,0.0137020158873137,0.00260578315715947,0.545837654744915,0.0122210928985648,0.00192192654746223,0.0159955157368711,0.0331266981048897,0.237113235757715,0.0327395148245989,0.139860865899754,0.104934194095392,0.00427698226855291,0.00510608238828282,0.0248499922500032
Rep 2	Misma hebra	-83	-0.1211035108308608	-0.22199278211808293	-0.018846420992697132	0.015995515736871132	160	6239	0.013777662963919746	0.03489930706226429	Misma hebra 1	-78.5	TRUE	perm5	0.159674222449559,0.00650256236550718,0.00712066935159126,0.172152974814756,0.000130745088127951,0.00274071539199734,0.00396985064051032,0.00436319252270177,2.5566612244632e-05,0.0140736005908448,0.00200826165083209,0.0435090914587451,0.492803585440718,0.000266587110434668,0.00335838493082683,0.00906006973837395,0.000207510545901045,0.0745145268731984,0.00232611170636781,0.00704287312562653,0.236846888899167,1.42325519305031e-05,0.00371017531323317,0.00156083134503007,0.082147134398749,0.0704150192618468,0.0384470756371272,0.0731089590610109,0.00844677457762327,0.0387126480733852,0.00270863450426979,0.0391944838000596,6.04519013685873e-05,0.01157529443934,0.0137020158873137,0.00260578315715947,0.545837654744915,0.0122210928985648,0.00192192654746223,0.0159955157368711,0.0331266981048897,0.237113235757715,0.0327395148245989,0.139860865899754,0.104934194095392,0.00427698226855291,0.00510608238828282,0.0248499922500032
Rep 2	Misma hebra	-73	-0.10316878204220982	-0.20273438909128141	-0.006046569318966734	0.03312669810488966	163	6239	0.01403599414449324	0.05533338889420175	Misma hebra 1	-68.5	FALSE	perm5	0.159674222449559,0.00650256236550718,0.00712066935159126,0.172152974814756,0.000130745088127951,0.00274071539199734,0.00396985064051032,0.00436319252270177,2.5566612244632e-05,0.0140736005908448,0.00200826165083209,0.0435090914587451,0.492803585440718,0.000266587110434668,0.00335838493082683,0.00906006973837395,0.000207510545901045,0.0745145268731984,0.00232611170636781,0.00704287312562653,0.236846888899167,1.42325519305031e-05,0.00371017531323317,0.00156083134503007,0.082147134398749,0.0704150192618468,0.0384470756371272,0.0731089590610109,0.00844677457762327,0.0387126480733852,0.00270863450426979,0.0391944838000596,6.04519013685873e-05,0.01157529443934,0.0137020158873137,0.00260578315715947,0.545837654744915,0.0122210928985648,0.00192192654746223,0.0159955157368711,0.0331266981048897,0.237113235757715,0.0327395148245989,0.139860865899754,0.104934194095392,0.00427698226855291,0.00510608238828282,0.0248499922500032
Rep 2	Misma hebra	-63	-0.05809123336411637	-0.16183957845319502	0.03865033474508516	0.23711323575771528	157	6239	0.01351933178334625	0.24742250687761594	Misma hebra 1	-58.5	FALSE	perm5	0.159674222449559,0.00650256236550718,0.00712066935159126,0.172152974814756,0.000130745088127951,0.00274071539199734,0.00396985064051032,0.00436319252270177,2.5566612244632e-05,0.0140736005908448,0.00200826165083209,0.0435090914587451,0.492803585440718,0.000266587110434668,0.00335838493082683,0.00906006973837395,0.000207510545901045,0.0745145268731984,0.00232611170636781,0.00704287312562653,0.236846888899167,1.42325519305031e-05,0.00371017531323317,0.00156083134503007,0.082147134398749,0.0704150192618468,0.0384470756371272,0.0731089590610109,0.00844677457762327,0.0387126480733852,0.00270863450426979,0.0391944838000596,6.04519013685873e-05,0.01157529443934,0.0137020158873137,0.00260578315715947,0.545837654744915,0.0122210928985648,0.00192192654746223,0.0159955157368711,0.0331266981048897,0.237113235757715,0.0327395148245989,0.139860865899754,0.104934194095392,0.00427698226855291,0.00510608238828282,0.0248499922500032
Rep 2	Misma hebra	-53	-0.12448349521124233	-0.24480228032452997	-0.0070977708071123516	0.032739514824598866	110	6239	0.009472143287694825	0.05533338889420175	Misma hebra 1	-48.5	FALSE	perm5	0.159674222449559,0.00650256236550718,0.00712066935159126,0.172152974814756,0.000130745088127951,0.00274071539199734,0.00396985064051032,0.00436319252270177,2.5566612244632e-05,0.0140736005908448,0.00200826165083209,0.0435090914587451,0.492803585440718,0.000266587110434668,0.00335838493082683,0.00906006973837395,0.000207510545901045,0.0745145268731984,0.00232611170636781,0.00704287312562653,0.236846888899167,1.42325519305031e-05,0.00371017531323317,0.00156083134503007,0.082147134398749,0.0704150192618468,0.0384470756371272,0.0731089590610109,0.00844677457762327,0.0387126480733852,0.00270863450426979,0.0391944838000596,6.04519013685873e-05,0.01157529443934,0.0137020158873137,0.00260578315715947,0.545837654744915,0.0122210928985648,0.00192192654746223,0.0159955157368711,0.0331266981048897,0.237113235757715,0.0327395148245989,0.139860865899754,0.104934194095392,0.00427698226855291,0.00510608238828282,0.0248499922500032
Rep 2	Misma hebra	-43	-0.08276469711704591	-0.19861961400115644	0.025531900549801995	0.13986086589975436	130	6239	0.011194351158184793	0.1525754900724593	Misma hebra 1	-38.5	FALSE	perm5	0.159674222449559,0.00650256236550718,0.00712066935159126,0.172152974814756,0.000130745088127951,0.00274071539199734,0.00396985064051032,0.00436319252270177,2.5566612244632e-05,0.0140736005908448,0.00200826165083209,0.0435090914587451,0.492803585440718,0.000266587110434668,0.00335838493082683,0.00906006973837395,0.000207510545901045,0.0745145268731984,0.00232611170636781,0.00704287312562653,0.236846888899167,1.42325519305031e-05,0.00371017531323317,0.00156083134503007,0.082147134398749,0.0704150192618468,0.0384470756371272,0.0731089590610109,0.00844677457762327,0.0387126480733852,0.00270863450426979,0.0391944838000596,6.04519013685873e-05,0.01157529443934,0.0137020158873137,0.00260578315715947,0.545837654744915,0.0122210928985648,0.00192192654746223,0.0159955157368711,0.0331266981048897,0.237113235757715,0.0327395148245989,0.139860865899754,0.104934194095392,0.00427698226855291,0.00510608238828282,0.0248499922500032
Rep 2	Misma hebra	-33	-0.07948558310859577	-0.17803411443711312	0.013489419919476582	0.10493419409539151	171	6239	0.014724877292689228	0.11992479325187601	Misma hebra 1	-28.5	FALSE	perm5	0.159674222449559,0.00650256236550718,0.00712066935159126,0.172152974814756,0.000130745088127951,0.00274071539199734,0.00396985064051032,0.00436319252270177,2.5566612244632e-05,0.0140736005908448,0.00200826165083209,0.0435090914587451,0.492803585440718,0.000266587110434668,0.00335838493082683,0.00906006973837395,0.000207510545901045,0.0745145268731984,0.00232611170636781,0.00704287312562653,0.236846888899167,1.42325519305031e-05,0.00371017531323317,0.00156083134503007,0.082147134398749,0.0704150192618468,0.0384470756371272,0.0731089590610109,0.00844677457762327,0.0387126480733852,0.00270863450426979,0.0391944838000596,6.04519013685873e-05,0.01157529443934,0.0137020158873137,0.00260578315715947,0.545837654744915,0.0122210928985648,0.00192192654746223,0.0159955157368711,0.0331266981048897,0.237113235757715,0.0327395148245989,0.139860865899754,0.104934194095392,0.00427698226855291,0.00510608238828282,0.0248499922500032
Rep 2	Misma hebra	-23	-0.15802127118816053	-0.2690119552397062	-0.04855723124360805	0.004276982268552909	117	6239	0.010074916042366313	0.02042432955313128	Misma hebra 1	-18.5	TRUE	perm5	0.159674222449559,0.00650256236550718,0.00712066935159126,0.172152974814756,0.000130745088127951,0.00274071539199734,0.00396985064051032,0.00436319252270177,2.5566612244632e-05,0.0140736005908448,0.00200826165083209,0.0435090914587451,0.492803585440718,0.000266587110434668,0.00335838493082683,0.00906006973837395,0.000207510545901045,0.0745145268731984,0.00232611170636781,0.00704287312562653,0.236846888899167,1.42325519305031e-05,0.00371017531323317,0.00156083134503007,0.082147134398749,0.0704150192618468,0.0384470756371272,0.0731089590610109,0.00844677457762327,0.0387126480733852,0.00270863450426979,0.0391944838000596,6.04519013685873e-05,0.01157529443934,0.0137020158873137,0.00260578315715947,0.545837654744915,0.0122210928985648,0.00192192654746223,0.0159955157368711,0.0331266981048897,0.237113235757715,0.0327395148245989,0.139860865899754,0.104934194095392,0.00427698226855291,0.00510608238828282,0.0248499922500032
Rep 2	Misma hebra	-13	-0.1686641376622705	-0.2907907850246008	-0.048695962683484674	0.00510608238828282	108	6239	0.009299922500645827	0.02042432955313128	Misma hebra 1	-8.5	TRUE	perm5	0.159674222449559,0.00650256236550718,0.00712066935159126,0.172152974814756,0.000130745088127951,0.00274071539199734,0.00396985064051032,0.00436319252270177,2.5566612244632e-05,0.0140736005908448,0.00200826165083209,0.0435090914587451,0.492803585440718,0.000266587110434668,0.00335838493082683,0.00906006973837395,0.000207510545901045,0.0745145268731984,0.00232611170636781,0.00704287312562653,0.236846888899167,1.42325519305031e-05,0.00371017531323317,0.00156083134503007,0.082147134398749,0.0704150192618468,0.0384470756371272,0.0731089590610109,0.00844677457762327,0.0387126480733852,0.00270863450426979,0.0391944838000596,6.04519013685873e-05,0.01157529443934,0.0137020158873137,0.00260578315715947,0.545837654744915,0.0122210928985648,0.00192192654746223,0.0159955157368711,0.0331266981048897,0.237113235757715,0.0327395148245989,0.139860865899754,0.104934194095392,0.00427698226855291,0.00510608238828282,0.0248499922500032
Rep 2	Misma hebra	-3	-0.1351606202123332	-0.25772879932655807	-0.015279016274288484	0.024849992250003183	100	6239	0.008611039352449841	0.049699984500006365	Misma hebra 1	1.5	TRUE	perm5	0.159674222449559,0.00650256236550718,0.00712066935159126,0.172152974814756,0.000130745088127951,0.00274071539199734,0.00396985064051032,0.00436319252270177,2.5566612244632e-05,0.0140736005908448,0.00200826165083209,0.0435090914587451,0.492803585440718,0.000266587110434668,0.00335838493082683,0.00906006973837395,0.000207510545901045,0.0745145268731984,0.00232611170636781,0.00704287312562653,0.236846888899167,1.42325519305031e-05,0.00371017531323317,0.00156083134503007,0.082147134398749,0.0704150192618468,0.0384470756371272,0.0731089590610109,0.00844677457762327,0.0387126480733852,0.00270863450426979,0.0391944838000596,6.04519013685873e-05,0.01157529443934,0.0137020158873137,0.00260578315715947,0.545837654744915,0.0122210928985648,0.00192192654746223,0.0159955157368711,0.0331266981048897,0.237113235757715,0.0327395148245989,0.139860865899754,0.104934194095392,0.00427698226855291,0.00510608238828282,0.0248499922500032
Rep 1	Misma hebra	-233	-0.15519230297615016	-0.20742144967813272	-0.1032115838186123	4.696903604746e-9	281	4850	0.028606332077776648	1.12725686513904e-7	Misma hebra 1	-228.5	TRUE	perm6	4.696903604746e-09,0.0281871303413327,0.00717589001917028,2.45718996524342e-06,0.000171318698811666,0.0374912246632211,0.00898632095417424,0.000537095397762468,0.00129307803635208,1.08534563299161e-06,0.00593345246015521,6.98575890876335e-06,0.0994549349625898,1.04972753912818e-05,5.93352683392967e-05,0.000590578037544419,1.07112235721393e-07,1.01886848938478e-05,4.62368826828192e-06,0.0490903597124041,0.157064822362676,0.0611487533994544,0.000847767663247746,0.0018928561553997,2.4834731233368e-06,0.0349022149654553,0.0319846117819187,0.000534097300009116,4.03735062406251e-07,0.000199212011136696,0.000112910270634475,0.000138944333468846,0.00208128000942617,0.00108670276936523,0.346791031695851,1.56600224874991e-08,0.0938829447970784,6.97640692132726e-06,6.20010364793679e-05,0.00400366799973284,9.88575103330295e-09,1.39836509087091e-05,0.000986971217421722,0.00547106667317554,0.195453280179078,0.00125334972641076,7.5005904367631e-06,0.00344886931179098
Rep 1	Misma hebra	-223	-0.06781742618494631	-0.1292046020327805	-0.007205061640059619	0.028187130341332654	256	4850	0.026061284739896162	0.035604796220630716	Misma hebra 1	-218.5	TRUE	perm6	4.696903604746e-09,0.0281871303413327,0.00717589001917028,2.45718996524342e-06,0.000171318698811666,0.0374912246632211,0.00898632095417424,0.000537095397762468,0.00129307803635208,1.08534563299161e-06,0.00593345246015521,6.98575890876335e-06,0.0994549349625898,1.04972753912818e-05,5.93352683392967e-05,0.000590578037544419,1.07112235721393e-07,1.01886848938478e-05,4.62368826828192e-06,0.0490903597124041,0.157064822362676,0.0611487533994544,0.000847767663247746,0.0018928561553997,2.4834731233368e-06,0.0349022149654553,0.0319846117819187,0.000534097300009116,4.03735062406251e-07,0.000199212011136696,0.000112910270634475,0.000138944333468846,0.00208128000942617,0.00108670276936523,0.346791031695851,1.56600224874991e-08,0.0938829447970784,6.97640692132726e-06,6.20010364793679e-05,0.00400366799973284,9.88575103330295e-09,1.39836509087091e-05,0.000986971217421722,0.00547106667317554,0.195453280179078,0.00125334972641076,7.5005904367631e-06,0.00344886931179098
Rep 1	Misma hebra	-213	-0.07851121769160335	-0.1361073809761373	-0.021197466123111137	0.007175890019170281	262	4850	0.026672096100987478	0.010130668262358044	Misma hebra 1	-208.5	TRUE	perm6	4.696903604746e-09,0.0281871303413327,0.00717589001917028,2.45718996524342e-06,0.000171318698811666,0.0374912246632211,0.00898632095417424,0.000537095397762468,0.00129307803635208,1.08534563299161e-06,0.00593345246015521,6.98575890876335e-06,0.0994549349625898,1.04972753912818e-05,5.93352683392967e-05,0.000590578037544419,1.07112235721393e-07,1.01886848938478e-05,4.62368826828192e-06,0.0490903597124041,0.157064822362676,0.0611487533994544,0.000847767663247746,0.0018928561553997,2.4834731233368e-06,0.0349022149654553,0.0319846117819187,0.000534097300009116,4.03735062406251e-07,0.000199212011136696,0.000112910270634475,0.000138944333468846,0.00208128000942617,0.00108670276936523,0.346791031695851,1.56600224874991e-08,0.0938829447970784,6.97640692132726e-06,6.20010364793679e-05,0.00400366799973284,9.88575103330295e-09,1.39836509087091e-05,0.000986971217421722,0.00547106667317554,0.195453280179078,0.00125334972641076,7.5005904367631e-06,0.00344886931179098
Rep 1	Misma hebra	-203	-0.14204848324392222	-0.20082080726586804	-0.08386968448784278	2.457189965243425e-6	266	4850	0.027079303675048357	1.474313979146055e-5	Misma hebra 1	-198.5	TRUE	perm6	4.696903604746e-09,0.0281871303413327,0.00717589001917028,2.45718996524342e-06,0.000171318698811666,0.0374912246632211,0.00898632095417424,0.000537095397762468,0.00129307803635208,1.08534563299161e-06,0.00593345246015521,6.98575890876335e-06,0.0994549349625898,1.04972753912818e-05,5.93352683392967e-05,0.000590578037544419,1.07112235721393e-07,1.01886848938478e-05,4.62368826828192e-06,0.0490903597124041,0.157064822362676,0.0611487533994544,0.000847767663247746,0.0018928561553997,2.4834731233368e-06,0.0349022149654553,0.0319846117819187,0.000534097300009116,4.03735062406251e-07,0.000199212011136696,0.000112910270634475,0.000138944333468846,0.00208128000942617,0.00108670276936523,0.346791031695851,1.56600224874991e-08,0.0938829447970784,6.97640692132726e-06,6.20010364793679e-05,0.00400366799973284,9.88575103330295e-09,1.39836509087091e-05,0.000986971217421722,0.00547106667317554,0.195453280179078,0.00125334972641076,7.5005904367631e-06,0.00344886931179098
Rep 1	Misma hebra	-193	-0.12146348193497863	-0.1842881436577387	-0.05829804922970845	1.713186988116657e-4	214	4850	0.021785605212256948	4.111648771479977e-4	Misma hebra 1	-188.5	TRUE	perm6	4.696903604746e-09,0.0281871303413327,0.00717589001917028,2.45718996524342e-06,0.000171318698811666,0.0374912246632211,0.00898632095417424,0.000537095397762468,0.00129307803635208,1.08534563299161e-06,0.00593345246015521,6.98575890876335e-06,0.0994549349625898,1.04972753912818e-05,5.93352683392967e-05,0.000590578037544419,1.07112235721393e-07,1.01886848938478e-05,4.62368826828192e-06,0.0490903597124041,0.157064822362676,0.0611487533994544,0.000847767663247746,0.0018928561553997,2.4834731233368e-06,0.0349022149654553,0.0319846117819187,0.000534097300009116,4.03735062406251e-07,0.000199212011136696,0.000112910270634475,0.000138944333468846,0.00208128000942617,0.00108670276936523,0.346791031695851,1.56600224874991e-08,0.0938829447970784,6.97640692132726e-06,6.20010364793679e-05,0.00400366799973284,9.88575103330295e-09,1.39836509087091e-05,0.000986971217421722,0.00547106667317554,0.195453280179078,0.00125334972641076,7.5005904367631e-06,0.00344886931179098
Rep 1	Misma hebra	-183	-0.06325993400298772	-0.12433432200330241	-0.00352442682796012	0.03749122466322114	240	4850	0.024432454443652652	0.04498946959586537	Misma hebra 1	-178.5	TRUE	perm6	4.696903604746e-09,0.0281871303413327,0.00717589001917028,2.45718996524342e-06,0.000171318698811666,0.0374912246632211,0.00898632095417424,0.000537095397762468,0.00129307803635208,1.08534563299161e-06,0.00593345246015521,6.98575890876335e-06,0.0994549349625898,1.04972753912818e-05,5.93352683392967e-05,0.000590578037544419,1.07112235721393e-07,1.01886848938478e-05,4.62368826828192e-06,0.0490903597124041,0.157064822362676,0.0611487533994544,0.000847767663247746,0.0018928561553997,2.4834731233368e-06,0.0349022149654553,0.0319846117819187,0.000534097300009116,4.03735062406251e-07,0.000199212011136696,0.000112910270634475,0.000138944333468846,0.00208128000942617,0.00108670276936523,0.346791031695851,1.56600224874991e-08,0.0938829447970784,6.97640692132726e-06,6.20010364793679e-05,0.00400366799973284,9.88575103330295e-09,1.39836509087091e-05,0.000986971217421722,0.00547106667317554,0.195453280179078,0.00125334972641076,7.5005904367631e-06,0.00344886931179098
Rep 1	Misma hebra	-173	-0.08690458001812283	-0.1510051244658329	-0.021877263094841982	0.008986320954174244	250	4850	0.025450473378804846	0.011981761272232324	Misma hebra 1	-168.5	TRUE	perm6	4.696903604746e-09,0.0281871303413327,0.00717589001917028,2.45718996524342e-06,0.000171318698811666,0.0374912246632211,0.00898632095417424,0.000537095397762468,0.00129307803635208,1.08534563299161e-06,0.00593345246015521,6.98575890876335e-06,0.0994549349625898,1.04972753912818e-05,5.93352683392967e-05,0.000590578037544419,1.07112235721393e-07,1.01886848938478e-05,4.62368826828192e-06,0.0490903597124041,0.157064822362676,0.0611487533994544,0.000847767663247746,0.0018928561553997,2.4834731233368e-06,0.0349022149654553,0.0319846117819187,0.000534097300009116,4.03735062406251e-07,0.000199212011136696,0.000112910270634475,0.000138944333468846,0.00208128000942617,0.00108670276936523,0.346791031695851,1.56600224874991e-08,0.0938829447970784,6.97640692132726e-06,6.20010364793679e-05,0.00400366799973284,9.88575103330295e-09,1.39836509087091e-05,0.000986971217421722,0.00547106667317554,0.195453280179078,0.00125334972641076,7.5005904367631e-06,0.00344886931179098
Rep 1	Misma hebra	-163	-0.11208452330483873	-0.17572947365429972	-0.04878371522777578	5.370953977624682e-4	215	4850	0.021887407105772166	0.0011718445042090213	Misma hebra 1	-158.5	TRUE	perm6	4.696903604746e-09,0.0281871303413327,0.00717589001917028,2.45718996524342e-06,0.000171318698811666,0.0374912246632211,0.00898632095417424,0.000537095397762468,0.00129307803635208,1.08534563299161e-06,0.00593345246015521,6.98575890876335e-06,0.0994549349625898,1.04972753912818e-05,5.93352683392967e-05,0.000590578037544419,1.07112235721393e-07,1.01886848938478e-05,4.62368826828192e-06,0.0490903597124041,0.157064822362676,0.0611487533994544,0.000847767663247746,0.0018928561553997,2.4834731233368e-06,0.0349022149654553,0.0319846117819187,0.000534097300009116,4.03735062406251e-07,0.000199212011136696,0.000112910270634475,0.000138944333468846,0.00208128000942617,0.00108670276936523,0.346791031695851,1.56600224874991e-08,0.0938829447970784,6.97640692132726e-06,6.20010364793679e-05,0.00400366799973284,9.88575103330295e-09,1.39836509087091e-05,0.000986971217421722,0.00547106667317554,0.195453280179078,0.00125334972641076,7.5005904367631e-06,0.00344886931179098
Rep 1	Misma hebra	-153	-0.10750390864181994	-0.17366707468278808	-0.04221186940510078	0.0012930780363520772	213	4850	0.02168380331874173	0.002216705205174989	Misma hebra 1	-148.5	TRUE	perm6	4.696903604746e-09,0.0281871303413327,0.00717589001917028,2.45718996524342e-06,0.000171318698811666,0.0374912246632211,0.00898632095417424,0.000537095397762468,0.00129307803635208,1.08534563299161e-06,0.00593345246015521,6.98575890876335e-06,0.0994549349625898,1.04972753912818e-05,5.93352683392967e-05,0.000590578037544419,1.07112235721393e-07,1.01886848938478e-05,4.62368826828192e-06,0.0490903597124041,0.157064822362676,0.0611487533994544,0.000847767663247746,0.0018928561553997,2.4834731233368e-06,0.0349022149654553,0.0319846117819187,0.000534097300009116,4.03735062406251e-07,0.000199212011136696,0.000112910270634475,0.000138944333468846,0.00208128000942617,0.00108670276936523,0.346791031695851,1.56600224874991e-08,0.0938829447970784,6.97640692132726e-06,6.20010364793679e-05,0.00400366799973284,9.88575103330295e-09,1.39836509087091e-05,0.000986971217421722,0.00547106667317554,0.195453280179078,0.00125334972641076,7.5005904367631e-06,0.00344886931179098
Rep 1	Misma hebra	-143	-0.16348055695193472	-0.2296610971391185	-0.09865416424952979	1.0853456329916072e-6	190	4850	0.019342359767891684	8.682765063932858e-6	Misma hebra 1	-138.5	TRUE	perm6	4.696903604746e-09,0.0281871303413327,0.00717589001917028,2.45718996524342e-06,0.000171318698811666,0.0374912246632211,0.00898632095417424,0.000537095397762468,0.00129307803635208,1.08534563299161e-06,0.00593345246015521,6.98575890876335e-06,0.0994549349625898,1.04972753912818e-05,5.93352683392967e-05,0.000590578037544419,1.07112235721393e-07,1.01886848938478e-05,4.62368826828192e-06,0.0490903597124041,0.157064822362676,0.0611487533994544,0.000847767663247746,0.0018928561553997,2.4834731233368e-06,0.0349022149654553,0.0319846117819187,0.000534097300009116,4.03735062406251e-07,0.000199212011136696,0.000112910270634475,0.000138944333468846,0.00208128000942617,0.00108670276936523,0.346791031695851,1.56600224874991e-08,0.0938829447970784,6.97640692132726e-06,6.20010364793679e-05,0.00400366799973284,9.88575103330295e-09,1.39836509087091e-05,0.000986971217421722,0.00547106667317554,0.195453280179078,0.00125334972641076,7.5005904367631e-06,0.00344886931179098
Rep 1	Misma hebra	-133	-0.09812765755640734	-0.16735062979568435	-0.028471804656559744	0.005933452460155207	187	4850	0.019036954087346025	0.00890017869023281	Misma hebra 1	-128.5	TRUE	perm6	4.696903604746e-09,0.0281871303413327,0.00717589001917028,2.45718996524342e-06,0.000171318698811666,0.0374912246632211,0.00898632095417424,0.000537095397762468,0.00129307803635208,1.08534563299161e-06,0.00593345246015521,6.98575890876335e-06,0.0994549349625898,1.04972753912818e-05,5.93352683392967e-05,0.000590578037544419,1.07112235721393e-07,1.01886848938478e-05,4.62368826828192e-06,0.0490903597124041,0.157064822362676,0.0611487533994544,0.000847767663247746,0.0018928561553997,2.4834731233368e-06,0.0349022149654553,0.0319846117819187,0.000534097300009116,4.03735062406251e-07,0.000199212011136696,0.000112910270634475,0.000138944333468846,0.00208128000942617,0.00108670276936523,0.346791031695851,1.56600224874991e-08,0.0938829447970784,6.97640692132726e-06,6.20010364793679e-05,0.00400366799973284,9.88575103330295e-09,1.39836509087091e-05,0.000986971217421722,0.00547106667317554,0.195453280179078,0.00125334972641076,7.5005904367631e-06,0.00344886931179098
Rep 1	Misma hebra	-123	-0.15111983465225257	-0.21856947030167664	-0.08561334021554307	6.985758908763351e-6	179	4850	0.01822253893922427	2.7943035635053403e-5	Misma hebra 1	-118.5	TRUE	perm6	4.696903604746e-09,0.0281871303413327,0.00717589001917028,2.45718996524342e-06,0.000171318698811666,0.0374912246632211,0.00898632095417424,0.000537095397762468,0.00129307803635208,1.08534563299161e-06,0.00593345246015521,6.98575890876335e-06,0.0994549349625898,1.04972753912818e-05,5.93352683392967e-05,0.000590578037544419,1.07112235721393e-07,1.01886848938478e-05,4.62368826828192e-06,0.0490903597124041,0.157064822362676,0.0611487533994544,0.000847767663247746,0.0018928561553997,2.4834731233368e-06,0.0349022149654553,0.0319846117819187,0.000534097300009116,4.03735062406251e-07,0.000199212011136696,0.000112910270634475,0.000138944333468846,0.00208128000942617,0.00108670276936523,0.346791031695851,1.56600224874991e-08,0.0938829447970784,6.97640692132726e-06,6.20010364793679e-05,0.00400366799973284,9.88575103330295e-09,1.39836509087091e-05,0.000986971217421722,0.00547106667317554,0.195453280179078,0.00125334972641076,7.5005904367631e-06,0.00344886931179098
Rep 1	Misma hebra	-113	-0.0710530141485906	-0.15421629206825302	0.013584596535560635	0.09945493496258978	151	4850	0.015372085920798128	0.1037790625696589	Misma hebra 1	-108.5	FALSE	perm6	4.696903604746e-09,0.0281871303413327,0.00717589001917028,2.45718996524342e-06,0.000171318698811666,0.0374912246632211,0.00898632095417424,0.000537095397762468,0.00129307803635208,1.08534563299161e-06,0.00593345246015521,6.98575890876335e-06,0.0994549349625898,1.04972753912818e-05,5.93352683392967e-05,0.000590578037544419,1.07112235721393e-07,1.01886848938478e-05,4.62368826828192e-06,0.0490903597124041,0.157064822362676,0.0611487533994544,0.000847767663247746,0.0018928561553997,2.4834731233368e-06,0.0349022149654553,0.0319846117819187,0.000534097300009116,4.03735062406251e-07,0.000199212011136696,0.000112910270634475,0.000138944333468846,0.00208128000942617,0.00108670276936523,0.346791031695851,1.56600224874991e-08,0.0938829447970784,6.97640692132726e-06,6.20010364793679e-05,0.00400366799973284,9.88575103330295e-09,1.39836509087091e-05,0.000986971217421722,0.00547106667317554,0.195453280179078,0.00125334972641076,7.5005904367631e-06,0.00344886931179098
Rep 1	Misma hebra	-103	-0.14607225423927342	-0.21193627305525914	-0.08143653405046596	1.0497275391281795e-5	196	4850	0.019953171128983	3.149182617384539e-5	Misma hebra 1	-98.5	TRUE	perm6	4.696903604746e-09,0.0281871303413327,0.00717589001917028,2.45718996524342e-06,0.000171318698811666,0.0374912246632211,0.00898632095417424,0.000537095397762468,0.00129307803635208,1.08534563299161e-06,0.00593345246015521,6.98575890876335e-06,0.0994549349625898,1.04972753912818e-05,5.93352683392967e-05,0.000590578037544419,1.07112235721393e-07,1.01886848938478e-05,4.62368826828192e-06,0.0490903597124041,0.157064822362676,0.0611487533994544,0.000847767663247746,0.0018928561553997,2.4834731233368e-06,0.0349022149654553,0.0319846117819187,0.000534097300009116,4.03735062406251e-07,0.000199212011136696,0.000112910270634475,0.000138944333468846,0.00208128000942617,0.00108670276936523,0.346791031695851,1.56600224874991e-08,0.0938829447970784,6.97640692132726e-06,6.20010364793679e-05,0.00400366799973284,9.88575103330295e-09,1.39836509087091e-05,0.000986971217421722,0.00547106667317554,0.195453280179078,0.00125334972641076,7.5005904367631e-06,0.00344886931179098
Rep 1	Misma hebra	-93	-0.1407012822078994	-0.21079151304943028	-0.07191664642748535	5.933526833929666e-5	164	4850	0.01669551053649598	1.5822738223812441e-4	Misma hebra 1	-88.5	TRUE	perm6	4.696903604746e-09,0.0281871303413327,0.00717589001917028,2.45718996524342e-06,0.000171318698811666,0.0374912246632211,0.00898632095417424,0.000537095397762468,0.00129307803635208,1.08534563299161e-06,0.00593345246015521,6.98575890876335e-06,0.0994549349625898,1.04972753912818e-05,5.93352683392967e-05,0.000590578037544419,1.07112235721393e-07,1.01886848938478e-05,4.62368826828192e-06,0.0490903597124041,0.157064822362676,0.0611487533994544,0.000847767663247746,0.0018928561553997,2.4834731233368e-06,0.0349022149654553,0.0319846117819187,0.000534097300009116,4.03735062406251e-07,0.000199212011136696,0.000112910270634475,0.000138944333468846,0.00208128000942617,0.00108670276936523,0.346791031695851,1.56600224874991e-08,0.0938829447970784,6.97640692132726e-06,6.20010364793679e-05,0.00400366799973284,9.88575103330295e-09,1.39836509087091e-05,0.000986971217421722,0.00547106667317554,0.195453280179078,0.00125334972641076,7.5005904367631e-06,0.00344886931179098
Rep 1	Misma hebra	-83	-0.12063332764106777	-0.19015493905464217	-0.05220145904645122	5.905780375444187e-4	173	4850	0.017611727578132952	0.0011811560750888373	Misma hebra 1	-78.5	TRUE	perm6	4.696903604746e-09,0.0281871303413327,0.00717589001917028,2.45718996524342e-06,0.000171318698811666,0.0374912246632211,0.00898632095417424,0.000537095397762468,0.00129307803635208,1.08534563299161e-06,0.00593345246015521,6.98575890876335e-06,0.0994549349625898,1.04972753912818e-05,5.93352683392967e-05,0.000590578037544419,1.07112235721393e-07,1.01886848938478e-05,4.62368826828192e-06,0.0490903597124041,0.157064822362676,0.0611487533994544,0.000847767663247746,0.0018928561553997,2.4834731233368e-06,0.0349022149654553,0.0319846117819187,0.000534097300009116,4.03735062406251e-07,0.000199212011136696,0.000112910270634475,0.000138944333468846,0.00208128000942617,0.00108670276936523,0.346791031695851,1.56600224874991e-08,0.0938829447970784,6.97640692132726e-06,6.20010364793679e-05,0.00400366799973284,9.88575103330295e-09,1.39836509087091e-05,0.000986971217421722,0.00547106667317554,0.195453280179078,0.00125334972641076,7.5005904367631e-06,0.00344886931179098
Rep 1	Misma hebra	-73	-0.200750552620163	-0.27495446312173094	-0.1281596066987417	1.071122357213935e-7	144	4850	0.014659472666191591	1.2853468286567218e-6	Misma hebra 1	-68.5	TRUE	perm6	4.696903604746e-09,0.0281871303413327,0.00717589001917028,2.45718996524342e-06,0.000171318698811666,0.0374912246632211,0.00898632095417424,0.000537095397762468,0.00129307803635208,1.08534563299161e-06,0.00593345246015521,6.98575890876335e-06,0.0994549349625898,1.04972753912818e-05,5.93352683392967e-05,0.000590578037544419,1.07112235721393e-07,1.01886848938478e-05,4.62368826828192e-06,0.0490903597124041,0.157064822362676,0.0611487533994544,0.000847767663247746,0.0018928561553997,2.4834731233368e-06,0.0349022149654553,0.0319846117819187,0.000534097300009116,4.03735062406251e-07,0.000199212011136696,0.000112910270634475,0.000138944333468846,0.00208128000942617,0.00108670276936523,0.346791031695851,1.56600224874991e-08,0.0938829447970784,6.97640692132726e-06,6.20010364793679e-05,0.00400366799973284,9.88575103330295e-09,1.39836509087091e-05,0.000986971217421722,0.00547106667317554,0.195453280179078,0.00125334972641076,7.5005904367631e-06,0.00344886931179098
Rep 1	Misma hebra	-63	-0.16793329069719753	-0.24397056599376093	-0.09337217126689436	1.0188684893847832e-5	126	4850	0.012827038582917642	3.149182617384539e-5	Misma hebra 1	-58.5	TRUE	perm6	4.696903604746e-09,0.0281871303413327,0.00717589001917028,2.45718996524342e-06,0.000171318698811666,0.0374912246632211,0.00898632095417424,0.000537095397762468,0.00129307803635208,1.08534563299161e-06,0.00593345246015521,6.98575890876335e-06,0.0994549349625898,1.04972753912818e-05,5.93352683392967e-05,0.000590578037544419,1.07112235721393e-07,1.01886848938478e-05,4.62368826828192e-06,0.0490903597124041,0.157064822362676,0.0611487533994544,0.000847767663247746,0.0018928561553997,2.4834731233368e-06,0.0349022149654553,0.0319846117819187,0.000534097300009116,4.03735062406251e-07,0.000199212011136696,0.000112910270634475,0.000138944333468846,0.00208128000942617,0.00108670276936523,0.346791031695851,1.56600224874991e-08,0.0938829447970784,6.97640692132726e-06,6.20010364793679e-05,0.00400366799973284,9.88575103330295e-09,1.39836509087091e-05,0.000986971217421722,0.00547106667317554,0.195453280179078,0.00125334972641076,7.5005904367631e-06,0.00344886931179098
Rep 1	Misma hebra	-53	-0.192116880832959	-0.27720108164497553	-0.11066153551963273	4.62368826828192e-6	115	4850	0.011707217754250229	2.2193703687753215e-5	Misma hebra 1	-48.5	TRUE	perm6	4.696903604746e-09,0.0281871303413327,0.00717589001917028,2.45718996524342e-06,0.000171318698811666,0.0374912246632211,0.00898632095417424,0.000537095397762468,0.00129307803635208,1.08534563299161e-06,0.00593345246015521,6.98575890876335e-06,0.0994549349625898,1.04972753912818e-05,5.93352683392967e-05,0.000590578037544419,1.07112235721393e-07,1.01886848938478e-05,4.62368826828192e-06,0.0490903597124041,0.157064822362676,0.0611487533994544,0.000847767663247746,0.0018928561553997,2.4834731233368e-06,0.0349022149654553,0.0319846117819187,0.000534097300009116,4.03735062406251e-07,0.000199212011136696,0.000112910270634475,0.000138944333468846,0.00208128000942617,0.00108670276936523,0.346791031695851,1.56600224874991e-08,0.0938829447970784,6.97640692132726e-06,6.20010364793679e-05,0.00400366799973284,9.88575103330295e-09,1.39836509087091e-05,0.000986971217421722,0.00547106667317554,0.195453280179078,0.00125334972641076,7.5005904367631e-06,0.00344886931179098
Rep 1	Misma hebra	-43	-0.077391032073143	-0.15464685211997534	-2.896044596943099e-4	0.049090359712404115	161	4850	0.01639010485595032	0.056103268242747556	Misma hebra 1	-38.5	FALSE	perm6	4.696903604746e-09,0.0281871303413327,0.00717589001917028,2.45718996524342e-06,0.000171318698811666,0.0374912246632211,0.00898632095417424,0.000537095397762468,0.00129307803635208,1.08534563299161e-06,0.00593345246015521,6.98575890876335e-06,0.0994549349625898,1.04972753912818e-05,5.93352683392967e-05,0.000590578037544419,1.07112235721393e-07,1.01886848938478e-05,4.62368826828192e-06,0.0490903597124041,0.157064822362676,0.0611487533994544,0.000847767663247746,0.0018928561553997,2.4834731233368e-06,0.0349022149654553,0.0319846117819187,0.000534097300009116,4.03735062406251e-07,0.000199212011136696,0.000112910270634475,0.000138944333468846,0.00208128000942617,0.00108670276936523,0.346791031695851,1.56600224874991e-08,0.0938829447970784,6.97640692132726e-06,6.20010364793679e-05,0.00400366799973284,9.88575103330295e-09,1.39836509087091e-05,0.000986971217421722,0.00547106667317554,0.195453280179078,0.00125334972641076,7.5005904367631e-06,0.00344886931179098
Rep 1	Misma hebra	-33	-0.055682896873375534	-0.13292812537158827	0.02154665036290812	0.15706482236267613	172	4850	0.017509925684617733	0.15706482236267613	Misma hebra 1	-28.5	FALSE	perm6	4.696903604746e-09,0.0281871303413327,0.00717589001917028,2.45718996524342e-06,0.000171318698811666,0.0374912246632211,0.00898632095417424,0.000537095397762468,0.00129307803635208,1.08534563299161e-06,0.00593345246015521,6.98575890876335e-06,0.0994549349625898,1.04972753912818e-05,5.93352683392967e-05,0.000590578037544419,1.07112235721393e-07,1.01886848938478e-05,4.62368826828192e-06,0.0490903597124041,0.157064822362676,0.0611487533994544,0.000847767663247746,0.0018928561553997,2.4834731233368e-06,0.0349022149654553,0.0319846117819187,0.000534097300009116,4.03735062406251e-07,0.000199212011136696,0.000112910270634475,0.000138944333468846,0.00208128000942617,0.00108670276936523,0.346791031695851,1.56600224874991e-08,0.0938829447970784,6.97640692132726e-06,6.20010364793679e-05,0.00400366799973284,9.88575103330295e-09,1.39836509087091e-05,0.000986971217421722,0.00547106667317554,0.195453280179078,0.00125334972641076,7.5005904367631e-06,0.00344886931179098
Rep 1	Misma hebra	-23	-0.08466475871565261	-0.17394107209496537	0.003835069120943306	0.06114875339945445	128	4850	0.013030642369948081	0.06670773098122303	Misma hebra 1	-18.5	FALSE	perm6	4.696903604746e-09,0.0281871303413327,0.00717589001917028,2.45718996524342e-06,0.000171318698811666,0.0374912246632211,0.00898632095417424,0.000537095397762468,0.00129307803635208,1.08534563299161e-06,0.00593345246015521,6.98575890876335e-06,0.0994549349625898,1.04972753912818e-05,5.93352683392967e-05,0.000590578037544419,1.07112235721393e-07,1.01886848938478e-05,4.62368826828192e-06,0.0490903597124041,0.157064822362676,0.0611487533994544,0.000847767663247746,0.0018928561553997,2.4834731233368e-06,0.0349022149654553,0.0319846117819187,0.000534097300009116,4.03735062406251e-07,0.000199212011136696,0.000112910270634475,0.000138944333468846,0.00208128000942617,0.00108670276936523,0.346791031695851,1.56600224874991e-08,0.0938829447970784,6.97640692132726e-06,6.20010364793679e-05,0.00400366799973284,9.88575103330295e-09,1.39836509087091e-05,0.000986971217421722,0.00547106667317554,0.195453280179078,0.00125334972641076,7.5005904367631e-06,0.00344886931179098
Rep 1	Misma hebra	-13	-0.12340206615572244	-0.19671927987762086	-0.05061632629151684	8.477676632477457e-4	163	4850	0.01659370864298076	0.0015651095321496844	Misma hebra 1	-8.5	TRUE	perm6	4.696903604746e-09,0.0281871303413327,0.00717589001917028,2.45718996524342e-06,0.000171318698811666,0.0374912246632211,0.00898632095417424,0.000537095397762468,0.00129307803635208,1.08534563299161e-06,0.00593345246015521,6.98575890876335e-06,0.0994549349625898,1.04972753912818e-05,5.93352683392967e-05,0.000590578037544419,1.07112235721393e-07,1.01886848938478e-05,4.62368826828192e-06,0.0490903597124041,0.157064822362676,0.0611487533994544,0.000847767663247746,0.0018928561553997,2.4834731233368e-06,0.0349022149654553,0.0319846117819187,0.000534097300009116,4.03735062406251e-07,0.000199212011136696,0.000112910270634475,0.000138944333468846,0.00208128000942617,0.00108670276936523,0.346791031695851,1.56600224874991e-08,0.0938829447970784,6.97640692132726e-06,6.20010364793679e-05,0.00400366799973284,9.88575103330295e-09,1.39836509087091e-05,0.000986971217421722,0.00547106667317554,0.195453280179078,0.00125334972641076,7.5005904367631e-06,0.00344886931179098
Rep 1	Misma hebra	-3	-0.14454199603996007	-0.2352863723901236	-0.05398164059516025	0.0018928561553997008	100	4850	0.010180189351521938	0.0030285698486395216	Misma hebra 1	1.5	TRUE	perm6	4.696903604746e-09,0.0281871303413327,0.00717589001917028,2.45718996524342e-06,0.000171318698811666,0.0374912246632211,0.00898632095417424,0.000537095397762468,0.00129307803635208,1.08534563299161e-06,0.00593345246015521,6.98575890876335e-06,0.0994549349625898,1.04972753912818e-05,5.93352683392967e-05,0.000590578037544419,1.07112235721393e-07,1.01886848938478e-05,4.62368826828192e-06,0.0490903597124041,0.157064822362676,0.0611487533994544,0.000847767663247746,0.0018928561553997,2.4834731233368e-06,0.0349022149654553,0.0319846117819187,0.000534097300009116,4.03735062406251e-07,0.000199212011136696,0.000112910270634475,0.000138944333468846,0.00208128000942617,0.00108670276936523,0.346791031695851,1.56600224874991e-08,0.0938829447970784,6.97640692132726e-06,6.20010364793679e-05,0.00400366799973284,9.88575103330295e-09,1.39836509087091e-05,0.000986971217421722,0.00547106667317554,0.195453280179078,0.00125334972641076,7.5005904367631e-06,0.00344886931179098
Rep 2	Misma hebra	-233	-0.15735611386608717	-0.225907597858457	-0.09115448912717895	2.4834731233367956e-6	339	5638	0.02919142340480496	1.4900838740020774e-5	Misma hebra 1	-228.5	TRUE	perm6	4.696903604746e-09,0.0281871303413327,0.00717589001917028,2.45718996524342e-06,0.000171318698811666,0.0374912246632211,0.00898632095417424,0.000537095397762468,0.00129307803635208,1.08534563299161e-06,0.00593345246015521,6.98575890876335e-06,0.0994549349625898,1.04972753912818e-05,5.93352683392967e-05,0.000590578037544419,1.07112235721393e-07,1.01886848938478e-05,4.62368826828192e-06,0.0490903597124041,0.157064822362676,0.0611487533994544,0.000847767663247746,0.0018928561553997,2.4834731233368e-06,0.0349022149654553,0.0319846117819187,0.000534097300009116,4.03735062406251e-07,0.000199212011136696,0.000112910270634475,0.000138944333468846,0.00208128000942617,0.00108670276936523,0.346791031695851,1.56600224874991e-08,0.0938829447970784,6.97640692132726e-06,6.20010364793679e-05,0.00400366799973284,9.88575103330295e-09,1.39836509087091e-05,0.000986971217421722,0.00547106667317554,0.195453280179078,0.00125334972641076,7.5005904367631e-06,0.00344886931179098
Rep 2	Misma hebra	-223	-0.07633238523802541	-0.15034243080830118	-0.002869193360164289	0.03490221496545531	346	5638	0.029794196159476448	0.03988824567480606	Misma hebra 1	-218.5	TRUE	perm6	4.696903604746e-09,0.0281871303413327,0.00717589001917028,2.45718996524342e-06,0.000171318698811666,0.0374912246632211,0.00898632095417424,0.000537095397762468,0.00129307803635208,1.08534563299161e-06,0.00593345246015521,6.98575890876335e-06,0.0994549349625898,1.04972753912818e-05,5.93352683392967e-05,0.000590578037544419,1.07112235721393e-07,1.01886848938478e-05,4.62368826828192e-06,0.0490903597124041,0.157064822362676,0.0611487533994544,0.000847767663247746,0.0018928561553997,2.4834731233368e-06,0.0349022149654553,0.0319846117819187,0.000534097300009116,4.03735062406251e-07,0.000199212011136696,0.000112910270634475,0.000138944333468846,0.00208128000942617,0.00108670276936523,0.346791031695851,1.56600224874991e-08,0.0938829447970784,6.97640692132726e-06,6.20010364793679e-05,0.00400366799973284,9.88575103330295e-09,1.39836509087091e-05,0.000986971217421722,0.00547106667317554,0.195453280179078,0.00125334972641076,7.5005904367631e-06,0.00344886931179098
Rep 2	Misma hebra	-213	-0.07655915016561536	-0.15016987817146965	-0.00413533929711649	0.03198461178191873	322	5638	0.027727546714888487	0.03838153413830247	Misma hebra 1	-208.5	TRUE	perm6	4.696903604746e-09,0.0281871303413327,0.00717589001917028,2.45718996524342e-06,0.000171318698811666,0.0374912246632211,0.00898632095417424,0.000537095397762468,0.00129307803635208,1.08534563299161e-06,0.00593345246015521,6.98575890876335e-06,0.0994549349625898,1.04972753912818e-05,5.93352683392967e-05,0.000590578037544419,1.07112235721393e-07,1.01886848938478e-05,4.62368826828192e-06,0.0490903597124041,0.157064822362676,0.0611487533994544,0.000847767663247746,0.0018928561553997,2.4834731233368e-06,0.0349022149654553,0.0319846117819187,0.000534097300009116,4.03735062406251e-07,0.000199212011136696,0.000112910270634475,0.000138944333468846,0.00208128000942617,0.00108670276936523,0.346791031695851,1.56600224874991e-08,0.0938829447970784,6.97640692132726e-06,6.20010364793679e-05,0.00400366799973284,9.88575103330295e-09,1.39836509087091e-05,0.000986971217421722,0.00547106667317554,0.195453280179078,0.00125334972641076,7.5005904367631e-06,0.00344886931179098
Rep 2	Misma hebra	-203	-0.12702336083446855	-0.1998206584706759	-0.0529270125349275	5.340973000091164e-4	320	5638	0.02755532592783949	0.0010681946000182328	Misma hebra 1	-198.5	TRUE	perm6	4.696903604746e-09,0.0281871303413327,0.00717589001917028,2.45718996524342e-06,0.000171318698811666,0.0374912246632211,0.00898632095417424,0.000537095397762468,0.00129307803635208,1.08534563299161e-06,0.00593345246015521,6.98575890876335e-06,0.0994549349625898,1.04972753912818e-05,5.93352683392967e-05,0.000590578037544419,1.07112235721393e-07,1.01886848938478e-05,4.62368826828192e-06,0.0490903597124041,0.157064822362676,0.0611487533994544,0.000847767663247746,0.0018928561553997,2.4834731233368e-06,0.0349022149654553,0.0319846117819187,0.000534097300009116,4.03735062406251e-07,0.000199212011136696,0.000112910270634475,0.000138944333468846,0.00208128000942617,0.00108670276936523,0.346791031695851,1.56600224874991e-08,0.0938829447970784,6.97640692132726e-06,6.20010364793679e-05,0.00400366799973284,9.88575103330295e-09,1.39836509087091e-05,0.000986971217421722,0.00547106667317554,0.195453280179078,0.00125334972641076,7.5005904367631e-06,0.00344886931179098
Rep 2	Misma hebra	-193	-0.1858281157604943	-0.2620454245150946	-0.1113800262516596	4.037350624062506e-7	268	5638	0.023077585464565575	3.2298804992500046e-6	Misma hebra 1	-188.5	TRUE	perm6	4.696903604746e-09,0.0281871303413327,0.00717589001917028,2.45718996524342e-06,0.000171318698811666,0.0374912246632211,0.00898632095417424,0.000537095397762468,0.00129307803635208,1.08534563299161e-06,0.00593345246015521,6.98575890876335e-06,0.0994549349625898,1.04972753912818e-05,5.93352683392967e-05,0.000590578037544419,1.07112235721393e-07,1.01886848938478e-05,4.62368826828192e-06,0.0490903597124041,0.157064822362676,0.0611487533994544,0.000847767663247746,0.0018928561553997,2.4834731233368e-06,0.0349022149654553,0.0319846117819187,0.000534097300009116,4.03735062406251e-07,0.000199212011136696,0.000112910270634475,0.000138944333468846,0.00208128000942617,0.00108670276936523,0.346791031695851,1.56600224874991e-08,0.0938829447970784,6.97640692132726e-06,6.20010364793679e-05,0.00400366799973284,9.88575103330295e-09,1.39836509087091e-05,0.000986971217421722,0.00547106667317554,0.195453280179078,0.00125334972641076,7.5005904367631e-06,0.00344886931179098
Rep 2	Misma hebra	-183	-0.13921536297532727	-0.21400372707851711	-0.06432953790702776	1.9921201113669605e-4	288	5638	0.024799793335055543	4.3464438793460955e-4	Misma hebra 1	-178.5	TRUE	perm6	4.696903604746e-09,0.0281871303413327,0.00717589001917028,2.45718996524342e-06,0.000171318698811666,0.0374912246632211,0.00898632095417424,0.000537095397762468,0.00129307803635208,1.08534563299161e-06,0.00593345246015521,6.98575890876335e-06,0.0994549349625898,1.04972753912818e-05,5.93352683392967e-05,0.000590578037544419,1.07112235721393e-07,1.01886848938478e-05,4.62368826828192e-06,0.0490903597124041,0.157064822362676,0.0611487533994544,0.000847767663247746,0.0018928561553997,2.4834731233368e-06,0.0349022149654553,0.0319846117819187,0.000534097300009116,4.03735062406251e-07,0.000199212011136696,0.000112910270634475,0.000138944333468846,0.00208128000942617,0.00108670276936523,0.346791031695851,1.56600224874991e-08,0.0938829447970784,6.97640692132726e-06,6.20010364793679e-05,0.00400366799973284,9.88575103330295e-09,1.39836509087091e-05,0.000986971217421722,0.00547106667317554,0.195453280179078,0.00125334972641076,7.5005904367631e-06,0.00344886931179098
Rep 2	Misma hebra	-173	-0.14731655716789074	-0.2230258843863731	-0.07114700072477162	1.129102706344748e-4	296	5638	0.025488676483251527	3.0109405502526615e-4	Misma hebra 1	-168.5	TRUE	perm6	4.696903604746e-09,0.0281871303413327,0.00717589001917028,2.45718996524342e-06,0.000171318698811666,0.0374912246632211,0.00898632095417424,0.000537095397762468,0.00129307803635208,1.08534563299161e-06,0.00593345246015521,6.98575890876335e-06,0.0994549349625898,1.04972753912818e-05,5.93352683392967e-05,0.000590578037544419,1.07112235721393e-07,1.01886848938478e-05,4.62368826828192e-06,0.0490903597124041,0.157064822362676,0.0611487533994544,0.000847767663247746,0.0018928561553997,2.4834731233368e-06,0.0349022149654553,0.0319846117819187,0.000534097300009116,4.03735062406251e-07,0.000199212011136696,0.000112910270634475,0.000138944333468846,0.00208128000942617,0.00108670276936523,0.346791031695851,1.56600224874991e-08,0.0938829447970784,6.97640692132726e-06,6.20010364793679e-05,0.00400366799973284,9.88575103330295e-09,1.39836509087091e-05,0.000986971217421722,0.00547106667317554,0.195453280179078,0.00125334972641076,7.5005904367631e-06,0.00344886931179098
Rep 2	Misma hebra	-163	-0.14783672581348886	-0.22367312534634254	-0.07117560770348445	1.3894433346884583e-4	260	5638	0.022388702316369587	3.3346640032523e-4	Misma hebra 1	-158.5	TRUE	perm6	4.696903604746e-09,0.0281871303413327,0.00717589001917028,2.45718996524342e-06,0.000171318698811666,0.0374912246632211,0.00898632095417424,0.000537095397762468,0.00129307803635208,1.08534563299161e-06,0.00593345246015521,6.98575890876335e-06,0.0994549349625898,1.04972753912818e-05,5.93352683392967e-05,0.000590578037544419,1.07112235721393e-07,1.01886848938478e-05,4.62368826828192e-06,0.0490903597124041,0.157064822362676,0.0611487533994544,0.000847767663247746,0.0018928561553997,2.4834731233368e-06,0.0349022149654553,0.0319846117819187,0.000534097300009116,4.03735062406251e-07,0.000199212011136696,0.000112910270634475,0.000138944333468846,0.00208128000942617,0.00108670276936523,0.346791031695851,1.56600224874991e-08,0.0938829447970784,6.97640692132726e-06,6.20010364793679e-05,0.00400366799973284,9.88575103330295e-09,1.39836509087091e-05,0.000986971217421722,0.00547106667317554,0.195453280179078,0.00125334972641076,7.5005904367631e-06,0.00344886931179098
Rep 2	Misma hebra	-153	-0.11887092608446796	-0.19826996894713395	-0.04113124197685128	0.002081280009426168	260	5638	0.022388702316369587	0.0031219200141392525	Misma hebra 1	-148.5	TRUE	perm6	4.696903604746e-09,0.0281871303413327,0.00717589001917028,2.45718996524342e-06,0.000171318698811666,0.0374912246632211,0.00898632095417424,0.000537095397762468,0.00129307803635208,1.08534563299161e-06,0.00593345246015521,6.98575890876335e-06,0.0994549349625898,1.04972753912818e-05,5.93352683392967e-05,0.000590578037544419,1.07112235721393e-07,1.01886848938478e-05,4.62368826828192e-06,0.0490903597124041,0.157064822362676,0.0611487533994544,0.000847767663247746,0.0018928561553997,2.4834731233368e-06,0.0349022149654553,0.0319846117819187,0.000534097300009116,4.03735062406251e-07,0.000199212011136696,0.000112910270634475,0.000138944333468846,0.00208128000942617,0.00108670276936523,0.346791031695851,1.56600224874991e-08,0.0938829447970784,6.97640692132726e-06,6.20010364793679e-05,0.00400366799973284,9.88575103330295e-09,1.39836509087091e-05,0.000986971217421722,0.00547106667317554,0.195453280179078,0.00125334972641076,7.5005904367631e-06,0.00344886931179098
Rep 2	Misma hebra	-143	-0.12632051574073583	-0.20655644598902714	-0.04838735799341108	0.0010867027693652336	247	5638	0.021269267200551105	0.0018629190331975432	Misma hebra 1	-138.5	TRUE	perm6	4.696903604746e-09,0.0281871303413327,0.00717589001917028,2.45718996524342e-06,0.000171318698811666,0.0374912246632211,0.00898632095417424,0.000537095397762468,0.00129307803635208,1.08534563299161e-06,0.00593345246015521,6.98575890876335e-06,0.0994549349625898,1.04972753912818e-05,5.93352683392967e-05,0.000590578037544419,1.07112235721393e-07,1.01886848938478e-05,4.62368826828192e-06,0.0490903597124041,0.157064822362676,0.0611487533994544,0.000847767663247746,0.0018928561553997,2.4834731233368e-06,0.0349022149654553,0.0319846117819187,0.000534097300009116,4.03735062406251e-07,0.000199212011136696,0.000112910270634475,0.000138944333468846,0.00208128000942617,0.00108670276936523,0.346791031695851,1.56600224874991e-08,0.0938829447970784,6.97640692132726e-06,6.20010364793679e-05,0.00400366799973284,9.88575103330295e-09,1.39836509087091e-05,0.000986971217421722,0.00547106667317554,0.195453280179078,0.00125334972641076,7.5005904367631e-06,0.00344886931179098
Rep 2	Misma hebra	-133	-0.03863757196127869	-0.12790108161436228	0.04381460704800049	0.34679103169585096	217	5638	0.018685955394816153	0.34679103169585096	Misma hebra 1	-128.5	FALSE	perm6	4.696903604746e-09,0.0281871303413327,0.00717589001917028,2.45718996524342e-06,0.000171318698811666,0.0374912246632211,0.00898632095417424,0.000537095397762468,0.00129307803635208,1.08534563299161e-06,0.00593345246015521,6.98575890876335e-06,0.0994549349625898,1.04972753912818e-05,5.93352683392967e-05,0.000590578037544419,1.07112235721393e-07,1.01886848938478e-05,4.62368826828192e-06,0.0490903597124041,0.157064822362676,0.0611487533994544,0.000847767663247746,0.0018928561553997,2.4834731233368e-06,0.0349022149654553,0.0319846117819187,0.000534097300009116,4.03735062406251e-07,0.000199212011136696,0.000112910270634475,0.000138944333468846,0.00208128000942617,0.00108670276936523,0.346791031695851,1.56600224874991e-08,0.0938829447970784,6.97640692132726e-06,6.20010364793679e-05,0.00400366799973284,9.88575103330295e-09,1.39836509087091e-05,0.000986971217421722,0.00547106667317554,0.195453280179078,0.00125334972641076,7.5005904367631e-06,0.00344886931179098
Rep 2	Misma hebra	-123	-0.23041960206195972	-0.30929769722874006	-0.14907903436122985	1.566002248749913e-8	222	5638	0.019116507362438646	1.8792026984998954e-7	Misma hebra 1	-118.5	TRUE	perm6	4.696903604746e-09,0.0281871303413327,0.00717589001917028,2.45718996524342e-06,0.000171318698811666,0.0374912246632211,0.00898632095417424,0.000537095397762468,0.00129307803635208,1.08534563299161e-06,0.00593345246015521,6.98575890876335e-06,0.0994549349625898,1.04972753912818e-05,5.93352683392967e-05,0.000590578037544419,1.07112235721393e-07,1.01886848938478e-05,4.62368826828192e-06,0.0490903597124041,0.157064822362676,0.0611487533994544,0.000847767663247746,0.0018928561553997,2.4834731233368e-06,0.0349022149654553,0.0319846117819187,0.000534097300009116,4.03735062406251e-07,0.000199212011136696,0.000112910270634475,0.000138944333468846,0.00208128000942617,0.00108670276936523,0.346791031695851,1.56600224874991e-08,0.0938829447970784,6.97640692132726e-06,6.20010364793679e-05,0.00400366799973284,9.88575103330295e-09,1.39836509087091e-05,0.000986971217421722,0.00547106667317554,0.195453280179078,0.00125334972641076,7.5005904367631e-06,0.00344886931179098
Rep 2	Misma hebra	-113	-0.07380435801647303	-0.16518902997929696	0.009861303603414154	0.09388294479707841	202	5638	0.017394299491948678	0.10241775796044918	Misma hebra 1	-108.5	FALSE	perm6	4.696903604746e-09,0.0281871303413327,0.00717589001917028,2.45718996524342e-06,0.000171318698811666,0.0374912246632211,0.00898632095417424,0.000537095397762468,0.00129307803635208,1.08534563299161e-06,0.00593345246015521,6.98575890876335e-06,0.0994549349625898,1.04972753912818e-05,5.93352683392967e-05,0.000590578037544419,1.07112235721393e-07,1.01886848938478e-05,4.62368826828192e-06,0.0490903597124041,0.157064822362676,0.0611487533994544,0.000847767663247746,0.0018928561553997,2.4834731233368e-06,0.0349022149654553,0.0319846117819187,0.000534097300009116,4.03735062406251e-07,0.000199212011136696,0.000112910270634475,0.000138944333468846,0.00208128000942617,0.00108670276936523,0.346791031695851,1.56600224874991e-08,0.0938829447970784,6.97640692132726e-06,6.20010364793679e-05,0.00400366799973284,9.88575103330295e-09,1.39836509087091e-05,0.000986971217421722,0.00547106667317554,0.195453280179078,0.00125334972641076,7.5005904367631e-06,0.00344886931179098
Rep 2	Misma hebra	-103	-0.17480511663676707	-0.25401572530972516	-0.0956337209522901	6.9764069213272595e-6	246	5638	0.021183156807026607	3.0002361747052386e-5	Misma hebra 1	-98.5	TRUE	perm6	4.696903604746e-09,0.0281871303413327,0.00717589001917028,2.45718996524342e-06,0.000171318698811666,0.0374912246632211,0.00898632095417424,0.000537095397762468,0.00129307803635208,1.08534563299161e-06,0.00593345246015521,6.98575890876335e-06,0.0994549349625898,1.04972753912818e-05,5.93352683392967e-05,0.000590578037544419,1.07112235721393e-07,1.01886848938478e-05,4.62368826828192e-06,0.0490903597124041,0.157064822362676,0.0611487533994544,0.000847767663247746,0.0018928561553997,2.4834731233368e-06,0.0349022149654553,0.0319846117819187,0.000534097300009116,4.03735062406251e-07,0.000199212011136696,0.000112910270634475,0.000138944333468846,0.00208128000942617,0.00108670276936523,0.346791031695851,1.56600224874991e-08,0.0938829447970784,6.97640692132726e-06,6.20010364793679e-05,0.00400366799973284,9.88575103330295e-09,1.39836509087091e-05,0.000986971217421722,0.00547106667317554,0.195453280179078,0.00125334972641076,7.5005904367631e-06,0.00344886931179098
Rep 2	Misma hebra	-93	-0.1672786823845846	-0.2533785642526983	-0.0836133339564585	6.200103647936788e-5	215	5638	0.018513734607767156	1.8600310943810367e-4	Misma hebra 1	-88.5	TRUE	perm6	4.696903604746e-09,0.0281871303413327,0.00717589001917028,2.45718996524342e-06,0.000171318698811666,0.0374912246632211,0.00898632095417424,0.000537095397762468,0.00129307803635208,1.08534563299161e-06,0.00593345246015521,6.98575890876335e-06,0.0994549349625898,1.04972753912818e-05,5.93352683392967e-05,0.000590578037544419,1.07112235721393e-07,1.01886848938478e-05,4.62368826828192e-06,0.0490903597124041,0.157064822362676,0.0611487533994544,0.000847767663247746,0.0018928561553997,2.4834731233368e-06,0.0349022149654553,0.0319846117819187,0.000534097300009116,4.03735062406251e-07,0.000199212011136696,0.000112910270634475,0.000138944333468846,0.00208128000942617,0.00108670276936523,0.346791031695851,1.56600224874991e-08,0.0938829447970784,6.97640692132726e-06,6.20010364793679e-05,0.00400366799973284,9.88575103330295e-09,1.39836509087091e-05,0.000986971217421722,0.00547106667317554,0.195453280179078,0.00125334972641076,7.5005904367631e-06,0.00344886931179098
Rep 2	Misma hebra	-83	-0.11991650684009345	-0.2055434672888798	-0.03702908090213226	0.004003667999732842	222	5638	0.019116507362438646	0.005338223999643789	Misma hebra 1	-78.5	TRUE	perm6	4.696903604746e-09,0.0281871303413327,0.00717589001917028,2.45718996524342e-06,0.000171318698811666,0.0374912246632211,0.00898632095417424,0.000537095397762468,0.00129307803635208,1.08534563299161e-06,0.00593345246015521,6.98575890876335e-06,0.0994549349625898,1.04972753912818e-05,5.93352683392967e-05,0.000590578037544419,1.07112235721393e-07,1.01886848938478e-05,4.62368826828192e-06,0.0490903597124041,0.157064822362676,0.0611487533994544,0.000847767663247746,0.0018928561553997,2.4834731233368e-06,0.0349022149654553,0.0319846117819187,0.000534097300009116,4.03735062406251e-07,0.000199212011136696,0.000112910270634475,0.000138944333468846,0.00208128000942617,0.00108670276936523,0.346791031695851,1.56600224874991e-08,0.0938829447970784,6.97640692132726e-06,6.20010364793679e-05,0.00400366799973284,9.88575103330295e-09,1.39836509087091e-05,0.000986971217421722,0.00547106667317554,0.195453280179078,0.00125334972641076,7.5005904367631e-06,0.00344886931179098
Rep 2	Misma hebra	-73	-0.23967066420923308	-0.32908585832372217	-0.15360246625436816	9.885751033302947e-9	187	5638	0.016102643589081204	1.8792026984998954e-7	Misma hebra 1	-68.5	TRUE	perm6	4.696903604746e-09,0.0281871303413327,0.00717589001917028,2.45718996524342e-06,0.000171318698811666,0.0374912246632211,0.00898632095417424,0.000537095397762468,0.00129307803635208,1.08534563299161e-06,0.00593345246015521,6.98575890876335e-06,0.0994549349625898,1.04972753912818e-05,5.93352683392967e-05,0.000590578037544419,1.07112235721393e-07,1.01886848938478e-05,4.62368826828192e-06,0.0490903597124041,0.157064822362676,0.0611487533994544,0.000847767663247746,0.0018928561553997,2.4834731233368e-06,0.0349022149654553,0.0319846117819187,0.000534097300009116,4.03735062406251e-07,0.000199212011136696,0.000112910270634475,0.000138944333468846,0.00208128000942617,0.00108670276936523,0.346791031695851,1.56600224874991e-08,0.0938829447970784,6.97640692132726e-06,6.20010364793679e-05,0.00400366799973284,9.88575103330295e-09,1.39836509087091e-05,0.000986971217421722,0.00547106667317554,0.195453280179078,0.00125334972641076,7.5005904367631e-06,0.00344886931179098
Rep 2	Misma hebra	-63	-0.20258610718788064	-0.3010162022737828	-0.10964990941857354	1.3983650908709124e-5	156	5638	0.013433221389821752	4.7943945972716994e-5	Misma hebra 1	-58.5	TRUE	perm6	4.696903604746e-09,0.0281871303413327,0.00717589001917028,2.45718996524342e-06,0.000171318698811666,0.0374912246632211,0.00898632095417424,0.000537095397762468,0.00129307803635208,1.08534563299161e-06,0.00593345246015521,6.98575890876335e-06,0.0994549349625898,1.04972753912818e-05,5.93352683392967e-05,0.000590578037544419,1.07112235721393e-07,1.01886848938478e-05,4.62368826828192e-06,0.0490903597124041,0.157064822362676,0.0611487533994544,0.000847767663247746,0.0018928561553997,2.4834731233368e-06,0.0349022149654553,0.0319846117819187,0.000534097300009116,4.03735062406251e-07,0.000199212011136696,0.000112910270634475,0.000138944333468846,0.00208128000942617,0.00108670276936523,0.346791031695851,1.56600224874991e-08,0.0938829447970784,6.97640692132726e-06,6.20010364793679e-05,0.00400366799973284,9.88575103330295e-09,1.39836509087091e-05,0.000986971217421722,0.00547106667317554,0.195453280179078,0.00125334972641076,7.5005904367631e-06,0.00344886931179098
Rep 2	Misma hebra	-53	-0.17383626310022474	-0.27835974361795546	-0.06865966517576079	9.869712174217216e-4	138	5638	0.01188323430638078	0.0018221007090862553	Misma hebra 1	-48.5	TRUE	perm6	4.696903604746e-09,0.0281871303413327,0.00717589001917028,2.45718996524342e-06,0.000171318698811666,0.0374912246632211,0.00898632095417424,0.000537095397762468,0.00129307803635208,1.08534563299161e-06,0.00593345246015521,6.98575890876335e-06,0.0994549349625898,1.04972753912818e-05,5.93352683392967e-05,0.000590578037544419,1.07112235721393e-07,1.01886848938478e-05,4.62368826828192e-06,0.0490903597124041,0.157064822362676,0.0611487533994544,0.000847767663247746,0.0018928561553997,2.4834731233368e-06,0.0349022149654553,0.0319846117819187,0.000534097300009116,4.03735062406251e-07,0.000199212011136696,0.000112910270634475,0.000138944333468846,0.00208128000942617,0.00108670276936523,0.346791031695851,1.56600224874991e-08,0.0938829447970784,6.97640692132726e-06,6.20010364793679e-05,0.00400366799973284,9.88575103330295e-09,1.39836509087091e-05,0.000986971217421722,0.00547106667317554,0.195453280179078,0.00125334972641076,7.5005904367631e-06,0.00344886931179098
Rep 2	Misma hebra	-43	-0.12098782795855917	-0.20899242888480699	-0.03324001098163404	0.005471066673175542	213	5638	0.01834151382071816	0.0069108210608533165	Misma hebra 1	-38.5	TRUE	perm6	4.696903604746e-09,0.0281871303413327,0.00717589001917028,2.45718996524342e-06,0.000171318698811666,0.0374912246632211,0.00898632095417424,0.000537095397762468,0.00129307803635208,1.08534563299161e-06,0.00593345246015521,6.98575890876335e-06,0.0994549349625898,1.04972753912818e-05,5.93352683392967e-05,0.000590578037544419,1.07112235721393e-07,1.01886848938478e-05,4.62368826828192e-06,0.0490903597124041,0.157064822362676,0.0611487533994544,0.000847767663247746,0.0018928561553997,2.4834731233368e-06,0.0349022149654553,0.0319846117819187,0.000534097300009116,4.03735062406251e-07,0.000199212011136696,0.000112910270634475,0.000138944333468846,0.00208128000942617,0.00108670276936523,0.346791031695851,1.56600224874991e-08,0.0938829447970784,6.97640692132726e-06,6.20010364793679e-05,0.00400366799973284,9.88575103330295e-09,1.39836509087091e-05,0.000986971217421722,0.00547106667317554,0.195453280179078,0.00125334972641076,7.5005904367631e-06,0.00344886931179098
Rep 2	Misma hebra	-33	-0.056932593758048704	-0.14697296787585687	0.027831941997254646	0.19545328017907762	212	5638	0.018255403427193662	0.20395124888251578	Misma hebra 1	-28.5	FALSE	perm6	4.696903604746e-09,0.0281871303413327,0.00717589001917028,2.45718996524342e-06,0.000171318698811666,0.0374912246632211,0.00898632095417424,0.000537095397762468,0.00129307803635208,1.08534563299161e-06,0.00593345246015521,6.98575890876335e-06,0.0994549349625898,1.04972753912818e-05,5.93352683392967e-05,0.000590578037544419,1.07112235721393e-07,1.01886848938478e-05,4.62368826828192e-06,0.0490903597124041,0.157064822362676,0.0611487533994544,0.000847767663247746,0.0018928561553997,2.4834731233368e-06,0.0349022149654553,0.0319846117819187,0.000534097300009116,4.03735062406251e-07,0.000199212011136696,0.000112910270634475,0.000138944333468846,0.00208128000942617,0.00108670276936523,0.346791031695851,1.56600224874991e-08,0.0938829447970784,6.97640692132726e-06,6.20010364793679e-05,0.00400366799973284,9.88575103330295e-09,1.39836509087091e-05,0.000986971217421722,0.00547106667317554,0.195453280179078,0.00125334972641076,7.5005904367631e-06,0.00344886931179098
Rep 2	Misma hebra	-23	-0.17076839114649703	-0.2711532688178571	-0.06473513095299155	0.001253349726410758	172	5638	0.014810987686213726	0.002005359562257213	Misma hebra 1	-18.5	TRUE	perm6	4.696903604746e-09,0.0281871303413327,0.00717589001917028,2.45718996524342e-06,0.000171318698811666,0.0374912246632211,0.00898632095417424,0.000537095397762468,0.00129307803635208,1.08534563299161e-06,0.00593345246015521,6.98575890876335e-06,0.0994549349625898,1.04972753912818e-05,5.93352683392967e-05,0.000590578037544419,1.07112235721393e-07,1.01886848938478e-05,4.62368826828192e-06,0.0490903597124041,0.157064822362676,0.0611487533994544,0.000847767663247746,0.0018928561553997,2.4834731233368e-06,0.0349022149654553,0.0319846117819187,0.000534097300009116,4.03735062406251e-07,0.000199212011136696,0.000112910270634475,0.000138944333468846,0.00208128000942617,0.00108670276936523,0.346791031695851,1.56600224874991e-08,0.0938829447970784,6.97640692132726e-06,6.20010364793679e-05,0.00400366799973284,9.88575103330295e-09,1.39836509087091e-05,0.000986971217421722,0.00547106667317554,0.195453280179078,0.00125334972641076,7.5005904367631e-06,0.00344886931179098
Rep 2	Misma hebra	-13	-0.1829108755915002	-0.26908632129170784	-0.10103280508322462	7.5005904367630965e-6	210	5638	0.018083182640144666	3.0002361747052386e-5	Misma hebra 1	-8.5	TRUE	perm6	4.696903604746e-09,0.0281871303413327,0.00717589001917028,2.45718996524342e-06,0.000171318698811666,0.0374912246632211,0.00898632095417424,0.000537095397762468,0.00129307803635208,1.08534563299161e-06,0.00593345246015521,6.98575890876335e-06,0.0994549349625898,1.04972753912818e-05,5.93352683392967e-05,0.000590578037544419,1.07112235721393e-07,1.01886848938478e-05,4.62368826828192e-06,0.0490903597124041,0.157064822362676,0.0611487533994544,0.000847767663247746,0.0018928561553997,2.4834731233368e-06,0.0349022149654553,0.0319846117819187,0.000534097300009116,4.03735062406251e-07,0.000199212011136696,0.000112910270634475,0.000138944333468846,0.00208128000942617,0.00108670276936523,0.346791031695851,1.56600224874991e-08,0.0938829447970784,6.97640692132726e-06,6.20010364793679e-05,0.00400366799973284,9.88575103330295e-09,1.39836509087091e-05,0.000986971217421722,0.00547106667317554,0.195453280179078,0.00125334972641076,7.5005904367631e-06,0.00344886931179098
Rep 2	Misma hebra	-3	-0.16219580325141109	-0.278242959442293	-0.05248409710276131	0.003448869311790976	121	5638	0.010419357616464307	0.004868991969587261	Misma hebra 1	1.5	TRUE	perm6	4.696903604746e-09,0.0281871303413327,0.00717589001917028,2.45718996524342e-06,0.000171318698811666,0.0374912246632211,0.00898632095417424,0.000537095397762468,0.00129307803635208,1.08534563299161e-06,0.00593345246015521,6.98575890876335e-06,0.0994549349625898,1.04972753912818e-05,5.93352683392967e-05,0.000590578037544419,1.07112235721393e-07,1.01886848938478e-05,4.62368826828192e-06,0.0490903597124041,0.157064822362676,0.0611487533994544,0.000847767663247746,0.0018928561553997,2.4834731233368e-06,0.0349022149654553,0.0319846117819187,0.000534097300009116,4.03735062406251e-07,0.000199212011136696,0.000112910270634475,0.000138944333468846,0.00208128000942617,0.00108670276936523,0.346791031695851,1.56600224874991e-08,0.0938829447970784,6.97640692132726e-06,6.20010364793679e-05,0.00400366799973284,9.88575103330295e-09,1.39836509087091e-05,0.000986971217421722,0.00547106667317554,0.195453280179078,0.00125334972641076,7.5005904367631e-06,0.00344886931179098
Rep 1	Misma hebra	-233	-0.047546531731951704	-0.11151017299293399	0.016200939679631834	0.14391555250766086	188	5662	0.019138755980861243	0.2302648840122574	Misma hebra 1	-228.5	FALSE	perm7	0.143915552507661,0.0223743805010983,0.494663992069435,0.0232117967444981,0.00423078602614688,0.0415433853357516,0.00459449836629976,0.00317641675192967,0.0128041947795856,0.0604429879651104,0.56383635496588,0.0389580229170774,0.382831273227401,0.0383509827423908,0.307937004578104,0.0973184963802129,0.398254534835039,0.00582902143456772,0.176661438871239,0.779588874431034,0.340766922368849,0.0529758692813949,0.234169155283295,0.0201661613276916,0.451983606246835,0.52526308644607,0.659587733326922,0.216947371351013,0.221523913642387,0.240715037964145,0.156675941217294,0.00639413893084221,0.00403262345008751,0.0493422883159274,0.0344318738221952,0.0226852669073096,0.314677493108903,0.984543109382401,0.485377829135905,0.085485656272233,0.0301579358389714,0.0140744734114382,0.105758807027599,0.219223772884745,0.938478285933896,0.0128422889189759,0.260851494067512,0.0143807315791808
Rep 1	Misma hebra	-223	-0.07944282325651227	-0.1485409082322565	-0.011309006351475014	0.022374380501098304	175	5662	0.017815331365163393	0.06963539023349444	Misma hebra 1	-218.5	FALSE	perm7	0.143915552507661,0.0223743805010983,0.494663992069435,0.0232117967444981,0.00423078602614688,0.0415433853357516,0.00459449836629976,0.00317641675192967,0.0128041947795856,0.0604429879651104,0.56383635496588,0.0389580229170774,0.382831273227401,0.0383509827423908,0.307937004578104,0.0973184963802129,0.398254534835039,0.00582902143456772,0.176661438871239,0.779588874431034,0.340766922368849,0.0529758692813949,0.234169155283295,0.0201661613276916,0.451983606246835,0.52526308644607,0.659587733326922,0.216947371351013,0.221523913642387,0.240715037964145,0.156675941217294,0.00639413893084221,0.00403262345008751,0.0493422883159274,0.0344318738221952,0.0226852669073096,0.314677493108903,0.984543109382401,0.485377829135905,0.085485656272233,0.0301579358389714,0.0140744734114382,0.105758807027599,0.219223772884745,0.938478285933896,0.0128422889189759,0.260851494067512,0.0143807315791808
Rep 1	Misma hebra	-213	-0.026010507052410564	-0.09984138488695828	0.04898890075573626	0.4946639920694353	174	5662	0.017713529471648174	0.5396334458939294	Misma hebra 1	-208.5	FALSE	perm7	0.143915552507661,0.0223743805010983,0.494663992069435,0.0232117967444981,0.00423078602614688,0.0415433853357516,0.00459449836629976,0.00317641675192967,0.0128041947795856,0.0604429879651104,0.56383635496588,0.0389580229170774,0.382831273227401,0.0383509827423908,0.307937004578104,0.0973184963802129,0.398254534835039,0.00582902143456772,0.176661438871239,0.779588874431034,0.340766922368849,0.0529758692813949,0.234169155283295,0.0201661613276916,0.451983606246835,0.52526308644607,0.659587733326922,0.216947371351013,0.221523913642387,0.240715037964145,0.156675941217294,0.00639413893084221,0.00403262345008751,0.0493422883159274,0.0344318738221952,0.0226852669073096,0.314677493108903,0.984543109382401,0.485377829135905,0.085485656272233,0.0301579358389714,0.0140744734114382,0.105758807027599,0.219223772884745,0.938478285933896,0.0128422889189759,0.260851494067512,0.0143807315791808
Rep 1	Misma hebra	-203	-0.07915437368556567	-0.14733138305147983	-0.010817461600822332	0.023211796744498147	186	5662	0.018935152193830806	0.06963539023349444	Misma hebra 1	-198.5	FALSE	perm7	0.143915552507661,0.0223743805010983,0.494663992069435,0.0232117967444981,0.00423078602614688,0.0415433853357516,0.00459449836629976,0.00317641675192967,0.0128041947795856,0.0604429879651104,0.56383635496588,0.0389580229170774,0.382831273227401,0.0383509827423908,0.307937004578104,0.0973184963802129,0.398254534835039,0.00582902143456772,0.176661438871239,0.779588874431034,0.340766922368849,0.0529758692813949,0.234169155283295,0.0201661613276916,0.451983606246835,0.52526308644607,0.659587733326922,0.216947371351013,0.221523913642387,0.240715037964145,0.156675941217294,0.00639413893084221,0.00403262345008751,0.0493422883159274,0.0344318738221952,0.0226852669073096,0.314677493108903,0.984543109382401,0.485377829135905,0.085485656272233,0.0301579358389714,0.0140744734114382,0.105758807027599,0.219223772884745,0.938478285933896,0.0128422889189759,0.260851494067512,0.0143807315791808
Rep 1	Misma hebra	-193	-0.10237850891688384	-0.1733334965949737	-0.03272568599205541	0.00423078602614688	152	5662	0.015473887814313346	0.03497412860740634	Misma hebra 1	-188.5	TRUE	perm7	0.143915552507661,0.0223743805010983,0.494663992069435,0.0232117967444981,0.00423078602614688,0.0415433853357516,0.00459449836629976,0.00317641675192967,0.0128041947795856,0.0604429879651104,0.56383635496588,0.0389580229170774,0.382831273227401,0.0383509827423908,0.307937004578104,0.0973184963802129,0.398254534835039,0.00582902143456772,0.176661438871239,0.779588874431034,0.340766922368849,0.0529758692813949,0.234169155283295,0.0201661613276916,0.451983606246835,0.52526308644607,0.659587733326922,0.216947371351013,0.221523913642387,0.240715037964145,0.156675941217294,0.00639413893084221,0.00403262345008751,0.0493422883159274,0.0344318738221952,0.0226852669073096,0.314677493108903,0.984543109382401,0.485377829135905,0.085485656272233,0.0301579358389714,0.0140744734114382,0.105758807027599,0.219223772884745,0.938478285933896,0.0128422889189759,0.260851494067512,0.0143807315791808
Rep 1	Misma hebra	-183	-0.07122636744371265	-0.1396061079102959	-0.0027242134039557183	0.041543385335751616	166	5662	0.016899114323526417	0.0906401134598217	Misma hebra 1	-178.5	FALSE	perm7	0.143915552507661,0.0223743805010983,0.494663992069435,0.0232117967444981,0.00423078602614688,0.0415433853357516,0.00459449836629976,0.00317641675192967,0.0128041947795856,0.0604429879651104,0.56383635496588,0.0389580229170774,0.382831273227401,0.0383509827423908,0.307937004578104,0.0973184963802129,0.398254534835039,0.00582902143456772,0.176661438871239,0.779588874431034,0.340766922368849,0.0529758692813949,0.234169155283295,0.0201661613276916,0.451983606246835,0.52526308644607,0.659587733326922,0.216947371351013,0.221523913642387,0.240715037964145,0.156675941217294,0.00639413893084221,0.00403262345008751,0.0493422883159274,0.0344318738221952,0.0226852669073096,0.314677493108903,0.984543109382401,0.485377829135905,0.085485656272233,0.0301579358389714,0.0140744734114382,0.105758807027599,0.219223772884745,0.938478285933896,0.0128422889189759,0.260851494067512,0.0143807315791808
Rep 1	Misma hebra	-173	-0.104781840392005	-0.17741306059820308	-0.03247335167667663	0.0045944983662997594	174	5662	0.017713529471648174	0.03497412860740634	Misma hebra 1	-168.5	TRUE	perm7	0.143915552507661,0.0223743805010983,0.494663992069435,0.0232117967444981,0.00423078602614688,0.0415433853357516,0.00459449836629976,0.00317641675192967,0.0128041947795856,0.0604429879651104,0.56383635496588,0.0389580229170774,0.382831273227401,0.0383509827423908,0.307937004578104,0.0973184963802129,0.398254534835039,0.00582902143456772,0.176661438871239,0.779588874431034,0.340766922368849,0.0529758692813949,0.234169155283295,0.0201661613276916,0.451983606246835,0.52526308644607,0.659587733326922,0.216947371351013,0.221523913642387,0.240715037964145,0.156675941217294,0.00639413893084221,0.00403262345008751,0.0493422883159274,0.0344318738221952,0.0226852669073096,0.314677493108903,0.984543109382401,0.485377829135905,0.085485656272233,0.0301579358389714,0.0140744734114382,0.105758807027599,0.219223772884745,0.938478285933896,0.0128422889189759,0.260851494067512,0.0143807315791808
Rep 1	Misma hebra	-163	-0.11272848373517216	-0.1889372157517051	-0.038435607917729535	0.003176416751929672	136	5662	0.013845057518069836	0.03497412860740634	Misma hebra 1	-158.5	TRUE	perm7	0.143915552507661,0.0223743805010983,0.494663992069435,0.0232117967444981,0.00423078602614688,0.0415433853357516,0.00459449836629976,0.00317641675192967,0.0128041947795856,0.0604429879651104,0.56383635496588,0.0389580229170774,0.382831273227401,0.0383509827423908,0.307937004578104,0.0973184963802129,0.398254534835039,0.00582902143456772,0.176661438871239,0.779588874431034,0.340766922368849,0.0529758692813949,0.234169155283295,0.0201661613276916,0.451983606246835,0.52526308644607,0.659587733326922,0.216947371351013,0.221523913642387,0.240715037964145,0.156675941217294,0.00639413893084221,0.00403262345008751,0.0493422883159274,0.0344318738221952,0.0226852669073096,0.314677493108903,0.984543109382401,0.485377829135905,0.085485656272233,0.0301579358389714,0.0140744734114382,0.105758807027599,0.219223772884745,0.938478285933896,0.0128422889189759,0.260851494067512,0.0143807315791808
Rep 1	Misma hebra	-153	-0.09846664862304949	-0.17643354426137592	-0.02086973463889698	0.012804194779585623	130	5662	0.01323424615697852	0.06146013494201099	Misma hebra 1	-148.5	FALSE	perm7	0.143915552507661,0.0223743805010983,0.494663992069435,0.0232117967444981,0.00423078602614688,0.0415433853357516,0.00459449836629976,0.00317641675192967,0.0128041947795856,0.0604429879651104,0.56383635496588,0.0389580229170774,0.382831273227401,0.0383509827423908,0.307937004578104,0.0973184963802129,0.398254534835039,0.00582902143456772,0.176661438871239,0.779588874431034,0.340766922368849,0.0529758692813949,0.234169155283295,0.0201661613276916,0.451983606246835,0.52526308644607,0.659587733326922,0.216947371351013,0.221523913642387,0.240715037964145,0.156675941217294,0.00639413893084221,0.00403262345008751,0.0493422883159274,0.0344318738221952,0.0226852669073096,0.314677493108903,0.984543109382401,0.485377829135905,0.085485656272233,0.0301579358389714,0.0140744734114382,0.105758807027599,0.219223772884745,0.938478285933896,0.0128422889189759,0.260851494067512,0.0143807315791808
Rep 1	Misma hebra	-143	-0.08361184914066076	-0.17052951870656252	0.0035559398559444036	0.060442987965110426	126	5662	0.012827038582917642	0.11158705470481925	Misma hebra 1	-138.5	FALSE	perm7	0.143915552507661,0.0223743805010983,0.494663992069435,0.0232117967444981,0.00423078602614688,0.0415433853357516,0.00459449836629976,0.00317641675192967,0.0128041947795856,0.0604429879651104,0.56383635496588,0.0389580229170774,0.382831273227401,0.0383509827423908,0.307937004578104,0.0973184963802129,0.398254534835039,0.00582902143456772,0.176661438871239,0.779588874431034,0.340766922368849,0.0529758692813949,0.234169155283295,0.0201661613276916,0.451983606246835,0.52526308644607,0.659587733326922,0.216947371351013,0.221523913642387,0.240715037964145,0.156675941217294,0.00639413893084221,0.00403262345008751,0.0493422883159274,0.0344318738221952,0.0226852669073096,0.314677493108903,0.984543109382401,0.485377829135905,0.085485656272233,0.0301579358389714,0.0140744734114382,0.105758807027599,0.219223772884745,0.938478285933896,0.0128422889189759,0.260851494067512,0.0143807315791808
Rep 1	Misma hebra	-133	-0.023548724521003886	-0.10366288113438878	0.057372648478599395	0.5638363549658798	159	5662	0.016186501068919883	0.5883509790948311	Misma hebra 1	-128.5	FALSE	perm7	0.143915552507661,0.0223743805010983,0.494663992069435,0.0232117967444981,0.00423078602614688,0.0415433853357516,0.00459449836629976,0.00317641675192967,0.0128041947795856,0.0604429879651104,0.56383635496588,0.0389580229170774,0.382831273227401,0.0383509827423908,0.307937004578104,0.0973184963802129,0.398254534835039,0.00582902143456772,0.176661438871239,0.779588874431034,0.340766922368849,0.0529758692813949,0.234169155283295,0.0201661613276916,0.451983606246835,0.52526308644607,0.659587733326922,0.216947371351013,0.221523913642387,0.240715037964145,0.156675941217294,0.00639413893084221,0.00403262345008751,0.0493422883159274,0.0344318738221952,0.0226852669073096,0.314677493108903,0.984543109382401,0.485377829135905,0.085485656272233,0.0301579358389714,0.0140744734114382,0.105758807027599,0.219223772884745,0.938478285933896,0.0128422889189759,0.260851494067512,0.0143807315791808
Rep 1	Misma hebra	-123	-0.08774452995458165	-0.1722185851330061	-0.0042974713755217515	0.0389580229170774	119	5662	0.012114425328311107	0.0906401134598217	Misma hebra 1	-118.5	FALSE	perm7	0.143915552507661,0.0223743805010983,0.494663992069435,0.0232117967444981,0.00423078602614688,0.0415433853357516,0.00459449836629976,0.00317641675192967,0.0128041947795856,0.0604429879651104,0.56383635496588,0.0389580229170774,0.382831273227401,0.0383509827423908,0.307937004578104,0.0973184963802129,0.398254534835039,0.00582902143456772,0.176661438871239,0.779588874431034,0.340766922368849,0.0529758692813949,0.234169155283295,0.0201661613276916,0.451983606246835,0.52526308644607,0.659587733326922,0.216947371351013,0.221523913642387,0.240715037964145,0.156675941217294,0.00639413893084221,0.00403262345008751,0.0493422883159274,0.0344318738221952,0.0226852669073096,0.314677493108903,0.984543109382401,0.485377829135905,0.085485656272233,0.0301579358389714,0.0140744734114382,0.105758807027599,0.219223772884745,0.938478285933896,0.0128422889189759,0.260851494067512,0.0143807315791808
Rep 1	Misma hebra	-113	-0.04033875923649559	-0.13486504486077303	0.05045813874996966	0.38283127322740085	98	5662	0.0099765855644915	0.4551480398114734	Misma hebra 1	-108.5	FALSE	perm7	0.143915552507661,0.0223743805010983,0.494663992069435,0.0232117967444981,0.00423078602614688,0.0415433853357516,0.00459449836629976,0.00317641675192967,0.0128041947795856,0.0604429879651104,0.56383635496588,0.0389580229170774,0.382831273227401,0.0383509827423908,0.307937004578104,0.0973184963802129,0.398254534835039,0.00582902143456772,0.176661438871239,0.779588874431034,0.340766922368849,0.0529758692813949,0.234169155283295,0.0201661613276916,0.451983606246835,0.52526308644607,0.659587733326922,0.216947371351013,0.221523913642387,0.240715037964145,0.156675941217294,0.00639413893084221,0.00403262345008751,0.0493422883159274,0.0344318738221952,0.0226852669073096,0.314677493108903,0.984543109382401,0.485377829135905,0.085485656272233,0.0301579358389714,0.0140744734114382,0.105758807027599,0.219223772884745,0.938478285933896,0.0128422889189759,0.260851494067512,0.0143807315791808
Rep 1	Misma hebra	-103	-0.0911403352180323	-0.17778955942439256	-0.004975650985247621	0.03835098274239077	103	5662	0.010485595032067597	0.0906401134598217	Misma hebra 1	-98.5	FALSE	perm7	0.143915552507661,0.0223743805010983,0.494663992069435,0.0232117967444981,0.00423078602614688,0.0415433853357516,0.00459449836629976,0.00317641675192967,0.0128041947795856,0.0604429879651104,0.56383635496588,0.0389580229170774,0.382831273227401,0.0383509827423908,0.307937004578104,0.0973184963802129,0.398254534835039,0.00582902143456772,0.176661438871239,0.779588874431034,0.340766922368849,0.0529758692813949,0.234169155283295,0.0201661613276916,0.451983606246835,0.52526308644607,0.659587733326922,0.216947371351013,0.221523913642387,0.240715037964145,0.156675941217294,0.00639413893084221,0.00403262345008751,0.0493422883159274,0.0344318738221952,0.0226852669073096,0.314677493108903,0.984543109382401,0.485377829135905,0.085485656272233,0.0301579358389714,0.0140744734114382,0.105758807027599,0.219223772884745,0.938478285933896,0.0128422889189759,0.260851494067512,0.0143807315791808
Rep 1	Misma hebra	-93	-0.051824476263091154	-0.14939332890002224	0.04961473832989741	0.3079370045781041	93	5662	0.009467576096915403	0.4105826727708054	Misma hebra 1	-88.5	FALSE	perm7	0.143915552507661,0.0223743805010983,0.494663992069435,0.0232117967444981,0.00423078602614688,0.0415433853357516,0.00459449836629976,0.00317641675192967,0.0128041947795856,0.0604429879651104,0.56383635496588,0.0389580229170774,0.382831273227401,0.0383509827423908,0.307937004578104,0.0973184963802129,0.398254534835039,0.00582902143456772,0.176661438871239,0.779588874431034,0.340766922368849,0.0529758692813949,0.234169155283295,0.0201661613276916,0.451983606246835,0.52526308644607,0.659587733326922,0.216947371351013,0.221523913642387,0.240715037964145,0.156675941217294,0.00639413893084221,0.00403262345008751,0.0493422883159274,0.0344318738221952,0.0226852669073096,0.314677493108903,0.984543109382401,0.485377829135905,0.085485656272233,0.0301579358389714,0.0140744734114382,0.105758807027599,0.219223772884745,0.938478285933896,0.0128422889189759,0.260851494067512,0.0143807315791808
Rep 1	Misma hebra	-83	-0.0713351070913117	-0.15608744885796508	0.013181351525758432	0.09731849638021293	110	5662	0.011198208286674132	0.16683170808036502	Misma hebra 1	-78.5	FALSE	perm7	0.143915552507661,0.0223743805010983,0.494663992069435,0.0232117967444981,0.00423078602614688,0.0415433853357516,0.00459449836629976,0.00317641675192967,0.0128041947795856,0.0604429879651104,0.56383635496588,0.0389580229170774,0.382831273227401,0.0383509827423908,0.307937004578104,0.0973184963802129,0.398254534835039,0.00582902143456772,0.176661438871239,0.779588874431034,0.340766922368849,0.0529758692813949,0.234169155283295,0.0201661613276916,0.451983606246835,0.52526308644607,0.659587733326922,0.216947371351013,0.221523913642387,0.240715037964145,0.156675941217294,0.00639413893084221,0.00403262345008751,0.0493422883159274,0.0344318738221952,0.0226852669073096,0.314677493108903,0.984543109382401,0.485377829135905,0.085485656272233,0.0301579358389714,0.0140744734114382,0.105758807027599,0.219223772884745,0.938478285933896,0.0128422889189759,0.260851494067512,0.0143807315791808
Rep 1	Misma hebra	-73	-0.03900979352243168	-0.13031361429680496	0.05152109098660845	0.39825453483503925	106	5662	0.010791000712613255	0.4551480398114734	Misma hebra 1	-68.5	FALSE	perm7	0.143915552507661,0.0223743805010983,0.494663992069435,0.0232117967444981,0.00423078602614688,0.0415433853357516,0.00459449836629976,0.00317641675192967,0.0128041947795856,0.0604429879651104,0.56383635496588,0.0389580229170774,0.382831273227401,0.0383509827423908,0.307937004578104,0.0973184963802129,0.398254534835039,0.00582902143456772,0.176661438871239,0.779588874431034,0.340766922368849,0.0529758692813949,0.234169155283295,0.0201661613276916,0.451983606246835,0.52526308644607,0.659587733326922,0.216947371351013,0.221523913642387,0.240715037964145,0.156675941217294,0.00639413893084221,0.00403262345008751,0.0493422883159274,0.0344318738221952,0.0226852669073096,0.314677493108903,0.984543109382401,0.485377829135905,0.085485656272233,0.0301579358389714,0.0140744734114382,0.105758807027599,0.219223772884745,0.938478285933896,0.0128422889189759,0.260851494067512,0.0143807315791808
Rep 1	Misma hebra	-63	-0.11812139622601103	-0.20334714950038432	-0.03431427109119459	0.005829021434567723	101	5662	0.010281991245037158	0.03497412860740634	Misma hebra 1	-58.5	TRUE	perm7	0.143915552507661,0.0223743805010983,0.494663992069435,0.0232117967444981,0.00423078602614688,0.0415433853357516,0.00459449836629976,0.00317641675192967,0.0128041947795856,0.0604429879651104,0.56383635496588,0.0389580229170774,0.382831273227401,0.0383509827423908,0.307937004578104,0.0973184963802129,0.398254534835039,0.00582902143456772,0.176661438871239,0.779588874431034,0.340766922368849,0.0529758692813949,0.234169155283295,0.0201661613276916,0.451983606246835,0.52526308644607,0.659587733326922,0.216947371351013,0.221523913642387,0.240715037964145,0.156675941217294,0.00639413893084221,0.00403262345008751,0.0493422883159274,0.0344318738221952,0.0226852669073096,0.314677493108903,0.984543109382401,0.485377829135905,0.085485656272233,0.0301579358389714,0.0140744734114382,0.105758807027599,0.219223772884745,0.938478285933896,0.0128422889189759,0.260851494067512,0.0143807315791808
Rep 1	Misma hebra	-53	-0.08037261702016778	-0.19603554364016568	0.03719049677204614	0.1766614388712386	69	5662	0.007024330652550138	0.2649921583068579	Misma hebra 1	-48.5	FALSE	perm7	0.143915552507661,0.0223743805010983,0.494663992069435,0.0232117967444981,0.00423078602614688,0.0415433853357516,0.00459449836629976,0.00317641675192967,0.0128041947795856,0.0604429879651104,0.56383635496588,0.0389580229170774,0.382831273227401,0.0383509827423908,0.307937004578104,0.0973184963802129,0.398254534835039,0.00582902143456772,0.176661438871239,0.779588874431034,0.340766922368849,0.0529758692813949,0.234169155283295,0.0201661613276916,0.451983606246835,0.52526308644607,0.659587733326922,0.216947371351013,0.221523913642387,0.240715037964145,0.156675941217294,0.00639413893084221,0.00403262345008751,0.0493422883159274,0.0344318738221952,0.0226852669073096,0.314677493108903,0.984543109382401,0.485377829135905,0.085485656272233,0.0301579358389714,0.0140744734114382,0.105758807027599,0.219223772884745,0.938478285933896,0.0128422889189759,0.260851494067512,0.0143807315791808
Rep 1	Misma hebra	-43	-0.012280940445731909	-0.09836809485691327	0.07414878497106875	0.7795888744310335	121	5662	0.012318029115341545	0.7795888744310335	Misma hebra 1	-38.5	FALSE	perm7	0.143915552507661,0.0223743805010983,0.494663992069435,0.0232117967444981,0.00423078602614688,0.0415433853357516,0.00459449836629976,0.00317641675192967,0.0128041947795856,0.0604429879651104,0.56383635496588,0.0389580229170774,0.382831273227401,0.0383509827423908,0.307937004578104,0.0973184963802129,0.398254534835039,0.00582902143456772,0.176661438871239,0.779588874431034,0.340766922368849,0.0529758692813949,0.234169155283295,0.0201661613276916,0.451983606246835,0.52526308644607,0.659587733326922,0.216947371351013,0.221523913642387,0.240715037964145,0.156675941217294,0.00639413893084221,0.00403262345008751,0.0493422883159274,0.0344318738221952,0.0226852669073096,0.314677493108903,0.984543109382401,0.485377829135905,0.085485656272233,0.0301579358389714,0.0140744734114382,0.105758807027599,0.219223772884745,0.938478285933896,0.0128422889189759,0.260851494067512,0.0143807315791808
Rep 1	Misma hebra	-33	-0.0415525946917239	-0.126118622509096	0.04489994406456882	0.3407669223688494	123	5662	0.012521632902371984	0.4304424282553887	Misma hebra 1	-28.5	FALSE	perm7	0.143915552507661,0.0223743805010983,0.494663992069435,0.0232117967444981,0.00423078602614688,0.0415433853357516,0.00459449836629976,0.00317641675192967,0.0128041947795856,0.0604429879651104,0.56383635496588,0.0389580229170774,0.382831273227401,0.0383509827423908,0.307937004578104,0.0973184963802129,0.398254534835039,0.00582902143456772,0.176661438871239,0.779588874431034,0.340766922368849,0.0529758692813949,0.234169155283295,0.0201661613276916,0.451983606246835,0.52526308644607,0.659587733326922,0.216947371351013,0.221523913642387,0.240715037964145,0.156675941217294,0.00639413893084221,0.00403262345008751,0.0493422883159274,0.0344318738221952,0.0226852669073096,0.314677493108903,0.984543109382401,0.485377829135905,0.085485656272233,0.0301579358389714,0.0140744734114382,0.105758807027599,0.219223772884745,0.938478285933896,0.0128422889189759,0.260851494067512,0.0143807315791808
Rep 1	Misma hebra	-23	-0.09041729218171697	-0.1839002155345857	0.0010515652078490682	0.052975869281394854	87	5662	0.008856764735824087	0.10595173856278971	Misma hebra 1	-18.5	FALSE	perm7	0.143915552507661,0.0223743805010983,0.494663992069435,0.0232117967444981,0.00423078602614688,0.0415433853357516,0.00459449836629976,0.00317641675192967,0.0128041947795856,0.0604429879651104,0.56383635496588,0.0389580229170774,0.382831273227401,0.0383509827423908,0.307937004578104,0.0973184963802129,0.398254534835039,0.00582902143456772,0.176661438871239,0.779588874431034,0.340766922368849,0.0529758692813949,0.234169155283295,0.0201661613276916,0.451983606246835,0.52526308644607,0.659587733326922,0.216947371351013,0.221523913642387,0.240715037964145,0.156675941217294,0.00639413893084221,0.00403262345008751,0.0493422883159274,0.0344318738221952,0.0226852669073096,0.314677493108903,0.984543109382401,0.485377829135905,0.085485656272233,0.0301579358389714,0.0140744734114382,0.105758807027599,0.219223772884745,0.938478285933896,0.0128422889189759,0.260851494067512,0.0143807315791808
Rep 1	Misma hebra	-13	-0.05903569046238946	-0.15599758981952208	0.03908538927735794	0.23416915528329535	88	5662	0.008958566629339306	0.3305917486352405	Misma hebra 1	-8.5	FALSE	perm7	0.143915552507661,0.0223743805010983,0.494663992069435,0.0232117967444981,0.00423078602614688,0.0415433853357516,0.00459449836629976,0.00317641675192967,0.0128041947795856,0.0604429879651104,0.56383635496588,0.0389580229170774,0.382831273227401,0.0383509827423908,0.307937004578104,0.0973184963802129,0.398254534835039,0.00582902143456772,0.176661438871239,0.779588874431034,0.340766922368849,0.0529758692813949,0.234169155283295,0.0201661613276916,0.451983606246835,0.52526308644607,0.659587733326922,0.216947371351013,0.221523913642387,0.240715037964145,0.156675941217294,0.00639413893084221,0.00403262345008751,0.0493422883159274,0.0344318738221952,0.0226852669073096,0.314677493108903,0.984543109382401,0.485377829135905,0.085485656272233,0.0301579358389714,0.0140744734114382,0.105758807027599,0.219223772884745,0.938478285933896,0.0128422889189759,0.260851494067512,0.0143807315791808
Rep 1	Misma hebra	-3	-0.14579309397159787	-0.27433215412356493	-0.023308273798463012	0.020166161327691612	47	5662	0.004784688995215311	0.06963539023349444	Misma hebra 1	1.5	FALSE	perm7	0.143915552507661,0.0223743805010983,0.494663992069435,0.0232117967444981,0.00423078602614688,0.0415433853357516,0.00459449836629976,0.00317641675192967,0.0128041947795856,0.0604429879651104,0.56383635496588,0.0389580229170774,0.382831273227401,0.0383509827423908,0.307937004578104,0.0973184963802129,0.398254534835039,0.00582902143456772,0.176661438871239,0.779588874431034,0.340766922368849,0.0529758692813949,0.234169155283295,0.0201661613276916,0.451983606246835,0.52526308644607,0.659587733326922,0.216947371351013,0.221523913642387,0.240715037964145,0.156675941217294,0.00639413893084221,0.00403262345008751,0.0493422883159274,0.0344318738221952,0.0226852669073096,0.314677493108903,0.984543109382401,0.485377829135905,0.085485656272233,0.0301579358389714,0.0140744734114382,0.105758807027599,0.219223772884745,0.938478285933896,0.0128422889189759,0.260851494067512,0.0143807315791808
Rep 2	Misma hebra	-233	-0.027316820377981225	-0.10619064430941165	0.0457194760677793	0.4519836062468353	246	6592	0.021183156807026607	0.5709266605223182	Misma hebra 1	-228.5	FALSE	perm7	0.143915552507661,0.0223743805010983,0.494663992069435,0.0232117967444981,0.00423078602614688,0.0415433853357516,0.00459449836629976,0.00317641675192967,0.0128041947795856,0.0604429879651104,0.56383635496588,0.0389580229170774,0.382831273227401,0.0383509827423908,0.307937004578104,0.0973184963802129,0.398254534835039,0.00582902143456772,0.176661438871239,0.779588874431034,0.340766922368849,0.0529758692813949,0.234169155283295,0.0201661613276916,0.451983606246835,0.52526308644607,0.659587733326922,0.216947371351013,0.221523913642387,0.240715037964145,0.156675941217294,0.00639413893084221,0.00403262345008751,0.0493422883159274,0.0344318738221952,0.0226852669073096,0.314677493108903,0.984543109382401,0.485377829135905,0.085485656272233,0.0301579358389714,0.0140744734114382,0.105758807027599,0.219223772884745,0.938478285933896,0.0128422889189759,0.260851494067512,0.0143807315791808
Rep 2	Misma hebra	-223	-0.023145930002114776	-0.10608593406350376	0.05349145269314147	0.5252630864460699	230	6592	0.019805390510634634	0.6003006702240798	Misma hebra 1	-218.5	FALSE	perm7	0.143915552507661,0.0223743805010983,0.494663992069435,0.0232117967444981,0.00423078602614688,0.0415433853357516,0.00459449836629976,0.00317641675192967,0.0128041947795856,0.0604429879651104,0.56383635496588,0.0389580229170774,0.382831273227401,0.0383509827423908,0.307937004578104,0.0973184963802129,0.398254534835039,0.00582902143456772,0.176661438871239,0.779588874431034,0.340766922368849,0.0529758692813949,0.234169155283295,0.0201661613276916,0.451983606246835,0.52526308644607,0.659587733326922,0.216947371351013,0.221523913642387,0.240715037964145,0.156675941217294,0.00639413893084221,0.00403262345008751,0.0493422883159274,0.0344318738221952,0.0226852669073096,0.314677493108903,0.984543109382401,0.485377829135905,0.085485656272233,0.0301579358389714,0.0140744734114382,0.105758807027599,0.219223772884745,0.938478285933896,0.0128422889189759,0.260851494067512,0.0143807315791808
Rep 2	Misma hebra	-213	-0.017619288971223793	-0.10038693577420062	0.06375297231389844	0.6595877333269224	235	6592	0.020235942478257125	0.7195502545384608	Misma hebra 1	-208.5	FALSE	perm7	0.143915552507661,0.0223743805010983,0.494663992069435,0.0232117967444981,0.00423078602614688,0.0415433853357516,0.00459449836629976,0.00317641675192967,0.0128041947795856,0.0604429879651104,0.56383635496588,0.0389580229170774,0.382831273227401,0.0383509827423908,0.307937004578104,0.0973184963802129,0.398254534835039,0.00582902143456772,0.176661438871239,0.779588874431034,0.340766922368849,0.0529758692813949,0.234169155283295,0.0201661613276916,0.451983606246835,0.52526308644607,0.659587733326922,0.216947371351013,0.221523913642387,0.240715037964145,0.156675941217294,0.00639413893084221,0.00403262345008751,0.0493422883159274,0.0344318738221952,0.0226852669073096,0.314677493108903,0.984543109382401,0.485377829135905,0.085485656272233,0.0301579358389714,0.0140744734114382,0.105758807027599,0.219223772884745,0.938478285933896,0.0128422889189759,0.260851494067512,0.0143807315791808
Rep 2	Misma hebra	-203	-0.05150445896318724	-0.13619891157965386	0.029518812097633844	0.21694737135101308	210	6592	0.018083182640144666	0.3544382618278196	Misma hebra 1	-198.5	FALSE	perm7	0.143915552507661,0.0223743805010983,0.494663992069435,0.0232117967444981,0.00423078602614688,0.0415433853357516,0.00459449836629976,0.00317641675192967,0.0128041947795856,0.0604429879651104,0.56383635496588,0.0389580229170774,0.382831273227401,0.0383509827423908,0.307937004578104,0.0973184963802129,0.398254534835039,0.00582902143456772,0.176661438871239,0.779588874431034,0.340766922368849,0.0529758692813949,0.234169155283295,0.0201661613276916,0.451983606246835,0.52526308644607,0.659587733326922,0.216947371351013,0.221523913642387,0.240715037964145,0.156675941217294,0.00639413893084221,0.00403262345008751,0.0493422883159274,0.0344318738221952,0.0226852669073096,0.314677493108903,0.984543109382401,0.485377829135905,0.085485656272233,0.0301579358389714,0.0140744734114382,0.105758807027599,0.219223772884745,0.938478285933896,0.0128422889189759,0.260851494067512,0.0143807315791808
Rep 2	Misma hebra	-193	-0.05205899569213054	-0.1446963113274472	0.028996665670331805	0.22152391364238724	194	6592	0.01670541634375269	0.3544382618278196	Misma hebra 1	-188.5	FALSE	perm7	0.143915552507661,0.0223743805010983,0.494663992069435,0.0232117967444981,0.00423078602614688,0.0415433853357516,0.00459449836629976,0.00317641675192967,0.0128041947795856,0.0604429879651104,0.56383635496588,0.0389580229170774,0.382831273227401,0.0383509827423908,0.307937004578104,0.0973184963802129,0.398254534835039,0.00582902143456772,0.176661438871239,0.779588874431034,0.340766922368849,0.0529758692813949,0.234169155283295,0.0201661613276916,0.451983606246835,0.52526308644607,0.659587733326922,0.216947371351013,0.221523913642387,0.240715037964145,0.156675941217294,0.00639413893084221,0.00403262345008751,0.0493422883159274,0.0344318738221952,0.0226852669073096,0.314677493108903,0.984543109382401,0.485377829135905,0.085485656272233,0.0301579358389714,0.0140744734114382,0.105758807027599,0.219223772884745,0.938478285933896,0.0128422889189759,0.260851494067512,0.0143807315791808
Rep 2	Misma hebra	-183	-0.047535689617655114	-0.13704737165335906	0.033167784246662724	0.24071503796414506	205	6592	0.017652630672522172	0.3610725569462176	Misma hebra 1	-178.5	FALSE	perm7	0.143915552507661,0.0223743805010983,0.494663992069435,0.0232117967444981,0.00423078602614688,0.0415433853357516,0.00459449836629976,0.00317641675192967,0.0128041947795856,0.0604429879651104,0.56383635496588,0.0389580229170774,0.382831273227401,0.0383509827423908,0.307937004578104,0.0973184963802129,0.398254534835039,0.00582902143456772,0.176661438871239,0.779588874431034,0.340766922368849,0.0529758692813949,0.234169155283295,0.0201661613276916,0.451983606246835,0.52526308644607,0.659587733326922,0.216947371351013,0.221523913642387,0.240715037964145,0.156675941217294,0.00639413893084221,0.00403262345008751,0.0493422883159274,0.0344318738221952,0.0226852669073096,0.314677493108903,0.984543109382401,0.485377829135905,0.085485656272233,0.0301579358389714,0.0140744734114382,0.105758807027599,0.219223772884745,0.938478285933896,0.0128422889189759,0.260851494067512,0.0143807315791808
Rep 2	Misma hebra	-173	-0.05900885056685228	-0.14657176288740492	0.021000040887781943	0.15667594121729406	196	6592	0.016877637130801686	0.3133518824345881	Misma hebra 1	-168.5	FALSE	perm7	0.143915552507661,0.0223743805010983,0.494663992069435,0.0232117967444981,0.00423078602614688,0.0415433853357516,0.00459449836629976,0.00317641675192967,0.0128041947795856,0.0604429879651104,0.56383635496588,0.0389580229170774,0.382831273227401,0.0383509827423908,0.307937004578104,0.0973184963802129,0.398254534835039,0.00582902143456772,0.176661438871239,0.779588874431034,0.340766922368849,0.0529758692813949,0.234169155283295,0.0201661613276916,0.451983606246835,0.52526308644607,0.659587733326922,0.216947371351013,0.221523913642387,0.240715037964145,0.156675941217294,0.00639413893084221,0.00403262345008751,0.0493422883159274,0.0344318738221952,0.0226852669073096,0.314677493108903,0.984543109382401,0.485377829135905,0.085485656272233,0.0301579358389714,0.0140744734114382,0.105758807027599,0.219223772884745,0.938478285933896,0.0128422889189759,0.260851494067512,0.0143807315791808
Rep 2	Misma hebra	-163	-0.12160966563589387	-0.21528524749073352	-0.031092063963051645	0.006394138930842214	174	6592	0.014983208473262722	0.06902751158006776	Misma hebra 1	-158.5	FALSE	perm7	0.143915552507661,0.0223743805010983,0.494663992069435,0.0232117967444981,0.00423078602614688,0.0415433853357516,0.00459449836629976,0.00317641675192967,0.0128041947795856,0.0604429879651104,0.56383635496588,0.0389580229170774,0.382831273227401,0.0383509827423908,0.307937004578104,0.0973184963802129,0.398254534835039,0.00582902143456772,0.176661438871239,0.779588874431034,0.340766922368849,0.0529758692813949,0.234169155283295,0.0201661613276916,0.451983606246835,0.52526308644607,0.659587733326922,0.216947371351013,0.221523913642387,0.240715037964145,0.156675941217294,0.00639413893084221,0.00403262345008751,0.0493422883159274,0.0344318738221952,0.0226852669073096,0.314677493108903,0.984543109382401,0.485377829135905,0.085485656272233,0.0301579358389714,0.0140744734114382,0.105758807027599,0.219223772884745,0.938478285933896,0.0128422889189759,0.260851494067512,0.0143807315791808
Rep 2	Misma hebra	-153	-0.13163804620591135	-0.22721007888177208	-0.039664893389019455	0.004032623450087507	158	6592	0.013605442176870748	0.06902751158006776	Misma hebra 1	-148.5	FALSE	perm7	0.143915552507661,0.0223743805010983,0.494663992069435,0.0232117967444981,0.00423078602614688,0.0415433853357516,0.00459449836629976,0.00317641675192967,0.0128041947795856,0.0604429879651104,0.56383635496588,0.0389580229170774,0.382831273227401,0.0383509827423908,0.307937004578104,0.0973184963802129,0.398254534835039,0.00582902143456772,0.176661438871239,0.779588874431034,0.340766922368849,0.0529758692813949,0.234169155283295,0.0201661613276916,0.451983606246835,0.52526308644607,0.659587733326922,0.216947371351013,0.221523913642387,0.240715037964145,0.156675941217294,0.00639413893084221,0.00403262345008751,0.0493422883159274,0.0344318738221952,0.0226852669073096,0.314677493108903,0.984543109382401,0.485377829135905,0.085485656272233,0.0301579358389714,0.0140744734114382,0.105758807027599,0.219223772884745,0.938478285933896,0.0128422889189759,0.260851494067512,0.0143807315791808
Rep 2	Misma hebra	-143	-0.09433707467078001	-0.19666459040900056	-5.0247416148077215e-5	0.04934228831592739	155	6592	0.013347110996297254	0.1315794355091397	Misma hebra 1	-138.5	FALSE	perm7	0.143915552507661,0.0223743805010983,0.494663992069435,0.0232117967444981,0.00423078602614688,0.0415433853357516,0.00459449836629976,0.00317641675192967,0.0128041947795856,0.0604429879651104,0.56383635496588,0.0389580229170774,0.382831273227401,0.0383509827423908,0.307937004578104,0.0973184963802129,0.398254534835039,0.00582902143456772,0.176661438871239,0.779588874431034,0.340766922368849,0.0529758692813949,0.234169155283295,0.0201661613276916,0.451983606246835,0.52526308644607,0.659587733326922,0.216947371351013,0.221523913642387,0.240715037964145,0.156675941217294,0.00639413893084221,0.00403262345008751,0.0493422883159274,0.0344318738221952,0.0226852669073096,0.314677493108903,0.984543109382401,0.485377829135905,0.085485656272233,0.0301579358389714,0.0140744734114382,0.105758807027599,0.219223772884745,0.938478285933896,0.0128422889189759,0.260851494067512,0.0143807315791808
Rep 2	Misma hebra	-133	-0.09252651159640711	-0.18150218081213998	-0.004020661349187589	0.03443187382219521	196	6592	0.016877637130801686	0.10329562146658564	Misma hebra 1	-128.5	FALSE	perm7	0.143915552507661,0.0223743805010983,0.494663992069435,0.0232117967444981,0.00423078602614688,0.0415433853357516,0.00459449836629976,0.00317641675192967,0.0128041947795856,0.0604429879651104,0.56383635496588,0.0389580229170774,0.382831273227401,0.0383509827423908,0.307937004578104,0.0973184963802129,0.398254534835039,0.00582902143456772,0.176661438871239,0.779588874431034,0.340766922368849,0.0529758692813949,0.234169155283295,0.0201661613276916,0.451983606246835,0.52526308644607,0.659587733326922,0.216947371351013,0.221523913642387,0.240715037964145,0.156675941217294,0.00639413893084221,0.00403262345008751,0.0493422883159274,0.0344318738221952,0.0226852669073096,0.314677493108903,0.984543109382401,0.485377829135905,0.085485656272233,0.0301579358389714,0.0140744734114382,0.105758807027599,0.219223772884745,0.938478285933896,0.0128422889189759,0.260851494067512,0.0143807315791808
Rep 2	Misma hebra	-123	-0.11104516118770065	-0.21404313507851122	-0.013229892940423291	0.022685266907309584	151	6592	0.01300266942219926	0.09074106762923834	Misma hebra 1	-118.5	FALSE	perm7	0.143915552507661,0.0223743805010983,0.494663992069435,0.0232117967444981,0.00423078602614688,0.0415433853357516,0.00459449836629976,0.00317641675192967,0.0128041947795856,0.0604429879651104,0.56383635496588,0.0389580229170774,0.382831273227401,0.0383509827423908,0.307937004578104,0.0973184963802129,0.398254534835039,0.00582902143456772,0.176661438871239,0.779588874431034,0.340766922368849,0.0529758692813949,0.234169155283295,0.0201661613276916,0.451983606246835,0.52526308644607,0.659587733326922,0.216947371351013,0.221523913642387,0.240715037964145,0.156675941217294,0.00639413893084221,0.00403262345008751,0.0493422883159274,0.0344318738221952,0.0226852669073096,0.314677493108903,0.984543109382401,0.485377829135905,0.085485656272233,0.0301579358389714,0.0140744734114382,0.105758807027599,0.219223772884745,0.938478285933896,0.0128422889189759,0.260851494067512,0.0143807315791808
Rep 2	Misma hebra	-113	-0.05481554000896133	-0.16661101852912752	0.0548420370965673	0.314677493108903	125	6592	0.010763799190562301	0.41956999081187063	Misma hebra 1	-108.5	FALSE	perm7	0.143915552507661,0.0223743805010983,0.494663992069435,0.0232117967444981,0.00423078602614688,0.0415433853357516,0.00459449836629976,0.00317641675192967,0.0128041947795856,0.0604429879651104,0.56383635496588,0.0389580229170774,0.382831273227401,0.0383509827423908,0.307937004578104,0.0973184963802129,0.398254534835039,0.00582902143456772,0.176661438871239,0.779588874431034,0.340766922368849,0.0529758692813949,0.234169155283295,0.0201661613276916,0.451983606246835,0.52526308644607,0.659587733326922,0.216947371351013,0.221523913642387,0.240715037964145,0.156675941217294,0.00639413893084221,0.00403262345008751,0.0493422883159274,0.0344318738221952,0.0226852669073096,0.314677493108903,0.984543109382401,0.485377829135905,0.085485656272233,0.0301579358389714,0.0140744734114382,0.105758807027599,0.219223772884745,0.938478285933896,0.0128422889189759,0.260851494067512,0.0143807315791808
Rep 2	Misma hebra	-103	-1.7872251329509767e-4	-0.10922036521692267	0.1092029705941699	0.9845431093824012	130	6592	0.011194351158184793	0.9845431093824012	Misma hebra 1	-98.5	FALSE	perm7	0.143915552507661,0.0223743805010983,0.494663992069435,0.0232117967444981,0.00423078602614688,0.0415433853357516,0.00459449836629976,0.00317641675192967,0.0128041947795856,0.0604429879651104,0.56383635496588,0.0389580229170774,0.382831273227401,0.0383509827423908,0.307937004578104,0.0973184963802129,0.398254534835039,0.00582902143456772,0.176661438871239,0.779588874431034,0.340766922368849,0.0529758692813949,0.234169155283295,0.0201661613276916,0.451983606246835,0.52526308644607,0.659587733326922,0.216947371351013,0.221523913642387,0.240715037964145,0.156675941217294,0.00639413893084221,0.00403262345008751,0.0493422883159274,0.0344318738221952,0.0226852669073096,0.314677493108903,0.984543109382401,0.485377829135905,0.085485656272233,0.0301579358389714,0.0140744734114382,0.105758807027599,0.219223772884745,0.938478285933896,0.0128422889189759,0.260851494067512,0.0143807315791808
Rep 2	Misma hebra	-93	-0.03551197718489204	-0.1523129112706109	0.069340511591852	0.4853778291359052	132	6592	0.01136657194523379	0.5824533949630862	Misma hebra 1	-88.5	FALSE	perm7	0.143915552507661,0.0223743805010983,0.494663992069435,0.0232117967444981,0.00423078602614688,0.0415433853357516,0.00459449836629976,0.00317641675192967,0.0128041947795856,0.0604429879651104,0.56383635496588,0.0389580229170774,0.382831273227401,0.0383509827423908,0.307937004578104,0.0973184963802129,0.398254534835039,0.00582902143456772,0.176661438871239,0.779588874431034,0.340766922368849,0.0529758692813949,0.234169155283295,0.0201661613276916,0.451983606246835,0.52526308644607,0.659587733326922,0.216947371351013,0.221523913642387,0.240715037964145,0.156675941217294,0.00639413893084221,0.00403262345008751,0.0493422883159274,0.0344318738221952,0.0226852669073096,0.314677493108903,0.984543109382401,0.485377829135905,0.085485656272233,0.0301579358389714,0.0140744734114382,0.105758807027599,0.219223772884745,0.938478285933896,0.0128422889189759,0.260851494067512,0.0143807315791808
Rep 2	Misma hebra	-83	-0.0832766927516116	-0.18777131363532804	0.01000664056899677	0.08548565627223305	136	6592	0.011711013519331783	0.2051655750533593	Misma hebra 1	-78.5	FALSE	perm7	0.143915552507661,0.0223743805010983,0.494663992069435,0.0232117967444981,0.00423078602614688,0.0415433853357516,0.00459449836629976,0.00317641675192967,0.0128041947795856,0.0604429879651104,0.56383635496588,0.0389580229170774,0.382831273227401,0.0383509827423908,0.307937004578104,0.0973184963802129,0.398254534835039,0.00582902143456772,0.176661438871239,0.779588874431034,0.340766922368849,0.0529758692813949,0.234169155283295,0.0201661613276916,0.451983606246835,0.52526308644607,0.659587733326922,0.216947371351013,0.221523913642387,0.240715037964145,0.156675941217294,0.00639413893084221,0.00403262345008751,0.0493422883159274,0.0344318738221952,0.0226852669073096,0.314677493108903,0.984543109382401,0.485377829135905,0.085485656272233,0.0301579358389714,0.0140744734114382,0.105758807027599,0.219223772884745,0.938478285933896,0.0128422889189759,0.260851494067512,0.0143807315791808
Rep 2	Misma hebra	-73	-0.11827641385876275	-0.22757790775427097	-0.010648206963389584	0.030157935838971424	126	6592	0.0108499095840868	0.10329562146658564	Misma hebra 1	-68.5	FALSE	perm7	0.143915552507661,0.0223743805010983,0.494663992069435,0.0232117967444981,0.00423078602614688,0.0415433853357516,0.00459449836629976,0.00317641675192967,0.0128041947795856,0.0604429879651104,0.56383635496588,0.0389580229170774,0.382831273227401,0.0383509827423908,0.307937004578104,0.0973184963802129,0.398254534835039,0.00582902143456772,0.176661438871239,0.779588874431034,0.340766922368849,0.0529758692813949,0.234169155283295,0.0201661613276916,0.451983606246835,0.52526308644607,0.659587733326922,0.216947371351013,0.221523913642387,0.240715037964145,0.156675941217294,0.00639413893084221,0.00403262345008751,0.0493422883159274,0.0344318738221952,0.0226852669073096,0.314677493108903,0.984543109382401,0.485377829135905,0.085485656272233,0.0301579358389714,0.0140744734114382,0.105758807027599,0.219223772884745,0.938478285933896,0.0128422889189759,0.260851494067512,0.0143807315791808
Rep 2	Misma hebra	-63	-0.12261265817161142	-0.22992952212010526	-0.021416959963124683	0.014074473411438167	120	6592	0.01033324722293981	0.06902751158006776	Misma hebra 1	-58.5	FALSE	perm7	0.143915552507661,0.0223743805010983,0.494663992069435,0.0232117967444981,0.00423078602614688,0.0415433853357516,0.00459449836629976,0.00317641675192967,0.0128041947795856,0.0604429879651104,0.56383635496588,0.0389580229170774,0.382831273227401,0.0383509827423908,0.307937004578104,0.0973184963802129,0.398254534835039,0.00582902143456772,0.176661438871239,0.779588874431034,0.340766922368849,0.0529758692813949,0.234169155283295,0.0201661613276916,0.451983606246835,0.52526308644607,0.659587733326922,0.216947371351013,0.221523913642387,0.240715037964145,0.156675941217294,0.00639413893084221,0.00403262345008751,0.0493422883159274,0.0344318738221952,0.0226852669073096,0.314677493108903,0.984543109382401,0.485377829135905,0.085485656272233,0.0301579358389714,0.0140744734114382,0.105758807027599,0.219223772884745,0.938478285933896,0.0128422889189759,0.260851494067512,0.0143807315791808
Rep 2	Misma hebra	-53	-0.09918669732950369	-0.22368548039113634	0.01993312047674701	0.10575880702759932	93	6592	0.008008266597778351	0.2307464880602167	Misma hebra 1	-48.5	FALSE	perm7	0.143915552507661,0.0223743805010983,0.494663992069435,0.0232117967444981,0.00423078602614688,0.0415433853357516,0.00459449836629976,0.00317641675192967,0.0128041947795856,0.0604429879651104,0.56383635496588,0.0389580229170774,0.382831273227401,0.0383509827423908,0.307937004578104,0.0973184963802129,0.398254534835039,0.00582902143456772,0.176661438871239,0.779588874431034,0.340766922368849,0.0529758692813949,0.234169155283295,0.0201661613276916,0.451983606246835,0.52526308644607,0.659587733326922,0.216947371351013,0.221523913642387,0.240715037964145,0.156675941217294,0.00639413893084221,0.00403262345008751,0.0493422883159274,0.0344318738221952,0.0226852669073096,0.314677493108903,0.984543109382401,0.485377829135905,0.085485656272233,0.0301579358389714,0.0140744734114382,0.105758807027599,0.219223772884745,0.938478285933896,0.0128422889189759,0.260851494067512,0.0143807315791808
Rep 2	Misma hebra	-43	-0.06121537838084049	-0.16663469480220175	0.035130544957030364	0.21922377288474493	153	6592	0.013174890209248256	0.3544382618278196	Misma hebra 1	-38.5	FALSE	perm7	0.143915552507661,0.0223743805010983,0.494663992069435,0.0232117967444981,0.00423078602614688,0.0415433853357516,0.00459449836629976,0.00317641675192967,0.0128041947795856,0.0604429879651104,0.56383635496588,0.0389580229170774,0.382831273227401,0.0383509827423908,0.307937004578104,0.0973184963802129,0.398254534835039,0.00582902143456772,0.176661438871239,0.779588874431034,0.340766922368849,0.0529758692813949,0.234169155283295,0.0201661613276916,0.451983606246835,0.52526308644607,0.659587733326922,0.216947371351013,0.221523913642387,0.240715037964145,0.156675941217294,0.00639413893084221,0.00403262345008751,0.0493422883159274,0.0344318738221952,0.0226852669073096,0.314677493108903,0.984543109382401,0.485377829135905,0.085485656272233,0.0301579358389714,0.0140744734114382,0.105758807027599,0.219223772884745,0.938478285933896,0.0128422889189759,0.260851494067512,0.0143807315791808
Rep 2	Misma hebra	-33	0.0023630890432164015	-0.0998452140047594	0.10672442851643323	0.9384782859338958	151	6592	0.01300266942219926	0.9792816896701522	Misma hebra 1	-28.5	FALSE	perm7	0.143915552507661,0.0223743805010983,0.494663992069435,0.0232117967444981,0.00423078602614688,0.0415433853357516,0.00459449836629976,0.00317641675192967,0.0128041947795856,0.0604429879651104,0.56383635496588,0.0389580229170774,0.382831273227401,0.0383509827423908,0.307937004578104,0.0973184963802129,0.398254534835039,0.00582902143456772,0.176661438871239,0.779588874431034,0.340766922368849,0.0529758692813949,0.234169155283295,0.0201661613276916,0.451983606246835,0.52526308644607,0.659587733326922,0.216947371351013,0.221523913642387,0.240715037964145,0.156675941217294,0.00639413893084221,0.00403262345008751,0.0493422883159274,0.0344318738221952,0.0226852669073096,0.314677493108903,0.984543109382401,0.485377829135905,0.085485656272233,0.0301579358389714,0.0140744734114382,0.105758807027599,0.219223772884745,0.938478285933896,0.0128422889189759,0.260851494067512,0.0143807315791808
Rep 2	Misma hebra	-23	-0.14306270471510432	-0.2643327603374001	-0.028630785235282438	0.01284228891897587	100	6592	0.008611039352449841	0.06902751158006776	Misma hebra 1	-18.5	FALSE	perm7	0.143915552507661,0.0223743805010983,0.494663992069435,0.0232117967444981,0.00423078602614688,0.0415433853357516,0.00459449836629976,0.00317641675192967,0.0128041947795856,0.0604429879651104,0.56383635496588,0.0389580229170774,0.382831273227401,0.0383509827423908,0.307937004578104,0.0973184963802129,0.398254534835039,0.00582902143456772,0.176661438871239,0.779588874431034,0.340766922368849,0.0529758692813949,0.234169155283295,0.0201661613276916,0.451983606246835,0.52526308644607,0.659587733326922,0.216947371351013,0.221523913642387,0.240715037964145,0.156675941217294,0.00639413893084221,0.00403262345008751,0.0493422883159274,0.0344318738221952,0.0226852669073096,0.314677493108903,0.984543109382401,0.485377829135905,0.085485656272233,0.0301579358389714,0.0140744734114382,0.105758807027599,0.219223772884745,0.938478285933896,0.0128422889189759,0.260851494067512,0.0143807315791808
Rep 2	Misma hebra	-13	-0.06661386365861434	-0.18530623318224895	0.05022207173498323	0.26085149406751246	107	6592	0.00921381210712133	0.3682609328011941	Misma hebra 1	-8.5	FALSE	perm7	0.143915552507661,0.0223743805010983,0.494663992069435,0.0232117967444981,0.00423078602614688,0.0415433853357516,0.00459449836629976,0.00317641675192967,0.0128041947795856,0.0604429879651104,0.56383635496588,0.0389580229170774,0.382831273227401,0.0383509827423908,0.307937004578104,0.0973184963802129,0.398254534835039,0.00582902143456772,0.176661438871239,0.779588874431034,0.340766922368849,0.0529758692813949,0.234169155283295,0.0201661613276916,0.451983606246835,0.52526308644607,0.659587733326922,0.216947371351013,0.221523913642387,0.240715037964145,0.156675941217294,0.00639413893084221,0.00403262345008751,0.0493422883159274,0.0344318738221952,0.0226852669073096,0.314677493108903,0.984543109382401,0.485377829135905,0.085485656272233,0.0301579358389714,0.0140744734114382,0.105758807027599,0.219223772884745,0.938478285933896,0.0128422889189759,0.260851494067512,0.0143807315791808
Rep 2	Misma hebra	-3	-0.19358065424799886	-0.351080618285694	-0.032581252234888586	0.014380731579180784	61	6592	0.005252734004994403	0.06902751158006776	Misma hebra 1	1.5	FALSE	perm7	0.143915552507661,0.0223743805010983,0.494663992069435,0.0232117967444981,0.00423078602614688,0.0415433853357516,0.00459449836629976,0.00317641675192967,0.0128041947795856,0.0604429879651104,0.56383635496588,0.0389580229170774,0.382831273227401,0.0383509827423908,0.307937004578104,0.0973184963802129,0.398254534835039,0.00582902143456772,0.176661438871239,0.779588874431034,0.340766922368849,0.0529758692813949,0.234169155283295,0.0201661613276916,0.451983606246835,0.52526308644607,0.659587733326922,0.216947371351013,0.221523913642387,0.240715037964145,0.156675941217294,0.00639413893084221,0.00403262345008751,0.0493422883159274,0.0344318738221952,0.0226852669073096,0.314677493108903,0.984543109382401,0.485377829135905,0.085485656272233,0.0301579358389714,0.0140744734114382,0.105758807027599,0.219223772884745,0.938478285933896,0.0128422889189759,0.260851494067512,0.0143807315791808
Rep 1	Misma hebra	-233	-0.0295521038605204	-0.09469631365736639	0.034868513440158004	0.363950922006523	215	5065	0.021887407105772166	0.4367411064078276	Misma hebra 1	-228.5	FALSE	perm8	0.363950922006523,0.00577754289023093,0.745834997121432,0.0450903174371934,6.61323501636893e-06,0.0247748907851775,0.00637206602834365,0.0678823913504875,0.105711299448837,0.305351890988659,0.552108285152854,0.0151708086331164,0.000288625658247901,0.000423888705831951,0.00274047995469284,0.104858501741786,2.965212321809e-05,0.041717780095928,0.00208501662183383,0.0667194461347175,0.210638070525743,0.0307414667199244,0.460913101820164,0.953229869567466,0.479368953263226,0.212861580110059,0.361521969001349,0.201496528513586,7.94113922394612e-06,0.000233945038547405,0.0105995925683706,0.129502677896907,0.220307230029963,0.430307313731623,0.257617920140474,0.0145267648602541,0.332444884842652,0.038626483176409,0.00170093500854483,0.123909952355853,0.00746529382007015,0.187253800699357,0.00406961493693979,0.756629817956157,0.573331815187048,0.00709732954857738,0.101617798794368,0.0217705127646088
Rep 1	Misma hebra	-223	-0.08475671855165248	-0.1449563319777544	-0.024636585844074344	0.0057775428902309255	248	5065	0.025246869591774405	0.01911619808503095	Misma hebra 1	-218.5	TRUE	perm8	0.363950922006523,0.00577754289023093,0.745834997121432,0.0450903174371934,6.61323501636893e-06,0.0247748907851775,0.00637206602834365,0.0678823913504875,0.105711299448837,0.305351890988659,0.552108285152854,0.0151708086331164,0.000288625658247901,0.000423888705831951,0.00274047995469284,0.104858501741786,2.965212321809e-05,0.041717780095928,0.00208501662183383,0.0667194461347175,0.210638070525743,0.0307414667199244,0.460913101820164,0.953229869567466,0.479368953263226,0.212861580110059,0.361521969001349,0.201496528513586,7.94113922394612e-06,0.000233945038547405,0.0105995925683706,0.129502677896907,0.220307230029963,0.430307313731623,0.257617920140474,0.0145267648602541,0.332444884842652,0.038626483176409,0.00170093500854483,0.123909952355853,0.00746529382007015,0.187253800699357,0.00406961493693979,0.756629817956157,0.573331815187048,0.00709732954857738,0.101617798794368,0.0217705127646088
Rep 1	Misma hebra	-213	-0.010804130726949605	-0.07695333241139717	0.05525083070083007	0.7458349971214322	224	5065	0.022803624147409142	0.7782626056919292	Misma hebra 1	-208.5	FALSE	perm8	0.363950922006523,0.00577754289023093,0.745834997121432,0.0450903174371934,6.61323501636893e-06,0.0247748907851775,0.00637206602834365,0.0678823913504875,0.105711299448837,0.305351890988659,0.552108285152854,0.0151708086331164,0.000288625658247901,0.000423888705831951,0.00274047995469284,0.104858501741786,2.965212321809e-05,0.041717780095928,0.00208501662183383,0.0667194461347175,0.210638070525743,0.0307414667199244,0.460913101820164,0.953229869567466,0.479368953263226,0.212861580110059,0.361521969001349,0.201496528513586,7.94113922394612e-06,0.000233945038547405,0.0105995925683706,0.129502677896907,0.220307230029963,0.430307313731623,0.257617920140474,0.0145267648602541,0.332444884842652,0.038626483176409,0.00170093500854483,0.123909952355853,0.00746529382007015,0.187253800699357,0.00406961493693979,0.756629817956157,0.573331815187048,0.00709732954857738,0.101617798794368,0.0217705127646088
Rep 1	Misma hebra	-203	-0.06795105638090634	-0.1337424766921936	-0.0014077906034443404	0.045090317437193446	212	5065	0.02158200142522651	0.08324366296097252	Misma hebra 1	-198.5	FALSE	perm8	0.363950922006523,0.00577754289023093,0.745834997121432,0.0450903174371934,6.61323501636893e-06,0.0247748907851775,0.00637206602834365,0.0678823913504875,0.105711299448837,0.305351890988659,0.552108285152854,0.0151708086331164,0.000288625658247901,0.000423888705831951,0.00274047995469284,0.104858501741786,2.965212321809e-05,0.041717780095928,0.00208501662183383,0.0667194461347175,0.210638070525743,0.0307414667199244,0.460913101820164,0.953229869567466,0.479368953263226,0.212861580110059,0.361521969001349,0.201496528513586,7.94113922394612e-06,0.000233945038547405,0.0105995925683706,0.129502677896907,0.220307230029963,0.430307313731623,0.257617920140474,0.0145267648602541,0.332444884842652,0.038626483176409,0.00170093500854483,0.123909952355853,0.00746529382007015,0.187253800699357,0.00406961493693979,0.756629817956157,0.573331815187048,0.00709732954857738,0.101617798794368,0.0217705127646088
Rep 1	Misma hebra	-193	-0.13794520508335004	-0.1981391581570961	-0.07821551197668514	6.61323501636893e-6	232	5065	0.023618039295530895	1.587176403928543e-4	Misma hebra 1	-188.5	TRUE	perm8	0.363950922006523,0.00577754289023093,0.745834997121432,0.0450903174371934,6.61323501636893e-06,0.0247748907851775,0.00637206602834365,0.0678823913504875,0.105711299448837,0.305351890988659,0.552108285152854,0.0151708086331164,0.000288625658247901,0.000423888705831951,0.00274047995469284,0.104858501741786,2.965212321809e-05,0.041717780095928,0.00208501662183383,0.0667194461347175,0.210638070525743,0.0307414667199244,0.460913101820164,0.953229869567466,0.479368953263226,0.212861580110059,0.361521969001349,0.201496528513586,7.94113922394612e-06,0.000233945038547405,0.0105995925683706,0.129502677896907,0.220307230029963,0.430307313731623,0.257617920140474,0.0145267648602541,0.332444884842652,0.038626483176409,0.00170093500854483,0.123909952355853,0.00746529382007015,0.187253800699357,0.00406961493693979,0.756629817956157,0.573331815187048,0.00709732954857738,0.101617798794368,0.0217705127646088
Rep 1	Misma hebra	-183	-0.07642500334610922	-0.1433015591528984	-0.009638749266939554	0.024774890785177466	177	5065	0.01801893515219383	0.05945973788442591	Misma hebra 1	-178.5	FALSE	perm8	0.363950922006523,0.00577754289023093,0.745834997121432,0.0450903174371934,6.61323501636893e-06,0.0247748907851775,0.00637206602834365,0.0678823913504875,0.105711299448837,0.305351890988659,0.552108285152854,0.0151708086331164,0.000288625658247901,0.000423888705831951,0.00274047995469284,0.104858501741786,2.965212321809e-05,0.041717780095928,0.00208501662183383,0.0667194461347175,0.210638070525743,0.0307414667199244,0.460913101820164,0.953229869567466,0.479368953263226,0.212861580110059,0.361521969001349,0.201496528513586,7.94113922394612e-06,0.000233945038547405,0.0105995925683706,0.129502677896907,0.220307230029963,0.430307313731623,0.257617920140474,0.0145267648602541,0.332444884842652,0.038626483176409,0.00170093500854483,0.123909952355853,0.00746529382007015,0.187253800699357,0.00406961493693979,0.756629817956157,0.573331815187048,0.00709732954857738,0.101617798794368,0.0217705127646088
Rep 1	Misma hebra	-173	-0.08853445306968026	-0.15327897005663987	-0.02497147227933077	0.0063720660283436495	220	5065	0.022396416573348264	0.01911619808503095	Misma hebra 1	-168.5	TRUE	perm8	0.363950922006523,0.00577754289023093,0.745834997121432,0.0450903174371934,6.61323501636893e-06,0.0247748907851775,0.00637206602834365,0.0678823913504875,0.105711299448837,0.305351890988659,0.552108285152854,0.0151708086331164,0.000288625658247901,0.000423888705831951,0.00274047995469284,0.104858501741786,2.965212321809e-05,0.041717780095928,0.00208501662183383,0.0667194461347175,0.210638070525743,0.0307414667199244,0.460913101820164,0.953229869567466,0.479368953263226,0.212861580110059,0.361521969001349,0.201496528513586,7.94113922394612e-06,0.000233945038547405,0.0105995925683706,0.129502677896907,0.220307230029963,0.430307313731623,0.257617920140474,0.0145267648602541,0.332444884842652,0.038626483176409,0.00170093500854483,0.123909952355853,0.00746529382007015,0.187253800699357,0.00406961493693979,0.756629817956157,0.573331815187048,0.00709732954857738,0.101617798794368,0.0217705127646088
Rep 1	Misma hebra	-163	-0.06262334791924651	-0.12931337350641278	0.0043438832812935976	0.06788239135048754	200	5065	0.020360378703043875	0.10861182616078008	Misma hebra 1	-158.5	FALSE	perm8	0.363950922006523,0.00577754289023093,0.745834997121432,0.0450903174371934,6.61323501636893e-06,0.0247748907851775,0.00637206602834365,0.0678823913504875,0.105711299448837,0.305351890988659,0.552108285152854,0.0151708086331164,0.000288625658247901,0.000423888705831951,0.00274047995469284,0.104858501741786,2.965212321809e-05,0.041717780095928,0.00208501662183383,0.0667194461347175,0.210638070525743,0.0307414667199244,0.460913101820164,0.953229869567466,0.479368953263226,0.212861580110059,0.361521969001349,0.201496528513586,7.94113922394612e-06,0.000233945038547405,0.0105995925683706,0.129502677896907,0.220307230029963,0.430307313731623,0.257617920140474,0.0145267648602541,0.332444884842652,0.038626483176409,0.00170093500854483,0.123909952355853,0.00746529382007015,0.187253800699357,0.00406961493693979,0.756629817956157,0.573331815187048,0.00709732954857738,0.101617798794368,0.0217705127646088
Rep 1	Misma hebra	-153	-0.05878364650095606	-0.131446934665232	0.012466933701567531	0.10571129944883727	173	5065	0.017611727578132952	0.14923948157482908	Misma hebra 1	-148.5	FALSE	perm8	0.363950922006523,0.00577754289023093,0.745834997121432,0.0450903174371934,6.61323501636893e-06,0.0247748907851775,0.00637206602834365,0.0678823913504875,0.105711299448837,0.305351890988659,0.552108285152854,0.0151708086331164,0.000288625658247901,0.000423888705831951,0.00274047995469284,0.104858501741786,2.965212321809e-05,0.041717780095928,0.00208501662183383,0.0667194461347175,0.210638070525743,0.0307414667199244,0.460913101820164,0.953229869567466,0.479368953263226,0.212861580110059,0.361521969001349,0.201496528513586,7.94113922394612e-06,0.000233945038547405,0.0105995925683706,0.129502677896907,0.220307230029963,0.430307313731623,0.257617920140474,0.0145267648602541,0.332444884842652,0.038626483176409,0.00170093500854483,0.123909952355853,0.00746529382007015,0.187253800699357,0.00406961493693979,0.756629817956157,0.573331815187048,0.00709732954857738,0.101617798794368,0.0217705127646088
Rep 1	Misma hebra	-143	-0.04244940133186645	-0.12434964279102383	0.03937333476815066	0.3053518909886586	156	5065	0.015881095388374223	0.3857076517751477	Misma hebra 1	-138.5	FALSE	perm8	0.363950922006523,0.00577754289023093,0.745834997121432,0.0450903174371934,6.61323501636893e-06,0.0247748907851775,0.00637206602834365,0.0678823913504875,0.105711299448837,0.305351890988659,0.552108285152854,0.0151708086331164,0.000288625658247901,0.000423888705831951,0.00274047995469284,0.104858501741786,2.965212321809e-05,0.041717780095928,0.00208501662183383,0.0667194461347175,0.210638070525743,0.0307414667199244,0.460913101820164,0.953229869567466,0.479368953263226,0.212861580110059,0.361521969001349,0.201496528513586,7.94113922394612e-06,0.000233945038547405,0.0105995925683706,0.129502677896907,0.220307230029963,0.430307313731623,0.257617920140474,0.0145267648602541,0.332444884842652,0.038626483176409,0.00170093500854483,0.123909952355853,0.00746529382007015,0.187253800699357,0.00406961493693979,0.756629817956157,0.573331815187048,0.00709732954857738,0.101617798794368,0.0217705127646088
Rep 1	Misma hebra	-133	-0.026658234373579573	-0.11384477259882235	0.06060778633379285	0.5521082851528538	144	5065	0.014659472666191591	0.6022999474394769	Misma hebra 1	-128.5	FALSE	perm8	0.363950922006523,0.00577754289023093,0.745834997121432,0.0450903174371934,6.61323501636893e-06,0.0247748907851775,0.00637206602834365,0.0678823913504875,0.105711299448837,0.305351890988659,0.552108285152854,0.0151708086331164,0.000288625658247901,0.000423888705831951,0.00274047995469284,0.104858501741786,2.965212321809e-05,0.041717780095928,0.00208501662183383,0.0667194461347175,0.210638070525743,0.0307414667199244,0.460913101820164,0.953229869567466,0.479368953263226,0.212861580110059,0.361521969001349,0.201496528513586,7.94113922394612e-06,0.000233945038547405,0.0105995925683706,0.129502677896907,0.220307230029963,0.430307313731623,0.257617920140474,0.0145267648602541,0.332444884842652,0.038626483176409,0.00170093500854483,0.123909952355853,0.00746529382007015,0.187253800699357,0.00406961493693979,0.756629817956157,0.573331815187048,0.00709732954857738,0.101617798794368,0.0217705127646088
Rep 1	Misma hebra	-123	-0.08926607930913998	-0.16114612202763273	-0.017092909166192362	0.015170808633116416	170	5065	0.017306321897587296	0.04045548968831044	Misma hebra 1	-118.5	TRUE	perm8	0.363950922006523,0.00577754289023093,0.745834997121432,0.0450903174371934,6.61323501636893e-06,0.0247748907851775,0.00637206602834365,0.0678823913504875,0.105711299448837,0.305351890988659,0.552108285152854,0.0151708086331164,0.000288625658247901,0.000423888705831951,0.00274047995469284,0.104858501741786,2.965212321809e-05,0.041717780095928,0.00208501662183383,0.0667194461347175,0.210638070525743,0.0307414667199244,0.460913101820164,0.953229869567466,0.479368953263226,0.212861580110059,0.361521969001349,0.201496528513586,7.94113922394612e-06,0.000233945038547405,0.0105995925683706,0.129502677896907,0.220307230029963,0.430307313731623,0.257617920140474,0.0145267648602541,0.332444884842652,0.038626483176409,0.00170093500854483,0.123909952355853,0.00746529382007015,0.187253800699357,0.00406961493693979,0.756629817956157,0.573331815187048,0.00709732954857738,0.101617798794368,0.0217705127646088
Rep 1	Misma hebra	-113	-0.1358237971484959	-0.20954588940553448	-0.062363219211010866	2.886256582479015e-4	142	5065	0.014455868879161152	0.002309005265983212	Misma hebra 1	-108.5	TRUE	perm8	0.363950922006523,0.00577754289023093,0.745834997121432,0.0450903174371934,6.61323501636893e-06,0.0247748907851775,0.00637206602834365,0.0678823913504875,0.105711299448837,0.305351890988659,0.552108285152854,0.0151708086331164,0.000288625658247901,0.000423888705831951,0.00274047995469284,0.104858501741786,2.965212321809e-05,0.041717780095928,0.00208501662183383,0.0667194461347175,0.210638070525743,0.0307414667199244,0.460913101820164,0.953229869567466,0.479368953263226,0.212861580110059,0.361521969001349,0.201496528513586,7.94113922394612e-06,0.000233945038547405,0.0105995925683706,0.129502677896907,0.220307230029963,0.430307313731623,0.257617920140474,0.0145267648602541,0.332444884842652,0.038626483176409,0.00170093500854483,0.123909952355853,0.00746529382007015,0.187253800699357,0.00406961493693979,0.756629817956157,0.573331815187048,0.00709732954857738,0.101617798794368,0.0217705127646088
Rep 1	Misma hebra	-103	-0.13193315432172067	-0.2072087310989942	-0.058744724443941514	4.2388870583195064e-4	138	5065	0.014048661305100275	0.0025433322349917038	Misma hebra 1	-98.5	TRUE	perm8	0.363950922006523,0.00577754289023093,0.745834997121432,0.0450903174371934,6.61323501636893e-06,0.0247748907851775,0.00637206602834365,0.0678823913504875,0.105711299448837,0.305351890988659,0.552108285152854,0.0151708086331164,0.000288625658247901,0.000423888705831951,0.00274047995469284,0.104858501741786,2.965212321809e-05,0.041717780095928,0.00208501662183383,0.0667194461347175,0.210638070525743,0.0307414667199244,0.460913101820164,0.953229869567466,0.479368953263226,0.212861580110059,0.361521969001349,0.201496528513586,7.94113922394612e-06,0.000233945038547405,0.0105995925683706,0.129502677896907,0.220307230029963,0.430307313731623,0.257617920140474,0.0145267648602541,0.332444884842652,0.038626483176409,0.00170093500854483,0.123909952355853,0.00746529382007015,0.187253800699357,0.00406961493693979,0.756629817956157,0.573331815187048,0.00709732954857738,0.101617798794368,0.0217705127646088
Rep 1	Misma hebra	-93	-0.11782653957918013	-0.19655012828612553	-0.04061009454436384	0.0027404799546928383	130	5065	0.01323424615697852	0.010961919818771353	Misma hebra 1	-88.5	TRUE	perm8	0.363950922006523,0.00577754289023093,0.745834997121432,0.0450903174371934,6.61323501636893e-06,0.0247748907851775,0.00637206602834365,0.0678823913504875,0.105711299448837,0.305351890988659,0.552108285152854,0.0151708086331164,0.000288625658247901,0.000423888705831951,0.00274047995469284,0.104858501741786,2.965212321809e-05,0.041717780095928,0.00208501662183383,0.0667194461347175,0.210638070525743,0.0307414667199244,0.460913101820164,0.953229869567466,0.479368953263226,0.212861580110059,0.361521969001349,0.201496528513586,7.94113922394612e-06,0.000233945038547405,0.0105995925683706,0.129502677896907,0.220307230029963,0.430307313731623,0.257617920140474,0.0145267648602541,0.332444884842652,0.038626483176409,0.00170093500854483,0.123909952355853,0.00746529382007015,0.187253800699357,0.00406961493693979,0.756629817956157,0.573331815187048,0.00709732954857738,0.101617798794368,0.0217705127646088
Rep 1	Misma hebra	-83	-0.07023793411589947	-0.15617544851054574	0.014430698246817215	0.10485850174178618	119	5065	0.012114425328311107	0.14923948157482908	Misma hebra 1	-78.5	FALSE	perm8	0.363950922006523,0.00577754289023093,0.745834997121432,0.0450903174371934,6.61323501636893e-06,0.0247748907851775,0.00637206602834365,0.0678823913504875,0.105711299448837,0.305351890988659,0.552108285152854,0.0151708086331164,0.000288625658247901,0.000423888705831951,0.00274047995469284,0.104858501741786,2.965212321809e-05,0.041717780095928,0.00208501662183383,0.0667194461347175,0.210638070525743,0.0307414667199244,0.460913101820164,0.953229869567466,0.479368953263226,0.212861580110059,0.361521969001349,0.201496528513586,7.94113922394612e-06,0.000233945038547405,0.0105995925683706,0.129502677896907,0.220307230029963,0.430307313731623,0.257617920140474,0.0145267648602541,0.332444884842652,0.038626483176409,0.00170093500854483,0.123909952355853,0.00746529382007015,0.187253800699357,0.00406961493693979,0.756629817956157,0.573331815187048,0.00709732954857738,0.101617798794368,0.0217705127646088
Rep 1	Misma hebra	-73	-0.17118916286855976	-0.2501712358405776	-0.09250988485697959	2.9652123218089974e-5	136	5065	0.013845057518069836	3.558254786170797e-4	Misma hebra 1	-68.5	TRUE	perm8	0.363950922006523,0.00577754289023093,0.745834997121432,0.0450903174371934,6.61323501636893e-06,0.0247748907851775,0.00637206602834365,0.0678823913504875,0.105711299448837,0.305351890988659,0.552108285152854,0.0151708086331164,0.000288625658247901,0.000423888705831951,0.00274047995469284,0.104858501741786,2.965212321809e-05,0.041717780095928,0.00208501662183383,0.0667194461347175,0.210638070525743,0.0307414667199244,0.460913101820164,0.953229869567466,0.479368953263226,0.212861580110059,0.361521969001349,0.201496528513586,7.94113922394612e-06,0.000233945038547405,0.0105995925683706,0.129502677896907,0.220307230029963,0.430307313731623,0.257617920140474,0.0145267648602541,0.332444884842652,0.038626483176409,0.00170093500854483,0.123909952355853,0.00746529382007015,0.187253800699357,0.00406961493693979,0.756629817956157,0.573331815187048,0.00709732954857738,0.101617798794368,0.0217705127646088
Rep 1	Misma hebra	-63	-0.08449775440923851	-0.16516078817432558	-0.003128689280294624	0.041717780095928025	135	5065	0.013743255624554617	0.08324366296097252	Misma hebra 1	-58.5	FALSE	perm8	0.363950922006523,0.00577754289023093,0.745834997121432,0.0450903174371934,6.61323501636893e-06,0.0247748907851775,0.00637206602834365,0.0678823913504875,0.105711299448837,0.305351890988659,0.552108285152854,0.0151708086331164,0.000288625658247901,0.000423888705831951,0.00274047995469284,0.104858501741786,2.965212321809e-05,0.041717780095928,0.00208501662183383,0.0667194461347175,0.210638070525743,0.0307414667199244,0.460913101820164,0.953229869567466,0.479368953263226,0.212861580110059,0.361521969001349,0.201496528513586,7.94113922394612e-06,0.000233945038547405,0.0105995925683706,0.129502677896907,0.220307230029963,0.430307313731623,0.257617920140474,0.0145267648602541,0.332444884842652,0.038626483176409,0.00170093500854483,0.123909952355853,0.00746529382007015,0.187253800699357,0.00406961493693979,0.756629817956157,0.573331815187048,0.00709732954857738,0.101617798794368,0.0217705127646088
Rep 1	Misma hebra	-53	-0.13833642688466438	-0.22967949324629408	-0.0501241856013558	0.0020850166218338343	102	5065	0.010383793138552377	0.010008079784802405	Misma hebra 1	-48.5	TRUE	perm8	0.363950922006523,0.00577754289023093,0.745834997121432,0.0450903174371934,6.61323501636893e-06,0.0247748907851775,0.00637206602834365,0.0678823913504875,0.105711299448837,0.305351890988659,0.552108285152854,0.0151708086331164,0.000288625658247901,0.000423888705831951,0.00274047995469284,0.104858501741786,2.965212321809e-05,0.041717780095928,0.00208501662183383,0.0667194461347175,0.210638070525743,0.0307414667199244,0.460913101820164,0.953229869567466,0.479368953263226,0.212861580110059,0.361521969001349,0.201496528513586,7.94113922394612e-06,0.000233945038547405,0.0105995925683706,0.129502677896907,0.220307230029963,0.430307313731623,0.257617920140474,0.0145267648602541,0.332444884842652,0.038626483176409,0.00170093500854483,0.123909952355853,0.00746529382007015,0.187253800699357,0.00406961493693979,0.756629817956157,0.573331815187048,0.00709732954857738,0.101617798794368,0.0217705127646088
Rep 1	Misma hebra	-43	-0.07638791636907458	-0.15770272125291226	0.005339634014476258	0.06671944613471746	145	5065	0.01476127455970681	0.10861182616078008	Misma hebra 1	-38.5	FALSE	perm8	0.363950922006523,0.00577754289023093,0.745834997121432,0.0450903174371934,6.61323501636893e-06,0.0247748907851775,0.00637206602834365,0.0678823913504875,0.105711299448837,0.305351890988659,0.552108285152854,0.0151708086331164,0.000288625658247901,0.000423888705831951,0.00274047995469284,0.104858501741786,2.965212321809e-05,0.041717780095928,0.00208501662183383,0.0667194461347175,0.210638070525743,0.0307414667199244,0.460913101820164,0.953229869567466,0.479368953263226,0.212861580110059,0.361521969001349,0.201496528513586,7.94113922394612e-06,0.000233945038547405,0.0105995925683706,0.129502677896907,0.220307230029963,0.430307313731623,0.257617920140474,0.0145267648602541,0.332444884842652,0.038626483176409,0.00170093500854483,0.123909952355853,0.00746529382007015,0.187253800699357,0.00406961493693979,0.756629817956157,0.573331815187048,0.00709732954857738,0.101617798794368,0.0217705127646088
Rep 1	Misma hebra	-33	0.047501910034044935	-0.02714788969840187	0.12337977735206805	0.21063807052574252	181	5065	0.01842614272625471	0.28085076070099	Misma hebra 1	-28.5	FALSE	perm8	0.363950922006523,0.00577754289023093,0.745834997121432,0.0450903174371934,6.61323501636893e-06,0.0247748907851775,0.00637206602834365,0.0678823913504875,0.105711299448837,0.305351890988659,0.552108285152854,0.0151708086331164,0.000288625658247901,0.000423888705831951,0.00274047995469284,0.104858501741786,2.965212321809e-05,0.041717780095928,0.00208501662183383,0.0667194461347175,0.210638070525743,0.0307414667199244,0.460913101820164,0.953229869567466,0.479368953263226,0.212861580110059,0.361521969001349,0.201496528513586,7.94113922394612e-06,0.000233945038547405,0.0105995925683706,0.129502677896907,0.220307230029963,0.430307313731623,0.257617920140474,0.0145267648602541,0.332444884842652,0.038626483176409,0.00170093500854483,0.123909952355853,0.00746529382007015,0.187253800699357,0.00406961493693979,0.756629817956157,0.573331815187048,0.00709732954857738,0.101617798794368,0.0217705127646088
Rep 1	Misma hebra	-23	-0.09893032870523151	-0.1904089202335142	-0.00911542562217732	0.03074146671992437	107	5065	0.010892802606128474	0.06707229102528953	Misma hebra 1	-18.5	FALSE	perm8	0.363950922006523,0.00577754289023093,0.745834997121432,0.0450903174371934,6.61323501636893e-06,0.0247748907851775,0.00637206602834365,0.0678823913504875,0.105711299448837,0.305351890988659,0.552108285152854,0.0151708086331164,0.000288625658247901,0.000423888705831951,0.00274047995469284,0.104858501741786,2.965212321809e-05,0.041717780095928,0.00208501662183383,0.0667194461347175,0.210638070525743,0.0307414667199244,0.460913101820164,0.953229869567466,0.479368953263226,0.212861580110059,0.361521969001349,0.201496528513586,7.94113922394612e-06,0.000233945038547405,0.0105995925683706,0.129502677896907,0.220307230029963,0.430307313731623,0.257617920140474,0.0145267648602541,0.332444884842652,0.038626483176409,0.00170093500854483,0.123909952355853,0.00746529382007015,0.187253800699357,0.00406961493693979,0.756629817956157,0.573331815187048,0.00709732954857738,0.101617798794368,0.0217705127646088
Rep 1	Misma hebra	-13	-0.031318717584598116	-0.11478737386231573	0.05238163597644375	0.4609131018201637	129	5065	0.0131324442634633	0.5267578306516156	Misma hebra 1	-8.5	FALSE	perm8	0.363950922006523,0.00577754289023093,0.745834997121432,0.0450903174371934,6.61323501636893e-06,0.0247748907851775,0.00637206602834365,0.0678823913504875,0.105711299448837,0.305351890988659,0.552108285152854,0.0151708086331164,0.000288625658247901,0.000423888705831951,0.00274047995469284,0.104858501741786,2.965212321809e-05,0.041717780095928,0.00208501662183383,0.0667194461347175,0.210638070525743,0.0307414667199244,0.460913101820164,0.953229869567466,0.479368953263226,0.212861580110059,0.361521969001349,0.201496528513586,7.94113922394612e-06,0.000233945038547405,0.0105995925683706,0.129502677896907,0.220307230029963,0.430307313731623,0.257617920140474,0.0145267648602541,0.332444884842652,0.038626483176409,0.00170093500854483,0.123909952355853,0.00746529382007015,0.187253800699357,0.00406961493693979,0.756629817956157,0.573331815187048,0.00709732954857738,0.101617798794368,0.0217705127646088
Rep 1	Misma hebra	-3	-0.0031934140830439787	-0.11479876195352594	0.10624867912047618	0.9532298695674665	70	5065	0.007126132546065356	0.9532298695674665	Misma hebra 1	1.5	FALSE	perm8	0.363950922006523,0.00577754289023093,0.745834997121432,0.0450903174371934,6.61323501636893e-06,0.0247748907851775,0.00637206602834365,0.0678823913504875,0.105711299448837,0.305351890988659,0.552108285152854,0.0151708086331164,0.000288625658247901,0.000423888705831951,0.00274047995469284,0.104858501741786,2.965212321809e-05,0.041717780095928,0.00208501662183383,0.0667194461347175,0.210638070525743,0.0307414667199244,0.460913101820164,0.953229869567466,0.479368953263226,0.212861580110059,0.361521969001349,0.201496528513586,7.94113922394612e-06,0.000233945038547405,0.0105995925683706,0.129502677896907,0.220307230029963,0.430307313731623,0.257617920140474,0.0145267648602541,0.332444884842652,0.038626483176409,0.00170093500854483,0.123909952355853,0.00746529382007015,0.187253800699357,0.00406961493693979,0.756629817956157,0.573331815187048,0.00709732954857738,0.101617798794368,0.0217705127646088
Rep 2	Misma hebra	-233	-0.02311929063227091	-0.0987175126796246	0.04498117882590639	0.47936895326322626	292	5858	0.025144234909153535	0.5229479490144286	Misma hebra 1	-228.5	FALSE	perm8	0.363950922006523,0.00577754289023093,0.745834997121432,0.0450903174371934,6.61323501636893e-06,0.0247748907851775,0.00637206602834365,0.0678823913504875,0.105711299448837,0.305351890988659,0.552108285152854,0.0151708086331164,0.000288625658247901,0.000423888705831951,0.00274047995469284,0.104858501741786,2.965212321809e-05,0.041717780095928,0.00208501662183383,0.0667194461347175,0.210638070525743,0.0307414667199244,0.460913101820164,0.953229869567466,0.479368953263226,0.212861580110059,0.361521969001349,0.201496528513586,7.94113922394612e-06,0.000233945038547405,0.0105995925683706,0.129502677896907,0.220307230029963,0.430307313731623,0.257617920140474,0.0145267648602541,0.332444884842652,0.038626483176409,0.00170093500854483,0.123909952355853,0.00746529382007015,0.187253800699357,0.00406961493693979,0.756629817956157,0.573331815187048,0.00709732954857738,0.101617798794368,0.0217705127646088
Rep 2	Misma hebra	-223	-0.04367881088042577	-0.11713108458318353	0.022766825729204174	0.21286158011005896	298	5858	0.025660897270300527	0.3110219718070062	Misma hebra 1	-218.5	FALSE	perm8	0.363950922006523,0.00577754289023093,0.745834997121432,0.0450903174371934,6.61323501636893e-06,0.0247748907851775,0.00637206602834365,0.0678823913504875,0.105711299448837,0.305351890988659,0.552108285152854,0.0151708086331164,0.000288625658247901,0.000423888705831951,0.00274047995469284,0.104858501741786,2.965212321809e-05,0.041717780095928,0.00208501662183383,0.0667194461347175,0.210638070525743,0.0307414667199244,0.460913101820164,0.953229869567466,0.479368953263226,0.212861580110059,0.361521969001349,0.201496528513586,7.94113922394612e-06,0.000233945038547405,0.0105995925683706,0.129502677896907,0.220307230029963,0.430307313731623,0.257617920140474,0.0145267648602541,0.332444884842652,0.038626483176409,0.00170093500854483,0.123909952355853,0.00746529382007015,0.187253800699357,0.00406961493693979,0.756629817956157,0.573331815187048,0.00709732954857738,0.101617798794368,0.0217705127646088
Rep 2	Misma hebra	-213	-0.032933545853179605	-0.11139580462129957	0.03827054388044243	0.36152196900134903	283	5858	0.02436924136743305	0.43382636280161885	Misma hebra 1	-208.5	FALSE	perm8	0.363950922006523,0.00577754289023093,0.745834997121432,0.0450903174371934,6.61323501636893e-06,0.0247748907851775,0.00637206602834365,0.0678823913504875,0.105711299448837,0.305351890988659,0.552108285152854,0.0151708086331164,0.000288625658247901,0.000423888705831951,0.00274047995469284,0.104858501741786,2.965212321809e-05,0.041717780095928,0.00208501662183383,0.0667194461347175,0.210638070525743,0.0307414667199244,0.460913101820164,0.953229869567466,0.479368953263226,0.212861580110059,0.361521969001349,0.201496528513586,7.94113922394612e-06,0.000233945038547405,0.0105995925683706,0.129502677896907,0.220307230029963,0.430307313731623,0.257617920140474,0.0145267648602541,0.332444884842652,0.038626483176409,0.00170093500854483,0.123909952355853,0.00746529382007015,0.187253800699357,0.00406961493693979,0.756629817956157,0.573331815187048,0.00709732954857738,0.101617798794368,0.0217705127646088
Rep 2	Misma hebra	-203	-0.04833535011155379	-0.12609130693562343	0.023915523646551553	0.2014965285135862	274	5858	0.023594247825712563	0.3110219718070062	Misma hebra 1	-198.5	FALSE	perm8	0.363950922006523,0.00577754289023093,0.745834997121432,0.0450903174371934,6.61323501636893e-06,0.0247748907851775,0.00637206602834365,0.0678823913504875,0.105711299448837,0.305351890988659,0.552108285152854,0.0151708086331164,0.000288625658247901,0.000423888705831951,0.00274047995469284,0.104858501741786,2.965212321809e-05,0.041717780095928,0.00208501662183383,0.0667194461347175,0.210638070525743,0.0307414667199244,0.460913101820164,0.953229869567466,0.479368953263226,0.212861580110059,0.361521969001349,0.201496528513586,7.94113922394612e-06,0.000233945038547405,0.0105995925683706,0.129502677896907,0.220307230029963,0.430307313731623,0.257617920140474,0.0145267648602541,0.332444884842652,0.038626483176409,0.00170093500854483,0.123909952355853,0.00746529382007015,0.187253800699357,0.00406961493693979,0.756629817956157,0.573331815187048,0.00709732954857738,0.101617798794368,0.0217705127646088
Rep 2	Misma hebra	-193	-0.16312759671584506	-0.23548394713728285	-0.09064433349904132	7.94113922394612e-6	269	5858	0.023163695858090073	1.905873413747069e-4	Misma hebra 1	-188.5	TRUE	perm8	0.363950922006523,0.00577754289023093,0.745834997121432,0.0450903174371934,6.61323501636893e-06,0.0247748907851775,0.00637206602834365,0.0678823913504875,0.105711299448837,0.305351890988659,0.552108285152854,0.0151708086331164,0.000288625658247901,0.000423888705831951,0.00274047995469284,0.104858501741786,2.965212321809e-05,0.041717780095928,0.00208501662183383,0.0667194461347175,0.210638070525743,0.0307414667199244,0.460913101820164,0.953229869567466,0.479368953263226,0.212861580110059,0.361521969001349,0.201496528513586,7.94113922394612e-06,0.000233945038547405,0.0105995925683706,0.129502677896907,0.220307230029963,0.430307313731623,0.257617920140474,0.0145267648602541,0.332444884842652,0.038626483176409,0.00170093500854483,0.123909952355853,0.00746529382007015,0.187253800699357,0.00406961493693979,0.756629817956157,0.573331815187048,0.00709732954857738,0.101617798794368,0.0217705127646088
Rep 2	Misma hebra	-183	-0.14604345664811647	-0.22737275969312415	-0.06614349279523679	2.3394503854740458e-4	231	5858	0.019891500904159132	0.002807340462568855	Misma hebra 1	-178.5	TRUE	perm8	0.363950922006523,0.00577754289023093,0.745834997121432,0.0450903174371934,6.61323501636893e-06,0.0247748907851775,0.00637206602834365,0.0678823913504875,0.105711299448837,0.305351890988659,0.552108285152854,0.0151708086331164,0.000288625658247901,0.000423888705831951,0.00274047995469284,0.104858501741786,2.965212321809e-05,0.041717780095928,0.00208501662183383,0.0667194461347175,0.210638070525743,0.0307414667199244,0.460913101820164,0.953229869567466,0.479368953263226,0.212861580110059,0.361521969001349,0.201496528513586,7.94113922394612e-06,0.000233945038547405,0.0105995925683706,0.129502677896907,0.220307230029963,0.430307313731623,0.257617920140474,0.0145267648602541,0.332444884842652,0.038626483176409,0.00170093500854483,0.123909952355853,0.00746529382007015,0.187253800699357,0.00406961493693979,0.756629817956157,0.573331815187048,0.00709732954857738,0.101617798794368,0.0217705127646088
Rep 2	Misma hebra	-173	-0.09839971136812019	-0.17705847175232522	-0.02055687837200751	0.010599592568370569	249	5858	0.021441487987600105	0.03634146023441338	Misma hebra 1	-168.5	TRUE	perm8	0.363950922006523,0.00577754289023093,0.745834997121432,0.0450903174371934,6.61323501636893e-06,0.0247748907851775,0.00637206602834365,0.0678823913504875,0.105711299448837,0.305351890988659,0.552108285152854,0.0151708086331164,0.000288625658247901,0.000423888705831951,0.00274047995469284,0.104858501741786,2.965212321809e-05,0.041717780095928,0.00208501662183383,0.0667194461347175,0.210638070525743,0.0307414667199244,0.460913101820164,0.953229869567466,0.479368953263226,0.212861580110059,0.361521969001349,0.201496528513586,7.94113922394612e-06,0.000233945038547405,0.0105995925683706,0.129502677896907,0.220307230029963,0.430307313731623,0.257617920140474,0.0145267648602541,0.332444884842652,0.038626483176409,0.00170093500854483,0.123909952355853,0.00746529382007015,0.187253800699357,0.00406961493693979,0.756629817956157,0.573331815187048,0.00709732954857738,0.101617798794368,0.0217705127646088
Rep 2	Misma hebra	-163	-0.06027589378423809	-0.1430090910329459	0.016398419588302387	0.1295026778969068	243	5858	0.020924825626453113	0.2390818668865972	Misma hebra 1	-158.5	FALSE	perm8	0.363950922006523,0.00577754289023093,0.745834997121432,0.0450903174371934,6.61323501636893e-06,0.0247748907851775,0.00637206602834365,0.0678823913504875,0.105711299448837,0.305351890988659,0.552108285152854,0.0151708086331164,0.000288625658247901,0.000423888705831951,0.00274047995469284,0.104858501741786,2.965212321809e-05,0.041717780095928,0.00208501662183383,0.0667194461347175,0.210638070525743,0.0307414667199244,0.460913101820164,0.953229869567466,0.479368953263226,0.212861580110059,0.361521969001349,0.201496528513586,7.94113922394612e-06,0.000233945038547405,0.0105995925683706,0.129502677896907,0.220307230029963,0.430307313731623,0.257617920140474,0.0145267648602541,0.332444884842652,0.038626483176409,0.00170093500854483,0.123909952355853,0.00746529382007015,0.187253800699357,0.00406961493693979,0.756629817956157,0.573331815187048,0.00709732954857738,0.101617798794368,0.0217705127646088
Rep 2	Misma hebra	-153	-0.051553194680510284	-0.13880616846660818	0.028917507892436287	0.2203072300299627	215	5858	0.018513734607767156	0.3110219718070062	Misma hebra 1	-148.5	FALSE	perm8	0.363950922006523,0.00577754289023093,0.745834997121432,0.0450903174371934,6.61323501636893e-06,0.0247748907851775,0.00637206602834365,0.0678823913504875,0.105711299448837,0.305351890988659,0.552108285152854,0.0151708086331164,0.000288625658247901,0.000423888705831951,0.00274047995469284,0.104858501741786,2.965212321809e-05,0.041717780095928,0.00208501662183383,0.0667194461347175,0.210638070525743,0.0307414667199244,0.460913101820164,0.953229869567466,0.479368953263226,0.212861580110059,0.361521969001349,0.201496528513586,7.94113922394612e-06,0.000233945038547405,0.0105995925683706,0.129502677896907,0.220307230029963,0.430307313731623,0.257617920140474,0.0145267648602541,0.332444884842652,0.038626483176409,0.00170093500854483,0.123909952355853,0.00746529382007015,0.187253800699357,0.00406961493693979,0.756629817956157,0.573331815187048,0.00709732954857738,0.101617798794368,0.0217705127646088
Rep 2	Misma hebra	-143	-0.034386694511091935	-0.1298465818257611	0.055195805887930494	0.43030731373162256	188	5858	0.016188753982605702	0.49177978712185433	Misma hebra 1	-138.5	FALSE	perm8	0.363950922006523,0.00577754289023093,0.745834997121432,0.0450903174371934,6.61323501636893e-06,0.0247748907851775,0.00637206602834365,0.0678823913504875,0.105711299448837,0.305351890988659,0.552108285152854,0.0151708086331164,0.000288625658247901,0.000423888705831951,0.00274047995469284,0.104858501741786,2.965212321809e-05,0.041717780095928,0.00208501662183383,0.0667194461347175,0.210638070525743,0.0307414667199244,0.460913101820164,0.953229869567466,0.479368953263226,0.212861580110059,0.361521969001349,0.201496528513586,7.94113922394612e-06,0.000233945038547405,0.0105995925683706,0.129502677896907,0.220307230029963,0.430307313731623,0.257617920140474,0.0145267648602541,0.332444884842652,0.038626483176409,0.00170093500854483,0.123909952355853,0.00746529382007015,0.187253800699357,0.00406961493693979,0.756629817956157,0.573331815187048,0.00709732954857738,0.101617798794368,0.0217705127646088
Rep 2	Misma hebra	-133	-0.05333573318994162	-0.15346991709338909	0.03773370366400171	0.2576179201404736	179	5858	0.015413760440885214	0.34349056018729807	Misma hebra 1	-128.5	FALSE	perm8	0.363950922006523,0.00577754289023093,0.745834997121432,0.0450903174371934,6.61323501636893e-06,0.0247748907851775,0.00637206602834365,0.0678823913504875,0.105711299448837,0.305351890988659,0.552108285152854,0.0151708086331164,0.000288625658247901,0.000423888705831951,0.00274047995469284,0.104858501741786,2.965212321809e-05,0.041717780095928,0.00208501662183383,0.0667194461347175,0.210638070525743,0.0307414667199244,0.460913101820164,0.953229869567466,0.479368953263226,0.212861580110059,0.361521969001349,0.201496528513586,7.94113922394612e-06,0.000233945038547405,0.0105995925683706,0.129502677896907,0.220307230029963,0.430307313731623,0.257617920140474,0.0145267648602541,0.332444884842652,0.038626483176409,0.00170093500854483,0.123909952355853,0.00746529382007015,0.187253800699357,0.00406961493693979,0.756629817956157,0.573331815187048,0.00709732954857738,0.101617798794368,0.0217705127646088
Rep 2	Misma hebra	-123	-0.10591136087763589	-0.19391426577202633	-0.018425865814081843	0.014526764860254065	205	5858	0.017652630672522172	0.043580294580762194	Misma hebra 1	-118.5	TRUE	perm8	0.363950922006523,0.00577754289023093,0.745834997121432,0.0450903174371934,6.61323501636893e-06,0.0247748907851775,0.00637206602834365,0.0678823913504875,0.105711299448837,0.305351890988659,0.552108285152854,0.0151708086331164,0.000288625658247901,0.000423888705831951,0.00274047995469284,0.104858501741786,2.965212321809e-05,0.041717780095928,0.00208501662183383,0.0667194461347175,0.210638070525743,0.0307414667199244,0.460913101820164,0.953229869567466,0.479368953263226,0.212861580110059,0.361521969001349,0.201496528513586,7.94113922394612e-06,0.000233945038547405,0.0105995925683706,0.129502677896907,0.220307230029963,0.430307313731623,0.257617920140474,0.0145267648602541,0.332444884842652,0.038626483176409,0.00170093500854483,0.123909952355853,0.00746529382007015,0.187253800699357,0.00406961493693979,0.756629817956157,0.573331815187048,0.00709732954857738,0.101617798794368,0.0217705127646088
Rep 2	Misma hebra	-113	-0.042798366335682396	-0.13771642312067772	0.04352724683130659	0.3324448848426519	183	5858	0.015758202014983208	0.4199303808538761	Misma hebra 1	-108.5	FALSE	perm8	0.363950922006523,0.00577754289023093,0.745834997121432,0.0450903174371934,6.61323501636893e-06,0.0247748907851775,0.00637206602834365,0.0678823913504875,0.105711299448837,0.305351890988659,0.552108285152854,0.0151708086331164,0.000288625658247901,0.000423888705831951,0.00274047995469284,0.104858501741786,2.965212321809e-05,0.041717780095928,0.00208501662183383,0.0667194461347175,0.210638070525743,0.0307414667199244,0.460913101820164,0.953229869567466,0.479368953263226,0.212861580110059,0.361521969001349,0.201496528513586,7.94113922394612e-06,0.000233945038547405,0.0105995925683706,0.129502677896907,0.220307230029963,0.430307313731623,0.257617920140474,0.0145267648602541,0.332444884842652,0.038626483176409,0.00170093500854483,0.123909952355853,0.00746529382007015,0.187253800699357,0.00406961493693979,0.756629817956157,0.573331815187048,0.00709732954857738,0.101617798794368,0.0217705127646088
Rep 2	Misma hebra	-103	-0.08997708464423548	-0.17899658945585237	-0.0029133666017727875	0.03862648317640899	177	5858	0.015241539653836218	0.09270355962338157	Misma hebra 1	-98.5	FALSE	perm8	0.363950922006523,0.00577754289023093,0.745834997121432,0.0450903174371934,6.61323501636893e-06,0.0247748907851775,0.00637206602834365,0.0678823913504875,0.105711299448837,0.305351890988659,0.552108285152854,0.0151708086331164,0.000288625658247901,0.000423888705831951,0.00274047995469284,0.104858501741786,2.965212321809e-05,0.041717780095928,0.00208501662183383,0.0667194461347175,0.210638070525743,0.0307414667199244,0.460913101820164,0.953229869567466,0.479368953263226,0.212861580110059,0.361521969001349,0.201496528513586,7.94113922394612e-06,0.000233945038547405,0.0105995925683706,0.129502677896907,0.220307230029963,0.430307313731623,0.257617920140474,0.0145267648602541,0.332444884842652,0.038626483176409,0.00170093500854483,0.123909952355853,0.00746529382007015,0.187253800699357,0.00406961493693979,0.756629817956157,0.573331815187048,0.00709732954857738,0.101617798794368,0.0217705127646088
Rep 2	Misma hebra	-93	-0.14767576222368123	-0.2419336536532852	-0.05138191175516046	0.0017009350085448304	178	5858	0.015327650047360716	0.013607480068358643	Misma hebra 1	-88.5	TRUE	perm8	0.363950922006523,0.00577754289023093,0.745834997121432,0.0450903174371934,6.61323501636893e-06,0.0247748907851775,0.00637206602834365,0.0678823913504875,0.105711299448837,0.305351890988659,0.552108285152854,0.0151708086331164,0.000288625658247901,0.000423888705831951,0.00274047995469284,0.104858501741786,2.965212321809e-05,0.041717780095928,0.00208501662183383,0.0667194461347175,0.210638070525743,0.0307414667199244,0.460913101820164,0.953229869567466,0.479368953263226,0.212861580110059,0.361521969001349,0.201496528513586,7.94113922394612e-06,0.000233945038547405,0.0105995925683706,0.129502677896907,0.220307230029963,0.430307313731623,0.257617920140474,0.0145267648602541,0.332444884842652,0.038626483176409,0.00170093500854483,0.123909952355853,0.00746529382007015,0.187253800699357,0.00406961493693979,0.756629817956157,0.573331815187048,0.00709732954857738,0.101617798794368,0.0217705127646088
Rep 2	Misma hebra	-83	-0.08062623184824927	-0.18959480919501986	0.01901807134975395	0.1239099523558529	144	5858	0.012399896667527771	0.2390818668865972	Misma hebra 1	-78.5	FALSE	perm8	0.363950922006523,0.00577754289023093,0.745834997121432,0.0450903174371934,6.61323501636893e-06,0.0247748907851775,0.00637206602834365,0.0678823913504875,0.105711299448837,0.305351890988659,0.552108285152854,0.0151708086331164,0.000288625658247901,0.000423888705831951,0.00274047995469284,0.104858501741786,2.965212321809e-05,0.041717780095928,0.00208501662183383,0.0667194461347175,0.210638070525743,0.0307414667199244,0.460913101820164,0.953229869567466,0.479368953263226,0.212861580110059,0.361521969001349,0.201496528513586,7.94113922394612e-06,0.000233945038547405,0.0105995925683706,0.129502677896907,0.220307230029963,0.430307313731623,0.257617920140474,0.0145267648602541,0.332444884842652,0.038626483176409,0.00170093500854483,0.123909952355853,0.00746529382007015,0.187253800699357,0.00406961493693979,0.756629817956157,0.573331815187048,0.00709732954857738,0.101617798794368,0.0217705127646088
Rep 2	Misma hebra	-73	-0.12465230266103403	-0.21810543898511625	-0.030515506117427513	0.007465293820070154	167	5858	0.014380435718591234	0.029861175280280615	Misma hebra 1	-68.5	TRUE	perm8	0.363950922006523,0.00577754289023093,0.745834997121432,0.0450903174371934,6.61323501636893e-06,0.0247748907851775,0.00637206602834365,0.0678823913504875,0.105711299448837,0.305351890988659,0.552108285152854,0.0151708086331164,0.000288625658247901,0.000423888705831951,0.00274047995469284,0.104858501741786,2.965212321809e-05,0.041717780095928,0.00208501662183383,0.0667194461347175,0.210638070525743,0.0307414667199244,0.460913101820164,0.953229869567466,0.479368953263226,0.212861580110059,0.361521969001349,0.201496528513586,7.94113922394612e-06,0.000233945038547405,0.0105995925683706,0.129502677896907,0.220307230029963,0.430307313731623,0.257617920140474,0.0145267648602541,0.332444884842652,0.038626483176409,0.00170093500854483,0.123909952355853,0.00746529382007015,0.187253800699357,0.00406961493693979,0.756629817956157,0.573331815187048,0.00709732954857738,0.101617798794368,0.0217705127646088
Rep 2	Misma hebra	-63	-0.06133291219352725	-0.1594347128485367	0.02821545795708668	0.18725380069935652	166	5858	0.014294325325066736	0.3110219718070062	Misma hebra 1	-58.5	FALSE	perm8	0.363950922006523,0.00577754289023093,0.745834997121432,0.0450903174371934,6.61323501636893e-06,0.0247748907851775,0.00637206602834365,0.0678823913504875,0.105711299448837,0.305351890988659,0.552108285152854,0.0151708086331164,0.000288625658247901,0.000423888705831951,0.00274047995469284,0.104858501741786,2.965212321809e-05,0.041717780095928,0.00208501662183383,0.0667194461347175,0.210638070525743,0.0307414667199244,0.460913101820164,0.953229869567466,0.479368953263226,0.212861580110059,0.361521969001349,0.201496528513586,7.94113922394612e-06,0.000233945038547405,0.0105995925683706,0.129502677896907,0.220307230029963,0.430307313731623,0.257617920140474,0.0145267648602541,0.332444884842652,0.038626483176409,0.00170093500854483,0.123909952355853,0.00746529382007015,0.187253800699357,0.00406961493693979,0.756629817956157,0.573331815187048,0.00709732954857738,0.101617798794368,0.0217705127646088
Rep 2	Misma hebra	-53	-0.1538278989129103	-0.2636023374952946	-0.045425913855920756	0.004069614936939791	135	5858	0.011624903125807285	0.024417689621638747	Misma hebra 1	-48.5	TRUE	perm8	0.363950922006523,0.00577754289023093,0.745834997121432,0.0450903174371934,6.61323501636893e-06,0.0247748907851775,0.00637206602834365,0.0678823913504875,0.105711299448837,0.305351890988659,0.552108285152854,0.0151708086331164,0.000288625658247901,0.000423888705831951,0.00274047995469284,0.104858501741786,2.965212321809e-05,0.041717780095928,0.00208501662183383,0.0667194461347175,0.210638070525743,0.0307414667199244,0.460913101820164,0.953229869567466,0.479368953263226,0.212861580110059,0.361521969001349,0.201496528513586,7.94113922394612e-06,0.000233945038547405,0.0105995925683706,0.129502677896907,0.220307230029963,0.430307313731623,0.257617920140474,0.0145267648602541,0.332444884842652,0.038626483176409,0.00170093500854483,0.123909952355853,0.00746529382007015,0.187253800699357,0.00406961493693979,0.756629817956157,0.573331815187048,0.00709732954857738,0.101617798794368,0.0217705127646088
Rep 2	Misma hebra	-43	-0.012208506392767464	-0.11021699632601735	0.07904616662665123	0.7566298179561568	178	5858	0.015327650047360716	0.7566298179561568	Misma hebra 1	-38.5	FALSE	perm8	0.363950922006523,0.00577754289023093,0.745834997121432,0.0450903174371934,6.61323501636893e-06,0.0247748907851775,0.00637206602834365,0.0678823913504875,0.105711299448837,0.305351890988659,0.552108285152854,0.0151708086331164,0.000288625658247901,0.000423888705831951,0.00274047995469284,0.104858501741786,2.965212321809e-05,0.041717780095928,0.00208501662183383,0.0667194461347175,0.210638070525743,0.0307414667199244,0.460913101820164,0.953229869567466,0.479368953263226,0.212861580110059,0.361521969001349,0.201496528513586,7.94113922394612e-06,0.000233945038547405,0.0105995925683706,0.129502677896907,0.220307230029963,0.430307313731623,0.257617920140474,0.0145267648602541,0.332444884842652,0.038626483176409,0.00170093500854483,0.123909952355853,0.00746529382007015,0.187253800699357,0.00406961493693979,0.756629817956157,0.573331815187048,0.00709732954857738,0.101617798794368,0.0217705127646088
Rep 2	Misma hebra	-33	-0.022141264230739508	-0.11182641428016482	0.0619699647553778	0.5733318151870481	228	5858	0.019633169723585638	0.5982592854125719	Misma hebra 1	-28.5	FALSE	perm8	0.363950922006523,0.00577754289023093,0.745834997121432,0.0450903174371934,6.61323501636893e-06,0.0247748907851775,0.00637206602834365,0.0678823913504875,0.105711299448837,0.305351890988659,0.552108285152854,0.0151708086331164,0.000288625658247901,0.000423888705831951,0.00274047995469284,0.104858501741786,2.965212321809e-05,0.041717780095928,0.00208501662183383,0.0667194461347175,0.210638070525743,0.0307414667199244,0.460913101820164,0.953229869567466,0.479368953263226,0.212861580110059,0.361521969001349,0.201496528513586,7.94113922394612e-06,0.000233945038547405,0.0105995925683706,0.129502677896907,0.220307230029963,0.430307313731623,0.257617920140474,0.0145267648602541,0.332444884842652,0.038626483176409,0.00170093500854483,0.123909952355853,0.00746529382007015,0.187253800699357,0.00406961493693979,0.756629817956157,0.573331815187048,0.00709732954857738,0.101617798794368,0.0217705127646088
Rep 2	Misma hebra	-23	-0.14544121157338905	-0.25443803298849255	-0.033693083876828483	0.007097329548577377	132	5858	0.01136657194523379	0.029861175280280615	Misma hebra 1	-18.5	TRUE	perm8	0.363950922006523,0.00577754289023093,0.745834997121432,0.0450903174371934,6.61323501636893e-06,0.0247748907851775,0.00637206602834365,0.0678823913504875,0.105711299448837,0.305351890988659,0.552108285152854,0.0151708086331164,0.000288625658247901,0.000423888705831951,0.00274047995469284,0.104858501741786,2.965212321809e-05,0.041717780095928,0.00208501662183383,0.0667194461347175,0.210638070525743,0.0307414667199244,0.460913101820164,0.953229869567466,0.479368953263226,0.212861580110059,0.361521969001349,0.201496528513586,7.94113922394612e-06,0.000233945038547405,0.0105995925683706,0.129502677896907,0.220307230029963,0.430307313731623,0.257617920140474,0.0145267648602541,0.332444884842652,0.038626483176409,0.00170093500854483,0.123909952355853,0.00746529382007015,0.187253800699357,0.00406961493693979,0.756629817956157,0.573331815187048,0.00709732954857738,0.101617798794368,0.0217705127646088
Rep 2	Misma hebra	-13	-0.07785540686166664	-0.1795246390329028	0.012968378517583834	0.10161779879436764	155	5858	0.013347110996297254	0.221711561005893	Misma hebra 1	-8.5	FALSE	perm8	0.363950922006523,0.00577754289023093,0.745834997121432,0.0450903174371934,6.61323501636893e-06,0.0247748907851775,0.00637206602834365,0.0678823913504875,0.105711299448837,0.305351890988659,0.552108285152854,0.0151708086331164,0.000288625658247901,0.000423888705831951,0.00274047995469284,0.104858501741786,2.965212321809e-05,0.041717780095928,0.00208501662183383,0.0667194461347175,0.210638070525743,0.0307414667199244,0.460913101820164,0.953229869567466,0.479368953263226,0.212861580110059,0.361521969001349,0.201496528513586,7.94113922394612e-06,0.000233945038547405,0.0105995925683706,0.129502677896907,0.220307230029963,0.430307313731623,0.257617920140474,0.0145267648602541,0.332444884842652,0.038626483176409,0.00170093500854483,0.123909952355853,0.00746529382007015,0.187253800699357,0.00406961493693979,0.756629817956157,0.573331815187048,0.00709732954857738,0.101617798794368,0.0217705127646088
Rep 2	Misma hebra	-3	-0.14561606425755338	-0.2747347586588728	-0.01874559445954982	0.02177051276460881	89	5858	0.007663825023680358	0.05805470070562349	Misma hebra 1	1.5	FALSE	perm8	0.363950922006523,0.00577754289023093,0.745834997121432,0.0450903174371934,6.61323501636893e-06,0.0247748907851775,0.00637206602834365,0.0678823913504875,0.105711299448837,0.305351890988659,0.552108285152854,0.0151708086331164,0.000288625658247901,0.000423888705831951,0.00274047995469284,0.104858501741786,2.965212321809e-05,0.041717780095928,0.00208501662183383,0.0667194461347175,0.210638070525743,0.0307414667199244,0.460913101820164,0.953229869567466,0.479368953263226,0.212861580110059,0.361521969001349,0.201496528513586,7.94113922394612e-06,0.000233945038547405,0.0105995925683706,0.129502677896907,0.220307230029963,0.430307313731623,0.257617920140474,0.0145267648602541,0.332444884842652,0.038626483176409,0.00170093500854483,0.123909952355853,0.00746529382007015,0.187253800699357,0.00406961493693979,0.756629817956157,0.573331815187048,0.00709732954857738,0.101617798794368,0.0217705127646088
Rep 1	Misma hebra	-233	-0.03964160973355897	-0.10622454455667531	0.026995601219455878	0.24482208650628254	191	5530	0.019444161661406903	0.25302856486210473	Misma hebra 1	-228.5	FALSE	perm9	0.244822086506283,9.05923584172404e-05,0.00289713482784366,0.157222868885793,0.00159403383101192,2.72655616372323e-06,0.00614127100332397,0.00354179993668197,4.69453623114297e-06,0.0053079715810041,0.0277557679938961,9.81628548773414e-05,0.0267732521638863,0.253028564862105,0.00131695099960884,0.00212558673226962,0.000687633642832289,0.00438458559025491,0.173084068377036,0.0161585311930397,0.0959661267362563,0.145917219361912,0.130859038142409,0.0152140870661654,0.0227301252745087,0.0414837333805032,0.0012061792785575,0.544090853034219,4.42616713646308e-05,9.0135934764571e-06,4.6656207390483e-06,0.000536445847696207,9.67791695473558e-06,0.000586800243446425,0.000432530291135316,0.00330049938674138,0.00298239635185013,0.00811801374080053,0.00746350619005424,0.00080390978961071,0.0107762229984637,0.068613031442073,0.164743298037518,0.000205149903210464,0.204070546456082,0.334001442367966,0.613008156352888,0.0206229742539462
Rep 1	Misma hebra	-223	-0.12262918108839309	-0.1837039388972414	-0.06152318425947719	9.059235841724042e-5	212	5530	0.02158200142522651	5.889771292640485e-4	Misma hebra 1	-218.5	TRUE	perm9	0.244822086506283,9.05923584172404e-05,0.00289713482784366,0.157222868885793,0.00159403383101192,2.72655616372323e-06,0.00614127100332397,0.00354179993668197,4.69453623114297e-06,0.0053079715810041,0.0277557679938961,9.81628548773414e-05,0.0267732521638863,0.253028564862105,0.00131695099960884,0.00212558673226962,0.000687633642832289,0.00438458559025491,0.173084068377036,0.0161585311930397,0.0959661267362563,0.145917219361912,0.130859038142409,0.0152140870661654,0.0227301252745087,0.0414837333805032,0.0012061792785575,0.544090853034219,4.42616713646308e-05,9.0135934764571e-06,4.6656207390483e-06,0.000536445847696207,9.67791695473558e-06,0.000586800243446425,0.000432530291135316,0.00330049938674138,0.00298239635185013,0.00811801374080053,0.00746350619005424,0.00080390978961071,0.0107762229984637,0.068613031442073,0.164743298037518,0.000205149903210464,0.204070546456082,0.334001442367966,0.613008156352888,0.0206229742539462
Rep 1	Misma hebra	-213	-0.10140297611695252	-0.16846166173632787	-0.03481733057932283	0.0028971348278436573	188	5530	0.019138755980861243	0.007725692874249753	Misma hebra 1	-208.5	TRUE	perm9	0.244822086506283,9.05923584172404e-05,0.00289713482784366,0.157222868885793,0.00159403383101192,2.72655616372323e-06,0.00614127100332397,0.00354179993668197,4.69453623114297e-06,0.0053079715810041,0.0277557679938961,9.81628548773414e-05,0.0267732521638863,0.253028564862105,0.00131695099960884,0.00212558673226962,0.000687633642832289,0.00438458559025491,0.173084068377036,0.0161585311930397,0.0959661267362563,0.145917219361912,0.130859038142409,0.0152140870661654,0.0227301252745087,0.0414837333805032,0.0012061792785575,0.544090853034219,4.42616713646308e-05,9.0135934764571e-06,4.6656207390483e-06,0.000536445847696207,9.67791695473558e-06,0.000586800243446425,0.000432530291135316,0.00330049938674138,0.00298239635185013,0.00811801374080053,0.00746350619005424,0.00080390978961071,0.0107762229984637,0.068613031442073,0.164743298037518,0.000205149903210464,0.204070546456082,0.334001442367966,0.613008156352888,0.0206229742539462
Rep 1	Misma hebra	-203	-0.05395707427800145	-0.12866427914984976	0.02130001115750899	0.1572228688857925	181	5530	0.01842614272625471	0.17968327872662	Misma hebra 1	-198.5	FALSE	perm9	0.244822086506283,9.05923584172404e-05,0.00289713482784366,0.157222868885793,0.00159403383101192,2.72655616372323e-06,0.00614127100332397,0.00354179993668197,4.69453623114297e-06,0.0053079715810041,0.0277557679938961,9.81628548773414e-05,0.0267732521638863,0.253028564862105,0.00131695099960884,0.00212558673226962,0.000687633642832289,0.00438458559025491,0.173084068377036,0.0161585311930397,0.0959661267362563,0.145917219361912,0.130859038142409,0.0152140870661654,0.0227301252745087,0.0414837333805032,0.0012061792785575,0.544090853034219,4.42616713646308e-05,9.0135934764571e-06,4.6656207390483e-06,0.000536445847696207,9.67791695473558e-06,0.000586800243446425,0.000432530291135316,0.00330049938674138,0.00298239635185013,0.00811801374080053,0.00746350619005424,0.00080390978961071,0.0107762229984637,0.068613031442073,0.164743298037518,0.000205149903210464,0.204070546456082,0.334001442367966,0.613008156352888,0.0206229742539462
Rep 1	Misma hebra	-193	-0.10018282534117211	-0.1631224555371057	-0.038062158141407613	0.0015940338310119248	199	5530	0.020258576809528656	0.005465258849183742	Misma hebra 1	-188.5	TRUE	perm9	0.244822086506283,9.05923584172404e-05,0.00289713482784366,0.157222868885793,0.00159403383101192,2.72655616372323e-06,0.00614127100332397,0.00354179993668197,4.69453623114297e-06,0.0053079715810041,0.0277557679938961,9.81628548773414e-05,0.0267732521638863,0.253028564862105,0.00131695099960884,0.00212558673226962,0.000687633642832289,0.00438458559025491,0.173084068377036,0.0161585311930397,0.0959661267362563,0.145917219361912,0.130859038142409,0.0152140870661654,0.0227301252745087,0.0414837333805032,0.0012061792785575,0.544090853034219,4.42616713646308e-05,9.0135934764571e-06,4.6656207390483e-06,0.000536445847696207,9.67791695473558e-06,0.000586800243446425,0.000432530291135316,0.00330049938674138,0.00298239635185013,0.00811801374080053,0.00746350619005424,0.00080390978961071,0.0107762229984637,0.068613031442073,0.164743298037518,0.000205149903210464,0.204070546456082,0.334001442367966,0.613008156352888,0.0206229742539462
Rep 1	Misma hebra	-183	-0.1615582457309096	-0.23068359145209946	-0.09451120412650388	2.7265561637232257e-6	162	5530	0.01649190674946554	5.6334434773715625e-5	Misma hebra 1	-178.5	TRUE	perm9	0.244822086506283,9.05923584172404e-05,0.00289713482784366,0.157222868885793,0.00159403383101192,2.72655616372323e-06,0.00614127100332397,0.00354179993668197,4.69453623114297e-06,0.0053079715810041,0.0277557679938961,9.81628548773414e-05,0.0267732521638863,0.253028564862105,0.00131695099960884,0.00212558673226962,0.000687633642832289,0.00438458559025491,0.173084068377036,0.0161585311930397,0.0959661267362563,0.145917219361912,0.130859038142409,0.0152140870661654,0.0227301252745087,0.0414837333805032,0.0012061792785575,0.544090853034219,4.42616713646308e-05,9.0135934764571e-06,4.6656207390483e-06,0.000536445847696207,9.67791695473558e-06,0.000586800243446425,0.000432530291135316,0.00330049938674138,0.00298239635185013,0.00811801374080053,0.00746350619005424,0.00080390978961071,0.0107762229984637,0.068613031442073,0.164743298037518,0.000205149903210464,0.204070546456082,0.334001442367966,0.613008156352888,0.0206229742539462
Rep 1	Misma hebra	-173	-0.09267190557172839	-0.16058630140207808	-0.026255761700032854	0.006141271003323968	175	5530	0.017815331365163393	0.011337731083059634	Misma hebra 1	-168.5	TRUE	perm9	0.244822086506283,9.05923584172404e-05,0.00289713482784366,0.157222868885793,0.00159403383101192,2.72655616372323e-06,0.00614127100332397,0.00354179993668197,4.69453623114297e-06,0.0053079715810041,0.0277557679938961,9.81628548773414e-05,0.0267732521638863,0.253028564862105,0.00131695099960884,0.00212558673226962,0.000687633642832289,0.00438458559025491,0.173084068377036,0.0161585311930397,0.0959661267362563,0.145917219361912,0.130859038142409,0.0152140870661654,0.0227301252745087,0.0414837333805032,0.0012061792785575,0.544090853034219,4.42616713646308e-05,9.0135934764571e-06,4.6656207390483e-06,0.000536445847696207,9.67791695473558e-06,0.000586800243446425,0.000432530291135316,0.00330049938674138,0.00298239635185013,0.00811801374080053,0.00746350619005424,0.00080390978961071,0.0107762229984637,0.068613031442073,0.164743298037518,0.000205149903210464,0.204070546456082,0.334001442367966,0.613008156352888,0.0206229742539462
Rep 1	Misma hebra	-163	-0.10475378998110445	-0.17509909270300317	-0.034744155284235204	0.003541799936681971	173	5530	0.017611727578132952	0.00850031984803673	Misma hebra 1	-158.5	TRUE	perm9	0.244822086506283,9.05923584172404e-05,0.00289713482784366,0.157222868885793,0.00159403383101192,2.72655616372323e-06,0.00614127100332397,0.00354179993668197,4.69453623114297e-06,0.0053079715810041,0.0277557679938961,9.81628548773414e-05,0.0267732521638863,0.253028564862105,0.00131695099960884,0.00212558673226962,0.000687633642832289,0.00438458559025491,0.173084068377036,0.0161585311930397,0.0959661267362563,0.145917219361912,0.130859038142409,0.0152140870661654,0.0227301252745087,0.0414837333805032,0.0012061792785575,0.544090853034219,4.42616713646308e-05,9.0135934764571e-06,4.6656207390483e-06,0.000536445847696207,9.67791695473558e-06,0.000586800243446425,0.000432530291135316,0.00330049938674138,0.00298239635185013,0.00811801374080053,0.00746350619005424,0.00080390978961071,0.0107762229984637,0.068613031442073,0.164743298037518,0.000205149903210464,0.204070546456082,0.334001442367966,0.613008156352888,0.0206229742539462
Rep 1	Misma hebra	-153	-0.16199911027700117	-0.23488880068368367	-0.09229004256444806	4.6945362311429685e-6	177	5530	0.01801893515219383	5.6334434773715625e-5	Misma hebra 1	-148.5	TRUE	perm9	0.244822086506283,9.05923584172404e-05,0.00289713482784366,0.157222868885793,0.00159403383101192,2.72655616372323e-06,0.00614127100332397,0.00354179993668197,4.69453623114297e-06,0.0053079715810041,0.0277557679938961,9.81628548773414e-05,0.0267732521638863,0.253028564862105,0.00131695099960884,0.00212558673226962,0.000687633642832289,0.00438458559025491,0.173084068377036,0.0161585311930397,0.0959661267362563,0.145917219361912,0.130859038142409,0.0152140870661654,0.0227301252745087,0.0414837333805032,0.0012061792785575,0.544090853034219,4.42616713646308e-05,9.0135934764571e-06,4.6656207390483e-06,0.000536445847696207,9.67791695473558e-06,0.000586800243446425,0.000432530291135316,0.00330049938674138,0.00298239635185013,0.00811801374080053,0.00746350619005424,0.00080390978961071,0.0107762229984637,0.068613031442073,0.164743298037518,0.000205149903210464,0.204070546456082,0.334001442367966,0.613008156352888,0.0206229742539462
Rep 1	Misma hebra	-143	-0.1094258591956278	-0.1855805585173817	-0.032619476422009665	0.005307971581004101	151	5530	0.015372085920798128	0.010615943162008201	Misma hebra 1	-138.5	TRUE	perm9	0.244822086506283,9.05923584172404e-05,0.00289713482784366,0.157222868885793,0.00159403383101192,2.72655616372323e-06,0.00614127100332397,0.00354179993668197,4.69453623114297e-06,0.0053079715810041,0.0277557679938961,9.81628548773414e-05,0.0267732521638863,0.253028564862105,0.00131695099960884,0.00212558673226962,0.000687633642832289,0.00438458559025491,0.173084068377036,0.0161585311930397,0.0959661267362563,0.145917219361912,0.130859038142409,0.0152140870661654,0.0227301252745087,0.0414837333805032,0.0012061792785575,0.544090853034219,4.42616713646308e-05,9.0135934764571e-06,4.6656207390483e-06,0.000536445847696207,9.67791695473558e-06,0.000586800243446425,0.000432530291135316,0.00330049938674138,0.00298239635185013,0.00811801374080053,0.00746350619005424,0.00080390978961071,0.0107762229984637,0.068613031442073,0.164743298037518,0.000205149903210464,0.204070546456082,0.334001442367966,0.613008156352888,0.0206229742539462
Rep 1	Misma hebra	-133	-0.09117812460331824	-0.1743334621696097	-0.009854099517584832	0.027755767993896133	126	5530	0.012827038582917642	0.0391846136384416	Misma hebra 1	-128.5	TRUE	perm9	0.244822086506283,9.05923584172404e-05,0.00289713482784366,0.157222868885793,0.00159403383101192,2.72655616372323e-06,0.00614127100332397,0.00354179993668197,4.69453623114297e-06,0.0053079715810041,0.0277557679938961,9.81628548773414e-05,0.0267732521638863,0.253028564862105,0.00131695099960884,0.00212558673226962,0.000687633642832289,0.00438458559025491,0.173084068377036,0.0161585311930397,0.0959661267362563,0.145917219361912,0.130859038142409,0.0152140870661654,0.0227301252745087,0.0414837333805032,0.0012061792785575,0.544090853034219,4.42616713646308e-05,9.0135934764571e-06,4.6656207390483e-06,0.000536445847696207,9.67791695473558e-06,0.000586800243446425,0.000432530291135316,0.00330049938674138,0.00298239635185013,0.00811801374080053,0.00746350619005424,0.00080390978961071,0.0107762229984637,0.068613031442073,0.164743298037518,0.000205149903210464,0.204070546456082,0.334001442367966,0.613008156352888,0.0206229742539462
Rep 1	Misma hebra	-123	-0.15282125769636068	-0.2315460052877425	-0.07633512570575603	9.816285487734143e-5	121	5530	0.012318029115341545	5.889771292640485e-4	Misma hebra 1	-118.5	TRUE	perm9	0.244822086506283,9.05923584172404e-05,0.00289713482784366,0.157222868885793,0.00159403383101192,2.72655616372323e-06,0.00614127100332397,0.00354179993668197,4.69453623114297e-06,0.0053079715810041,0.0277557679938961,9.81628548773414e-05,0.0267732521638863,0.253028564862105,0.00131695099960884,0.00212558673226962,0.000687633642832289,0.00438458559025491,0.173084068377036,0.0161585311930397,0.0959661267362563,0.145917219361912,0.130859038142409,0.0152140870661654,0.0227301252745087,0.0414837333805032,0.0012061792785575,0.544090853034219,4.42616713646308e-05,9.0135934764571e-06,4.6656207390483e-06,0.000536445847696207,9.67791695473558e-06,0.000586800243446425,0.000432530291135316,0.00330049938674138,0.00298239635185013,0.00811801374080053,0.00746350619005424,0.00080390978961071,0.0107762229984637,0.068613031442073,0.164743298037518,0.000205149903210464,0.204070546456082,0.334001442367966,0.613008156352888,0.0206229742539462
Rep 1	Misma hebra	-113	-0.08606538013642946	-0.16279019368371714	-0.009994640093238931	0.02677325216388633	137	5530	0.013946859411585055	0.0391846136384416	Misma hebra 1	-108.5	TRUE	perm9	0.244822086506283,9.05923584172404e-05,0.00289713482784366,0.157222868885793,0.00159403383101192,2.72655616372323e-06,0.00614127100332397,0.00354179993668197,4.69453623114297e-06,0.0053079715810041,0.0277557679938961,9.81628548773414e-05,0.0267732521638863,0.253028564862105,0.00131695099960884,0.00212558673226962,0.000687633642832289,0.00438458559025491,0.173084068377036,0.0161585311930397,0.0959661267362563,0.145917219361912,0.130859038142409,0.0152140870661654,0.0227301252745087,0.0414837333805032,0.0012061792785575,0.544090853034219,4.42616713646308e-05,9.0135934764571e-06,4.6656207390483e-06,0.000536445847696207,9.67791695473558e-06,0.000586800243446425,0.000432530291135316,0.00330049938674138,0.00298239635185013,0.00811801374080053,0.00746350619005424,0.00080390978961071,0.0107762229984637,0.068613031442073,0.164743298037518,0.000205149903210464,0.204070546456082,0.334001442367966,0.613008156352888,0.0206229742539462
Rep 1	Misma hebra	-103	-0.05228790816559046	-0.14223794513865554	0.03769005173567537	0.25302856486210473	120	5530	0.012216227221826326	0.25302856486210473	Misma hebra 1	-98.5	FALSE	perm9	0.244822086506283,9.05923584172404e-05,0.00289713482784366,0.157222868885793,0.00159403383101192,2.72655616372323e-06,0.00614127100332397,0.00354179993668197,4.69453623114297e-06,0.0053079715810041,0.0277557679938961,9.81628548773414e-05,0.0267732521638863,0.253028564862105,0.00131695099960884,0.00212558673226962,0.000687633642832289,0.00438458559025491,0.173084068377036,0.0161585311930397,0.0959661267362563,0.145917219361912,0.130859038142409,0.0152140870661654,0.0227301252745087,0.0414837333805032,0.0012061792785575,0.544090853034219,4.42616713646308e-05,9.0135934764571e-06,4.6656207390483e-06,0.000536445847696207,9.67791695473558e-06,0.000586800243446425,0.000432530291135316,0.00330049938674138,0.00298239635185013,0.00811801374080053,0.00746350619005424,0.00080390978961071,0.0107762229984637,0.068613031442073,0.164743298037518,0.000205149903210464,0.204070546456082,0.334001442367966,0.613008156352888,0.0206229742539462
Rep 1	Misma hebra	-93	-0.14578334856197322	-0.2318818573829801	-0.05875761587739868	0.0013169509996088396	113	5530	0.01150361396721979	0.005267803998435358	Misma hebra 1	-88.5	TRUE	perm9	0.244822086506283,9.05923584172404e-05,0.00289713482784366,0.157222868885793,0.00159403383101192,2.72655616372323e-06,0.00614127100332397,0.00354179993668197,4.69453623114297e-06,0.0053079715810041,0.0277557679938961,9.81628548773414e-05,0.0267732521638863,0.253028564862105,0.00131695099960884,0.00212558673226962,0.000687633642832289,0.00438458559025491,0.173084068377036,0.0161585311930397,0.0959661267362563,0.145917219361912,0.130859038142409,0.0152140870661654,0.0227301252745087,0.0414837333805032,0.0012061792785575,0.544090853034219,4.42616713646308e-05,9.0135934764571e-06,4.6656207390483e-06,0.000536445847696207,9.67791695473558e-06,0.000586800243446425,0.000432530291135316,0.00330049938674138,0.00298239635185013,0.00811801374080053,0.00746350619005424,0.00080390978961071,0.0107762229984637,0.068613031442073,0.164743298037518,0.000205149903210464,0.204070546456082,0.334001442367966,0.613008156352888,0.0206229742539462
Rep 1	Misma hebra	-83	-0.13208706521295993	-0.21945991005816437	-0.04850522159730557	0.0021255867322696165	110	5530	0.011198208286674132	0.006376760196808849	Misma hebra 1	-78.5	TRUE	perm9	0.244822086506283,9.05923584172404e-05,0.00289713482784366,0.157222868885793,0.00159403383101192,2.72655616372323e-06,0.00614127100332397,0.00354179993668197,4.69453623114297e-06,0.0053079715810041,0.0277557679938961,9.81628548773414e-05,0.0267732521638863,0.253028564862105,0.00131695099960884,0.00212558673226962,0.000687633642832289,0.00438458559025491,0.173084068377036,0.0161585311930397,0.0959661267362563,0.145917219361912,0.130859038142409,0.0152140870661654,0.0227301252745087,0.0414837333805032,0.0012061792785575,0.544090853034219,4.42616713646308e-05,9.0135934764571e-06,4.6656207390483e-06,0.000536445847696207,9.67791695473558e-06,0.000586800243446425,0.000432530291135316,0.00330049938674138,0.00298239635185013,0.00811801374080053,0.00746350619005424,0.00080390978961071,0.0107762229984637,0.068613031442073,0.164743298037518,0.000205149903210464,0.204070546456082,0.334001442367966,0.613008156352888,0.0206229742539462
Rep 1	Misma hebra	-73	-0.14502857329277186	-0.22949009165869555	-0.0617797571894188	6.87633642832289e-4	118	5530	0.012012623434795887	0.0033006414855949874	Misma hebra 1	-68.5	TRUE	perm9	0.244822086506283,9.05923584172404e-05,0.00289713482784366,0.157222868885793,0.00159403383101192,2.72655616372323e-06,0.00614127100332397,0.00354179993668197,4.69453623114297e-06,0.0053079715810041,0.0277557679938961,9.81628548773414e-05,0.0267732521638863,0.253028564862105,0.00131695099960884,0.00212558673226962,0.000687633642832289,0.00438458559025491,0.173084068377036,0.0161585311930397,0.0959661267362563,0.145917219361912,0.130859038142409,0.0152140870661654,0.0227301252745087,0.0414837333805032,0.0012061792785575,0.544090853034219,4.42616713646308e-05,9.0135934764571e-06,4.6656207390483e-06,0.000536445847696207,9.67791695473558e-06,0.000586800243446425,0.000432530291135316,0.00330049938674138,0.00298239635185013,0.00811801374080053,0.00746350619005424,0.00080390978961071,0.0107762229984637,0.068613031442073,0.164743298037518,0.000205149903210464,0.204070546456082,0.334001442367966,0.613008156352888,0.0206229742539462
Rep 1	Misma hebra	-63	-0.13472747199090312	-0.22940883277234572	-0.04278474138003375	0.00438458559025491	111	5530	0.011300010180189352	0.009566368560556166	Misma hebra 1	-58.5	TRUE	perm9	0.244822086506283,9.05923584172404e-05,0.00289713482784366,0.157222868885793,0.00159403383101192,2.72655616372323e-06,0.00614127100332397,0.00354179993668197,4.69453623114297e-06,0.0053079715810041,0.0277557679938961,9.81628548773414e-05,0.0267732521638863,0.253028564862105,0.00131695099960884,0.00212558673226962,0.000687633642832289,0.00438458559025491,0.173084068377036,0.0161585311930397,0.0959661267362563,0.145917219361912,0.130859038142409,0.0152140870661654,0.0227301252745087,0.0414837333805032,0.0012061792785575,0.544090853034219,4.42616713646308e-05,9.0135934764571e-06,4.6656207390483e-06,0.000536445847696207,9.67791695473558e-06,0.000586800243446425,0.000432530291135316,0.00330049938674138,0.00298239635185013,0.00811801374080053,0.00746350619005424,0.00080390978961071,0.0107762229984637,0.068613031442073,0.164743298037518,0.000205149903210464,0.204070546456082,0.334001442367966,0.613008156352888,0.0206229742539462
Rep 1	Misma hebra	-53	-0.06679534198528647	-0.16176839703484433	0.029257885843972677	0.17308406837703572	105	5530	0.010689198819098035	0.18881898368403896	Misma hebra 1	-48.5	FALSE	perm9	0.244822086506283,9.05923584172404e-05,0.00289713482784366,0.157222868885793,0.00159403383101192,2.72655616372323e-06,0.00614127100332397,0.00354179993668197,4.69453623114297e-06,0.0053079715810041,0.0277557679938961,9.81628548773414e-05,0.0267732521638863,0.253028564862105,0.00131695099960884,0.00212558673226962,0.000687633642832289,0.00438458559025491,0.173084068377036,0.0161585311930397,0.0959661267362563,0.145917219361912,0.130859038142409,0.0152140870661654,0.0227301252745087,0.0414837333805032,0.0012061792785575,0.544090853034219,4.42616713646308e-05,9.0135934764571e-06,4.6656207390483e-06,0.000536445847696207,9.67791695473558e-06,0.000586800243446425,0.000432530291135316,0.00330049938674138,0.00298239635185013,0.00811801374080053,0.00746350619005424,0.00080390978961071,0.0107762229984637,0.068613031442073,0.164743298037518,0.000205149903210464,0.204070546456082,0.334001442367966,0.613008156352888,0.0206229742539462
Rep 1	Misma hebra	-43	-0.10861946825203891	-0.1990312023609561	-0.019986416977978934	0.01615853119303966	108	5530	0.010994604499643693	0.02585364990886346	Misma hebra 1	-38.5	TRUE	perm9	0.244822086506283,9.05923584172404e-05,0.00289713482784366,0.157222868885793,0.00159403383101192,2.72655616372323e-06,0.00614127100332397,0.00354179993668197,4.69453623114297e-06,0.0053079715810041,0.0277557679938961,9.81628548773414e-05,0.0267732521638863,0.253028564862105,0.00131695099960884,0.00212558673226962,0.000687633642832289,0.00438458559025491,0.173084068377036,0.0161585311930397,0.0959661267362563,0.145917219361912,0.130859038142409,0.0152140870661654,0.0227301252745087,0.0414837333805032,0.0012061792785575,0.544090853034219,4.42616713646308e-05,9.0135934764571e-06,4.6656207390483e-06,0.000536445847696207,9.67791695473558e-06,0.000586800243446425,0.000432530291135316,0.00330049938674138,0.00298239635185013,0.00811801374080053,0.00746350619005424,0.00080390978961071,0.0107762229984637,0.068613031442073,0.164743298037518,0.000205149903210464,0.204070546456082,0.334001442367966,0.613008156352888,0.0206229742539462
Rep 1	Misma hebra	-33	-0.06862113319255524	-0.148593396315871	0.012162206446446912	0.09596612673625629	142	5530	0.014455868879161152	0.1279548356483417	Misma hebra 1	-28.5	FALSE	perm9	0.244822086506283,9.05923584172404e-05,0.00289713482784366,0.157222868885793,0.00159403383101192,2.72655616372323e-06,0.00614127100332397,0.00354179993668197,4.69453623114297e-06,0.0053079715810041,0.0277557679938961,9.81628548773414e-05,0.0267732521638863,0.253028564862105,0.00131695099960884,0.00212558673226962,0.000687633642832289,0.00438458559025491,0.173084068377036,0.0161585311930397,0.0959661267362563,0.145917219361912,0.130859038142409,0.0152140870661654,0.0227301252745087,0.0414837333805032,0.0012061792785575,0.544090853034219,4.42616713646308e-05,9.0135934764571e-06,4.6656207390483e-06,0.000536445847696207,9.67791695473558e-06,0.000586800243446425,0.000432530291135316,0.00330049938674138,0.00298239635185013,0.00811801374080053,0.00746350619005424,0.00080390978961071,0.0107762229984637,0.068613031442073,0.164743298037518,0.000205149903210464,0.204070546456082,0.334001442367966,0.613008156352888,0.0206229742539462
Rep 1	Misma hebra	-23	-0.0691741201933926	-0.16419170157614	0.023685279402435568	0.14591721936191224	92	5530	0.009365774203400182	0.17510066323429468	Misma hebra 1	-18.5	FALSE	perm9	0.244822086506283,9.05923584172404e-05,0.00289713482784366,0.157222868885793,0.00159403383101192,2.72655616372323e-06,0.00614127100332397,0.00354179993668197,4.69453623114297e-06,0.0053079715810041,0.0277557679938961,9.81628548773414e-05,0.0267732521638863,0.253028564862105,0.00131695099960884,0.00212558673226962,0.000687633642832289,0.00438458559025491,0.173084068377036,0.0161585311930397,0.0959661267362563,0.145917219361912,0.130859038142409,0.0152140870661654,0.0227301252745087,0.0414837333805032,0.0012061792785575,0.544090853034219,4.42616713646308e-05,9.0135934764571e-06,4.6656207390483e-06,0.000536445847696207,9.67791695473558e-06,0.000586800243446425,0.000432530291135316,0.00330049938674138,0.00298239635185013,0.00811801374080053,0.00746350619005424,0.00080390978961071,0.0107762229984637,0.068613031442073,0.164743298037518,0.000205149903210464,0.204070546456082,0.334001442367966,0.613008156352888,0.0206229742539462
Rep 1	Misma hebra	-13	-0.09822948544495311	-0.22946718648322648	0.029932645693860747	0.1308590381424094	58	5530	0.005904509823882724	0.16529562712725396	Misma hebra 1	-8.5	FALSE	perm9	0.244822086506283,9.05923584172404e-05,0.00289713482784366,0.157222868885793,0.00159403383101192,2.72655616372323e-06,0.00614127100332397,0.00354179993668197,4.69453623114297e-06,0.0053079715810041,0.0277557679938961,9.81628548773414e-05,0.0267732521638863,0.253028564862105,0.00131695099960884,0.00212558673226962,0.000687633642832289,0.00438458559025491,0.173084068377036,0.0161585311930397,0.0959661267362563,0.145917219361912,0.130859038142409,0.0152140870661654,0.0227301252745087,0.0414837333805032,0.0012061792785575,0.544090853034219,4.42616713646308e-05,9.0135934764571e-06,4.6656207390483e-06,0.000536445847696207,9.67791695473558e-06,0.000586800243446425,0.000432530291135316,0.00330049938674138,0.00298239635185013,0.00811801374080053,0.00746350619005424,0.00080390978961071,0.0107762229984637,0.068613031442073,0.164743298037518,0.000205149903210464,0.204070546456082,0.334001442367966,0.613008156352888,0.0206229742539462
Rep 1	Misma hebra	-3	-0.12223863844362318	-0.2265131643632934	-0.023497401695158363	0.015214087066165442	68	5530	0.006922528759034918	0.02585364990886346	Misma hebra 1	1.5	TRUE	perm9	0.244822086506283,9.05923584172404e-05,0.00289713482784366,0.157222868885793,0.00159403383101192,2.72655616372323e-06,0.00614127100332397,0.00354179993668197,4.69453623114297e-06,0.0053079715810041,0.0277557679938961,9.81628548773414e-05,0.0267732521638863,0.253028564862105,0.00131695099960884,0.00212558673226962,0.000687633642832289,0.00438458559025491,0.173084068377036,0.0161585311930397,0.0959661267362563,0.145917219361912,0.130859038142409,0.0152140870661654,0.0227301252745087,0.0414837333805032,0.0012061792785575,0.544090853034219,4.42616713646308e-05,9.0135934764571e-06,4.6656207390483e-06,0.000536445847696207,9.67791695473558e-06,0.000586800243446425,0.000432530291135316,0.00330049938674138,0.00298239635185013,0.00811801374080053,0.00746350619005424,0.00080390978961071,0.0107762229984637,0.068613031442073,0.164743298037518,0.000205149903210464,0.204070546456082,0.334001442367966,0.613008156352888,0.0206229742539462
Rep 2	Misma hebra	-233	-0.08402790720079212	-0.1601709201195643	-0.009556030330914912	0.02273012527450875	260	6465	0.022388702316369587	0.03208958862283588	Misma hebra 1	-228.5	TRUE	perm9	0.244822086506283,9.05923584172404e-05,0.00289713482784366,0.157222868885793,0.00159403383101192,2.72655616372323e-06,0.00614127100332397,0.00354179993668197,4.69453623114297e-06,0.0053079715810041,0.0277557679938961,9.81628548773414e-05,0.0267732521638863,0.253028564862105,0.00131695099960884,0.00212558673226962,0.000687633642832289,0.00438458559025491,0.173084068377036,0.0161585311930397,0.0959661267362563,0.145917219361912,0.130859038142409,0.0152140870661654,0.0227301252745087,0.0414837333805032,0.0012061792785575,0.544090853034219,4.42616713646308e-05,9.0135934764571e-06,4.6656207390483e-06,0.000536445847696207,9.67791695473558e-06,0.000586800243446425,0.000432530291135316,0.00330049938674138,0.00298239635185013,0.00811801374080053,0.00746350619005424,0.00080390978961071,0.0107762229984637,0.068613031442073,0.164743298037518,0.000205149903210464,0.204070546456082,0.334001442367966,0.613008156352888,0.0206229742539462
Rep 2	Misma hebra	-223	-0.07571016115329537	-0.15373568055536052	-0.0014934771225282488	0.04148373338050316	275	6465	0.02368035821923706	0.05531164450733754	Misma hebra 1	-218.5	FALSE	perm9	0.244822086506283,9.05923584172404e-05,0.00289713482784366,0.157222868885793,0.00159403383101192,2.72655616372323e-06,0.00614127100332397,0.00354179993668197,4.69453623114297e-06,0.0053079715810041,0.0277557679938961,9.81628548773414e-05,0.0267732521638863,0.253028564862105,0.00131695099960884,0.00212558673226962,0.000687633642832289,0.00438458559025491,0.173084068377036,0.0161585311930397,0.0959661267362563,0.145917219361912,0.130859038142409,0.0152140870661654,0.0227301252745087,0.0414837333805032,0.0012061792785575,0.544090853034219,4.42616713646308e-05,9.0135934764571e-06,4.6656207390483e-06,0.000536445847696207,9.67791695473558e-06,0.000586800243446425,0.000432530291135316,0.00330049938674138,0.00298239635185013,0.00811801374080053,0.00746350619005424,0.00080390978961071,0.0107762229984637,0.068613031442073,0.164743298037518,0.000205149903210464,0.204070546456082,0.334001442367966,0.613008156352888,0.0206229742539462
Rep 2	Misma hebra	-213	-0.12459170939165651	-0.20329833736910768	-0.04730489216426211	0.0012061792785575032	247	6465	0.021269267200551105	0.0028948302685380075	Misma hebra 1	-208.5	TRUE	perm9	0.244822086506283,9.05923584172404e-05,0.00289713482784366,0.157222868885793,0.00159403383101192,2.72655616372323e-06,0.00614127100332397,0.00354179993668197,4.69453623114297e-06,0.0053079715810041,0.0277557679938961,9.81628548773414e-05,0.0267732521638863,0.253028564862105,0.00131695099960884,0.00212558673226962,0.000687633642832289,0.00438458559025491,0.173084068377036,0.0161585311930397,0.0959661267362563,0.145917219361912,0.130859038142409,0.0152140870661654,0.0227301252745087,0.0414837333805032,0.0012061792785575,0.544090853034219,4.42616713646308e-05,9.0135934764571e-06,4.6656207390483e-06,0.000536445847696207,9.67791695473558e-06,0.000586800243446425,0.000432530291135316,0.00330049938674138,0.00298239635185013,0.00811801374080053,0.00746350619005424,0.00080390978961071,0.0107762229984637,0.068613031442073,0.164743298037518,0.000205149903210464,0.204070546456082,0.334001442367966,0.613008156352888,0.0206229742539462
Rep 2	Misma hebra	-203	-0.023201663839695925	-0.1106778974428936	0.06191953090134655	0.5440908530342186	230	6465	0.019805390510634634	0.5677469770791845	Misma hebra 1	-198.5	FALSE	perm9	0.244822086506283,9.05923584172404e-05,0.00289713482784366,0.157222868885793,0.00159403383101192,2.72655616372323e-06,0.00614127100332397,0.00354179993668197,4.69453623114297e-06,0.0053079715810041,0.0277557679938961,9.81628548773414e-05,0.0267732521638863,0.253028564862105,0.00131695099960884,0.00212558673226962,0.000687633642832289,0.00438458559025491,0.173084068377036,0.0161585311930397,0.0959661267362563,0.145917219361912,0.130859038142409,0.0152140870661654,0.0227301252745087,0.0414837333805032,0.0012061792785575,0.544090853034219,4.42616713646308e-05,9.0135934764571e-06,4.6656207390483e-06,0.000536445847696207,9.67791695473558e-06,0.000586800243446425,0.000432530291135316,0.00330049938674138,0.00298239635185013,0.00811801374080053,0.00746350619005424,0.00080390978961071,0.0107762229984637,0.068613031442073,0.164743298037518,0.000205149903210464,0.204070546456082,0.334001442367966,0.613008156352888,0.0206229742539462
Rep 2	Misma hebra	-193	-0.1541747385287484	-0.2305518236027848	-0.07736572384455763	4.426167136463077e-5	249	6465	0.021441487987600105	2.655700281877846e-4	Misma hebra 1	-188.5	TRUE	perm9	0.244822086506283,9.05923584172404e-05,0.00289713482784366,0.157222868885793,0.00159403383101192,2.72655616372323e-06,0.00614127100332397,0.00354179993668197,4.69453623114297e-06,0.0053079715810041,0.0277557679938961,9.81628548773414e-05,0.0267732521638863,0.253028564862105,0.00131695099960884,0.00212558673226962,0.000687633642832289,0.00438458559025491,0.173084068377036,0.0161585311930397,0.0959661267362563,0.145917219361912,0.130859038142409,0.0152140870661654,0.0227301252745087,0.0414837333805032,0.0012061792785575,0.544090853034219,4.42616713646308e-05,9.0135934764571e-06,4.6656207390483e-06,0.000536445847696207,9.67791695473558e-06,0.000586800243446425,0.000432530291135316,0.00330049938674138,0.00298239635185013,0.00811801374080053,0.00746350619005424,0.00080390978961071,0.0107762229984637,0.068613031442073,0.164743298037518,0.000205149903210464,0.204070546456082,0.334001442367966,0.613008156352888,0.0206229742539462
Rep 2	Misma hebra	-183	-0.18052716217739456	-0.2636332845866532	-0.10004126571230698	9.013593476457104e-6	202	6465	0.017394299491948678	7.742333563788461e-5	Misma hebra 1	-178.5	TRUE	perm9	0.244822086506283,9.05923584172404e-05,0.00289713482784366,0.157222868885793,0.00159403383101192,2.72655616372323e-06,0.00614127100332397,0.00354179993668197,4.69453623114297e-06,0.0053079715810041,0.0277557679938961,9.81628548773414e-05,0.0267732521638863,0.253028564862105,0.00131695099960884,0.00212558673226962,0.000687633642832289,0.00438458559025491,0.173084068377036,0.0161585311930397,0.0959661267362563,0.145917219361912,0.130859038142409,0.0152140870661654,0.0227301252745087,0.0414837333805032,0.0012061792785575,0.544090853034219,4.42616713646308e-05,9.0135934764571e-06,4.6656207390483e-06,0.000536445847696207,9.67791695473558e-06,0.000586800243446425,0.000432530291135316,0.00330049938674138,0.00298239635185013,0.00811801374080053,0.00746350619005424,0.00080390978961071,0.0107762229984637,0.068613031442073,0.164743298037518,0.000205149903210464,0.204070546456082,0.334001442367966,0.613008156352888,0.0206229742539462
Rep 2	Misma hebra	-173	-0.1829726652337915	-0.2641833281702008	-0.10322222262436959	4.665620739048296e-6	215	6465	0.018513734607767156	7.742333563788461e-5	Misma hebra 1	-168.5	TRUE	perm9	0.244822086506283,9.05923584172404e-05,0.00289713482784366,0.157222868885793,0.00159403383101192,2.72655616372323e-06,0.00614127100332397,0.00354179993668197,4.69453623114297e-06,0.0053079715810041,0.0277557679938961,9.81628548773414e-05,0.0267732521638863,0.253028564862105,0.00131695099960884,0.00212558673226962,0.000687633642832289,0.00438458559025491,0.173084068377036,0.0161585311930397,0.0959661267362563,0.145917219361912,0.130859038142409,0.0152140870661654,0.0227301252745087,0.0414837333805032,0.0012061792785575,0.544090853034219,4.42616713646308e-05,9.0135934764571e-06,4.6656207390483e-06,0.000536445847696207,9.67791695473558e-06,0.000586800243446425,0.000432530291135316,0.00330049938674138,0.00298239635185013,0.00811801374080053,0.00746350619005424,0.00080390978961071,0.0107762229984637,0.068613031442073,0.164743298037518,0.000205149903210464,0.204070546456082,0.334001442367966,0.613008156352888,0.0206229742539462
Rep 2	Misma hebra	-163	-0.14426736751897654	-0.227855694913641	-0.06138736387474053	5.364458476962075e-4	219	6465	0.018858176181865152	0.001760400730339274	Misma hebra 1	-158.5	TRUE	perm9	0.244822086506283,9.05923584172404e-05,0.00289713482784366,0.157222868885793,0.00159403383101192,2.72655616372323e-06,0.00614127100332397,0.00354179993668197,4.69453623114297e-06,0.0053079715810041,0.0277557679938961,9.81628548773414e-05,0.0267732521638863,0.253028564862105,0.00131695099960884,0.00212558673226962,0.000687633642832289,0.00438458559025491,0.173084068377036,0.0161585311930397,0.0959661267362563,0.145917219361912,0.130859038142409,0.0152140870661654,0.0227301252745087,0.0414837333805032,0.0012061792785575,0.544090853034219,4.42616713646308e-05,9.0135934764571e-06,4.6656207390483e-06,0.000536445847696207,9.67791695473558e-06,0.000586800243446425,0.000432530291135316,0.00330049938674138,0.00298239635185013,0.00811801374080053,0.00746350619005424,0.00080390978961071,0.0107762229984637,0.068613031442073,0.164743298037518,0.000205149903210464,0.204070546456082,0.334001442367966,0.613008156352888,0.0206229742539462
Rep 2	Misma hebra	-153	-0.17664952456596691	-0.2578940671934705	-0.09836452782126649	9.677916954735577e-6	208	6465	0.01791096185309567	7.742333563788461e-5	Misma hebra 1	-148.5	TRUE	perm9	0.244822086506283,9.05923584172404e-05,0.00289713482784366,0.157222868885793,0.00159403383101192,2.72655616372323e-06,0.00614127100332397,0.00354179993668197,4.69453623114297e-06,0.0053079715810041,0.0277557679938961,9.81628548773414e-05,0.0267732521638863,0.253028564862105,0.00131695099960884,0.00212558673226962,0.000687633642832289,0.00438458559025491,0.173084068377036,0.0161585311930397,0.0959661267362563,0.145917219361912,0.130859038142409,0.0152140870661654,0.0227301252745087,0.0414837333805032,0.0012061792785575,0.544090853034219,4.42616713646308e-05,9.0135934764571e-06,4.6656207390483e-06,0.000536445847696207,9.67791695473558e-06,0.000586800243446425,0.000432530291135316,0.00330049938674138,0.00298239635185013,0.00811801374080053,0.00746350619005424,0.00080390978961071,0.0107762229984637,0.068613031442073,0.164743298037518,0.000205149903210464,0.204070546456082,0.334001442367966,0.613008156352888,0.0206229742539462
Rep 2	Misma hebra	-143	-0.14998673069800966	-0.24031622986929105	-0.06098673114210409	5.868002434464246e-4	176	6465	0.01515542926031172	0.001760400730339274	Misma hebra 1	-138.5	TRUE	perm9	0.244822086506283,9.05923584172404e-05,0.00289713482784366,0.157222868885793,0.00159403383101192,2.72655616372323e-06,0.00614127100332397,0.00354179993668197,4.69453623114297e-06,0.0053079715810041,0.0277557679938961,9.81628548773414e-05,0.0267732521638863,0.253028564862105,0.00131695099960884,0.00212558673226962,0.000687633642832289,0.00438458559025491,0.173084068377036,0.0161585311930397,0.0959661267362563,0.145917219361912,0.130859038142409,0.0152140870661654,0.0227301252745087,0.0414837333805032,0.0012061792785575,0.544090853034219,4.42616713646308e-05,9.0135934764571e-06,4.6656207390483e-06,0.000536445847696207,9.67791695473558e-06,0.000586800243446425,0.000432530291135316,0.00330049938674138,0.00298239635185013,0.00811801374080053,0.00746350619005424,0.00080390978961071,0.0107762229984637,0.068613031442073,0.164743298037518,0.000205149903210464,0.204070546456082,0.334001442367966,0.613008156352888,0.0206229742539462
Rep 2	Misma hebra	-133	-0.15684627009482358	-0.24832710286518353	-0.06868329553097732	4.3253029113531587e-4	163	6465	0.01403599414449324	0.0017301211645412635	Misma hebra 1	-128.5	TRUE	perm9	0.244822086506283,9.05923584172404e-05,0.00289713482784366,0.157222868885793,0.00159403383101192,2.72655616372323e-06,0.00614127100332397,0.00354179993668197,4.69453623114297e-06,0.0053079715810041,0.0277557679938961,9.81628548773414e-05,0.0267732521638863,0.253028564862105,0.00131695099960884,0.00212558673226962,0.000687633642832289,0.00438458559025491,0.173084068377036,0.0161585311930397,0.0959661267362563,0.145917219361912,0.130859038142409,0.0152140870661654,0.0227301252745087,0.0414837333805032,0.0012061792785575,0.544090853034219,4.42616713646308e-05,9.0135934764571e-06,4.6656207390483e-06,0.000536445847696207,9.67791695473558e-06,0.000586800243446425,0.000432530291135316,0.00330049938674138,0.00298239635185013,0.00811801374080053,0.00746350619005424,0.00080390978961071,0.0107762229984637,0.068613031442073,0.164743298037518,0.000205149903210464,0.204070546456082,0.334001442367966,0.613008156352888,0.0206229742539462
Rep 2	Misma hebra	-123	-0.14575978552260357	-0.24607349747388946	-0.044848866477184966	0.003300499386741384	150	6465	0.012916559028674762	0.006600998773482768	Misma hebra 1	-118.5	TRUE	perm9	0.244822086506283,9.05923584172404e-05,0.00289713482784366,0.157222868885793,0.00159403383101192,2.72655616372323e-06,0.00614127100332397,0.00354179993668197,4.69453623114297e-06,0.0053079715810041,0.0277557679938961,9.81628548773414e-05,0.0267732521638863,0.253028564862105,0.00131695099960884,0.00212558673226962,0.000687633642832289,0.00438458559025491,0.173084068377036,0.0161585311930397,0.0959661267362563,0.145917219361912,0.130859038142409,0.0152140870661654,0.0227301252745087,0.0414837333805032,0.0012061792785575,0.544090853034219,4.42616713646308e-05,9.0135934764571e-06,4.6656207390483e-06,0.000536445847696207,9.67791695473558e-06,0.000586800243446425,0.000432530291135316,0.00330049938674138,0.00298239635185013,0.00811801374080053,0.00746350619005424,0.00080390978961071,0.0107762229984637,0.068613031442073,0.164743298037518,0.000205149903210464,0.204070546456082,0.334001442367966,0.613008156352888,0.0206229742539462
Rep 2	Misma hebra	-113	-0.13603212389743224	-0.23209111245273992	-0.04476190028822537	0.0029823963518501337	170	6465	0.01463876689916473	0.006507046585854837	Misma hebra 1	-108.5	TRUE	perm9	0.244822086506283,9.05923584172404e-05,0.00289713482784366,0.157222868885793,0.00159403383101192,2.72655616372323e-06,0.00614127100332397,0.00354179993668197,4.69453623114297e-06,0.0053079715810041,0.0277557679938961,9.81628548773414e-05,0.0267732521638863,0.253028564862105,0.00131695099960884,0.00212558673226962,0.000687633642832289,0.00438458559025491,0.173084068377036,0.0161585311930397,0.0959661267362563,0.145917219361912,0.130859038142409,0.0152140870661654,0.0227301252745087,0.0414837333805032,0.0012061792785575,0.544090853034219,4.42616713646308e-05,9.0135934764571e-06,4.6656207390483e-06,0.000536445847696207,9.67791695473558e-06,0.000586800243446425,0.000432530291135316,0.00330049938674138,0.00298239635185013,0.00811801374080053,0.00746350619005424,0.00080390978961071,0.0107762229984637,0.068613031442073,0.164743298037518,0.000205149903210464,0.204070546456082,0.334001442367966,0.613008156352888,0.0206229742539462
Rep 2	Misma hebra	-103	-0.13478951391704994	-0.2364932373665593	-0.03334682857581542	0.008118013740800527	157	6465	0.01351933178334625	0.013916594984229475	Misma hebra 1	-98.5	TRUE	perm9	0.244822086506283,9.05923584172404e-05,0.00289713482784366,0.157222868885793,0.00159403383101192,2.72655616372323e-06,0.00614127100332397,0.00354179993668197,4.69453623114297e-06,0.0053079715810041,0.0277557679938961,9.81628548773414e-05,0.0267732521638863,0.253028564862105,0.00131695099960884,0.00212558673226962,0.000687633642832289,0.00438458559025491,0.173084068377036,0.0161585311930397,0.0959661267362563,0.145917219361912,0.130859038142409,0.0152140870661654,0.0227301252745087,0.0414837333805032,0.0012061792785575,0.544090853034219,4.42616713646308e-05,9.0135934764571e-06,4.6656207390483e-06,0.000536445847696207,9.67791695473558e-06,0.000586800243446425,0.000432530291135316,0.00330049938674138,0.00298239635185013,0.00811801374080053,0.00746350619005424,0.00080390978961071,0.0107762229984637,0.068613031442073,0.164743298037518,0.000205149903210464,0.204070546456082,0.334001442367966,0.613008156352888,0.0206229742539462
Rep 2	Misma hebra	-93	-0.13750172519343237	-0.24237076299025295	-0.033540858870185215	0.007463506190054238	144	6465	0.012399896667527771	0.013778780658561671	Misma hebra 1	-88.5	TRUE	perm9	0.244822086506283,9.05923584172404e-05,0.00289713482784366,0.157222868885793,0.00159403383101192,2.72655616372323e-06,0.00614127100332397,0.00354179993668197,4.69453623114297e-06,0.0053079715810041,0.0277557679938961,9.81628548773414e-05,0.0267732521638863,0.253028564862105,0.00131695099960884,0.00212558673226962,0.000687633642832289,0.00438458559025491,0.173084068377036,0.0161585311930397,0.0959661267362563,0.145917219361912,0.130859038142409,0.0152140870661654,0.0227301252745087,0.0414837333805032,0.0012061792785575,0.544090853034219,4.42616713646308e-05,9.0135934764571e-06,4.6656207390483e-06,0.000536445847696207,9.67791695473558e-06,0.000586800243446425,0.000432530291135316,0.00330049938674138,0.00298239635185013,0.00811801374080053,0.00746350619005424,0.00080390978961071,0.0107762229984637,0.068613031442073,0.164743298037518,0.000205149903210464,0.204070546456082,0.334001442367966,0.613008156352888,0.0206229742539462
Rep 2	Misma hebra	-83	-0.17163071432328778	-0.27547973705787177	-0.0677564544299781	8.039097896107103e-4	144	6465	0.012399896667527771	0.002143759438961894	Misma hebra 1	-78.5	TRUE	perm9	0.244822086506283,9.05923584172404e-05,0.00289713482784366,0.157222868885793,0.00159403383101192,2.72655616372323e-06,0.00614127100332397,0.00354179993668197,4.69453623114297e-06,0.0053079715810041,0.0277557679938961,9.81628548773414e-05,0.0267732521638863,0.253028564862105,0.00131695099960884,0.00212558673226962,0.000687633642832289,0.00438458559025491,0.173084068377036,0.0161585311930397,0.0959661267362563,0.145917219361912,0.130859038142409,0.0152140870661654,0.0227301252745087,0.0414837333805032,0.0012061792785575,0.544090853034219,4.42616713646308e-05,9.0135934764571e-06,4.6656207390483e-06,0.000536445847696207,9.67791695473558e-06,0.000586800243446425,0.000432530291135316,0.00330049938674138,0.00298239635185013,0.00811801374080053,0.00746350619005424,0.00080390978961071,0.0107762229984637,0.068613031442073,0.164743298037518,0.000205149903210464,0.204070546456082,0.334001442367966,0.613008156352888,0.0206229742539462
Rep 2	Misma hebra	-73	-0.13116667680465216	-0.23654015952959243	-0.029021499121103144	0.010776222998463737	133	6465	0.011452682338758288	0.01724195679754198	Misma hebra 1	-68.5	TRUE	perm9	0.244822086506283,9.05923584172404e-05,0.00289713482784366,0.157222868885793,0.00159403383101192,2.72655616372323e-06,0.00614127100332397,0.00354179993668197,4.69453623114297e-06,0.0053079715810041,0.0277557679938961,9.81628548773414e-05,0.0267732521638863,0.253028564862105,0.00131695099960884,0.00212558673226962,0.000687633642832289,0.00438458559025491,0.173084068377036,0.0161585311930397,0.0959661267362563,0.145917219361912,0.130859038142409,0.0152140870661654,0.0227301252745087,0.0414837333805032,0.0012061792785575,0.544090853034219,4.42616713646308e-05,9.0135934764571e-06,4.6656207390483e-06,0.000536445847696207,9.67791695473558e-06,0.000586800243446425,0.000432530291135316,0.00330049938674138,0.00298239635185013,0.00811801374080053,0.00746350619005424,0.00080390978961071,0.0107762229984637,0.068613031442073,0.164743298037518,0.000205149903210464,0.204070546456082,0.334001442367966,0.613008156352888,0.0206229742539462
Rep 2	Misma hebra	-63	-0.09538809605292657	-0.20347753014370681	0.005408283558330169	0.06861303144207305	134	6465	0.011538792732282787	0.08666909234788174	Misma hebra 1	-58.5	FALSE	perm9	0.244822086506283,9.05923584172404e-05,0.00289713482784366,0.157222868885793,0.00159403383101192,2.72655616372323e-06,0.00614127100332397,0.00354179993668197,4.69453623114297e-06,0.0053079715810041,0.0277557679938961,9.81628548773414e-05,0.0267732521638863,0.253028564862105,0.00131695099960884,0.00212558673226962,0.000687633642832289,0.00438458559025491,0.173084068377036,0.0161585311930397,0.0959661267362563,0.145917219361912,0.130859038142409,0.0152140870661654,0.0227301252745087,0.0414837333805032,0.0012061792785575,0.544090853034219,4.42616713646308e-05,9.0135934764571e-06,4.6656207390483e-06,0.000536445847696207,9.67791695473558e-06,0.000586800243446425,0.000432530291135316,0.00330049938674138,0.00298239635185013,0.00811801374080053,0.00746350619005424,0.00080390978961071,0.0107762229984637,0.068613031442073,0.164743298037518,0.000205149903210464,0.204070546456082,0.334001442367966,0.613008156352888,0.0206229742539462
Rep 2	Misma hebra	-53	-0.07532218468303206	-0.19053040266866633	0.031231635045607775	0.1647432980375177	124	6465	0.010677688797037803	0.19769195764502123	Misma hebra 1	-48.5	FALSE	perm9	0.244822086506283,9.05923584172404e-05,0.00289713482784366,0.157222868885793,0.00159403383101192,2.72655616372323e-06,0.00614127100332397,0.00354179993668197,4.69453623114297e-06,0.0053079715810041,0.0277557679938961,9.81628548773414e-05,0.0267732521638863,0.253028564862105,0.00131695099960884,0.00212558673226962,0.000687633642832289,0.00438458559025491,0.173084068377036,0.0161585311930397,0.0959661267362563,0.145917219361912,0.130859038142409,0.0152140870661654,0.0227301252745087,0.0414837333805032,0.0012061792785575,0.544090853034219,4.42616713646308e-05,9.0135934764571e-06,4.6656207390483e-06,0.000536445847696207,9.67791695473558e-06,0.000586800243446425,0.000432530291135316,0.00330049938674138,0.00298239635185013,0.00811801374080053,0.00746350619005424,0.00080390978961071,0.0107762229984637,0.068613031442073,0.164743298037518,0.000205149903210464,0.204070546456082,0.334001442367966,0.613008156352888,0.0206229742539462
Rep 2	Misma hebra	-43	-0.18644654272317296	-0.2898515924758169	-0.08689971112797704	2.0514990321046414e-4	136	6465	0.011711013519331783	9.847195354102279e-4	Misma hebra 1	-38.5	TRUE	perm9	0.244822086506283,9.05923584172404e-05,0.00289713482784366,0.157222868885793,0.00159403383101192,2.72655616372323e-06,0.00614127100332397,0.00354179993668197,4.69453623114297e-06,0.0053079715810041,0.0277557679938961,9.81628548773414e-05,0.0267732521638863,0.253028564862105,0.00131695099960884,0.00212558673226962,0.000687633642832289,0.00438458559025491,0.173084068377036,0.0161585311930397,0.0959661267362563,0.145917219361912,0.130859038142409,0.0152140870661654,0.0227301252745087,0.0414837333805032,0.0012061792785575,0.544090853034219,4.42616713646308e-05,9.0135934764571e-06,4.6656207390483e-06,0.000536445847696207,9.67791695473558e-06,0.000586800243446425,0.000432530291135316,0.00330049938674138,0.00298239635185013,0.00811801374080053,0.00746350619005424,0.00080390978961071,0.0107762229984637,0.068613031442073,0.164743298037518,0.000205149903210464,0.204070546456082,0.334001442367966,0.613008156352888,0.0206229742539462
Rep 2	Misma hebra	-33	-0.060984660639148314	-0.16260469914108386	0.03222708378646101	0.2040705464560818	171	6465	0.014724877292689228	0.23322348166409348	Misma hebra 1	-28.5	FALSE	perm9	0.244822086506283,9.05923584172404e-05,0.00289713482784366,0.157222868885793,0.00159403383101192,2.72655616372323e-06,0.00614127100332397,0.00354179993668197,4.69453623114297e-06,0.0053079715810041,0.0277557679938961,9.81628548773414e-05,0.0267732521638863,0.253028564862105,0.00131695099960884,0.00212558673226962,0.000687633642832289,0.00438458559025491,0.173084068377036,0.0161585311930397,0.0959661267362563,0.145917219361912,0.130859038142409,0.0152140870661654,0.0227301252745087,0.0414837333805032,0.0012061792785575,0.544090853034219,4.42616713646308e-05,9.0135934764571e-06,4.6656207390483e-06,0.000536445847696207,9.67791695473558e-06,0.000586800243446425,0.000432530291135316,0.00330049938674138,0.00298239635185013,0.00811801374080053,0.00746350619005424,0.00080390978961071,0.0107762229984637,0.068613031442073,0.164743298037518,0.000205149903210464,0.204070546456082,0.334001442367966,0.613008156352888,0.0206229742539462
Rep 2	Misma hebra	-23	-0.05420865507477721	-0.17022272082319406	0.05895253999194534	0.3340014423679656	114	6465	0.009816584861792819	0.36436520985596244	Misma hebra 1	-18.5	FALSE	perm9	0.244822086506283,9.05923584172404e-05,0.00289713482784366,0.157222868885793,0.00159403383101192,2.72655616372323e-06,0.00614127100332397,0.00354179993668197,4.69453623114297e-06,0.0053079715810041,0.0277557679938961,9.81628548773414e-05,0.0267732521638863,0.253028564862105,0.00131695099960884,0.00212558673226962,0.000687633642832289,0.00438458559025491,0.173084068377036,0.0161585311930397,0.0959661267362563,0.145917219361912,0.130859038142409,0.0152140870661654,0.0227301252745087,0.0414837333805032,0.0012061792785575,0.544090853034219,4.42616713646308e-05,9.0135934764571e-06,4.6656207390483e-06,0.000536445847696207,9.67791695473558e-06,0.000586800243446425,0.000432530291135316,0.00330049938674138,0.00298239635185013,0.00811801374080053,0.00746350619005424,0.00080390978961071,0.0107762229984637,0.068613031442073,0.164743298037518,0.000205149903210464,0.204070546456082,0.334001442367966,0.613008156352888,0.0206229742539462
Rep 2	Misma hebra	-13	-0.034932260923874116	-0.18829639531434128	0.10403872542163561	0.6130081563528881	80	6465	0.006888831481959873	0.6130081563528881	Misma hebra 1	-8.5	FALSE	perm9	0.244822086506283,9.05923584172404e-05,0.00289713482784366,0.157222868885793,0.00159403383101192,2.72655616372323e-06,0.00614127100332397,0.00354179993668197,4.69453623114297e-06,0.0053079715810041,0.0277557679938961,9.81628548773414e-05,0.0267732521638863,0.253028564862105,0.00131695099960884,0.00212558673226962,0.000687633642832289,0.00438458559025491,0.173084068377036,0.0161585311930397,0.0959661267362563,0.145917219361912,0.130859038142409,0.0152140870661654,0.0227301252745087,0.0414837333805032,0.0012061792785575,0.544090853034219,4.42616713646308e-05,9.0135934764571e-06,4.6656207390483e-06,0.000536445847696207,9.67791695473558e-06,0.000586800243446425,0.000432530291135316,0.00330049938674138,0.00298239635185013,0.00811801374080053,0.00746350619005424,0.00080390978961071,0.0107762229984637,0.068613031442073,0.164743298037518,0.000205149903210464,0.204070546456082,0.334001442367966,0.613008156352888,0.0206229742539462
Rep 2	Misma hebra	-3	-0.15232108074565054	-0.28782805285224866	-0.02101816170569464	0.02062297425394617	81	6465	0.006974941875484371	0.03093446138091925	Misma hebra 1	1.5	TRUE	perm9	0.244822086506283,9.05923584172404e-05,0.00289713482784366,0.157222868885793,0.00159403383101192,2.72655616372323e-06,0.00614127100332397,0.00354179993668197,4.69453623114297e-06,0.0053079715810041,0.0277557679938961,9.81628548773414e-05,0.0267732521638863,0.253028564862105,0.00131695099960884,0.00212558673226962,0.000687633642832289,0.00438458559025491,0.173084068377036,0.0161585311930397,0.0959661267362563,0.145917219361912,0.130859038142409,0.0152140870661654,0.0227301252745087,0.0414837333805032,0.0012061792785575,0.544090853034219,4.42616713646308e-05,9.0135934764571e-06,4.6656207390483e-06,0.000536445847696207,9.67791695473558e-06,0.000586800243446425,0.000432530291135316,0.00330049938674138,0.00298239635185013,0.00811801374080053,0.00746350619005424,0.00080390978961071,0.0107762229984637,0.068613031442073,0.164743298037518,0.000205149903210464,0.204070546456082,0.334001442367966,0.613008156352888,0.0206229742539462
Rep 1	Misma hebra	-233	-0.07545085541215513	-0.1404417966375599	-0.011089160840911178	0.022090481448671727	200	5249	0.020360378703043875	0.044180962897343454	Misma hebra 1	-228.5	TRUE	perm10	0.0220904814486717,0.378057938615701,0.00224753483282877,0.0551085555121643,0.364374603191046,2.20169770044858e-05,0.0635312747341901,0.09443545933241,0.0100009218687066,0.000216625425003255,0.000321178361837827,0.15888739289371,0.0348814252404069,9.26757867836169e-05,0.00439213715849336,0.00786184656960385,0.252378459802429,0.00608412032448953,0.547577762181236,0.51793040364511,0.00304312463931868,0.0361727546196112,0.000740195051601119,0.985579473361389,0.00998097518549609,0.093138491168207,0.00212914538555949,0.113231687942965,0.0114616642987136,0.000746454265320976,0.179961751661963,0.315312398495586,0.0613860800773997,0.00665484657500261,0.00010598184054512,0.434574773896183,0.171740918286599,0.0018983998728642,1.82030938424505e-05,0.000118565287579567,0.0852171172941426,0.165506462855984,0.605137490848856,0.822680988711431,0.00192035819047382,0.00118210801862734,0.00350051428553703,0.573402065811035
Rep 1	Misma hebra	-223	-0.02998780489248748	-0.09683198041220145	0.03713112244369042	0.37805793861570086	205	5249	0.020869388170619972	0.43206621556080094	Misma hebra 1	-218.5	FALSE	perm10	0.0220904814486717,0.378057938615701,0.00224753483282877,0.0551085555121643,0.364374603191046,2.20169770044858e-05,0.0635312747341901,0.09443545933241,0.0100009218687066,0.000216625425003255,0.000321178361837827,0.15888739289371,0.0348814252404069,9.26757867836169e-05,0.00439213715849336,0.00786184656960385,0.252378459802429,0.00608412032448953,0.547577762181236,0.51793040364511,0.00304312463931868,0.0361727546196112,0.000740195051601119,0.985579473361389,0.00998097518549609,0.093138491168207,0.00212914538555949,0.113231687942965,0.0114616642987136,0.000746454265320976,0.179961751661963,0.315312398495586,0.0613860800773997,0.00665484657500261,0.00010598184054512,0.434574773896183,0.171740918286599,0.0018983998728642,1.82030938424505e-05,0.000118565287579567,0.0852171172941426,0.165506462855984,0.605137490848856,0.822680988711431,0.00192035819047382,0.00118210801862734,0.00350051428553703,0.573402065811035
Rep 1	Misma hebra	-213	-0.09296630207659638	-0.15440558808080698	-0.03340278092773352	0.002247534832828774	218	5249	0.022192812786317826	0.008990139331315096	Misma hebra 1	-208.5	TRUE	perm10	0.0220904814486717,0.378057938615701,0.00224753483282877,0.0551085555121643,0.364374603191046,2.20169770044858e-05,0.0635312747341901,0.09443545933241,0.0100009218687066,0.000216625425003255,0.000321178361837827,0.15888739289371,0.0348814252404069,9.26757867836169e-05,0.00439213715849336,0.00786184656960385,0.252378459802429,0.00608412032448953,0.547577762181236,0.51793040364511,0.00304312463931868,0.0361727546196112,0.000740195051601119,0.985579473361389,0.00998097518549609,0.093138491168207,0.00212914538555949,0.113231687942965,0.0114616642987136,0.000746454265320976,0.179961751661963,0.315312398495586,0.0613860800773997,0.00665484657500261,0.00010598184054512,0.434574773896183,0.171740918286599,0.0018983998728642,1.82030938424505e-05,0.000118565287579567,0.0852171172941426,0.165506462855984,0.605137490848856,0.822680988711431,0.00192035819047382,0.00118210801862734,0.00350051428553703,0.573402065811035
Rep 1	Misma hebra	-203	-0.06311462146057006	-0.12781012446163872	0.0012567719437235143	0.055108555512164335	222	5249	0.022600020360378704	0.08817368881946294	Misma hebra 1	-198.5	FALSE	perm10	0.0220904814486717,0.378057938615701,0.00224753483282877,0.0551085555121643,0.364374603191046,2.20169770044858e-05,0.0635312747341901,0.09443545933241,0.0100009218687066,0.000216625425003255,0.000321178361837827,0.15888739289371,0.0348814252404069,9.26757867836169e-05,0.00439213715849336,0.00786184656960385,0.252378459802429,0.00608412032448953,0.547577762181236,0.51793040364511,0.00304312463931868,0.0361727546196112,0.000740195051601119,0.985579473361389,0.00998097518549609,0.093138491168207,0.00212914538555949,0.113231687942965,0.0114616642987136,0.000746454265320976,0.179961751661963,0.315312398495586,0.0613860800773997,0.00665484657500261,0.00010598184054512,0.434574773896183,0.171740918286599,0.0018983998728642,1.82030938424505e-05,0.000118565287579567,0.0852171172941426,0.165506462855984,0.605137490848856,0.822680988711431,0.00192035819047382,0.00118210801862734,0.00350051428553703,0.573402065811035
Rep 1	Misma hebra	-193	-0.03072019656221496	-0.09792027791714071	0.036263282920621975	0.36437460319104614	183	5249	0.018629746513285146	0.43206621556080094	Misma hebra 1	-188.5	FALSE	perm10	0.0220904814486717,0.378057938615701,0.00224753483282877,0.0551085555121643,0.364374603191046,2.20169770044858e-05,0.0635312747341901,0.09443545933241,0.0100009218687066,0.000216625425003255,0.000321178361837827,0.15888739289371,0.0348814252404069,9.26757867836169e-05,0.00439213715849336,0.00786184656960385,0.252378459802429,0.00608412032448953,0.547577762181236,0.51793040364511,0.00304312463931868,0.0361727546196112,0.000740195051601119,0.985579473361389,0.00998097518549609,0.093138491168207,0.00212914538555949,0.113231687942965,0.0114616642987136,0.000746454265320976,0.179961751661963,0.315312398495586,0.0613860800773997,0.00665484657500261,0.00010598184054512,0.434574773896183,0.171740918286599,0.0018983998728642,1.82030938424505e-05,0.000118565287579567,0.0852171172941426,0.165506462855984,0.605137490848856,0.822680988711431,0.00192035819047382,0.00118210801862734,0.00350051428553703,0.573402065811035
Rep 1	Misma hebra	-183	-0.1461948573568351	-0.21412666028394062	-0.07921498130595823	2.2016977004485822e-5	190	5249	0.019342359767891684	5.284074481076598e-4	Misma hebra 1	-178.5	TRUE	perm10	0.0220904814486717,0.378057938615701,0.00224753483282877,0.0551085555121643,0.364374603191046,2.20169770044858e-05,0.0635312747341901,0.09443545933241,0.0100009218687066,0.000216625425003255,0.000321178361837827,0.15888739289371,0.0348814252404069,9.26757867836169e-05,0.00439213715849336,0.00786184656960385,0.252378459802429,0.00608412032448953,0.547577762181236,0.51793040364511,0.00304312463931868,0.0361727546196112,0.000740195051601119,0.985579473361389,0.00998097518549609,0.093138491168207,0.00212914538555949,0.113231687942965,0.0114616642987136,0.000746454265320976,0.179961751661963,0.315312398495586,0.0613860800773997,0.00665484657500261,0.00010598184054512,0.434574773896183,0.171740918286599,0.0018983998728642,1.82030938424505e-05,0.000118565287579567,0.0852171172941426,0.165506462855984,0.605137490848856,0.822680988711431,0.00192035819047382,0.00118210801862734,0.00350051428553703,0.573402065811035
Rep 1	Misma hebra	-173	-0.06747989459840077	-0.13936653404890112	0.003701834049284019	0.06353127473419007	185	5249	0.018833350300315587	0.0952969121012851	Misma hebra 1	-168.5	FALSE	perm10	0.0220904814486717,0.378057938615701,0.00224753483282877,0.0551085555121643,0.364374603191046,2.20169770044858e-05,0.0635312747341901,0.09443545933241,0.0100009218687066,0.000216625425003255,0.000321178361837827,0.15888739289371,0.0348814252404069,9.26757867836169e-05,0.00439213715849336,0.00786184656960385,0.252378459802429,0.00608412032448953,0.547577762181236,0.51793040364511,0.00304312463931868,0.0361727546196112,0.000740195051601119,0.985579473361389,0.00998097518549609,0.093138491168207,0.00212914538555949,0.113231687942965,0.0114616642987136,0.000746454265320976,0.179961751661963,0.315312398495586,0.0613860800773997,0.00665484657500261,0.00010598184054512,0.434574773896183,0.171740918286599,0.0018983998728642,1.82030938424505e-05,0.000118565287579567,0.0852171172941426,0.165506462855984,0.605137490848856,0.822680988711431,0.00192035819047382,0.00118210801862734,0.00350051428553703,0.573402065811035
Rep 1	Misma hebra	-163	-0.06106305727544321	-0.13211705383865496	0.010291907899185937	0.09443545933241	192	5249	0.01954596355492212	0.1333206484692847	Misma hebra 1	-158.5	FALSE	perm10	0.0220904814486717,0.378057938615701,0.00224753483282877,0.0551085555121643,0.364374603191046,2.20169770044858e-05,0.0635312747341901,0.09443545933241,0.0100009218687066,0.000216625425003255,0.000321178361837827,0.15888739289371,0.0348814252404069,9.26757867836169e-05,0.00439213715849336,0.00786184656960385,0.252378459802429,0.00608412032448953,0.547577762181236,0.51793040364511,0.00304312463931868,0.0361727546196112,0.000740195051601119,0.985579473361389,0.00998097518549609,0.093138491168207,0.00212914538555949,0.113231687942965,0.0114616642987136,0.000746454265320976,0.179961751661963,0.315312398495586,0.0613860800773997,0.00665484657500261,0.00010598184054512,0.434574773896183,0.171740918286599,0.0018983998728642,1.82030938424505e-05,0.000118565287579567,0.0852171172941426,0.165506462855984,0.605137490848856,0.822680988711431,0.00192035819047382,0.00118210801862734,0.00350051428553703,0.573402065811035
Rep 1	Misma hebra	-153	-0.09833087738672458	-0.17297621936458735	-0.023811165883865514	0.010000921868706599	177	5249	0.01801893515219383	0.021820193168087122	Misma hebra 1	-148.5	TRUE	perm10	0.0220904814486717,0.378057938615701,0.00224753483282877,0.0551085555121643,0.364374603191046,2.20169770044858e-05,0.0635312747341901,0.09443545933241,0.0100009218687066,0.000216625425003255,0.000321178361837827,0.15888739289371,0.0348814252404069,9.26757867836169e-05,0.00439213715849336,0.00786184656960385,0.252378459802429,0.00608412032448953,0.547577762181236,0.51793040364511,0.00304312463931868,0.0361727546196112,0.000740195051601119,0.985579473361389,0.00998097518549609,0.093138491168207,0.00212914538555949,0.113231687942965,0.0114616642987136,0.000746454265320976,0.179961751661963,0.315312398495586,0.0613860800773997,0.00665484657500261,0.00010598184054512,0.434574773896183,0.171740918286599,0.0018983998728642,1.82030938424505e-05,0.000118565287579567,0.0852171172941426,0.165506462855984,0.605137490848856,0.822680988711431,0.00192035819047382,0.00118210801862734,0.00350051428553703,0.573402065811035
Rep 1	Misma hebra	-143	-0.14008572951551207	-0.2146575969080983	-0.06653511729434412	2.166254250032552e-4	158	5249	0.016084699175404664	0.0017330034000260417	Misma hebra 1	-138.5	TRUE	perm10	0.0220904814486717,0.378057938615701,0.00224753483282877,0.0551085555121643,0.364374603191046,2.20169770044858e-05,0.0635312747341901,0.09443545933241,0.0100009218687066,0.000216625425003255,0.000321178361837827,0.15888739289371,0.0348814252404069,9.26757867836169e-05,0.00439213715849336,0.00786184656960385,0.252378459802429,0.00608412032448953,0.547577762181236,0.51793040364511,0.00304312463931868,0.0361727546196112,0.000740195051601119,0.985579473361389,0.00998097518549609,0.093138491168207,0.00212914538555949,0.113231687942965,0.0114616642987136,0.000746454265320976,0.179961751661963,0.315312398495586,0.0613860800773997,0.00665484657500261,0.00010598184054512,0.434574773896183,0.171740918286599,0.0018983998728642,1.82030938424505e-05,0.000118565287579567,0.0852171172941426,0.165506462855984,0.605137490848856,0.822680988711431,0.00192035819047382,0.00118210801862734,0.00350051428553703,0.573402065811035
Rep 1	Misma hebra	-133	-0.12647990278501978	-0.1949968105326694	-0.05806500126626158	3.21178361837827e-4	154	5249	0.015677491601343786	0.001927070171026962	Misma hebra 1	-128.5	TRUE	perm10	0.0220904814486717,0.378057938615701,0.00224753483282877,0.0551085555121643,0.364374603191046,2.20169770044858e-05,0.0635312747341901,0.09443545933241,0.0100009218687066,0.000216625425003255,0.000321178361837827,0.15888739289371,0.0348814252404069,9.26757867836169e-05,0.00439213715849336,0.00786184656960385,0.252378459802429,0.00608412032448953,0.547577762181236,0.51793040364511,0.00304312463931868,0.0361727546196112,0.000740195051601119,0.985579473361389,0.00998097518549609,0.093138491168207,0.00212914538555949,0.113231687942965,0.0114616642987136,0.000746454265320976,0.179961751661963,0.315312398495586,0.0613860800773997,0.00665484657500261,0.00010598184054512,0.434574773896183,0.171740918286599,0.0018983998728642,1.82030938424505e-05,0.000118565287579567,0.0852171172941426,0.165506462855984,0.605137490848856,0.822680988711431,0.00192035819047382,0.00118210801862734,0.00350051428553703,0.573402065811035
Rep 1	Misma hebra	-123	-0.055470119280383354	-0.13405413143934744	0.021666195638013707	0.1588873928937098	152	5249	0.015473887814313346	0.21184985719161303	Misma hebra 1	-118.5	FALSE	perm10	0.0220904814486717,0.378057938615701,0.00224753483282877,0.0551085555121643,0.364374603191046,2.20169770044858e-05,0.0635312747341901,0.09443545933241,0.0100009218687066,0.000216625425003255,0.000321178361837827,0.15888739289371,0.0348814252404069,9.26757867836169e-05,0.00439213715849336,0.00786184656960385,0.252378459802429,0.00608412032448953,0.547577762181236,0.51793040364511,0.00304312463931868,0.0361727546196112,0.000740195051601119,0.985579473361389,0.00998097518549609,0.093138491168207,0.00212914538555949,0.113231687942965,0.0114616642987136,0.000746454265320976,0.179961751661963,0.315312398495586,0.0613860800773997,0.00665484657500261,0.00010598184054512,0.434574773896183,0.171740918286599,0.0018983998728642,1.82030938424505e-05,0.000118565287579567,0.0852171172941426,0.165506462855984,0.605137490848856,0.822680988711431,0.00192035819047382,0.00118210801862734,0.00350051428553703,0.573402065811035
Rep 1	Misma hebra	-113	-0.079855251012247	-0.15495395134074463	-0.005670557248796276	0.03488142524040693	154	5249	0.015677491601343786	0.06201043649076212	Misma hebra 1	-108.5	FALSE	perm10	0.0220904814486717,0.378057938615701,0.00224753483282877,0.0551085555121643,0.364374603191046,2.20169770044858e-05,0.0635312747341901,0.09443545933241,0.0100009218687066,0.000216625425003255,0.000321178361837827,0.15888739289371,0.0348814252404069,9.26757867836169e-05,0.00439213715849336,0.00786184656960385,0.252378459802429,0.00608412032448953,0.547577762181236,0.51793040364511,0.00304312463931868,0.0361727546196112,0.000740195051601119,0.985579473361389,0.00998097518549609,0.093138491168207,0.00212914538555949,0.113231687942965,0.0114616642987136,0.000746454265320976,0.179961751661963,0.315312398495586,0.0613860800773997,0.00665484657500261,0.00010598184054512,0.434574773896183,0.171740918286599,0.0018983998728642,1.82030938424505e-05,0.000118565287579567,0.0852171172941426,0.165506462855984,0.605137490848856,0.822680988711431,0.00192035819047382,0.00118210801862734,0.00350051428553703,0.573402065811035
Rep 1	Misma hebra	-103	-0.1441246794206917	-0.21672134240344698	-0.07233633406909301	9.267578678361693e-5	139	5249	0.014150463198615494	0.001112109441403403	Misma hebra 1	-98.5	TRUE	perm10	0.0220904814486717,0.378057938615701,0.00224753483282877,0.0551085555121643,0.364374603191046,2.20169770044858e-05,0.0635312747341901,0.09443545933241,0.0100009218687066,0.000216625425003255,0.000321178361837827,0.15888739289371,0.0348814252404069,9.26757867836169e-05,0.00439213715849336,0.00786184656960385,0.252378459802429,0.00608412032448953,0.547577762181236,0.51793040364511,0.00304312463931868,0.0361727546196112,0.000740195051601119,0.985579473361389,0.00998097518549609,0.093138491168207,0.00212914538555949,0.113231687942965,0.0114616642987136,0.000746454265320976,0.179961751661963,0.315312398495586,0.0613860800773997,0.00665484657500261,0.00010598184054512,0.434574773896183,0.171740918286599,0.0018983998728642,1.82030938424505e-05,0.000118565287579567,0.0852171172941426,0.165506462855984,0.605137490848856,0.822680988711431,0.00192035819047382,0.00118210801862734,0.00350051428553703,0.573402065811035
Rep 1	Misma hebra	-93	-0.11762296153289307	-0.20010761275701178	-0.03651338610711927	0.0043921371584933555	112	5249	0.011401812073704571	0.013176411475480067	Misma hebra 1	-88.5	TRUE	perm10	0.0220904814486717,0.378057938615701,0.00224753483282877,0.0551085555121643,0.364374603191046,2.20169770044858e-05,0.0635312747341901,0.09443545933241,0.0100009218687066,0.000216625425003255,0.000321178361837827,0.15888739289371,0.0348814252404069,9.26757867836169e-05,0.00439213715849336,0.00786184656960385,0.252378459802429,0.00608412032448953,0.547577762181236,0.51793040364511,0.00304312463931868,0.0361727546196112,0.000740195051601119,0.985579473361389,0.00998097518549609,0.093138491168207,0.00212914538555949,0.113231687942965,0.0114616642987136,0.000746454265320976,0.179961751661963,0.315312398495586,0.0613860800773997,0.00665484657500261,0.00010598184054512,0.434574773896183,0.171740918286599,0.0018983998728642,1.82030938424505e-05,0.000118565287579567,0.0852171172941426,0.165506462855984,0.605137490848856,0.822680988711431,0.00192035819047382,0.00118210801862734,0.00350051428553703,0.573402065811035
Rep 1	Misma hebra	-83	-0.11877565540344853	-0.20633299494008556	-0.031660575754336756	0.007861846569603852	108	5249	0.010994604499643693	0.018868431767049245	Misma hebra 1	-78.5	TRUE	perm10	0.0220904814486717,0.378057938615701,0.00224753483282877,0.0551085555121643,0.364374603191046,2.20169770044858e-05,0.0635312747341901,0.09443545933241,0.0100009218687066,0.000216625425003255,0.000321178361837827,0.15888739289371,0.0348814252404069,9.26757867836169e-05,0.00439213715849336,0.00786184656960385,0.252378459802429,0.00608412032448953,0.547577762181236,0.51793040364511,0.00304312463931868,0.0361727546196112,0.000740195051601119,0.985579473361389,0.00998097518549609,0.093138491168207,0.00212914538555949,0.113231687942965,0.0114616642987136,0.000746454265320976,0.179961751661963,0.315312398495586,0.0613860800773997,0.00665484657500261,0.00010598184054512,0.434574773896183,0.171740918286599,0.0018983998728642,1.82030938424505e-05,0.000118565287579567,0.0852171172941426,0.165506462855984,0.605137490848856,0.822680988711431,0.00192035819047382,0.00118210801862734,0.00350051428553703,0.573402065811035
Rep 1	Misma hebra	-73	-0.055203338492270285	-0.1505033368143372	0.03934701630512155	0.25237845980242885	113	5249	0.01150361396721979	0.3187938439609627	Misma hebra 1	-68.5	FALSE	perm10	0.0220904814486717,0.378057938615701,0.00224753483282877,0.0551085555121643,0.364374603191046,2.20169770044858e-05,0.0635312747341901,0.09443545933241,0.0100009218687066,0.000216625425003255,0.000321178361837827,0.15888739289371,0.0348814252404069,9.26757867836169e-05,0.00439213715849336,0.00786184656960385,0.252378459802429,0.00608412032448953,0.547577762181236,0.51793040364511,0.00304312463931868,0.0361727546196112,0.000740195051601119,0.985579473361389,0.00998097518549609,0.093138491168207,0.00212914538555949,0.113231687942965,0.0114616642987136,0.000746454265320976,0.179961751661963,0.315312398495586,0.0613860800773997,0.00665484657500261,0.00010598184054512,0.434574773896183,0.171740918286599,0.0018983998728642,1.82030938424505e-05,0.000118565287579567,0.0852171172941426,0.165506462855984,0.605137490848856,0.822680988711431,0.00192035819047382,0.00118210801862734,0.00350051428553703,0.573402065811035
Rep 1	Misma hebra	-63	-0.12170838094424838	-0.2096616947199006	-0.035165294582660094	0.006084120324489532	106	5249	0.010791000712613255	0.016224320865305418	Misma hebra 1	-58.5	TRUE	perm10	0.0220904814486717,0.378057938615701,0.00224753483282877,0.0551085555121643,0.364374603191046,2.20169770044858e-05,0.0635312747341901,0.09443545933241,0.0100009218687066,0.000216625425003255,0.000321178361837827,0.15888739289371,0.0348814252404069,9.26757867836169e-05,0.00439213715849336,0.00786184656960385,0.252378459802429,0.00608412032448953,0.547577762181236,0.51793040364511,0.00304312463931868,0.0361727546196112,0.000740195051601119,0.985579473361389,0.00998097518549609,0.093138491168207,0.00212914538555949,0.113231687942965,0.0114616642987136,0.000746454265320976,0.179961751661963,0.315312398495586,0.0613860800773997,0.00665484657500261,0.00010598184054512,0.434574773896183,0.171740918286599,0.0018983998728642,1.82030938424505e-05,0.000118565287579567,0.0852171172941426,0.165506462855984,0.605137490848856,0.822680988711431,0.00192035819047382,0.00118210801862734,0.00350051428553703,0.573402065811035
Rep 1	Misma hebra	-53	0.028138608788043664	-0.06261278225617646	0.12033459938081309	0.5475777621812357	105	5249	0.010689198819098035	0.5713854909717242	Misma hebra 1	-48.5	FALSE	perm10	0.0220904814486717,0.378057938615701,0.00224753483282877,0.0551085555121643,0.364374603191046,2.20169770044858e-05,0.0635312747341901,0.09443545933241,0.0100009218687066,0.000216625425003255,0.000321178361837827,0.15888739289371,0.0348814252404069,9.26757867836169e-05,0.00439213715849336,0.00786184656960385,0.252378459802429,0.00608412032448953,0.547577762181236,0.51793040364511,0.00304312463931868,0.0361727546196112,0.000740195051601119,0.985579473361389,0.00998097518549609,0.093138491168207,0.00212914538555949,0.113231687942965,0.0114616642987136,0.000746454265320976,0.179961751661963,0.315312398495586,0.0613860800773997,0.00665484657500261,0.00010598184054512,0.434574773896183,0.171740918286599,0.0018983998728642,1.82030938424505e-05,0.000118565287579567,0.0852171172941426,0.165506462855984,0.605137490848856,0.822680988711431,0.00192035819047382,0.00118210801862734,0.00350051428553703,0.573402065811035
Rep 1	Misma hebra	-43	-0.029300589893275525	-0.11618311404384025	0.06066068799983195	0.5179304036451102	105	5249	0.010689198819098035	0.5650149857946657	Misma hebra 1	-38.5	FALSE	perm10	0.0220904814486717,0.378057938615701,0.00224753483282877,0.0551085555121643,0.364374603191046,2.20169770044858e-05,0.0635312747341901,0.09443545933241,0.0100009218687066,0.000216625425003255,0.000321178361837827,0.15888739289371,0.0348814252404069,9.26757867836169e-05,0.00439213715849336,0.00786184656960385,0.252378459802429,0.00608412032448953,0.547577762181236,0.51793040364511,0.00304312463931868,0.0361727546196112,0.000740195051601119,0.985579473361389,0.00998097518549609,0.093138491168207,0.00212914538555949,0.113231687942965,0.0114616642987136,0.000746454265320976,0.179961751661963,0.315312398495586,0.0613860800773997,0.00665484657500261,0.00010598184054512,0.434574773896183,0.171740918286599,0.0018983998728642,1.82030938424505e-05,0.000118565287579567,0.0852171172941426,0.165506462855984,0.605137490848856,0.822680988711431,0.00192035819047382,0.00118210801862734,0.00350051428553703,0.573402065811035
Rep 1	Misma hebra	-33	-0.10988001673424327	-0.18352807008204583	-0.0373388713555753	0.0030431246393186756	154	5249	0.015677491601343786	0.010433570191949744	Misma hebra 1	-28.5	TRUE	perm10	0.0220904814486717,0.378057938615701,0.00224753483282877,0.0551085555121643,0.364374603191046,2.20169770044858e-05,0.0635312747341901,0.09443545933241,0.0100009218687066,0.000216625425003255,0.000321178361837827,0.15888739289371,0.0348814252404069,9.26757867836169e-05,0.00439213715849336,0.00786184656960385,0.252378459802429,0.00608412032448953,0.547577762181236,0.51793040364511,0.00304312463931868,0.0361727546196112,0.000740195051601119,0.985579473361389,0.00998097518549609,0.093138491168207,0.00212914538555949,0.113231687942965,0.0114616642987136,0.000746454265320976,0.179961751661963,0.315312398495586,0.0613860800773997,0.00665484657500261,0.00010598184054512,0.434574773896183,0.171740918286599,0.0018983998728642,1.82030938424505e-05,0.000118565287579567,0.0852171172941426,0.165506462855984,0.605137490848856,0.822680988711431,0.00192035819047382,0.00118210801862734,0.00350051428553703,0.573402065811035
Rep 1	Misma hebra	-23	-0.10229516108551742	-0.1975764771932778	-0.006612556896775749	0.03617275461961124	94	5249	0.009569377990430622	0.06201043649076212	Misma hebra 1	-18.5	FALSE	perm10	0.0220904814486717,0.378057938615701,0.00224753483282877,0.0551085555121643,0.364374603191046,2.20169770044858e-05,0.0635312747341901,0.09443545933241,0.0100009218687066,0.000216625425003255,0.000321178361837827,0.15888739289371,0.0348814252404069,9.26757867836169e-05,0.00439213715849336,0.00786184656960385,0.252378459802429,0.00608412032448953,0.547577762181236,0.51793040364511,0.00304312463931868,0.0361727546196112,0.000740195051601119,0.985579473361389,0.00998097518549609,0.093138491168207,0.00212914538555949,0.113231687942965,0.0114616642987136,0.000746454265320976,0.179961751661963,0.315312398495586,0.0613860800773997,0.00665484657500261,0.00010598184054512,0.434574773896183,0.171740918286599,0.0018983998728642,1.82030938424505e-05,0.000118565287579567,0.0852171172941426,0.165506462855984,0.605137490848856,0.822680988711431,0.00192035819047382,0.00118210801862734,0.00350051428553703,0.573402065811035
Rep 1	Misma hebra	-13	-0.13066399080442123	-0.20942804765025283	-0.054486861257325506	7.401950516011195e-4	112	5249	0.011401812073704571	0.003552936247685373	Misma hebra 1	-8.5	TRUE	perm10	0.0220904814486717,0.378057938615701,0.00224753483282877,0.0551085555121643,0.364374603191046,2.20169770044858e-05,0.0635312747341901,0.09443545933241,0.0100009218687066,0.000216625425003255,0.000321178361837827,0.15888739289371,0.0348814252404069,9.26757867836169e-05,0.00439213715849336,0.00786184656960385,0.252378459802429,0.00608412032448953,0.547577762181236,0.51793040364511,0.00304312463931868,0.0361727546196112,0.000740195051601119,0.985579473361389,0.00998097518549609,0.093138491168207,0.00212914538555949,0.113231687942965,0.0114616642987136,0.000746454265320976,0.179961751661963,0.315312398495586,0.0613860800773997,0.00665484657500261,0.00010598184054512,0.434574773896183,0.171740918286599,0.0018983998728642,1.82030938424505e-05,0.000118565287579567,0.0852171172941426,0.165506462855984,0.605137490848856,0.822680988711431,0.00192035819047382,0.00118210801862734,0.00350051428553703,0.573402065811035
Rep 1	Misma hebra	-3	9.076874823868283e-4	-0.1143076996724099	0.11687715904331133	0.9855794733613888	72	5249	0.007329736333095796	0.9855794733613888	Misma hebra 1	1.5	FALSE	perm10	0.0220904814486717,0.378057938615701,0.00224753483282877,0.0551085555121643,0.364374603191046,2.20169770044858e-05,0.0635312747341901,0.09443545933241,0.0100009218687066,0.000216625425003255,0.000321178361837827,0.15888739289371,0.0348814252404069,9.26757867836169e-05,0.00439213715849336,0.00786184656960385,0.252378459802429,0.00608412032448953,0.547577762181236,0.51793040364511,0.00304312463931868,0.0361727546196112,0.000740195051601119,0.985579473361389,0.00998097518549609,0.093138491168207,0.00212914538555949,0.113231687942965,0.0114616642987136,0.000746454265320976,0.179961751661963,0.315312398495586,0.0613860800773997,0.00665484657500261,0.00010598184054512,0.434574773896183,0.171740918286599,0.0018983998728642,1.82030938424505e-05,0.000118565287579567,0.0852171172941426,0.165506462855984,0.605137490848856,0.822680988711431,0.00192035819047382,0.00118210801862734,0.00350051428553703,0.573402065811035
Rep 2	Misma hebra	-233	-0.09812591843730749	-0.1737898388246676	-0.021808929697042238	0.009980975185496089	271	6136	0.02333591664513907	0.021776673131991463	Misma hebra 1	-228.5	TRUE	perm10	0.0220904814486717,0.378057938615701,0.00224753483282877,0.0551085555121643,0.364374603191046,2.20169770044858e-05,0.0635312747341901,0.09443545933241,0.0100009218687066,0.000216625425003255,0.000321178361837827,0.15888739289371,0.0348814252404069,9.26757867836169e-05,0.00439213715849336,0.00786184656960385,0.252378459802429,0.00608412032448953,0.547577762181236,0.51793040364511,0.00304312463931868,0.0361727546196112,0.000740195051601119,0.985579473361389,0.00998097518549609,0.093138491168207,0.00212914538555949,0.113231687942965,0.0114616642987136,0.000746454265320976,0.179961751661963,0.315312398495586,0.0613860800773997,0.00665484657500261,0.00010598184054512,0.434574773896183,0.171740918286599,0.0018983998728642,1.82030938424505e-05,0.000118565287579567,0.0852171172941426,0.165506462855984,0.605137490848856,0.822680988711431,0.00192035819047382,0.00118210801862734,0.00350051428553703,0.573402065811035
Rep 2	Misma hebra	-223	-0.06604187337046234	-0.14580167332776267	0.007567787375867447	0.09313849116820702	257	6136	0.02213037113579609	0.14902158586913125	Misma hebra 1	-218.5	FALSE	perm10	0.0220904814486717,0.378057938615701,0.00224753483282877,0.0551085555121643,0.364374603191046,2.20169770044858e-05,0.0635312747341901,0.09443545933241,0.0100009218687066,0.000216625425003255,0.000321178361837827,0.15888739289371,0.0348814252404069,9.26757867836169e-05,0.00439213715849336,0.00786184656960385,0.252378459802429,0.00608412032448953,0.547577762181236,0.51793040364511,0.00304312463931868,0.0361727546196112,0.000740195051601119,0.985579473361389,0.00998097518549609,0.093138491168207,0.00212914538555949,0.113231687942965,0.0114616642987136,0.000746454265320976,0.179961751661963,0.315312398495586,0.0613860800773997,0.00665484657500261,0.00010598184054512,0.434574773896183,0.171740918286599,0.0018983998728642,1.82030938424505e-05,0.000118565287579567,0.0852171172941426,0.165506462855984,0.605137490848856,0.822680988711431,0.00192035819047382,0.00118210801862734,0.00350051428553703,0.573402065811035
Rep 2	Misma hebra	-213	-0.11105550981511214	-0.18554275325396125	-0.03886991585428922	0.0021291453855594917	269	6136	0.023163695858090073	0.0063874361566784756	Misma hebra 1	-208.5	TRUE	perm10	0.0220904814486717,0.378057938615701,0.00224753483282877,0.0551085555121643,0.364374603191046,2.20169770044858e-05,0.0635312747341901,0.09443545933241,0.0100009218687066,0.000216625425003255,0.000321178361837827,0.15888739289371,0.0348814252404069,9.26757867836169e-05,0.00439213715849336,0.00786184656960385,0.252378459802429,0.00608412032448953,0.547577762181236,0.51793040364511,0.00304312463931868,0.0361727546196112,0.000740195051601119,0.985579473361389,0.00998097518549609,0.093138491168207,0.00212914538555949,0.113231687942965,0.0114616642987136,0.000746454265320976,0.179961751661963,0.315312398495586,0.0613860800773997,0.00665484657500261,0.00010598184054512,0.434574773896183,0.171740918286599,0.0018983998728642,1.82030938424505e-05,0.000118565287579567,0.0852171172941426,0.165506462855984,0.605137490848856,0.822680988711431,0.00192035819047382,0.00118210801862734,0.00350051428553703,0.573402065811035
Rep 2	Misma hebra	-203	-0.060606606648755106	-0.13850700910965907	0.012834758874624213	0.11323168794296468	263	6136	0.02264703349694308	0.16984753191444701	Misma hebra 1	-198.5	FALSE	perm10	0.0220904814486717,0.378057938615701,0.00224753483282877,0.0551085555121643,0.364374603191046,2.20169770044858e-05,0.0635312747341901,0.09443545933241,0.0100009218687066,0.000216625425003255,0.000321178361837827,0.15888739289371,0.0348814252404069,9.26757867836169e-05,0.00439213715849336,0.00786184656960385,0.252378459802429,0.00608412032448953,0.547577762181236,0.51793040364511,0.00304312463931868,0.0361727546196112,0.000740195051601119,0.985579473361389,0.00998097518549609,0.093138491168207,0.00212914538555949,0.113231687942965,0.0114616642987136,0.000746454265320976,0.179961751661963,0.315312398495586,0.0613860800773997,0.00665484657500261,0.00010598184054512,0.434574773896183,0.171740918286599,0.0018983998728642,1.82030938424505e-05,0.000118565287579567,0.0852171172941426,0.165506462855984,0.605137490848856,0.822680988711431,0.00192035819047382,0.00118210801862734,0.00350051428553703,0.573402065811035
Rep 2	Misma hebra	-193	-0.10367406805377617	-0.18842803929371535	-0.02134742082801037	0.011461664298713614	232	6136	0.01997761129768363	0.02292332859742723	Misma hebra 1	-188.5	TRUE	perm10	0.0220904814486717,0.378057938615701,0.00224753483282877,0.0551085555121643,0.364374603191046,2.20169770044858e-05,0.0635312747341901,0.09443545933241,0.0100009218687066,0.000216625425003255,0.000321178361837827,0.15888739289371,0.0348814252404069,9.26757867836169e-05,0.00439213715849336,0.00786184656960385,0.252378459802429,0.00608412032448953,0.547577762181236,0.51793040364511,0.00304312463931868,0.0361727546196112,0.000740195051601119,0.985579473361389,0.00998097518549609,0.093138491168207,0.00212914538555949,0.113231687942965,0.0114616642987136,0.000746454265320976,0.179961751661963,0.315312398495586,0.0613860800773997,0.00665484657500261,0.00010598184054512,0.434574773896183,0.171740918286599,0.0018983998728642,1.82030938424505e-05,0.000118565287579567,0.0852171172941426,0.165506462855984,0.605137490848856,0.822680988711431,0.00192035819047382,0.00118210801862734,0.00350051428553703,0.573402065811035
Rep 2	Misma hebra	-183	-0.13176553478492833	-0.21233370259276363	-0.05307290445994344	7.464542653209756e-4	231	6136	0.019891500904159132	0.004478725591925853	Misma hebra 1	-178.5	TRUE	perm10	0.0220904814486717,0.378057938615701,0.00224753483282877,0.0551085555121643,0.364374603191046,2.20169770044858e-05,0.0635312747341901,0.09443545933241,0.0100009218687066,0.000216625425003255,0.000321178361837827,0.15888739289371,0.0348814252404069,9.26757867836169e-05,0.00439213715849336,0.00786184656960385,0.252378459802429,0.00608412032448953,0.547577762181236,0.51793040364511,0.00304312463931868,0.0361727546196112,0.000740195051601119,0.985579473361389,0.00998097518549609,0.093138491168207,0.00212914538555949,0.113231687942965,0.0114616642987136,0.000746454265320976,0.179961751661963,0.315312398495586,0.0613860800773997,0.00665484657500261,0.00010598184054512,0.434574773896183,0.171740918286599,0.0018983998728642,1.82030938424505e-05,0.000118565287579567,0.0852171172941426,0.165506462855984,0.605137490848856,0.822680988711431,0.00192035819047382,0.00118210801862734,0.00350051428553703,0.573402065811035
Rep 2	Misma hebra	-173	-0.05545578389071094	-0.14451969279022625	0.02568798882394651	0.17996175166196302	210	6136	0.018083182640144666	0.2273201073624796	Misma hebra 1	-168.5	FALSE	perm10	0.0220904814486717,0.378057938615701,0.00224753483282877,0.0551085555121643,0.364374603191046,2.20169770044858e-05,0.0635312747341901,0.09443545933241,0.0100009218687066,0.000216625425003255,0.000321178361837827,0.15888739289371,0.0348814252404069,9.26757867836169e-05,0.00439213715849336,0.00786184656960385,0.252378459802429,0.00608412032448953,0.547577762181236,0.51793040364511,0.00304312463931868,0.0361727546196112,0.000740195051601119,0.985579473361389,0.00998097518549609,0.093138491168207,0.00212914538555949,0.113231687942965,0.0114616642987136,0.000746454265320976,0.179961751661963,0.315312398495586,0.0613860800773997,0.00665484657500261,0.00010598184054512,0.434574773896183,0.171740918286599,0.0018983998728642,1.82030938424505e-05,0.000118565287579567,0.0852171172941426,0.165506462855984,0.605137490848856,0.822680988711431,0.00192035819047382,0.00118210801862734,0.00350051428553703,0.573402065811035
Rep 2	Misma hebra	-163	-0.04127909568033768	-0.12659733381408406	0.03793279785562936	0.315312398495586	223	6136	0.019202617755963144	0.3783748781947032	Misma hebra 1	-158.5	FALSE	perm10	0.0220904814486717,0.378057938615701,0.00224753483282877,0.0551085555121643,0.364374603191046,2.20169770044858e-05,0.0635312747341901,0.09443545933241,0.0100009218687066,0.000216625425003255,0.000321178361837827,0.15888739289371,0.0348814252404069,9.26757867836169e-05,0.00439213715849336,0.00786184656960385,0.252378459802429,0.00608412032448953,0.547577762181236,0.51793040364511,0.00304312463931868,0.0361727546196112,0.000740195051601119,0.985579473361389,0.00998097518549609,0.093138491168207,0.00212914538555949,0.113231687942965,0.0114616642987136,0.000746454265320976,0.179961751661963,0.315312398495586,0.0613860800773997,0.00665484657500261,0.00010598184054512,0.434574773896183,0.171740918286599,0.0018983998728642,1.82030938424505e-05,0.000118565287579567,0.0852171172941426,0.165506462855984,0.605137490848856,0.822680988711431,0.00192035819047382,0.00118210801862734,0.00350051428553703,0.573402065811035
Rep 2	Misma hebra	-153	-0.07719301360305822	-0.16067526851734448	0.002402076505157437	0.06138608007739968	217	6136	0.018685955394816153	0.11332814783519941	Misma hebra 1	-148.5	FALSE	perm10	0.0220904814486717,0.378057938615701,0.00224753483282877,0.0551085555121643,0.364374603191046,2.20169770044858e-05,0.0635312747341901,0.09443545933241,0.0100009218687066,0.000216625425003255,0.000321178361837827,0.15888739289371,0.0348814252404069,9.26757867836169e-05,0.00439213715849336,0.00786184656960385,0.252378459802429,0.00608412032448953,0.547577762181236,0.51793040364511,0.00304312463931868,0.0361727546196112,0.000740195051601119,0.985579473361389,0.00998097518549609,0.093138491168207,0.00212914538555949,0.113231687942965,0.0114616642987136,0.000746454265320976,0.179961751661963,0.315312398495586,0.0613860800773997,0.00665484657500261,0.00010598184054512,0.434574773896183,0.171740918286599,0.0018983998728642,1.82030938424505e-05,0.000118565287579567,0.0852171172941426,0.165506462855984,0.605137490848856,0.822680988711431,0.00192035819047382,0.00118210801862734,0.00350051428553703,0.573402065811035
Rep 2	Misma hebra	-143	-0.12167038628696411	-0.21102610992688245	-0.03118555047719257	0.006654846575002614	194	6136	0.01670541634375269	0.01597163178000627	Misma hebra 1	-138.5	TRUE	perm10	0.0220904814486717,0.378057938615701,0.00224753483282877,0.0551085555121643,0.364374603191046,2.20169770044858e-05,0.0635312747341901,0.09443545933241,0.0100009218687066,0.000216625425003255,0.000321178361837827,0.15888739289371,0.0348814252404069,9.26757867836169e-05,0.00439213715849336,0.00786184656960385,0.252378459802429,0.00608412032448953,0.547577762181236,0.51793040364511,0.00304312463931868,0.0361727546196112,0.000740195051601119,0.985579473361389,0.00998097518549609,0.093138491168207,0.00212914538555949,0.113231687942965,0.0114616642987136,0.000746454265320976,0.179961751661963,0.315312398495586,0.0613860800773997,0.00665484657500261,0.00010598184054512,0.434574773896183,0.171740918286599,0.0018983998728642,1.82030938424505e-05,0.000118565287579567,0.0852171172941426,0.165506462855984,0.605137490848856,0.822680988711431,0.00192035819047382,0.00118210801862734,0.00350051428553703,0.573402065811035
Rep 2	Misma hebra	-133	-0.1707440644887665	-0.2603319649287302	-0.08265320829069377	1.0598184054512015e-4	191	6136	0.016447085163179196	9.485223006365385e-4	Misma hebra 1	-128.5	TRUE	perm10	0.0220904814486717,0.378057938615701,0.00224753483282877,0.0551085555121643,0.364374603191046,2.20169770044858e-05,0.0635312747341901,0.09443545933241,0.0100009218687066,0.000216625425003255,0.000321178361837827,0.15888739289371,0.0348814252404069,9.26757867836169e-05,0.00439213715849336,0.00786184656960385,0.252378459802429,0.00608412032448953,0.547577762181236,0.51793040364511,0.00304312463931868,0.0361727546196112,0.000740195051601119,0.985579473361389,0.00998097518549609,0.093138491168207,0.00212914538555949,0.113231687942965,0.0114616642987136,0.000746454265320976,0.179961751661963,0.315312398495586,0.0613860800773997,0.00665484657500261,0.00010598184054512,0.434574773896183,0.171740918286599,0.0018983998728642,1.82030938424505e-05,0.000118565287579567,0.0852171172941426,0.165506462855984,0.605137490848856,0.822680988711431,0.00192035819047382,0.00118210801862734,0.00350051428553703,0.573402065811035
Rep 2	Misma hebra	-123	-0.03448766482679258	-0.1300952596949744	0.05372832439857321	0.4345747738961826	182	6136	0.01567209162145871	0.4966568844527801	Misma hebra 1	-118.5	FALSE	perm10	0.0220904814486717,0.378057938615701,0.00224753483282877,0.0551085555121643,0.364374603191046,2.20169770044858e-05,0.0635312747341901,0.09443545933241,0.0100009218687066,0.000216625425003255,0.000321178361837827,0.15888739289371,0.0348814252404069,9.26757867836169e-05,0.00439213715849336,0.00786184656960385,0.252378459802429,0.00608412032448953,0.547577762181236,0.51793040364511,0.00304312463931868,0.0361727546196112,0.000740195051601119,0.985579473361389,0.00998097518549609,0.093138491168207,0.00212914538555949,0.113231687942965,0.0114616642987136,0.000746454265320976,0.179961751661963,0.315312398495586,0.0613860800773997,0.00665484657500261,0.00010598184054512,0.434574773896183,0.171740918286599,0.0018983998728642,1.82030938424505e-05,0.000118565287579567,0.0852171172941426,0.165506462855984,0.605137490848856,0.822680988711431,0.00192035819047382,0.00118210801862734,0.00350051428553703,0.573402065811035
Rep 2	Misma hebra	-113	-0.06641231074973468	-0.16496095672290342	0.026640802039592192	0.17174091828659868	174	6136	0.014983208473262722	0.2273201073624796	Misma hebra 1	-108.5	FALSE	perm10	0.0220904814486717,0.378057938615701,0.00224753483282877,0.0551085555121643,0.364374603191046,2.20169770044858e-05,0.0635312747341901,0.09443545933241,0.0100009218687066,0.000216625425003255,0.000321178361837827,0.15888739289371,0.0348814252404069,9.26757867836169e-05,0.00439213715849336,0.00786184656960385,0.252378459802429,0.00608412032448953,0.547577762181236,0.51793040364511,0.00304312463931868,0.0361727546196112,0.000740195051601119,0.985579473361389,0.00998097518549609,0.093138491168207,0.00212914538555949,0.113231687942965,0.0114616642987136,0.000746454265320976,0.179961751661963,0.315312398495586,0.0613860800773997,0.00665484657500261,0.00010598184054512,0.434574773896183,0.171740918286599,0.0018983998728642,1.82030938424505e-05,0.000118565287579567,0.0852171172941426,0.165506462855984,0.605137490848856,0.822680988711431,0.00192035819047382,0.00118210801862734,0.00350051428553703,0.573402065811035
Rep 2	Misma hebra	-103	-0.14338616571860102	-0.2362119896724083	-0.05080060171560056	0.001898399872864198	169	6136	0.01455265650564023	0.0063874361566784756	Misma hebra 1	-98.5	TRUE	perm10	0.0220904814486717,0.378057938615701,0.00224753483282877,0.0551085555121643,0.364374603191046,2.20169770044858e-05,0.0635312747341901,0.09443545933241,0.0100009218687066,0.000216625425003255,0.000321178361837827,0.15888739289371,0.0348814252404069,9.26757867836169e-05,0.00439213715849336,0.00786184656960385,0.252378459802429,0.00608412032448953,0.547577762181236,0.51793040364511,0.00304312463931868,0.0361727546196112,0.000740195051601119,0.985579473361389,0.00998097518549609,0.093138491168207,0.00212914538555949,0.113231687942965,0.0114616642987136,0.000746454265320976,0.179961751661963,0.315312398495586,0.0613860800773997,0.00665484657500261,0.00010598184054512,0.434574773896183,0.171740918286599,0.0018983998728642,1.82030938424505e-05,0.000118565287579567,0.0852171172941426,0.165506462855984,0.605137490848856,0.822680988711431,0.00192035819047382,0.00118210801862734,0.00350051428553703,0.573402065811035
Rep 2	Misma hebra	-93	-0.20546787547629042	-0.30529099672619087	-0.10888761575195685	1.8203093842450512e-5	144	6136	0.012399896667527771	4.368742522188123e-4	Misma hebra 1	-88.5	TRUE	perm10	0.0220904814486717,0.378057938615701,0.00224753483282877,0.0551085555121643,0.364374603191046,2.20169770044858e-05,0.0635312747341901,0.09443545933241,0.0100009218687066,0.000216625425003255,0.000321178361837827,0.15888739289371,0.0348814252404069,9.26757867836169e-05,0.00439213715849336,0.00786184656960385,0.252378459802429,0.00608412032448953,0.547577762181236,0.51793040364511,0.00304312463931868,0.0361727546196112,0.000740195051601119,0.985579473361389,0.00998097518549609,0.093138491168207,0.00212914538555949,0.113231687942965,0.0114616642987136,0.000746454265320976,0.179961751661963,0.315312398495586,0.0613860800773997,0.00665484657500261,0.00010598184054512,0.434574773896183,0.171740918286599,0.0018983998728642,1.82030938424505e-05,0.000118565287579567,0.0852171172941426,0.165506462855984,0.605137490848856,0.822680988711431,0.00192035819047382,0.00118210801862734,0.00350051428553703,0.573402065811035
Rep 2	Misma hebra	-83	-0.18665633630103265	-0.28617789435057844	-0.08904365008322193	1.1856528757956731e-4	149	6136	0.012830448635150263	9.485223006365385e-4	Misma hebra 1	-78.5	TRUE	perm10	0.0220904814486717,0.378057938615701,0.00224753483282877,0.0551085555121643,0.364374603191046,2.20169770044858e-05,0.0635312747341901,0.09443545933241,0.0100009218687066,0.000216625425003255,0.000321178361837827,0.15888739289371,0.0348814252404069,9.26757867836169e-05,0.00439213715849336,0.00786184656960385,0.252378459802429,0.00608412032448953,0.547577762181236,0.51793040364511,0.00304312463931868,0.0361727546196112,0.000740195051601119,0.985579473361389,0.00998097518549609,0.093138491168207,0.00212914538555949,0.113231687942965,0.0114616642987136,0.000746454265320976,0.179961751661963,0.315312398495586,0.0613860800773997,0.00665484657500261,0.00010598184054512,0.434574773896183,0.171740918286599,0.0018983998728642,1.82030938424505e-05,0.000118565287579567,0.0852171172941426,0.165506462855984,0.605137490848856,0.822680988711431,0.00192035819047382,0.00118210801862734,0.00350051428553703,0.573402065811035
Rep 2	Misma hebra	-73	-0.09558492471592304	-0.21083968905448527	0.00901892629905377	0.08521711729414258	133	6136	0.011452682338758288	0.1460864867899587	Misma hebra 1	-68.5	FALSE	perm10	0.0220904814486717,0.378057938615701,0.00224753483282877,0.0551085555121643,0.364374603191046,2.20169770044858e-05,0.0635312747341901,0.09443545933241,0.0100009218687066,0.000216625425003255,0.000321178361837827,0.15888739289371,0.0348814252404069,9.26757867836169e-05,0.00439213715849336,0.00786184656960385,0.252378459802429,0.00608412032448953,0.547577762181236,0.51793040364511,0.00304312463931868,0.0361727546196112,0.000740195051601119,0.985579473361389,0.00998097518549609,0.093138491168207,0.00212914538555949,0.113231687942965,0.0114616642987136,0.000746454265320976,0.179961751661963,0.315312398495586,0.0613860800773997,0.00665484657500261,0.00010598184054512,0.434574773896183,0.171740918286599,0.0018983998728642,1.82030938424505e-05,0.000118565287579567,0.0852171172941426,0.165506462855984,0.605137490848856,0.822680988711431,0.00192035819047382,0.00118210801862734,0.00350051428553703,0.573402065811035
Rep 2	Misma hebra	-63	-0.0731692955596949	-0.17960324431812466	0.029523546442155754	0.16550646285598353	135	6136	0.011624903125807285	0.2273201073624796	Misma hebra 1	-58.5	FALSE	perm10	0.0220904814486717,0.378057938615701,0.00224753483282877,0.0551085555121643,0.364374603191046,2.20169770044858e-05,0.0635312747341901,0.09443545933241,0.0100009218687066,0.000216625425003255,0.000321178361837827,0.15888739289371,0.0348814252404069,9.26757867836169e-05,0.00439213715849336,0.00786184656960385,0.252378459802429,0.00608412032448953,0.547577762181236,0.51793040364511,0.00304312463931868,0.0361727546196112,0.000740195051601119,0.985579473361389,0.00998097518549609,0.093138491168207,0.00212914538555949,0.113231687942965,0.0114616642987136,0.000746454265320976,0.179961751661963,0.315312398495586,0.0613860800773997,0.00665484657500261,0.00010598184054512,0.434574773896183,0.171740918286599,0.0018983998728642,1.82030938424505e-05,0.000118565287579567,0.0852171172941426,0.165506462855984,0.605137490848856,0.822680988711431,0.00192035819047382,0.00118210801862734,0.00350051428553703,0.573402065811035
Rep 2	Misma hebra	-53	-0.026598714176207936	-0.14351858099281348	0.08302865510701397	0.6051374908488565	135	6136	0.011624903125807285	0.6314478165379371	Misma hebra 1	-48.5	FALSE	perm10	0.0220904814486717,0.378057938615701,0.00224753483282877,0.0551085555121643,0.364374603191046,2.20169770044858e-05,0.0635312747341901,0.09443545933241,0.0100009218687066,0.000216625425003255,0.000321178361837827,0.15888739289371,0.0348814252404069,9.26757867836169e-05,0.00439213715849336,0.00786184656960385,0.252378459802429,0.00608412032448953,0.547577762181236,0.51793040364511,0.00304312463931868,0.0361727546196112,0.000740195051601119,0.985579473361389,0.00998097518549609,0.093138491168207,0.00212914538555949,0.113231687942965,0.0114616642987136,0.000746454265320976,0.179961751661963,0.315312398495586,0.0613860800773997,0.00665484657500261,0.00010598184054512,0.434574773896183,0.171740918286599,0.0018983998728642,1.82030938424505e-05,0.000118565287579567,0.0852171172941426,0.165506462855984,0.605137490848856,0.822680988711431,0.00192035819047382,0.00118210801862734,0.00350051428553703,0.573402065811035
Rep 2	Misma hebra	-43	0.010733445386088674	-0.09962785137825449	0.12032406590099462	0.8226809887114306	133	6136	0.011452682338758288	0.8226809887114306	Misma hebra 1	-38.5	FALSE	perm10	0.0220904814486717,0.378057938615701,0.00224753483282877,0.0551085555121643,0.364374603191046,2.20169770044858e-05,0.0635312747341901,0.09443545933241,0.0100009218687066,0.000216625425003255,0.000321178361837827,0.15888739289371,0.0348814252404069,9.26757867836169e-05,0.00439213715849336,0.00786184656960385,0.252378459802429,0.00608412032448953,0.547577762181236,0.51793040364511,0.00304312463931868,0.0361727546196112,0.000740195051601119,0.985579473361389,0.00998097518549609,0.093138491168207,0.00212914538555949,0.113231687942965,0.0114616642987136,0.000746454265320976,0.179961751661963,0.315312398495586,0.0613860800773997,0.00665484657500261,0.00010598184054512,0.434574773896183,0.171740918286599,0.0018983998728642,1.82030938424505e-05,0.000118565287579567,0.0852171172941426,0.165506462855984,0.605137490848856,0.822680988711431,0.00192035819047382,0.00118210801862734,0.00350051428553703,0.573402065811035
Rep 2	Misma hebra	-33	-0.13911124976738842	-0.22676808489223624	-0.049784768222088986	0.0019203581904738243	186	6136	0.016016533195556702	0.0063874361566784756	Misma hebra 1	-28.5	TRUE	perm10	0.0220904814486717,0.378057938615701,0.00224753483282877,0.0551085555121643,0.364374603191046,2.20169770044858e-05,0.0635312747341901,0.09443545933241,0.0100009218687066,0.000216625425003255,0.000321178361837827,0.15888739289371,0.0348814252404069,9.26757867836169e-05,0.00439213715849336,0.00786184656960385,0.252378459802429,0.00608412032448953,0.547577762181236,0.51793040364511,0.00304312463931868,0.0361727546196112,0.000740195051601119,0.985579473361389,0.00998097518549609,0.093138491168207,0.00212914538555949,0.113231687942965,0.0114616642987136,0.000746454265320976,0.179961751661963,0.315312398495586,0.0613860800773997,0.00665484657500261,0.00010598184054512,0.434574773896183,0.171740918286599,0.0018983998728642,1.82030938424505e-05,0.000118565287579567,0.0852171172941426,0.165506462855984,0.605137490848856,0.822680988711431,0.00192035819047382,0.00118210801862734,0.00350051428553703,0.573402065811035
Rep 2	Misma hebra	-23	-0.18196054388273658	-0.29477670587214083	-0.07008110084812569	0.0011821080186273443	111	6136	0.009558253681219323	0.0056741184894112525	Misma hebra 1	-18.5	TRUE	perm10	0.0220904814486717,0.378057938615701,0.00224753483282877,0.0551085555121643,0.364374603191046,2.20169770044858e-05,0.0635312747341901,0.09443545933241,0.0100009218687066,0.000216625425003255,0.000321178361837827,0.15888739289371,0.0348814252404069,9.26757867836169e-05,0.00439213715849336,0.00786184656960385,0.252378459802429,0.00608412032448953,0.547577762181236,0.51793040364511,0.00304312463931868,0.0361727546196112,0.000740195051601119,0.985579473361389,0.00998097518549609,0.093138491168207,0.00212914538555949,0.113231687942965,0.0114616642987136,0.000746454265320976,0.179961751661963,0.315312398495586,0.0613860800773997,0.00665484657500261,0.00010598184054512,0.434574773896183,0.171740918286599,0.0018983998728642,1.82030938424505e-05,0.000118565287579567,0.0852171172941426,0.165506462855984,0.605137490848856,0.822680988711431,0.00192035819047382,0.00118210801862734,0.00350051428553703,0.573402065811035
Rep 2	Misma hebra	-13	-0.15360776323307548	-0.26173250698218903	-0.05033642732068004	0.003500514285537027	137	6136	0.011797123912856282	0.009334704761432071	Misma hebra 1	-8.5	TRUE	perm10	0.0220904814486717,0.378057938615701,0.00224753483282877,0.0551085555121643,0.364374603191046,2.20169770044858e-05,0.0635312747341901,0.09443545933241,0.0100009218687066,0.000216625425003255,0.000321178361837827,0.15888739289371,0.0348814252404069,9.26757867836169e-05,0.00439213715849336,0.00786184656960385,0.252378459802429,0.00608412032448953,0.547577762181236,0.51793040364511,0.00304312463931868,0.0361727546196112,0.000740195051601119,0.985579473361389,0.00998097518549609,0.093138491168207,0.00212914538555949,0.113231687942965,0.0114616642987136,0.000746454265320976,0.179961751661963,0.315312398495586,0.0613860800773997,0.00665484657500261,0.00010598184054512,0.434574773896183,0.171740918286599,0.0018983998728642,1.82030938424505e-05,0.000118565287579567,0.0852171172941426,0.165506462855984,0.605137490848856,0.822680988711431,0.00192035819047382,0.00118210801862734,0.00350051428553703,0.573402065811035
Rep 2	Misma hebra	-3	-0.03496514328037407	-0.1670130780223085	0.09197970313905428	0.5734020658110355	89	6136	0.007663825023680358	0.6255295263393114	Misma hebra 1	1.5	FALSE	perm10	0.0220904814486717,0.378057938615701,0.00224753483282877,0.0551085555121643,0.364374603191046,2.20169770044858e-05,0.0635312747341901,0.09443545933241,0.0100009218687066,0.000216625425003255,0.000321178361837827,0.15888739289371,0.0348814252404069,9.26757867836169e-05,0.00439213715849336,0.00786184656960385,0.252378459802429,0.00608412032448953,0.547577762181236,0.51793040364511,0.00304312463931868,0.0361727546196112,0.000740195051601119,0.985579473361389,0.00998097518549609,0.093138491168207,0.00212914538555949,0.113231687942965,0.0114616642987136,0.000746454265320976,0.179961751661963,0.315312398495586,0.0613860800773997,0.00665484657500261,0.00010598184054512,0.434574773896183,0.171740918286599,0.0018983998728642,1.82030938424505e-05,0.000118565287579567,0.0852171172941426,0.165506462855984,0.605137490848856,0.822680988711431,0.00192035819047382,0.00118210801862734,0.00350051428553703,0.573402065811035
