variable	mean_estimate	mean_pval	disp_estimate	disp_pval	mean_padj	disp_padj	activity_estimate
RBFOX2	0.015431136782284966	0.0013232261658415406	-0.054073212269231556	6.340444334582944e-8	0.0016247833119797748	8.67084343120497e-8	-0.004829556239166556
BCL11B	0.10542795530806529	3.868615218024734e-77	-0.1754343606580577	4.030633179873577e-62	2.0398152967766775e-76	3.974204315355347e-61	0.2469834030769584
ARID4B	0.036994172462123207	4.0153616859503434e-14	-0.1365579383357489	3.0183433881342197e-41	6.642863460313824e-14	9.329425017869407e-41	0.18684043926084853
HIF3A	0.06404330828636427	1.1740306116925157e-39	-0.09433255225106826	8.194083813486348e-22	2.975820522182058e-39	1.474336978119989e-21	0.12270959283196571
ZNF711	0.07332271425750879	3.487213034687469e-48	-0.11552913740168236	3.6894884362800574e-31	1.0263856872244311e-47	8.36284045556813e-31	0.15945841572091085
GABPB1	0.03149490964679317	2.188060739222965e-10	-0.1347645532486755	4.453862125624863e-42	3.3552533263978905e-10	1.4166155018922952e-41	0.19091661728380513
ZNF276	0.08938019434744988	1.2388858396669651e-60	-0.16887161667027806	5.001705540096399e-60	4.662371900426059e-60	4.403287198692008e-59	0.20552053037596613
MTA1	0.10929231570763996	2.3582206389846838e-82	-0.15334667068418545	4.82938566860854e-46	1.426506472416502e-81	1.860068073925008e-45	0.181275500459094
MLLT1	0.07399928454122605	4.0147434083334345e-45	-0.13993477702237697	5.418108039249729e-43	1.1310105716047903e-44	1.7867071995652954e-42	0.15095771028052213
ILF3	0.050869300579823855	2.580519015498743e-22	-0.1740441998656886	1.1879621864003206e-66	5.018524160319054e-22	2.054966168053888e-65	0.21537367626846188
NR2C2	0.08396184054105257	1.184997764593327e-56	-0.18626176716192422	9.064754952022065e-76	4.17288498531793e-56	6.384177416209826e-74	0.2381012361500505
KDM4A	0.15026308807657554	4.9173634114783865e-142	-0.13994871336067	3.36693759308617e-36	1.077448960826153e-140	8.556186770059184e-36	0.20852993235066608
MXD4	0.08004887816028013	1.5890215832927755e-52	-0.13884009166535233	1.900267222238819e-42	5.037862640278703e-52	6.103138375008063e-42	0.1735219312695327
ZNF335	0.030676211287137916	1.4393101218479167e-9	-0.03416848705318757	0.0012037154526585074	2.16665615288862e-9	0.0014616544782281875	0.0558913305482589
SNAI2	0.07401624089646437	1.4268910799059084e-45	-0.13287325110364445	4.33687777732352e-39	4.054508947513619e-45	1.2079552227234438e-38	0.15833175410520972
KLF4	0.10880549701653078	2.610537865260571e-87	-0.15466724173285018	1.345540035318242e-49	1.7159935567646154e-86	6.030465794653575e-49	0.19560556953292782
ZBTB40	0.05405708256184681	1.716517196050268e-26	-0.15460005607161872	2.217154483102199e-54	3.6010339474586474e-26	1.3012585240111715e-53	0.1643338009739893
MNX1	0.11052669368985114	4.169232592257167e-89	-0.1539050385854256	1.6247544297892346e-48	2.854766205531643e-88	6.905206326604247e-48	0.17585349777768883
DMAP1	0.056741857820120846	2.1260996860191895e-30	-0.11600482277759412	9.086665088456323e-32	4.786151347979271e-30	2.0884502977197986e-31	0.13979207040298103
ZNF407	0.07012497075966356	3.396760717554739e-44	-0.10994198895032449	2.72306646222912e-28	9.355324210918919e-44	5.799014107468493e-28	0.11118804106819902
ZNF274	0.0839364759164789	5.035686302587243e-58	-0.1378658147003268	5.788146440127185e-42	1.7796368080111186e-57	1.8292026890914756e-41	0.14897649089136122
HIF1A	0.14643268768236742	1.787981704802523e-128	-0.17109667482232124	1.8086454517904535e-52	2.671136304447406e-127	9.435578917806281e-52	0.22973784380687068
ARID2	0.16246799313835905	8.657302762110011e-137	-0.16350532329036938	4.3122000552897356e-42	1.6105850044227305e-135	1.3759965224969837e-41	0.22363725709445517
ARID4A	0.05538648598960885	1.2798318678213253e-28	-0.1253190806239485	1.161314902870862e-36	2.7734378498281907e-28	3.037285130585331e-36	0.14494485828915862
HDAC1	0.16002810190114888	2.0332073038471254e-138	-0.13718843535443512	2.5878413205167473e-30	4.1765466699859704e-137	5.746872842408813e-30	0.18946920013227442
RBBP5	0.1389067018871449	4.924343795706516e-115	-0.15630253371738007	5.622744431797025e-43	5.7802416459126476e-114	1.8480086699172886e-42	0.19631417524182448
ZFY	0.08969466432518228	4.3661460607567305e-61	-0.151224013026228	4.8401250012377034e-48	1.6621698903112496e-60	2.013655380261762e-47	0.19241496298498556
FOXA2	0.10700748447532178	3.3500207020804926e-80	-0.13421871295610496	5.399362431107521e-36	1.9430120072066857e-79	1.3650695787364143e-35	0.18937712519589417
NFYB	0.09400149913725586	2.019660465725001e-61	-0.17078218300816703	1.0103125204762741e-58	7.74858061947413e-61	8.165312665488577e-58	0.2722048735836242
ZFP64	0.1159760352061614	9.954954339082962e-88	-0.16121311427153392	2.9039847314705826e-49	6.632152012389054e-87	1.2782718505491048e-48	0.2052671192646333
ZNF883	0.0797737293599386	2.747330013455646e-53	-0.13625689594181328	1.6820368475109177e-41	8.852507821134858e-53	5.231824390049732e-41	0.15089364540571498
AGO1	0.08950608591191683	4.222843584247824e-60	-0.14835080907434658	6.8442723501477805e-46	1.5712165185163602e-59	2.585613998944717e-45	0.18972707010966994
ZNF598	0.06934738713460446	1.476799244937726e-42	-0.13997817846412944	1.1451741835998074e-44	4.011361034458948e-42	4.0326490893907503e-44	0.14483265661935366
KDM5A	0.03486084933233254	5.758060298054711e-12	-0.18295851853829093	1.871051161465697e-73	9.069404878405661e-12	8.385711114568988e-72	0.24520652134619786
PHF8	0.15455208858404512	9.25151071883322e-130	-0.1267371450475438	3.242203002738886e-26	1.425310870120243e-128	6.577802799795353e-26	0.2250625213704366
MYBL2	0.1025060573415894	1.0852523740302876e-71	-0.15246824032459458	1.3465063856980571e-45	5.095518289494588e-71	5.028997334463198e-45	0.20329794352113573
ZBTB7B	0.09440218801598187	3.4277681643415747e-65	-0.15675353787913482	3.116656088683706e-50	1.4082414208503304e-64	1.4633442397343496e-49	0.18447651338324828
KDM3A	0.10263000345908596	9.821571889755394e-76	-0.16747127120043578	2.8979864679471e-57	5.017652789274e-75	2.116603449922845e-56	0.22233383060102188
TAF15	0.08989259394267284	1.294333357863345e-63	-0.15586491662346294	2.5477623872711497e-52	5.146018914730879e-63	1.315232310915892e-51	0.19463164764267257
ZGPAT	0.0476741342291537	4.7996130527819444e-23	-0.08380770125722098	1.3547590284546984e-17	9.427128426380473e-23	2.2951759485503996e-17	0.09013990999086302
HEXIM1	0.09190974793835198	4.071495295566453e-71	-0.10410397507843686	8.91408481142012e-25	1.893629415768171e-70	1.7508541083785333e-24	0.14145642609170284
RAD21	0.16821363324754057	1.4803591631223528e-167	-0.0813864659098097	7.800116515649951e-12	1.0425958105990286e-165	1.1795881724587195e-11	0.13910224941388866
ASH2L	0.12628618348617762	1.9798557464334406e-93	-0.14531166422385244	1.8387059502851168e-36	1.4788922469571003e-92	4.7212605910966805e-36	0.18349314510219317
HMGXB4	0.08185170717287672	4.255111434011371e-52	-0.14103308426915218	2.018363593498607e-42	1.3361591955207681e-51	6.461384750615671e-42	0.18575158777276712
ZBTB21	0.0818944991521215	2.7357844037703617e-53	-0.17368755310362174	3.2864962001262573e-65	8.844207941369104e-53	4.5006739629506803e-64	0.2360044472088421
KMT2A	0.1612442790760649	3.71363835570715e-146	-0.11387381169330017	1.696690963451392e-21	9.635914259808551e-145	3.0361838293340697e-21	0.15303877142783706
NIPBL	0.12813604483893903	2.0525091375972752e-107	-0.16773984891808594	1.0361723650835125e-53	1.9840921663440324e-106	5.838091154127676e-53	0.22162380911345048
KDM4C	0.12099277195628656	9.87942484171714e-118	-0.12015610283694757	4.933299016768814e-32	1.2176391117416374e-116	1.141838692613627e-31	0.15548768448808664
TFDP2	0.10705101859272652	3.558616549870541e-82	-0.16471151628963904	1.6190220866922358e-55	2.1395097062026544e-81	1.0167871194130857e-54	0.2193186222093655
SAP30	0.06378044062315233	1.1658854194796008e-35	-0.13163772781051666	2.5914784019033176e-39	2.831436018736173e-35	7.321483393342898e-39	0.16461607377230253
ZBTB26	0.09587988890492107	4.886510343929766e-71	-0.1638033062063867	1.0744032014386008e-57	2.2620184033402576e-70	8.148935050911233e-57	0.20780952222350024
ZNF550	0.06794787123396273	2.0864219290808156e-42	-0.13016178746160584	1.3831238967721198e-39	5.6361973207498194e-42	3.964419076213111e-39	0.1524934750862973
POU5F1	0.17403208376831428	1.700807051991093e-144	-0.14239381694236775	1.3425514845577641e-29	3.9928470315790895e-143	2.954811972709722e-29	0.21478524203014837
MED26	0.1338531070779981	5.732821572520221e-110	-0.16488159435235597	2.2298528438060064e-49	5.76792048010708e-109	9.948574226211414e-49	0.22392703306220368
ZNF891	0.10716474833693689	2.0064516884529935e-85	-0.1419727963113639	5.7199701060168096e-42	1.2364758530091572e-84	1.8134696220361975e-41	0.18603895777552776
ZSCAN29	0.029242499573089848	7.160636572636673e-7	-0.09367615144883283	3.6957812398815506e-13	9.902366985441458e-7	5.729623117174857e-13	0.09051244725860125
CTBP1	0.1065103426306002	2.8817653530611417e-78	-0.1767875536854642	9.381802278029308e-62	1.5785670211768254e-77	8.894670236670094e-61	0.19524374304930375
ZBTB11	0.06620798292991947	3.209161157733009e-40	-0.15469404282148835	2.9683834020903383e-55	8.326928688223018e-40	1.840771090856021e-54	0.17382353901188452
SIN3B	0.0710854213890044	1.178873729655991e-41	-0.18283879881618026	1.627162589393955e-73	3.1246491866688363e-41	7.63991577686876e-72	0.26925830787580096
HNF1B	0.07484839567738265	1.075094253766057e-41	-0.1677019721671859	4.469525973028483e-58	2.857258582785262e-41	3.4700414247292006e-57	0.2402795130631676
KLF6	0.1236626431364344	1.4588396909222501e-95	-0.1640392651543078	2.545409303003539e-49	1.1415999486105861e-94	1.1305286363790495e-48	0.21257287775598038
SIRT6	0.0853027136824438	3.908568185025641e-67	-0.09774026928089656	4.333361440966095e-23	1.6755861871457747e-66	8.10757947019463e-23	0.11374021723780936
SIX1	0.08242618538244974	4.744256011696312e-54	-0.17506757981683985	1.2214595132765296e-66	1.5697437676283772e-53	2.0764811725701005e-65	0.26015089743523956
TBX2	0.11377126785498001	8.611747328825216e-93	-0.17925223161945741	4.057944911938684e-66	6.336703631508704e-92	6.351005846304035e-65	0.24412734800730174
RELB	0.03989923095161534	2.62400404218893e-16	-0.1288841975974621	2.8189156737327946e-39	4.587354584394123e-16	7.941288155144387e-39	0.1562153893146262
GTF2F1	0.13370656146542179	1.644932356207104e-110	-0.14977094841291352	6.919401911775758e-41	1.6720652610517573e-109	2.1122384783315475e-40	0.23982308209552677
GATAD2B	0.09414259588410677	5.269656936843553e-78	-0.1277433770379926	8.594923168819561e-38	2.8085847241771585e-77	2.328185231993431e-37	0.13206548464435083
NBN	0.05932510848124637	5.211663465810321e-30	-0.1629690016541126	7.137330296291251e-59	1.1652381354396773e-29	5.8645063934526446e-58	0.18634757401337493
PRDM10	0.09715098605330168	1.972960126727797e-67	-0.15991242124446975	7.56756052066199e-52	8.532187214708807e-67	3.826469063268062e-51	0.21103271023511744
RBM39	0.11114831484398352	4.7614973915348673e-82	-0.15595078724052513	1.8928550521967924e-46	2.828214715694807e-81	7.406170958198561e-46	0.1862107086862258
NFATC1	0.08731365152968691	9.249824119870045e-63	-0.16749662156849765	4.071668594455316e-62	3.5906797567684507e-62	3.9749160733989525e-61	0.24376801244920693
TP63	0.10919222370306138	9.940213504155696e-87	-0.10528296654721345	5.414180308232365e-23	6.369574072443368e-86	1.0091458948803614e-22	0.1529215356292733
BRD2	0.18660280076526822	5.172341755472217e-164	-0.12842585488510738	9.5284921406669e-24	2.6841731425766347e-162	1.8207545059491403e-23	0.21526885265797288
PLAG1	0.06496786582195781	1.3744942845912128e-38	-0.12808263594340588	2.431678518517927e-38	3.413731396994801e-38	6.660097275718544e-38	0.14887396951093576
HIVEP1	0.08547373007174906	9.745376171598367e-56	-0.1594935265694976	2.042027568882342e-53	3.313427898343445e-55	1.1311456083808928e-52	0.1659496045383331
SP140L	0.08449790374678133	1.4831761468268012e-56	-0.17788741451561052	9.910843855890499e-69	5.167532440887724e-56	2.0791685195549005e-67	0.25097737503551415
APC	0.06993402048076489	2.261686451126328e-42	-0.15543044124428623	2.0207216641874014e-54	6.092958581449616e-42	1.193072790951364e-53	0.21947182287182104
OGT	0.02597568081857663	2.5296658167514795e-7	-0.16973672686339233	9.65992594847282e-62	3.57855164320941e-7	9.071130462089715e-61	0.2629243722661798
ZNF501	0.10159782600937824	2.2936568041000504e-74	-0.15601940675550266	1.081968281489147e-49	1.1307728044213247e-73	4.871327513919173e-49	0.19304046161730157
NFATC3	0.05317646488952085	1.5335347149262396e-26	-0.1498328125790856	9.747390319643297e-52	3.224019677861988e-26	4.9035341097797404e-51	0.1757723898425329
SMC1	0.12804691818914282	1.3329410784806794e-113	-0.1183620267219095	1.3365343175482516e-27	1.4767189925639887e-112	2.7919975362342715e-27	0.15501845512147033
TCF3	0.12718807933474166	6.807908823518222e-100	-0.13724393891332842	3.675325545861173e-34	5.547601735528073e-99	8.753311565746658e-34	0.20702081341073303
BRD3	0.1201270114166156	1.0973349843139972e-86	-0.14449107396097988	7.020302089272982e-37	6.935719836753853e-86	1.8557688632769866e-36	0.20972283943217368
NELFA	0.13809605683833676	5.71338047673574e-125	-0.15891520887476582	7.172520414647242e-49	7.82415715286311e-124	3.074828316887904e-48	0.27681651940302043
TFE3	0.09433590417965226	2.1507681287454815e-65	-0.17666072478337594	1.1749148780041586e-64	8.91032510480271e-65	1.5446214262828005e-63	0.21668397400458572
PKNOX1	0.05956289201884605	2.017018569413441e-30	-0.16902910887776124	1.8837325969829664e-63	4.5509846897978325e-30	2.0637337118057834e-62	0.2157200542295865
BRD4	0.09749509588762648	1.0763667278719395e-51	-0.11652348534227383	7.442967621381342e-22	3.358536688866242e-51	1.341639136139306e-21	0.1495696517641057
ZNF217	0.12456817999710214	8.25258932799155e-103	-0.17430276852119592	1.3031550199907498e-58	7.265225961963989e-102	1.036218427186193e-57	0.22075301473703274
SMAD1	0.12294215927228772	9.556970147646941e-100	-0.16777804093059884	7.080710156568257e-54	7.723911938999905e-99	4.0355954996394807e-53	0.22748808458911493
ATF1	0.08730189331724554	2.6249702032139014e-56	-0.17506207906331453	8.35722702899404e-64	9.081475860943532e-56	9.471523966193245e-63	0.24766983684650112
ARNT	0.15033579171763412	7.380254319197837e-126	-0.16085318568566234	2.7867185341646617e-43	1.0395615369612952e-124	9.282785387453907e-43	0.22595573085868373
CDKN1B	0.12414154777893079	2.558558467143851e-94	-0.16627364235089817	6.463893510363356e-50	1.940568191233721e-93	2.9506476857491987e-49	0.21287345021499093
YY1	0.2054245051189172	9.165592355092471e-181	-0.07986334324890668	6.673334126631274e-9	9.037274062121176e-179	9.399867784083479e-9	0.20165826181273083
MED1	0.1680170691599641	1.5801301615479245e-146	-0.09468699041787706	3.3773380069156225e-14	4.210833349422307e-145	5.3537866154643146e-14	0.1657868392569497
ZBTB8A	0.07267785004758497	5.328062363098487e-47	-0.1359479268239915	1.650140935139098e-42	1.5451380852985613e-46	5.31712079100376e-42	0.1522354241015405
ZBTB10	0.04726297104198271	7.519855989369249e-23	-0.10755316123602071	6.880523397409683e-27	1.4740711740592603e-22	1.416324858005417e-26	0.09565695267129184
NELFE	0.15919434763476775	1.4497193510357684e-133	-0.12422171345814453	1.2068111508248401e-24	2.4227513222394365e-132	2.3562689004223612e-24	0.23252149543412665
GATAD1	0.039978774865598726	1.767761942289765e-14	-0.12532420892749047	2.936279618854083e-29	2.954259788301201e-14	6.405247133163996e-29	0.21187257318410302
MYNN	0.10605895340042237	3.3653425138515006e-78	-0.16513819147711836	7.299430534715283e-54	1.8232020432184503e-77	4.136343969671994e-53	0.20287731275499138
SMARCC1	0.19036996234367298	4.1595271428115404e-191	-0.11451868784343923	9.595524816158104e-21	5.126617203515224e-189	1.6955533098085826e-20	0.18909377485275958
HDAC2	0.17726932271078497	7.714610420310976e-154	-0.11024087891443171	6.037923076923787e-18	3.3072199454028793e-152	1.0299986425340577e-17	0.16179376973892845
MTA2	0.09675377317821299	1.188900027935235e-66	-0.16556603636211525	6.55386051532396e-55	4.988320968272943e-66	3.964482495772653e-54	0.1871704263398316
MNT	0.08806855213896525	1.107807897317133e-53	-0.17117539227305698	1.7616686349000435e-58	3.653172530952151e-53	1.3896042192091544e-57	0.24611561594493253
NELFCD	0.12473884910388058	6.126659959862954e-113	-0.17635021267494233	1.4143969519520082e-64	6.566181217853122e-112	1.8111628501619223e-63	0.24535504466017893
SIN3A	0.18779085786745536	2.3941212243049645e-165	-0.11724739823066527	1.206387175420133e-19	1.3114464039803861e-163	2.0868381666039493e-19	0.2054828181522686
E4F1	0.054717390982028165	2.780428766165164e-26	-0.17341309297596835	3.119840604652761e-67	5.795988929046197e-26	5.593023338522949e-66	0.21836425772804413
SRSF1	0.08690497379752597	2.2080603574318053e-59	-0.1731929282603282	2.2501853408329353e-64	8.123684747864776e-59	2.7733534325765926e-63	0.21589650056189363
RBBP4	0.055187940451139256	2.1936423000490112e-28	-0.14740650988507634	5.824789075120478e-50	4.743270411948082e-28	2.6712753618924608e-49	0.1921148896611065
EP400	0.022646302068478615	5.613954389936969e-6	-0.14142952553428884	2.5395622910072042e-45	7.531100719017485e-6	9.343314996019043e-45	0.2414699141018085
MED	0.058396923914947205	4.7744993982511007e-32	-0.12909201914894475	7.540123286022663e-39	1.1063420544346493e-31	2.0942426929629142e-38	0.18645732774469123
FOXO1	0.10615815216254555	1.6703428980190786e-91	-0.12566194523936697	2.795086396796131e-35	1.193447896700588e-90	6.889887968102462e-35	0.17227813468551692
GABPA	0.11220302422252473	3.0956972723013e-79	-0.16326309268089537	2.7170740379031153e-49	1.75422845430407e-78	1.2013609871625434e-48	0.21769574528824492
SUPT5H	0.17075374421116934	1.2527726150878704e-146	-0.12519527613924195	5.652015482010141e-24	3.431204995768445e-145	1.0863328002460038e-23	0.23254020332898487
STAT1	0.1513616826694647	6.217915683015871e-136	-0.14447816986462841	1.2342820251356026e-36	1.135345345084009e-134	3.219582213713503e-36	0.22902208411647673
IRF1	0.09977699901257073	6.719500520447595e-72	-0.16776599764641828	9.362448020998293e-58	3.185301689019869e-71	7.156103681166138e-57	0.2411161588486101
GMEB1	0.09538110180431499	1.7207752315086367e-63	-0.18815270376672585	1.5392123636056073e-71	6.813993487018136e-63	4.895688356500415e-70	0.25975590483613936
MYCN	0.16931040992729346	1.373646293713064e-135	-0.1492409065302607	2.2185527761866812e-32	2.4185986528590734e-134	5.1470424407531e-32	0.21995223997737046
MEF2D	0.09335657052200723	1.949075846413409e-64	-0.20250294835120258	9.71522690328531e-87	7.908595821249471e-64	3.1930712422131054e-84	0.27890043610932713
PGR	0.1476632919576167	1.18070498420839e-121	-0.16516245705758026	1.4459730284964123e-45	1.5318093610914112e-120	5.380110966405519e-45	0.2134754726871464
LIN54	0.07906681568303597	1.404910918201946e-53	-0.15724512393644682	8.35044525810621e-56	4.586894587242115e-53	5.346453912008262e-55	0.19397323130243457
MTA3	0.07582910693190477	2.4057695407854414e-42	-0.1745329324504924	1.8180766553530239e-62	6.46345713137451e-42	1.8292077369164097e-61	0.22438276261873885
GATA2	0.15626694138983233	7.923014862292564e-151	-0.13566349702960567	2.4873506616126663e-33	2.7900330907930246e-149	5.839351791309736e-33	0.19934039116529553
L3MBTL2	0.07266727490791927	8.484563213508298e-40	-0.14836401518685968	6.33375908556038e-46	2.1561286929173146e-39	2.4112302928040674e-45	0.21441534526123468
HNRNPLL	0.13753647068377733	1.2768992538597562e-112	-0.15781964374426807	7.231166749038998e-44	1.3537878110814189e-111	2.4334233496766047e-43	0.19349297838619842
CTCF	0.09663445171312632	1.065868586464365e-65	-0.07482180041086377	1.567373674285512e-11	4.434373106556387e-65	2.3522533376644063e-11	0.0833557470914699
KDM5B	0.18657234147849355	4.7208504742694585e-167	-0.12830676763746662	4.845732282998192e-24	3.1031723784197908e-165	9.350082252517058e-24	0.20952468643477012
MXI1	0.1503091457904277	1.835042040224513e-130	-0.1589251359370465	1.1499674593843085e-43	2.9183087930022093e-129	3.843620050687892e-43	0.24375227610145717
AFF4	0.1216601235637369	4.371636500498374e-96	-0.15881054620969498	8.137545521714374e-48	3.448346871593117e-95	3.3019011870001533e-47	0.2328239027033038
ZNF629	0.10003354096578464	3.1653782491147996e-75	-0.15311859496222704	4.3250683073974385e-49	1.5923790579730575e-74	1.886954580130033e-48	0.20013255671104943
RUNX1T1	0.13412549364263002	6.973442225548116e-114	-0.15142178027444453	9.239947329328547e-43	7.813425039080048e-113	3.016751015469519e-42	0.22842540362118036
ZNF2	0.061242021308755376	2.9499815138204892e-34	-0.13776334608827046	8.365322235700333e-44	7.02580138315701e-34	2.8055128314287513e-43	0.1482799813481524
RORB	0.06840508851332758	3.1512028448578833e-38	-0.20831684040802248	1.013171684858187e-94	7.767715012574682e-38	9.989872812701724e-92	0.2720528963694655
SP7	0.08589515119503366	1.3283277395129717e-59	-0.15137855044564516	9.16569174379145e-50	4.905360116703334e-59	4.145583513476317e-49	0.1573872520708252
OLIG2	0.12154685219216041	7.236425023884047e-101	-0.17854024308406252	4.9573257198545586e-64	6.098388951751855e-100	5.889064047923608e-63	0.2609637062292648
ZNF524	0.049899213515757004	9.063120342806857e-25	-0.13196986736048813	1.5258394789896257e-39	1.8425230222696e-24	4.3608050037210755e-39	0.15218306469242093
NCOA1	0.036455222028698143	6.295653799302384e-14	-0.12758529229325463	1.9438006295427502e-36	1.0363129626230636e-13	4.978149144751044e-36	0.15649345822993363
ZNF692	0.07749534753883348	5.991059730475155e-49	-0.14204880925417324	1.9513579625171346e-44	1.7846480043046835e-48	6.774785038879911e-44	0.18120259373011466
ZNF786	0.058609793653278765	1.6322159174675785e-29	-0.16807945374475042	6.001486646321606e-63	3.6084414677646466e-29	6.432028079644677e-62	0.2401500072123206
BCL6	0.10596843174151978	5.972519429002289e-72	-0.16863600678572876	2.03645638632349e-53	2.8448812352638924e-71	1.1311456083808928e-52	0.22255088016430713
GLIS2	0.09805615367428816	4.205434809502087e-78	-0.09841071533329879	1.0655476846451078e-21	2.253564522917966e-77	1.913715878069356e-21	0.12327000116849111
RFX1	0.02493558058898431	5.83471954650717e-7	-0.11389024743703505	1.162559879686639e-27	8.137246779145784e-7	2.433724079344004e-27	0.18098321316009103
SMC1A	0.14513970811906196	3.00821382653034e-145	-0.13352858768249057	5.29731211198487e-35	7.415247082397287e-144	1.2960669336022536e-34	0.1859084731661144
ELL2	0.0960782617626244	1.1337356361303158e-72	-0.17584626190105496	7.833684500108494e-67	5.506715946918676e-72	1.3792880209119598e-65	0.22886438271950685
CBFB	0.15448172950679331	2.4563268594839367e-133	-0.1373688140411732	1.1755205576190592e-31	4.036563805751936e-132	2.6954959763078893e-31	0.23042452126106108
MYC-DAXX	0.09186517582048861	6.491958281395197e-79	-0.07715005360187206	2.2759354271719136e-14	3.636972082645264e-78	3.6311850019280045e-14	0.07910853683526897
AR	0.13487228858909633	2.948721322775822e-94	-0.11664872753594065	3.0142038357136088e-21	2.219419255157985e-93	5.3646299314325236e-21	0.1673345583565743
PATZ1	0.091449385003892	6.920998609417061e-68	-0.1521346826276738	2.4408155625000957e-50	3.046475280752331e-67	1.1570404541466799e-49	0.1426803119758596
RB1	0.11643163858843864	1.4385148483562282e-92	-0.16985395981626222	5.557094551821957e-57	1.0429232650582655e-91	3.9419390130190286e-56	0.22727005134740513
ESR1	0.11759906100148362	1.973817538053057e-79	-0.1177209390821605	2.6593278598054026e-23	1.124961903190933e-78	5.004002423221616e-23	0.12286793559358972
HMGN3	0.07493882006900361	1.3219803494738994e-50	-0.1487966575834055	1.3008428854020474e-50	4.060662381873099e-50	6.256737000031311e-50	0.20421429775390781
GLIS1	0.08739444372669353	6.009106183012638e-63	-0.1370590142591726	1.4088657955435196e-41	2.360549281454367e-62	4.396017956980729e-41	0.15315552570561222
BRCA1	0.07832501407868947	1.37590661766614e-46	-0.17176021923444224	9.330977953779036e-63	3.943732340170971e-46	9.787600279176733e-62	0.2769271989146849
RARA	0.0933417478705066	8.135652826988684e-70	-0.1712440218392948	4.514411693775132e-64	3.679703526335249e-69	5.428304792758877e-63	0.23081235743544753
E2F8	0.02558112926109058	1.9452858459301934e-7	-0.15820907678310792	1.5943413957621994e-56	2.759786826024706e-7	1.0993151162388312e-55	0.20786153044432187
ZNF76	0.07422828611113114	2.7145811797678697e-47	-0.15885448505911112	9.444928860822994e-57	7.942365113504805e-47	6.558239335754558e-56	0.19668460777273317
NR3C1	0.1728434329078654	1.694603330383288e-153	-0.12712958470209684	4.5865677225145295e-25	6.961995348991342e-152	9.062837223245142e-25	0.20958436931179902
PHF20	0.04786815754919036	5.730701545920628e-22	-0.16068345167014222	7.060603537311729e-52	1.0993135650345796e-21	3.5885335504068886e-51	0.16504988536832507
FOXK2	0.0385652163222166	4.18075360787374e-15	-0.13400807165503303	1.0865438115312882e-40	7.082857486878879e-15	3.2762452543420494e-40	0.20504747395154554
ZNF639	0.07037628927977775	2.1811043852671308e-41	-0.1645426792188263	6.88065676051699e-60	5.734850463662375e-41	5.951164531464695e-59	0.2335629469630534
EGR1	0.17038329749183445	4.9812549584588746e-160	-0.11620448300312865	2.8219073203319247e-22	2.455758694520225e-158	5.171748360310925e-22	0.21244735937908338
KLF8	0.08810560422604538	2.9132973218168692e-61	-0.14406086770467497	7.977315948268918e-45	1.1133764183377648e-60	2.860230372724783e-44	0.1895323927078496
CDK8	0.1787750680414491	5.94631555421047e-191	-0.12115916547703082	7.505609095762024e-26	6.514519040501692e-189	1.5103123609023175e-25	0.2313112338055266
POU2F1	0.12651078715718528	4.426068222206654e-92	-0.17504636250387656	7.672710395511312e-53	3.1854768372961755e-91	4.045610935815055e-52	0.2098574319926697
TAF7	0.07592994397963769	1.9069340464533455e-50	-0.16384314519330076	1.2861097138102364e-58	5.803200524083329e-50	1.0309790063551975e-57	0.2785301756002455
KLF9	0.14972890896034383	3.3436484045569913e-133	-0.1625722188586642	1.230934611730004e-46	5.404651355562613e-132	4.893957770829773e-46	0.2256480141393309
SOX6	0.1008765232682936	7.124933063576412e-78	-0.16744871543723824	7.195288546129678e-60	3.7769806455302914e-77	6.169177831725097e-59	0.22467751973515515
ZEB2	0.09532001651533147	1.8634510049992477e-70	-0.16286252109228117	3.32563291432895e-56	8.506308754302121e-70	2.200720841294191e-55	0.15635250351740376
MYC	0.14751974510814397	1.1418730546425434e-121	-0.10302516002948964	9.317087368858643e-18	1.501182442503397e-120	1.5839048527059694e-17	0.1581114498901281
TARDBP	0.11551967469322728	9.948421979272603e-87	-0.15595991219119398	3.691372206854874e-46	6.369574072443368e-86	1.432949998409018e-45	0.20974082003349476
CEBPB	0.08862943323835547	2.0434308529091483e-64	-0.1341602810470429	5.4686059390377745e-40	8.257470577739428e-64	1.5858957223209544e-39	0.20752071411882328
NONO	0.113887499040527	4.034079898059655e-90	-0.18753210866095396	4.0158344801101364e-71	2.8011287179484647e-89	1.2373789991839359e-69	0.2657003224467313
DPF2	0.12422101852687602	1.5173969066848252e-102	-0.15936496716146165	5.4605087240788566e-49	1.3124152192905595e-101	2.3614305271674354e-48	0.18732595819936929
ZFP69B	0.06991712082431821	1.283324641234449e-44	-0.12896518703250304	1.06081256702509e-38	3.5744578990315446e-44	2.938093233389716e-38	0.16585501334920094
ESRRA	0.060560286716242265	2.6401455177244445e-34	-0.1661316896054039	1.6752338810003025e-63	6.303107700911144e-34	1.8559332659171891e-62	0.19049298456852692
YBX3	0.040955314243673276	0.005184843649712152	-0.16492856073746082	3.5140974073659635e-6	0.006174222027314229	4.638420406509826e-6	0.05912308111624605
RBP2	0.03432247611070718	7.176699749429661e-8	-0.16159287679269677	4.049507173205328e-28	1.0300183337609383e-7	8.568270542447325e-28	0.19839479691534384
AFF1	0.07077578556373479	4.2982156794249414e-48	-0.11304081521594489	2.7420571411191318e-30	1.2613216249741047e-47	6.0756591935808185e-30	0.14094512483248656
ZXDB	0.07348943170551968	1.4125706944773788e-44	-0.1608860849605191	7.201053179578499e-57	3.9233653655061843e-44	5.035630095790354e-56	0.1768567643119069
MYOD1	0.14740287450322404	2.3213370459515044e-128	-0.15456547062144652	9.914914379403573e-42	3.416176607922662e-127	3.1134094197744976e-41	0.2055586327565611
EHMT2	0.07606082056170525	2.031806382846022e-51	-0.139467697084288	1.2772942928077844e-44	6.280128819705885e-51	4.4818938530550727e-44	0.2020768977035368
FOXK1	0.0896077943105983	2.0652405664332083e-58	-0.17260337972609807	2.0037483321629348e-61	7.377997096025882e-58	1.8125650050574804e-60	0.2271885140754223
TAF1	0.22145063679804294	1.86426046539001e-229	-0.07249877850984061	4.873944892016798e-8	1.83816081887455e-226	6.711885004928161e-8	0.22303089690412764
SUPT6H	0.02699757845552168	3.0752787935689575e-8	-0.11046868408453056	5.576268940644976e-28	4.4723080980221124e-8	1.174829310999134e-27	0.150513126177066
SMAD3	0.18176647284012434	1.4433498019619188e-166	-0.12208904134237432	1.0295307361127875e-22	8.894643154590325e-165	1.9153156713343557e-22	0.22022923997116617
ELK4	0.035411813326997776	1.7086807493556865e-12	-0.1562252670636805	5.01554711785717e-48	2.7261476033409497e-12	2.0778695202551134e-47	0.19803621471132088
BCOR	0.18108109195412977	1.0706534533305663e-165	-0.12105396216831955	2.804862105501606e-22	6.209790029317284e-164	5.1500820037701735e-22	0.18817404251737135
NCBP1	0.12204005401271135	1.7280636361132543e-114	-0.1836971296362553	7.276456525667096e-73	2.004553817891375e-113	2.9894108892948986e-71	0.266941577166863
RNF2	0.15445911001276785	8.996589817700703e-138	-0.12985920934594017	5.76894468044958e-29	1.7741275120505784e-136	1.2529029636394902e-28	0.21231296524960508
ARNTL	0.13336186225906493	6.875134375434784e-118	-0.1610583830699858	1.972482203620355e-50	8.580863916681896e-117	9.39549494091628e-50	0.22458327924912558
ARID3A	0.07357696785606452	1.2383864114698231e-45	-0.16916577710485142	8.144257019519261e-64	3.5290433575411723e-45	9.337485373541851e-63	0.2383448315671395
PCBP1	0.10149991670468157	2.903816189191948e-78	-0.14458690139143887	3.882115523116439e-44	1.5818578798581552e-77	1.3244864725926675e-43	0.2009265825597658
MAF	0.09101801673704785	5.988691120240818e-59	-0.16761157984158448	4.971954350975568e-57	2.1709005310872966e-58	3.552425355117326e-56	0.24026400986856267
CTCFL	0.12534807891136984	2.2853949792555017e-114	-0.1286644924504468	5.357714400973458e-34	2.620231918076657e-113	1.2698813459999589e-33	0.1691717090021657
HCFC1	0.0996376520794196	3.4036831596447548e-65	-0.18574334656470526	1.9904001078550105e-66	1.4041973202551165e-64	3.2172696825328534e-65	0.2576134657606321
ZBED4	0.0982396807851095	6.67804440936423e-71	-0.1677904253382761	2.0225782767849888e-58	3.07689335870707e-70	1.5827477626269833e-57	0.2175705123477846
NFKBIZ	0.09051365429450446	8.141659468043992e-61	-0.1680221661629483	5.78800375377728e-59	3.0875677828812984e-60	4.83641669595288e-58	0.2200321383819711
ELF4	0.03380626019796804	5.847532201464811e-12	-0.16971934365714592	1.1991227553506617e-62	9.195640750628874e-12	1.2315989966414088e-61	0.21777706196578803
HNRNPC	0.08447835205246516	7.684148696117057e-65	-0.1250311129292377	1.6594734403871908e-36	3.143805234179011e-64	4.283352911575314e-36	0.1647438167802246
RFX3	0.05759543385807188	1.3938233896227642e-31	-0.1815090809209384	6.644898348876547e-70	3.196069446902431e-31	1.6300747116205985e-68	0.20502749574172283
BRD9	0.14567761479125457	6.545050174703297e-137	-0.15832153217146103	2.1332214961620864e-47	1.2410422062033558e-135	8.550229248844784e-47	0.2360552406537647
SP5	0.10993925957361035	2.948408511727166e-86	-0.17288940002616118	5.2494435691005946e-61	1.8283841462660288e-85	4.7054103264847145e-60	0.24602743035669228
ELF1	0.1759897053390315	1.29006984022753e-151	-0.13686747083273978	8.190812831980122e-28	4.7111439350531284e-150	1.7183279685813616e-27	0.21666186471890853
JMJD1C	0.09437052609382414	7.587536663766223e-68	-0.14524983877423064	9.733280553126468e-45	3.3250271779882206e-67	3.452163534310323e-44	0.20843763067342053
MAX	0.22436684871802515	2.1024773853817457e-203	-0.06331863148795903	9.815721750615194e-6	4.146085403972802e-201	1.2835943827727562e-5	0.21227080112240487
KLF17	0.07991755738414612	5.516149980517367e-53	-0.1515868468653297	8.298236418617584e-51	1.771636443254112e-52	4.0505253013648203e-50	0.1753727107299975
JUN	0.18541106061038087	6.657402048617884e-152	-0.13309200441073044	5.006788729597224e-24	2.524691699975859e-150	9.641979858169654e-24	0.19710221262948832
LDB1	0.09456396605553144	3.541711091108442e-72	-0.14740459700180122	5.687331612051722e-48	1.7034766516258163e-71	2.330609983212604e-47	0.22061199467325243
ZNF518A	0.03325199410100587	1.3889162098970043e-11	-0.1545017297081124	3.614422873663039e-50	2.1668850996177948e-11	1.6810476195432814e-49	0.1802460752023869
RUNX2	0.04808506504121836	7.932137924629415e-21	-0.1545269742881676	6.427407394943302e-54	1.4868988581149435e-20	3.6845486577988933e-53	0.24388892315366079
KDM6B	0.06411942772947128	4.62885477098272e-39	-0.12092034335590829	1.5850021486292328e-34	1.1583885289819701e-38	3.8024625755436096e-34	0.14889447069007455
IRF4	0.10781851360278151	3.894262429856994e-82	-0.16000762719933115	1.273307867151575e-51	2.3271168217206036e-81	6.373002827469305e-51	0.20256706699720806
KLF16	0.0689823530352383	2.950747357648319e-42	-0.15283365192372617	2.368723656189985e-53	7.863342958489843e-42	1.2903654834272516e-52	0.18860384060408403
KLF5	0.1511828438341485	8.632755871435745e-147	-0.13170968961594084	1.1109416682387253e-32	2.431970654067327e-145	2.5895708862491327e-32	0.2373166636792926
NCAPH2	0.11792467522021148	1.6240003040457674e-102	-0.11128214482593095	1.1727396369259673e-25	1.3924037389470665e-101	2.340731340099198e-25	0.13451503151738017
NFAT5	0.09515899402337012	2.0609790544367624e-73	-0.17020734208296384	7.959895017565012e-64	1.006002647363687e-72	9.233478220375413e-63	0.22453712998243958
GFI1B	0.08636040456641376	1.93758720698931e-54	-0.19521005680667602	6.00596573237537e-79	6.454260088146823e-54	5.383529283747377e-77	0.26338379075661106
SUZ12	0.13164781287074867	3.673227280183974e-114	-0.14435697467064224	5.4298200511279575e-40	4.162990917541838e-113	1.5792927936319074e-39	0.20447488342472658
GLIS3	0.058154898268191736	7.089068014176686e-32	-0.03210174178882957	0.0018453517275748273	1.633135762144442e-31	0.002229800004152916	0.023856627122811492
NFYC	0.09101108649458366	4.1583274136472273e-63	-0.17239567004939038	5.107354296665609e-63	1.6400443319424665e-62	5.5339025675959236e-62	0.24162387053638504
ZNF44	0.06687917578744024	1.3308937492888354e-36	-0.1673408140020397	1.585918765527249e-61	3.240151201972325e-36	1.4478850951943218e-60	0.2512523845192418
ZNF580	0.04741564398630088	3.828432057734744e-22	-0.1563237277225827	8.409988161092532e-56	7.387150702400112e-22	5.349837630217572e-55	0.1867922209457462
BACH1	0.07937073327138428	1.8867738754589286e-56	-0.14021600807487292	2.6435220989517474e-45	6.550560004234167e-56	9.689638622923506e-45	0.1821476164146705
PAXIP1	0.09404018506464269	5.3441565501134057e-70	-0.17199053640749912	1.8448076545207192e-64	2.428266524613741e-69	2.3025067688068727e-63	0.2236761914880711
ZNF143	0.1492393188716179	1.877539740387816e-117	-0.14071476613673373	1.2652253059035673e-31	2.2854989926202304e-116	2.887759610233605e-31	0.22460589824644087
YY2	0.047246963732053004	3.393707851557263e-21	-0.1408325775009584	3.49638982918614e-41	6.4226409628319784e-21	1.0773251161179792e-40	0.19639746320555593
KLF10	0.09354354044174842	4.445726539789959e-67	-0.1819396872274984	8.537065078362612e-71	1.8976131464211686e-66	2.5507715658380413e-69	0.2574301911788133
SP3	0.08873992036594286	1.9414104965464518e-60	-0.1581083740514346	7.329570699132071e-53	7.278443914809131e-60	3.891619828155152e-52	0.20788358055333409
ZNF707	-0.022402677289587385	0.2987917567711793	-0.10143942230652798	0.03998594462526585	0.31441693935579806	0.04490448906664252	0.12277092568158327
PPARG	0.1053526529737988	1.8378039555734895e-79	-0.175176268182101	1.0324456085720827e-62	1.0535318024392214e-78	1.071569863212709e-61	0.23151193775929169
SS18	0.08492964520605628	8.510740622762131e-64	-0.13080110711116558	1.1949876780121223e-39	3.397404961151199e-63	3.4451983933331944e-39	0.14953103245532212
ZBTB1	0.04336021371076525	2.943056210338267e-17	-0.09870055939651261	8.932602849886432e-20	5.2191608334416036e-17	1.556103606004951e-19	0.16136227911091885
XRCC5	0.05637131862590939	2.940795677971051e-26	-0.17994943402047636	3.912224295437594e-70	6.117351347003072e-26	1.015119251395123e-68	0.21858010073156464
TRIM24	0.1451448106153864	3.7805758381748355e-128	-0.14893817050292352	4.854981871749474e-40	5.481834965353512e-127	1.4204783755326352e-39	0.21540855576368168
DRAP1	0.1034367820116173	4.3789889828283685e-77	-0.16700833135602197	6.849120961340953e-57	2.2966399665259423e-76	4.8237380484872705e-56	0.22002857356567362
ETS1	0.18218254169056988	3.9526025641080574e-172	-0.11083709372728179	3.3536170941591087e-19	3.2477217735087873e-170	5.780885410560981e-19	0.1898684093101214
HOXB13	0.12031071374467497	4.383944691173924e-102	-0.18550263595549568	1.0008550420752187e-69	3.726352987497835e-101	2.2949838871771296e-68	0.25186806569919784
CEBPA	0.11353850526962493	6.217720205566421e-93	-0.14877432796635778	9.708307507578256e-46	4.609527911795858e-92	3.653584428424489e-45	0.24081830700129264
E2F1	0.1728846610420585	4.702114227985415e-148	-0.1502141156516882	4.949403173299782e-34	1.495575686707619e-146	1.1759304888852012e-33	0.23402684081162617
MYB	0.14058435088397486	1.3374169125202584e-125	-0.16080722065102762	3.1834738616354005e-48	1.8573141911901054e-124	1.3300445879544513e-47	0.23762208728614037
KDM4B	0.07465914751602523	3.744513522353326e-49	-0.18110676078024993	3.4453997289394556e-74	1.1256372966586523e-48	1.887313407074613e-72	0.22053561445341113
HOXA3	0.08888773627511949	3.613103193200401e-58	-0.14641071747222276	6.32447662469981e-44	1.2861082124532834e-57	2.135593819162333e-43	0.1762001327049656
RUNX1	0.1867336222117765	1.0920164382392788e-173	-0.09348878741181887	1.6065462742204135e-13	9.788438255490263e-172	2.522379978314216e-13	0.21348314148276115
ZNF697	0.09535708331697043	1.7683678764787651e-74	-0.1758099665118997	2.0183680636684294e-68	8.761862945769158e-74	4.146064397452232e-67	0.23418251115831573
ZNF3	0.07513004364943843	1.4930391781928963e-50	-0.14091080975257866	6.0327996808517434e-46	4.557698543957263e-50	2.305558327643341e-45	0.17451994114598784
FLI1	0.14191769529834766	2.3750225661922062e-118	-0.13501673708105233	7.487361419585197e-32	3.0022721157250194e-117	1.7248921401193933e-31	0.20783355998868785
NOTCH1	0.09499233245945836	2.4890479194624797e-64	-0.16952518078379916	5.76991896415127e-59	1.0017147953428592e-63	4.83641669595288e-58	0.2510003185186621
TCF7L2	0.128126541492257	2.5714751746786765e-108	-0.16574734223298346	6.292807596897886e-53	2.535474522233175e-107	3.372124070946367e-52	0.23026068466067595
SMAD5	0.0859575917999716	9.098990711110852e-56	-0.17440813601893626	1.5128871837240619e-64	3.104361536731938e-55	1.9124445681434935e-63	0.2777342526075718
INTS11	0.1432539281003994	5.1117221059454405e-139	-0.15260753915648467	5.671984654836092e-46	1.0723740418004691e-137	2.17609994928731e-45	0.2539328900456952
FOSL1	0.07301532577684144	4.497913380455179e-49	-0.13850683677123854	3.546763485689647e-44	1.3439219979178202e-48	1.214273887809025e-43	0.20493613523312018
BHLHE40	0.13244067159888642	2.107508590335643e-112	-0.14456069306261057	2.5171582115660792e-39	2.2106419894371746e-111	7.131948266103892e-39	0.2300037273199388
NEUROD1	0.10825189462636789	5.163526511207862e-72	-0.1951116345790949	6.778201133513646e-70	2.4714743398305593e-71	1.6300747116205985e-68	0.24987041115872444
IRF2	0.08923936262085198	7.204995429884584e-63	-0.16267766976034037	2.2202330434844005e-57	2.807954740658577e-62	1.6336938663250887e-56	0.22817484835609686
RFXAP	0.09702266199175744	3.160158982428261e-72	-0.1877566489732295	8.392385793571013e-76	1.527410174840326e-71	6.36530184035463e-74	0.26651618953658895
ZNF263	0.10874580914910217	1.0832039020333453e-87	-0.12878908710365028	1.5572151863027633e-34	7.168047298019319e-87	3.744912618767133e-34	0.17137099277679763
NFE2L2	0.11640436152509825	1.2731899435193378e-92	-0.16895046577834563	2.762928188449736e-56	9.299002106000497e-92	1.87879116814582e-55	0.24519023446866395
THAP1	0.06057980319212418	6.296916517703715e-35	-0.16276107978513765	2.657443508223309e-59	1.5106471256583608e-34	2.2588269819898126e-58	0.1972364374050274
CREBBP	0.15749571300029777	4.66374109794801e-143	-0.1513743842626325	3.8489572998804556e-39	1.0451019824038042e-141	1.075091189145079e-38	0.20326842301399434
ZNF777	0.09511015960006722	9.03080951073792e-75	-0.14660160344232565	2.5137854042308844e-48	4.5199889226332934e-74	1.0547201738602775e-47	0.19968016537883188
ZNF232	0.0822746389473568	8.344765064025612e-59	-0.1577866046343931	3.045728983124183e-56	3.0138968326480785e-58	2.029114038757057e-55	0.23776411206254727
TBP	0.17874477817202186	2.5653962402067982e-170	-0.09864024369062073	6.768396056067687e-16	1.9457543791106944e-168	1.108577825794475e-15	0.24732760324837696
KMT2B	0.15156293290680126	3.433438277665053e-148	-0.16249389082389776	3.181780791468927e-50	1.1284567139259142e-146	1.4868416399944842e-49	0.24129491652429938
DDX5	0.05857055483520588	4.4112343306304625e-30	-0.10491179982496153	2.473181800622432e-22	9.885175113640081e-30	4.558050944698538e-22	0.2013208364127903
TEAD4	0.13741239779514067	3.7967756601585965e-126	-0.151250497122896	5.272338769342826e-44	5.425537392632429e-125	1.7864350606776724e-43	0.20494895968891047
TCF12	0.1940518741655404	3.689068571106133e-192	-0.10635341652989456	1.7058891066226045e-17	6.062369351851079e-190	2.8752250583416886e-17	0.20715406799933211
PRDM14	0.05093795973051861	4.0241265789193697e-26	-0.08460935134568061	4.303346936091163e-17	8.335690770618695e-26	7.179526360382212e-17	0.08472205585353577
CDK7	0.09728253831063528	1.0715266654206937e-71	-0.18471810891295137	9.654604156151863e-73	5.055144938300498e-71	3.807775879186295e-71	0.26590004835196757
ZBTB7A	0.16287771223780964	2.1030244623481932e-144	-0.12218794321856011	3.6543519380941084e-24	4.822283999710043e-143	7.06508041364861e-24	0.17295947447223683
ATF3	0.14184931577021195	4.43386587982458e-123	-0.15352250535126016	9.402061527315503e-43	5.907826699333833e-122	3.0595487346313815e-42	0.24635369618424052
MEF2A	0.10077784969233963	7.8078579361830206e-79	-0.17429549279349338	1.9839342931392006e-65	4.325026924200258e-78	2.8350133522250026e-64	0.255463865055056
TAL1	0.11973972316575898	1.0355491933518218e-116	-0.12268737123370187	8.674072812421334e-34	1.2451847617620686e-115	2.046085117953932e-33	0.1896683798524906
TFAP4	0.09800271500825568	9.641931137303571e-83	-0.14896278948390443	1.7402187815042214e-50	5.868484013198346e-82	8.329396692054186e-50	0.1841430706156521
DDX21	0.033698992902447045	2.454005882558999e-11	-0.20008860543486073	1.040856615885537e-85	3.810472126304209e-11	2.217996651046983e-83	0.26354918462391813
BMPR1A	0.05039639636977973	2.5406528933298847e-24	-0.15238773904060685	2.3122106146730124e-53	5.112415822088299e-24	1.2665775922597723e-52	0.19815433227560653
HBP1	0.09218811909863074	2.264352392591694e-66	-0.18223117932535549	4.3346960714351726e-72	9.460387538539873e-66	1.5829667875685482e-70	0.27193306562757624
RELA	0.16157162900503647	8.489521979926904e-136	-0.11870508674652312	3.5220076160478213e-22	1.5219397585832593e-134	6.430925017450281e-22	0.1902620226659405
SREBP2	0.12642527284270738	3.1293306484583424e-106	-0.11422913102586903	7.195886493663854e-25	2.995650504252355e-105	1.4161964237031057e-24	0.1424922326677363
CDK9	0.15704025458816598	2.168090014804449e-147	-0.12167395408418465	1.840542915236909e-26	6.47799016544602e-146	3.7572987876264847e-26	0.2376416128516384
ZNF766	0.07705751545141035	1.8912027464239442e-51	-0.17050695824555037	2.249507635535893e-65	5.863917949603802e-51	3.1685921837691296e-64	0.24787029388037302
REST	0.1931687531794446	2.974352293899123e-191	-0.09123289355140013	3.4755325781397436e-13	4.189587659692193e-189	5.405165807643198e-13	0.21809226080919075
TFIIIC	0.11315697500882928	2.7303914650897167e-104	-0.12705082682114913	6.328324020221279e-36	2.447423622344055e-103	1.5917672152903522e-35	0.17452866902944494
SP2	0.13628876535883203	6.891601158284157e-109	-0.1744050294761191	1.2707471626697773e-53	6.863756305119373e-108	7.119072172684094e-53	0.2639950230904329
FOXP4	0.10241633293659498	8.265805245083949e-81	-0.18067155408113453	2.347890843724628e-70	4.851240459317127e-80	6.614343919749952e-69	0.23606172588004837
ZHX2	0.07686711639407127	4.307575497304085e-49	-0.19352775286041965	1.6898597723629844e-82	1.2909633557269994e-48	2.0827521694373785e-80	0.2520420926245373
ZNF800	0.07557315559911405	1.0883698446893728e-54	-0.13194946620654144	2.1092750649678296e-40	3.6377378537753274e-54	6.2832181693603625e-40	0.15130919206317342
ERG	0.17027000325044858	3.684533163636433e-145	-0.10315142983052805	2.0290729333367565e-16	8.860852925232982e-144	3.3511991830318955e-16	0.20175355570822628
RXRA	0.07918432417138754	1.5167184041607432e-58	-0.12316276170489672	4.913367911936625e-35	5.457972067527346e-58	1.2051195923307245e-34	0.1732819438491032
ZFP36	0.08573042884389395	1.788539211671712e-64	-0.15906781442139475	1.3409149785645818e-57	7.287188688877307e-64	1.0092688311944104e-56	0.206641170820345
ZNF175	0.10896886246160593	5.9557165572643286e-89	-0.17886641520429056	1.547829914285251e-67	4.0498872589397435e-88	2.9349236451639565e-66	0.2428662553959116
MLX	0.07603459380213387	1.3164402017064247e-46	-0.17728656761785322	7.260781500288297e-69	3.784285827645874e-46	1.5909179020631692e-67	0.27066711154010503
JUND	0.16448455374873544	3.0503205254867486e-152	-0.14755056633623612	1.5050123223340528e-36	1.2030464152519736e-150	3.915414643328169e-36	0.23906532197851937
PML	0.10733265357692054	2.4177367412855243e-86	-0.15394513419370878	1.2752986637319191e-50	1.508790143612359e-85	6.163943541370942e-50	0.2731930212687208
BCL11A	0.1153036892499734	1.0037911110990794e-86	-0.16366599340179	5.605380263326169e-51	6.385406680927047e-86	2.763452469819801e-50	0.24387993121570345
EVI1	0.05960541948442652	8.191711256915743e-32	-0.11339728354591175	1.9840529731950812e-25	1.8827569462281871e-31	3.944105305585383e-25	0.11165188019005878
GTF2B	0.14331681810828978	3.341989467892992e-148	-0.17017070491000663	5.13422451156225e-60	1.1284567139259142e-146	4.479951653451662e-59	0.26927528953773494
BCL3	0.06441647510175719	3.663310397300781e-37	-0.15263787558094002	3.160300773270381e-53	8.98513445706112e-37	1.7121189903541736e-52	0.21875634792566723
MAZ	0.21227838243839642	7.630445056474366e-221	-0.09316296739135808	3.620180581884318e-13	3.761809412841862e-218	5.621256777540059e-13	0.2271651241302885
ISL2	0.09450760180758144	3.5529456586072295e-69	-0.18284610650490524	6.181919552963911e-72	1.5923656451757855e-68	2.1769188140080058e-70	0.25435129197487694
ASCL1	0.04234162240087453	3.862294671332954e-13	-0.07065878184334735	1.938615875288509e-8	6.284195620353618e-13	2.6998238037210026e-8	0.07332894618830185
ETV4	0.0721871161458018	1.9680418925623176e-45	-0.17094896051132927	6.371136431913025e-66	5.576118695593234e-45	9.66452387979422e-65	0.21551388150486372
CREB1	0.17854905271160237	1.5650809756229284e-158	-0.15105808286859007	1.1156523081972563e-34	7.014408372564579e-157	2.6895676671943636e-34	0.24294555076274305
CREM	0.11815505857884734	5.193402776010039e-91	-0.17090022518832806	3.89199844499835e-56	3.6576393836756415e-90	2.541397660111505e-55	0.25391172865861206
PAX5	0.1078823271600813	4.096220257678781e-74	-0.18521942322086277	1.2843994525457555e-64	2.0093896388414317e-73	1.6663392897501512e-63	0.23480295363677867
ZNF264	0.06688844555198453	4.9082416033658e-41	-0.1628435068313967	3.295895091407672e-54	1.283693957803363e-40	1.9229305089514585e-53	0.2027849105395781
ZBTB14	0.06709970329420185	1.5797434169839392e-41	-0.10560004081104264	4.3806822637981573e-26	4.1759437242524505e-41	8.869307417053354e-26	0.18015470101812767
HNRNPH1	0.04682879173011659	2.648525471001887e-22	-0.1282152650630836	1.232880893013167e-38	5.1406419574957895e-22	3.4050996092744616e-38	0.15944661812938565
CHD2	0.14202731564523022	6.259962796271921e-116	-0.16038650209572197	3.348240078541745e-44	7.436534117017005e-115	1.1503012952760143e-43	0.25226093396278537
ZNF75A	0.02481299673856655	9.17948272628422e-6	-0.16116689453864957	2.912386316365223e-37	1.2198072733310296e-5	7.740196517348006e-37	0.1889862178113708
NR2C1	0.04127665209422741	2.941852218756021e-16	-0.13909546756731894	9.075357301692524e-38	5.106806844530699e-16	2.4515896710873503e-37	0.14447732159727186
ZKSCAN1	0.08627687400391576	3.7802778106095448e-59	-0.16958982534227543	1.9245609914923388e-62	1.3754073510188233e-58	1.9167849874863092e-61	0.23242482185888175
KLF3	0.0732888187937599	3.2359847586310514e-48	-0.12226223195732017	8.871490835494366e-35	9.552937041946757e-48	2.1545049171914885e-34	0.13432025755752305
SIX5	0.051816233486318405	1.2240364344614186e-24	-0.19279933781931655	8.257965702131131e-83	2.473155582743768e-24	1.1631934546144708e-80	0.2484484374637187
CDK6	0.09885226873484929	4.651208700654556e-79	-0.17838995857899287	5.5621615122533975e-70	2.6206238736259383e-78	1.406228525918423e-68	0.2689009009264296
KLF1	0.12448032681350851	9.607303484276673e-106	-0.14839061045277668	3.177514208194067e-43	9.021715462377904e-105	1.0548919223162796e-42	0.2195855991166087
NRF1	0.13077629316509617	7.494021105516356e-106	-0.15516296671009402	3.997440041072264e-44	7.104908471191468e-105	1.3591296139645697e-43	0.2491796150829966
HNRNPK	0.09203748613424592	6.640400843824877e-79	-0.10909932969073975	1.9413213517204101e-28	3.6991159502888866e-78	4.152153693701355e-28	0.14793965195023873
STAT3	0.16549624759536372	3.38160691214421e-147	-0.10265412100423292	4.1743207205692374e-17	9.80666004521821e-146	6.976068187256387e-17	0.1794117673837532
SP1	0.20420308598882198	5.7639823840212105e-216	-0.08396835732395723	2.0292221174177584e-11	1.8944288768816378e-213	3.0361350649072984e-11	0.2317671518119641
EP300	0.1990893436095147	1.1675251886072647e-207	-0.09606672808944174	1.0169588824876389e-14	2.8779495899169076e-205	1.6330968373498566e-14	0.1921860994000164
MBD1	0.06230588407939184	1.319751703477286e-35	-0.14405324895479438	3.146435552278367e-46	3.197236313583794e-35	1.226239310097419e-45	0.2522712703930723
BAF155	0.14169656677420478	8.934263057319296e-138	-0.17636162249804246	1.1161569966299488e-61	1.7741275120505784e-136	1.0285334567075976e-60	0.22251829964442443
NFYA	0.09055032285225897	4.060897827625548e-58	-0.19186619358874338	1.3278626323337853e-75	1.440304049654241e-57	8.728483703207415e-74	0.302380913995193
NR2F2	0.1107105314920931	7.801769957153271e-95	-0.12004055663500575	6.387090215637327e-31	6.009800920119629e-94	1.4378244184060283e-30	0.1589676873251117
AHR	0.10324478131116893	8.666882473840575e-77	-0.18401203716440773	8.302585285288781e-70	4.4976558522141083e-76	1.9491307360225566e-68	0.2525536182910926
SP4	0.14189664765432097	1.6619322661578797e-128	-0.1665113393686356	5.8500173001443236e-52	2.5210234068179527e-127	3.00422763434495e-51	0.24640034077663037
SMAD4	0.11647482665249169	9.99683842208847e-105	-0.1750864256928528	5.79314304911637e-66	9.126743226091881e-104	8.925061010044907e-65	0.23069192678874667
E2F4	0.12453460593935832	6.092495293800101e-99	-0.18704242219604855	1.9572300961623763e-66	4.883902731452763e-98	3.216381458026838e-65	0.26578197277394144
ZBTB2	0.04162836196910753	1.1465697738360906e-17	-0.12320653972779542	1.6718303023574735e-35	2.051756437390899e-17	4.1522032194571e-35	0.16465027511072483
SOX9	0.06677481808069954	4.4253910756491e-40	-0.14577373118692047	1.3270573746476976e-46	1.1422606284267049e-39	5.233914285610519e-46	0.23683129567813832
KDM1A	0.16586754976188242	1.2531876763856277e-158	-0.13651293458089586	1.5231529209655131e-31	5.884014518648708e-157	3.468426743815233e-31	0.19185856431572507
ZMYND11	0.02153845534801736	1.0133701892864573e-4	-0.13619924550295961	1.9016750139820822e-28	1.2909341171013524e-4	4.07619905170942e-28	0.16703331619970713
USF2	0.05163541876580408	5.6368496411184546e-24	-0.14867500614984017	3.879125681320755e-50	1.1273699282236909e-23	1.7956891651559925e-49	0.23731518402238083
HSF1	0.12357416581241183	2.9749453483005697e-113	-0.17894428143219948	2.9355622479617862e-67	3.2592179038048465e-112	5.397541236093303e-66	0.249055802033673
CXXC5	0.03992735630454899	3.964539311928134e-15	-0.1696012580332231	5.2204143102709265e-62	6.739716830277828e-15	4.997406320317606e-61	0.27341053894562073
TRIM25	0.08291059347449031	6.922011415987123e-67	-0.06473616237720155	4.2945481365990275e-11	2.929228865306139e-66	6.348462462798562e-11	0.07218665810951272
CXXC4	0.09543411808178798	3.949449213771097e-68	-0.1819954382334205	3.104378599053897e-70	1.7462587106629155e-67	8.272749455857143e-69	0.25858349869452824
DNMT3B	0.03824539053268628	4.433626140188224e-15	-0.13235255947105407	8.920914243989962e-41	7.498379715652811e-15	2.7148214335105256e-40	0.21753904893147555
TET2	0.01556171074006333	0.002156748389960483	-0.18117386589521745	7.2986074349022e-66	0.00260926860429575	1.0740935717632193e-64	0.2947968473299042
CEBPD	0.1171353465004124	1.3273846197882515e-102	-0.17080943437927223	9.95884497559268e-62	1.1582311815143503e-101	9.263604854655078e-61	0.2629640226539883
MBD2	0.08371004759596294	1.413726013485256e-53	-0.1908885963251815	6.264234900738585e-78	4.600441746853011e-53	5.147113010106871e-76	0.2841431042554715
ZEB1	0.11198995381883729	1.1954486044913772e-80	-0.15499584881186376	5.6669836211767e-45	6.974629136263301e-80	2.0467567217876285e-44	0.2061153333942895
SMAD3-HIF1A	0.09088873004485261	5.945011040457885e-69	-0.1593998652077503	1.9136465427916746e-56	2.652389541127364e-68	1.3103163133281884e-55	0.25950194192205084
ZHX1	0.06583533695499354	7.012072499185927e-35	-0.184112878503705	2.6040215579769043e-73	1.6781319136401271e-34	1.116332720071838e-71	0.2686191056266292
E2F6	0.12237979856278167	3.2465306799607266e-87	-0.15030309637448416	2.8775163322431386e-39	2.119920033404819e-86	8.083279497412349e-39	0.24020232002041225
U2AF1	0.08073905665801671	1.4644089113506582e-52	-0.16987545430116419	7.020194619323716e-63	4.6577651180379004e-52	7.442916015756112e-62	0.21488205540646318
SMAD3-EPAS1	0.042568930414104	8.076605194609001e-7	-0.15223755529485666	9.940778420516978e-14	1.1122252404866585e-6	1.5682572036207583e-13	0.17443650250510667
RBM22	0.05142874318749873	5.848739627990717e-26	-0.12695545045815834	3.274893569667187e-38	1.2064554964851145e-25	8.9200139770493e-38	0.16946109149214028
TBX21	0.10179762255303944	7.116857367202658e-80	-0.16303774089391904	3.1276072207679603e-57	4.103638224597556e-79	2.2675152350567714e-56	0.23859277986266636
FOXP1	0.14842073775245865	1.8881836571459348e-145	-0.15278420386793903	9.298034578558658e-45	4.7737156049894654e-144	3.3096975070248504e-44	0.23110518407639066
HNF4A	0.14294500412002553	6.888114160309061e-135	-0.13941889381733572	2.8892177337488705e-37	1.1709794072525405e-133	7.699374825611854e-37	0.22127690294673194
ELK1	0.044997610458477603	1.8078412830924158e-19	-0.16329729682035105	4.1349091191692065e-57	3.325618479718511e-19	2.9759272930663047e-56	0.22418234380103524
ETV1	0.09312894696997405	3.4081481186148743e-78	-0.13855750809046086	1.4349164752658221e-44	1.83630275680561e-77	4.999390970360779e-44	0.1484380807349338
RBPJ	0.14722013243128043	4.195723557115978e-130	-0.15908934667069122	2.6973170575356455e-45	6.56664036081961e-129	9.850202291593135e-45	0.23823010050615134
SPI1	0.0983540933230649	1.2589126003680498e-71	-0.1402067262596362	6.236396143958854e-41	5.882880682288611e-71	1.909654222963798e-40	0.2091807760693602
CBX1	0.11898194705330145	2.7442612607124063e-100	-0.1805380060338665	2.385068712256052e-66	2.2548680025520273e-99	3.793028629491076e-65	0.24252513983207274
DEK	0.06866365450303523	2.604184609726548e-42	-0.16949678784630193	4.293768263147881e-65	6.977516372799936e-42	5.799528092416179e-64	0.22219912138484293
NFE2	0.12210020115081935	1.4781921762018745e-105	-0.15789587477700312	4.4134125942543056e-51	1.3749976280519324e-104	2.186746139665701e-50	0.24844310307409762
ZBED1	0.05753145994684383	1.7789191581781904e-29	-0.12572010684088988	1.0881624793075932e-32	3.915210468668964e-29	2.542483897149969e-32	0.2570761340774479
FIP1L1	0.07419430160978345	1.95031578251414e-44	-0.1627153392288525	1.487100228174952e-57	5.401717307749838e-44	1.110818806803411e-56	0.22199897926390583
NCOR1	0.08579465865194162	1.666612771178135e-61	-0.15685545328944606	5.7928065918688715e-55	6.419063251490785e-61	3.5476442854550976e-54	0.2109428154593314
FUS	0.06754158067510986	2.4339341339170205e-40	-0.09905769647688956	8.454889347827537e-21	6.332081942063806e-40	1.499374262042797e-20	0.15280414000213077
FOXP2	0.09559020210856849	2.554768105164533e-76	-0.15764810205446741	7.868054063824883e-56	1.3188488752315337e-75	5.0705237300204806e-55	0.2359341834172753
CCNT2	0.07217078029017886	4.606793602756698e-47	-0.13527214318428027	1.2414492351348127e-41	1.3399110596808568e-46	3.885933161406112e-41	0.2109059516824141
NFKB1	0.13041532316751497	4.3166166871524916e-113	-0.13991041445568966	1.3740367894921095e-37	4.677125333552041e-112	3.681522484889185e-37	0.208867121720892
RYBP	0.062365768927069125	9.837642785567628e-37	-0.12154114081022009	7.52165972068623e-35	2.4009692541014062e-36	1.831199131999166e-34	0.1477426846363447
SRF	0.08466111837671127	1.314519315933933e-56	-0.18596422864914808	3.985997980441481e-75	4.612512617476363e-56	2.4563712554470626e-73	0.26794776982588797
KAT2A	0.03611819642848885	2.800880805782236e-12	-0.1975881925903566	3.543998072700193e-83	4.454303991131105e-12	5.823970166137317e-81	0.31567955372741596
RBM25	-0.012738901764432058	0.018496723489754698	-0.08415194918070605	2.016206334655177e-13	0.021330724398711264	3.1555229301111185e-13	0.2706950327047831
SMARCB1	0.16134765629401604	5.161805150454135e-148	-0.15195449099211658	1.4525941364408706e-38	1.5904812119836805e-146	3.989576096185789e-38	0.1566358620110606
UBTF	0.09976675434924413	2.5155830478074433e-90	-0.13001946292735733	1.1930721378984724e-39	1.7591240320128646e-89	3.4451983933331944e-39	0.15345493016334427
ZBTB48	0.06739320508487606	2.5486554304247395e-35	-0.14383306633184256	4.033587722396395e-43	6.159250623526454e-35	1.3346031860009549e-42	0.12451320377948616
JARID2	0.08358938497679795	8.265763025121406e-64	0.002646751891863514	0.7961852061516808	3.3130253425893116e-63	0.8084846686565985	-0.0693289961926262
ZNF35	0.03865409023318067	4.155246565198919e-15	-0.1443884507260151	1.5154726637326648e-47	7.051760952299714e-15	6.099004271185337e-47	0.19196616375299927
ZMYM3	0.04698791374905293	9.975445334734988e-13	-0.059021940983046264	3.29973344276289e-5	1.6045332952771124e-12	4.2089743526057044e-5	0.04082684929907596
SMAD2-3	0.12225165893453649	1.825706524754039e-100	-0.13332928925022386	1.6965657662845521e-34	1.5127282633676326e-99	4.060227780477108e-34	0.18904001595202263
PTBP1	0.07796701669198855	2.7029977657305665e-53	-0.13138920916194594	1.7411501442371056e-39	8.766959858586639e-53	4.9617746884907114e-39	0.15271842434088256
ZBTB33	0.05044186642798945	1.5702955775940223e-23	-0.11213242829298624	1.44598845398019e-29	3.109059115477321e-23	3.175377763083447e-29	0.2189782932270392
INO80	0.09735528660678547	2.0981242952855594e-75	-0.13279560063440407	3.1724048400353523e-38	1.066366265542042e-74	8.664795491066087e-38	0.14516692613095067
MLLT3	0.04450673224442963	4.931194650796995e-19	-0.10921796742470823	4.543967318394623e-26	9.020701160827157e-19	9.181048721182579e-26	0.18278095758795615
ZNF513	0.05186049250724347	7.939778838102091e-13	-0.08184296225641234	3.011403862041231e-7	1.2812801856577188e-12	4.0618935813579395e-7	0.08406828995129506
ZNF92	0.09244547179223855	2.3050282938954748e-6	-0.03205122586562263	0.4409996816526062	3.130520520359419e-6	0.4577112485362839	-0.07025921847565718
EZH2	0.13762759122816196	1.880179753472985e-104	-0.12533371567261112	1.0172871523334687e-25	1.7007864558939114e-103	2.0345743046669374e-25	0.1710932536491962
ZBTB20	0.04677835957074074	5.018008719922669e-22	-0.10895800736689042	1.760209987252414e-28	9.644749703399124e-22	3.781191824468149e-28	0.13653677708405604
IKZF1	0.039029832664787406	5.505293610585955e-16	-0.12103793459760005	4.329116178395985e-35	9.506514010573995e-16	1.0644659730420052e-34	0.10456277486797086
ZNF391	0.04405432066537067	1.2643614549926538e-19	-0.13437687157790776	2.0989028116381492e-41	2.3302063450892644e-19	6.50791878073967e-41	0.17091912069867846
ZNF436	0.025718027060986744	0.17633964943171768	-0.1596844512585558	5.613575397654478e-4	0.18837583352077314	6.884310126974273e-4	0.13086300635302273
INSM2	0.04016699598441219	2.732599840258333e-16	-0.1292442143962366	8.649743477692677e-37	4.760324103347555e-16	2.280386916846251e-36	0.18628230527664846
ZNF24	0.07858132345336956	7.794669066669622e-53	-0.1267821055297041	1.5384567504621322e-36	2.495306396018262e-52	3.991890410409637e-36	0.16614302389170899
ZNF189	0.07414814207474087	1.4621187412745907e-49	-0.1412548757019195	4.120932309588683e-46	4.4087127795007535e-49	1.5934271597076243e-45	0.16114630751032358
ZNF843	0.047449360287547676	3.255201592822061e-22	-0.1364040044716558	6.1446479846401044e-43	6.293389746122651e-22	2.012831532510014e-42	0.18652695536339498
ZNF282	0.03142132677821676	7.999752775415807e-8	-0.08761003890240929	5.6875375225395864e-12	1.1448122259158179e-7	8.627556918806204e-12	0.10833062349365394
TAF3	0.07611117755073277	4.884176960977804e-52	-0.12162863876425634	2.5008184404208347e-34	1.5288249154044807e-51	5.970476954612453e-34	0.1478424784172458
CDC5L	0.02917106578432499	0.040729875599207384	-0.07415240910479942	0.018970432255019692	0.0456878923103737	0.021674213445480203	0.025420451360273367
NFIC	0.0746076188012465	1.1607309008490871e-53	-0.09592721812120227	3.915455946933124e-22	3.814935560790666e-53	7.122951224494576e-22	0.13648000908887276
ARID1A	0.14546593781342673	2.0044199627283773e-135	-0.12117536496948912	1.788290750200216e-27	3.467294882895053e-134	3.719946581640112e-27	0.19576330078621024
ZNF398	0.07005081466991801	1.2586734775720669e-44	-0.02761677837944948	0.008103212694313721	3.515728183813195e-44	0.009444169877769892	0.015302876892604475
KLF14	0.04513824848367938	3.675129474929132e-20	-0.11399378733318102	7.34062548946054e-29	6.811424177218278e-20	1.59073774343035e-28	0.15550628089161853
ZNF610	0.05243915089217654	1.1165665716926709e-26	-0.12563388123544614	1.3084353299087e-35	2.352424443779858e-26	3.257871806287824e-35	0.17292163454609144
GTF3C2	0.030448717282227714	8.803454801473498e-10	-0.09984895223655263	1.73718070617391e-21	1.3333650436640351e-9	3.1030075657381796e-21	0.10442060432047015
SMARCA5	0.06661935920631082	1.6983106856166365e-43	-0.08336618750517374	1.0241916597922002e-16	4.6385992687479324e-43	1.697231893369932e-16	0.06676396703523024
ATF7	0.0732551552153085	8.15216772569727e-40	-0.18191840326880587	2.3486165672168052e-68	2.0770122422577538e-39	4.7259917046444285e-67	0.22649156369347073
KLF7	0.04457721241957503	1.373578290693283e-18	-0.09058534123003474	2.576427912884727e-17	2.4804911989442805e-18	4.320336602218267e-17	0.1466240625850005
ZSCAN22	0.1118805720925324	6.6413401586684e-89	-0.18396735712048207	4.861035155489922e-69	4.4851790386623575e-88	1.0893137871166054e-67	0.2407474691609603
HNRNPL	0.08347954557345331	2.9763962265415453e-59	-0.15601954051880748	8.166837546363489e-55	1.0869358071740605e-58	4.910062085801463e-54	0.1983403886635083
TSHZ1	0.037647966752057636	1.4195099402575706e-8	-0.09979018805131491	1.3924810566858998e-11	2.0796980699761732e-8	2.0961623234996905e-11	0.11388252138729107
ZBTB12	0.02648514236520044	9.87316830668748e-8	-0.1370468085791341	2.5448905321422164e-40	1.410861442086066e-7	7.558018267145258e-40	0.2229637719474522
ZNF260	0.02156053168402002	0.024675482159019345	-0.13220509823773716	3.5902959726063704e-9	0.028192381701961845	5.071678838094386e-9	0.09865606764923021
TRIM28	0.0855925837332363	8.783729474306606e-60	-0.1090193940919057	2.357299022870619e-26	3.2559237825813206e-59	4.792364611444186e-26	0.13971049084190734
ZNF146	0.05160909093137587	1.663877549369226e-16	-0.09470804979697149	6.1362375100987414e-12	2.9191873019182504e-16	9.293901973820827e-12	0.11184571376269598
ZNF561	0.0816617825340786	1.466144042264267e-56	-0.14159163777158612	3.5920055635162213e-45	5.12630505557648e-56	1.3021020167746302e-44	0.1749452202284404
ZNF687	0.0533600880245701	4.44465722931321e-27	-0.1268645980338376	1.6068552137954488e-37	9.404360575327951e-27	4.2936564791390585e-37	0.20636267805850358
SKIL	0.06559780175808061	3.4820312301684242e-40	-0.13533888135447097	1.420702578471584e-42	9.011240926367629e-40	4.592828663517973e-42	0.1739149495793447
VEZF1	0.0752543471349456	3.6473098704064644e-54	-0.09199266250877473	1.5337837388572343e-20	1.2108577549564896e-53	2.7053859866068572e-20	0.13999882427723845
SKI	0.12726518743426954	3.1312154967783546e-124	-0.14960709537279904	7.989329820266308e-48	4.229285588799257e-123	3.255156695364703e-47	0.2064874366254843
ZNF768	0.0025244346367542347	0.8627176696993619	-0.07804733492047007	0.016601221376740947	0.8697746649525264	0.019033493345891363	0.08902802539285633
PHF21A	0.056923956319464904	3.565983806510851e-31	-0.11675460480847775	2.014826958752099e-30	8.082896628091262e-31	4.494613984908529e-30	0.1545465546583359
NANOG	0.12856827990268863	1.8875475039297386e-111	-0.13652302670873226	2.022539201354484e-36	1.9590756198681287e-110	5.166382519522076e-36	0.22510402515401395
PHF5A	0.0957737521979503	1.6544838931476553e-69	-0.18387642478410032	1.200794050202031e-71	7.448954879651087e-69	3.9466097783306756e-70	0.2476182924574809
FOXM1	0.056954184889459775	4.712980505068673e-29	-0.14432855607532488	6.110400140663091e-47	1.0280970747782548e-28	2.439212363843647e-46	0.2545069172149057
PBX1	0.020178695454824744	6.490889833188731e-5	-0.09391886409835212	1.3337330706737049e-18	8.32251934398451e-5	2.2910467032827057e-18	0.16877474800123826
ZNF341	0.0857774765734007	1.0509510334946351e-67	-0.10963541515023552	1.4031241656252058e-28	4.5851226505562395e-67	3.0206996229398534e-28	0.11918372745085454
IKZF3	0.08348631223954908	7.109274152141019e-63	-0.11616222843180184	1.2517561228649243e-31	2.7816445690520014e-62	2.863646257876602e-31	0.11331173530156834
PAF1	0.05502331959264739	3.1119029504790776e-30	-0.10713924564237268	1.8591505151593833e-27	6.989376558479205e-30	3.859205069362425e-27	0.12229838714525253
ATXN7L3	0.10530476516695468	1.3839791015629408e-94	-0.14909823915294668	2.454321587850034e-50	1.0578320884814416e-93	1.157876117521595e-49	0.21156795599125977
ZNF652	0.07176227183072947	3.6804285598526254e-45	-0.1613733084733012	7.4898508658686515e-59	1.0398001604626615e-44	6.10329996177396e-58	0.23910553556301295
ZBTB44	0.05408772874189312	1.0638942028580868e-25	-0.10646512360634039	4.759781487127045e-22	2.185416008370987e-25	8.62710394541777e-22	0.1255827006764897
NKX2-1	0.05391123797178029	4.677851686454662e-28	-0.13932919749937125	2.4779815111492e-44	9.9834670191435e-28	8.572946561379338e-44	0.2050005298442002
CTNNB1	0.0866814446834075	1.0381843728434006e-66	-0.13249557631031195	1.3449406856217594e-40	4.3745717590751837e-66	4.043022914704435e-40	0.17829090116638696
ZMIZ1	0.06709589280927399	4.1118783519943336e-39	-0.18201187647957698	6.315609784617492e-74	1.0316315661746599e-38	3.1135956238164234e-72	0.2643235371060274
ZSCAN30	0.07974296359505664	2.2990663752601015e-60	-0.10684801978151319	4.110114860461324e-27	8.586664568206288e-60	8.513809353812745e-27	0.12918301204623334
STAG1	0.13454515560583843	5.780201126989963e-120	-0.15193955711008195	3.158238949549144e-44	7.401660144431303e-119	1.0888194420473622e-43	0.19822358978974308
WDR5	0.09874538591196878	5.822663539922714e-82	-0.1249435654399441	1.7868842103592857e-35	3.437812125966345e-81	4.415708850662295e-35	0.16472700231999038
NR2F1	0.07920927958723895	1.6406632482520692e-58	-0.11706699592761007	1.3603299688940695e-32	5.882523501005601e-58	3.1634088427583786e-32	0.13240700193977845
GATA1	0.06233957399449461	1.9279796801873792e-32	-0.17197176666925035	6.582752631706127e-65	4.504710816741127e-32	8.77107310116519e-64	0.2622127501249865
ZNF660	0.08625381585701453	8.846001340625654e-61	-0.15515186805394882	4.601460300839141e-53	3.3418227286808026e-60	2.479256752255406e-52	0.19423085174199659
ZNF384	0.056629753307961744	8.984848329173001e-31	-0.15757199371741132	1.0198963334410715e-55	2.0318945992120595e-30	6.446267851108311e-55	0.20497507220073397
ZNF770	0.06389865545853186	7.553033934608883e-40	-0.10021305856171585	2.1541361388828623e-23	1.9293501190477613e-39	4.0845735248817346e-23	0.11330717100804139
E2F3	0.0074102652634459466	0.15544400858200136	-0.09347522946052975	1.8183644709934052e-17	0.1671404497948237	3.05956888805375e-17	0.19939819387882526
OVOL1	0.0023598916858347915	0.7309713453643787	-0.11092925737638244	5.986751078685385e-13	0.7414997392276517	9.252251667059231e-13	0.1798378367597332
GATA3	0.14281000028722857	2.994873468076827e-137	-0.13795550731989747	4.045570030639307e-37	5.790088704948532e-136	1.0722935618845044e-36	0.20539729554247277
RCOR1	0.1233058497658126	2.4749372988717186e-98	-0.15968133712788982	2.5020885313315012e-48	1.967974336038318e-97	1.0542988426892566e-47	0.23163636350160988
SPDEF	0.07662619997940702	3.0394679796987137e-55	-0.1464097068654839	8.021367356589791e-50	1.0263408999941546e-54	3.644731895667066e-49	0.14887632520117977
FOXA1	0.13041025408817533	3.314764046933384e-108	-0.12715023867958222	8.622586445533765e-30	3.2359973765112046e-107	1.9019843926837342e-29	0.1703475760318175
ZNF121	0.044320162459154745	1.4035232433187772e-17	-0.08831492592993236	1.9885111850202763e-15	2.5070179672324533e-17	3.2354323901485024e-15	0.09298822179486801
ZNF280A	0.03083526265458108	1.4023519147460187e-5	-0.08202909902649114	1.527812642564395e-7	1.846086766274465e-5	2.0721090310433197e-7	0.10944829579878884
KLF12	0.0511873187189588	9.547705141413454e-24	-0.10385167132983301	2.7254673256151637e-22	1.9056755606141024e-23	5.013639520627894e-22	0.17749723212074267
ZNF12	0.08603320809646259	4.603170244364781e-67	-0.14610758074925476	6.737722631104691e-49	1.956347353855032e-66	2.9010456394188756e-48	0.20250527385298547
EZH1	0.057033527969436774	1.084041373904783e-28	-0.18311863076749668	4.4896650368930065e-74	2.354327741564132e-28	2.3298998559876336e-72	0.2620636094365387
SOX4	0.07874705308936442	7.369058111329292e-56	-0.15450336970524878	1.7114458915586897e-54	2.5228789228370424e-55	1.0165576199258241e-53	0.19843905313275245
CHD4	0.05670761181106455	3.073955907279553e-32	-0.10061196380290631	1.0909918528664414e-24	7.165296748410495e-32	2.1343610454887128e-24	0.10840843259179528
MAML1	0.05637886640532941	4.619563468048576e-26	-0.10344826858781168	1.189448251369889e-19	9.549034757853031e-26	2.0611528573826195e-19	0.1846344273366506
PBX3	0.06584493622032246	1.8906020747332578e-38	-0.1430690747825366	1.4132908166311367e-46	4.683752878610533e-38	5.551811733857772e-46	0.25307440381140006
SMC1A-B	0.043289248999251045	2.953152664923947e-12	-0.06866533516041032	2.9924961903559516e-7	4.688902620958151e-12	4.0419195119054356e-7	0.12285411186146214
TFAP2A	0.06103031756727261	3.850470454011419e-35	-0.11439384173662981	2.153326941152665e-28	9.282552243655891e-35	4.595628493455688e-28	0.13177071186996303
TFAP2C	0.1098038861350843	3.2640441414400786e-88	-0.14125189125215334	9.023751711444324e-41	2.189352056775454e-87	2.737667442302801e-40	0.14488014794272835
RORC	0.07305858704199616	1.290998667840734e-50	-0.020275420707519958	0.04486910791696654	3.977889645284261e-50	0.050159796378831084	0.001911904592485452
GATA6	0.10577104903200384	1.1915557302428952e-83	-0.14118917313509874	8.663590906964242e-42	7.297353726829159e-83	2.729169531714614e-41	0.18873681664063882
ZC3H11A	0.03426914023569649	1.0105575007474317e-5	-0.14345444831563028	2.3176546066027035e-15	1.3392603437324833e-5	3.758564871891884e-15	0.14467053418760104
ZNF574	0.050032865595709554	2.7894039786935306e-23	-0.18242339207443656	1.4233964575780023e-74	5.489725195592457e-23	8.255699453952413e-73	0.226329089098594
SETDB1	0.002429272794645158	0.6207586713538473	-0.11130672354687765	3.406505462139024e-28	0.6336108177586889	7.223256743374361e-28	0.20621331283641886
ZFX	0.10716108714476746	3.8561293899798984e-87	-0.11006358562971275	8.328106139251451e-26	2.501410249026434e-86	1.672405835703041e-25	0.13160622235422825
HNF4G	0.06746834423562255	1.0956547919369447e-40	-0.11518983009305608	1.0021404086494982e-26	2.8579778435180618e-40	2.0542836651318198e-26	0.13837378318336657
SMC3	0.14874989935046298	4.1286218535886286e-140	-0.11838374645015928	8.8926498446158e-26	8.849611190518235e-139	1.7821448672339792e-25	0.17868588141716882
XRN2	0.057139094814387476	1.6897610889871932e-29	-0.11772569616648626	7.546931853830869e-29	3.7273029837614597e-29	1.6318585104993942e-28	0.2103273380291137
USF1	0.09528884661716304	1.469730852934485e-67	-0.16795105218338885	6.15896887184011e-59	6.383941061644943e-67	5.10314563666752e-58	0.2534060299294917
GATA4	0.09735162435773277	7.813805303523592e-77	-0.1581701910900298	3.141278703377912e-55	4.076408481097493e-76	1.9358130009566382e-54	0.23446766431408478
FOSL2	0.08042042387428693	1.21951334082642e-52	-0.15429278357867418	2.5010877233295224e-52	3.891392084319903e-52	1.2979328922120574e-51	0.23888787315792753
MED12	0.10530657531398824	6.688787063857282e-90	-0.17335358302683374	1.045269909237739e-65	4.611988842631664e-89	1.5156413683947216e-64	0.25446287175273163
CBX5	0.026600390368566547	5.086833186067053e-4	-0.100206411970752	5.4220498829518074e-9	6.364996854647353e-4	7.648270650344037e-9	0.11770163549399285
IRF8	0.07552547198146838	7.348137331563681e-19	-0.0847819072360639	7.746078514362829e-6	1.3417154460966275e-18	1.0156427413778922e-5	0.02660539541149113
ZNF479	0.03200250272046097	1.266842747402317e-7	-0.08873688594623204	1.9242766865969386e-11	1.7998659206609285e-7	2.8834905972410054e-11	0.07704280267383194
ATRX	0.11323032119502968	3.7648160232957626e-95	-0.1659716900833925	5.205469802215167e-58	2.922920156668994e-94	4.009838457018871e-57	0.21917682712886916
KAT7	0.05979099786298087	6.126371380180086e-34	-0.0559077779905272	5.554936061416761e-8	1.4520678319369144e-33	7.62836623475895e-8	0.04037571427398537
SS18-SSX	0.0724745287828786	1.066620036279896e-48	-0.11468198804415666	7.049143160596277e-28	3.167732999313185e-48	1.4819733808844197e-27	0.11769672340291211
CHD1	0.11845503815047531	3.100257076220319e-104	-0.10251547119600134	6.436439028466765e-22	2.753922051489401e-103	1.1623312970820935e-21	0.10785321043817614
CBX4	0.07949026169133665	7.041901580603112e-56	-0.0424436201332217	4.90581407242508e-5	2.4192735046950065e-55	6.233418396148361e-5	0.0573062935766029
XBP1	0.0694181870345842	2.3361171907523944e-39	-0.19406775491343392	5.330460471506965e-82	5.876049872657809e-39	5.8398155832287425e-80	0.2717943022009751
SMARCA4	0.1359342760418405	4.172531143711501e-105	-0.10340235896006754	6.3094751323259465e-18	3.8449679511210647e-104	1.0744632954185464e-17	0.1368536259560697
TP53	0.13375508073192222	2.8558177884116603e-111	-0.14039825108086998	1.0179927345544447e-35	2.933162853514476e-110	2.5475655742910726e-35	0.186671540100154
HMGB1	0.08667627151524404	1.9049124100639408e-38	-0.02563969440284767	0.06733916158791757	4.707377534644225e-38	0.0747707357271247	0.03336644508545242
BRD1	0.07476644914814581	1.3756045773725372e-50	-0.10417572363964579	1.232689102525092e-25	4.2122550102152843e-50	2.455417080989375e-25	0.11500062102256317
JUNB	0.059498617853423655	3.641714460990838e-29	-0.16656984303641845	1.31071142204478e-60	7.961708333784846e-29	1.164289605528066e-59	0.21467693635158466
PHIP	0.09488685386193564	8.17997041930758e-79	-0.09735506673037415	3.1540527684224557e-22	4.505838454434231e-78	5.769751446501932e-22	0.08318721823586796
YY1AP1	0.07846676490812303	5.6496406663797564e-55	-0.15330191060346296	6.338641259369955e-54	1.9012101355120955e-54	3.668703291177508e-53	0.16767441284435886
LMO2	0.07254012942771555	7.386133084263236e-50	-0.10109245316674656	7.305922837305053e-24	2.233965405240353e-49	1.4014863652884793e-23	0.13546999302569918
ZIC2	0.03728351694187076	1.1553875434666459e-11	-0.1195270561551053	1.719945880765933e-23	1.8082732029493856e-11	3.2738738193729924e-23	0.1621750070422728
MGA	0.06614962161000737	4.058431347788444e-34	-0.15666373722298366	1.5772231301707066e-52	9.642441708239532e-34	8.272031948661259e-52	0.2588597090378428
SMARCD3	0.0723851020135651	5.780519494286574e-40	-0.07267012177516866	5.562977331810712e-10	1.484268807647542e-39	8.019145685914271e-10	0.03534113301204467
OSR2	0.06034305552241342	1.1817558433665371e-33	-0.09366111575235622	5.807466038390815e-19	2.79427161045421e-33	9.993301071297285e-19	0.10772924375321531
EBF1	0.04177900767650271	2.152631612635082e-17	-0.148640245927298	7.878775844272579e-51	3.8243149010057495e-17	3.864911931568539e-50	0.19673953576472064
MTF2	0.05817346064719861	2.1417645342011325e-26	-0.013805559898037226	0.22461785306383344	4.483608982425301e-26	0.23788743622012865	-0.002653995207825945
BACH2	0.059276978746222085	1.931671613886471e-11	-0.0762567350954393	9.65423463824678e-5	3.0041454436783294e-11	1.2126210641160924e-4	0.08449796910183474
ZNF441	0.04008002012965677	5.061115207726592e-9	-0.03603603359742879	0.013110416471585805	7.538156487641117e-9	0.015154596296581014	0.12630031782667292
KMT2D	0.09531442773295061	9.3383796684104e-75	-0.16919614298216742	1.1057344262991413e-63	4.650324420733664e-74	1.238925164012447e-62	0.21245891528370858
SAFB	0.028427419703645266	5.2604355611147046e-6	-0.05258300156949366	8.088841880553404e-5	7.066470658391142e-6	1.0185949034770953e-4	0.08887472134906284
MCRS1	0.07986033983578161	1.195282175435056e-53	-0.1507610333384198	1.094523248341025e-50	3.915442607903539e-53	5.316255777656407e-50	0.17995415606436754
SMARCE1	0.06649606951391583	4.92205434687951e-44	-0.06600378994407503	2.4765478202397175e-11	1.3518511381680211e-43	3.694215054094344e-11	0.05187483444867184
NCOR2	0.06229850434161513	1.403578192733583e-33	-0.1206885436187833	4.322114865725465e-28	3.3108327704194086e-33	9.125493056970682e-28	0.17132577096363932
FOXL2	0.0734831178977298	2.3753209676564415e-48	-0.1544056750169292	6.362558446159776e-54	7.033232654982737e-48	3.668703291177508e-53	0.20941518658014685
SRSF4	0.042179644945788033	1.5772456813743106e-11	-0.10151874665444219	1.5098718229052521e-13	2.4568155479227017e-11	2.374375785302358e-13	0.20985055647670964
TCF7	0.06492889508352163	2.151350481851514e-39	-0.09432935439663762	6.763650565711023e-20	5.439055320783571e-39	1.1824396201757215e-19	0.12310487919559254
STAG2	0.10469317490816284	1.5903302261601507e-100	-0.09583178606167737	3.6103899146738114e-22	1.3288691550795836e-99	6.580119142085726e-22	0.12781757650446482
BICRA	0.05045023146293054	2.1630723603504096e-16	-0.09511974529048296	1.5436559576573341e-12	3.7882581657291365e-16	2.3707862527260614e-12	0.1758448705271381
ZNF207	0.05079206131492605	4.696506061872107e-25	-0.1405079377677902	1.6269805277050948e-45	9.587484424442852e-25	6.030837595177531e-45	0.17772128849088098
CREB3L1	0.020695337566908882	3.09223466240421e-5	-0.14557658530986692	8.418740926521634e-48	4.006495896360776e-5	3.401999407192759e-47	0.22270863409684447
KMT2C	0.05619757972107707	1.068005364460285e-28	-0.08596851633654934	5.27055925953789e-16	2.324620947809804e-28	8.661285716507266e-16	0.13779419588385208
NR1H2	0.06562227086395926	6.420439181308149e-40	-0.102484216865294	3.5722789282734684e-23	1.644299489031126e-39	6.709080044338361e-23	0.16799151690316808
MORC2	0.049783758080439104	1.4531970998149692e-23	-0.12397455261117532	9.846098373916686e-36	2.888815202454757e-23	2.4702933833796064e-35	0.21381389202374235
GRHL2	0.0900640116024817	8.499327939028134e-71	-0.14124127883229917	1.0324000150497462e-45	3.897831324596158e-70	3.870518687600949e-45	0.1659105220013285
LMO1	0.07752092123223456	4.526352719303763e-47	-0.1996491856630189	1.1247447520522226e-85	1.3204094027318079e-46	2.217996651046983e-83	0.2947938750287689
CTBP2	0.073129476877763	2.325258644548921e-52	-0.10235935118160887	4.8380827819797145e-25	7.348413536939859e-52	9.540699246063997e-25	0.09216451103763418
TFDP1	0.03616219787114906	1.499254611544552e-12	-0.15277665256037953	6.664874263103478e-52	2.3958914861959936e-12	3.404956488818668e-51	0.2708710656477905
ZBTB6	0.05347085088896728	2.5345246460708064e-26	-0.08383688749137339	2.884328398349748e-15	5.294579027597066e-26	4.662209509463691e-15	0.10419905830287134
MAFB	0.06322333081287002	1.469834227744685e-32	-0.13986598142005083	6.513184649747973e-35	3.4424146046466967e-32	1.5896039763988865e-34	0.2662931896913101
PRDM15	0.04707416553585002	3.394996441982097e-20	-0.14299739127813554	1.2830178663778096e-38	6.304080022211578e-20	3.5336749057221237e-38	0.18127018108948934
CUX1	0.0689169744367805	2.152523078310068e-43	-0.1679495135248711	5.6119214226333624e-64	5.86294960003792e-43	6.587326812757732e-63	0.2206139635660963
SFMBT1	0.050215083419044536	3.0767116244559563e-21	-0.09072557355064115	1.3339603293628649e-15	5.833918580218409e-21	2.174024602895512e-15	0.12418522335787119
ASXL1	0.041720421933242165	1.7316463428426127e-15	-0.18595083161867754	1.0337118951154172e-67	2.969397033117941e-15	1.9985096638898065e-66	0.37228904162087906
BCLAF1	0.03639975435195186	3.026289306219605e-9	-0.1279784676864743	1.6337572336356885e-20	4.534834735459773e-9	2.8765797006514084e-20	0.17220428126542975
DLX6	0.0725562228258449	7.492914536224516e-47	-0.14507037432958209	1.389267698109044e-44	2.166572942145857e-46	4.857510462182686e-44	0.23881831678341278
ZNF18	0.041446901811799906	3.6767174949372196e-17	-0.13019073470598327	6.079419859678987e-38	6.508516068237161e-17	1.651324512849444e-37	0.1973159829004807
NOTCH3	0.01738036497065685	0.030938638815153623	-0.10418182164757486	1.0199918413425538e-8	0.03502353372186162	1.4306002212855732e-8	0.09400759742615866
TGIF2	0.05422941647081051	4.9930616411063875e-27	-0.16018403021735472	1.639095487913663e-54	1.0542095884648603e-26	9.794837279290131e-54	0.25967665077942315
MRTFB	0.08413210098478037	5.979265189413269e-56	-0.14920434430309207	5.211147796342739e-48	2.0613830338326864e-55	2.1498710155623184e-47	0.19640217886298916
FOS	0.10379516511602442	2.862311044921342e-75	-0.15601828490130068	1.095766832692256e-48	1.4473018924576631e-74	4.6771692512318803e-48	0.24573706440003673
SREBF1	0.040157700518380975	4.0146674575529836e-16	-0.12910739883631323	2.3758338458200274e-36	6.94467037394253e-16	6.053158067128028e-36	0.20937119811553248
ZNF609	0.07458455332171503	1.295291911602182e-51	-0.14328356745505508	6.756488901841358e-46	4.028889037349374e-51	2.5622684835444536e-45	0.20561959391196988
DR1	0.035711100574440026	3.993862297239177e-12	-0.17031619792132807	1.8949664413438895e-57	6.320944181505343e-12	1.4048397828308834e-56	0.3241683468094809
ZNF750	0.02785122066632252	1.8157757587692428e-8	-0.12234799605242781	4.569367592018154e-31	2.648453991340937e-8	1.0309831683592447e-30	0.12353842780865296
ARID5B	0.03875420485276475	3.114174481352082e-14	-0.17949791386170424	1.5945682231303767e-70	5.1854775742649345e-14	4.6242478470780927e-69	0.27927161278019463
ZFP37	0.076943713849939	3.2264586715738657e-52	-0.1410942915514178	1.8931170691476912e-45	1.0163860224191155e-51	6.991061536253271e-45	0.21977308486158204
HNRNPUL1	0.043458373611340154	1.815554856800355e-15	-0.15268619463982366	9.999817539403076e-37	3.1078768902867187e-15	2.629285358360382e-36	0.219330829854968
ZNF503	0.0637128215881471	8.94282596424807e-37	-0.1403495450461764	3.3246352638264063e-40	2.18799662549593e-36	9.819820847982092e-40	0.20411066765548508
TBL1XR1	0.08756648026045463	5.967152383110275e-62	-0.17942930177551236	2.4898782761229867e-70	2.3072989214693066e-61	6.81949994515907e-69	0.2615362347886525
PRPF4	0.04667752658649509	7.038080719012924e-21	-0.1362839595739393	1.2351203445923275e-39	1.3218185883708081e-20	3.550520873959286e-39	0.22239510826268916
YAP1	0.040621487715966506	1.2025010509096277e-16	-0.14467745811849683	7.77964868918641e-45	2.117260778923023e-16	2.79953781297e-44	0.16228964666203066
TEAD1	0.05098435315812474	3.689825534456981e-26	-0.08015085816300581	1.2262405380162374e-15	7.659301004157017e-26	2.00177677232452e-15	0.10358317292676779
SOX2	0.059811233336972865	1.4034673534688355e-31	-0.12667928627763816	1.0636847870394438e-36	3.210716497726849e-31	2.7893436170768393e-36	0.2227872460188402
MSX2	0.039607483123538255	1.4539364152764105e-8	-0.07241263447474405	2.0809171865793796e-6	2.1269752306565885e-8	2.7726815486044166e-6	0.12306690903987755
ONECUT2	0.049442627191241824	6.744735377526861e-21	-0.1190633630629056	7.180697597796799e-26	1.2691429546262376e-20	1.4478870820915428e-25	0.19387307071801307
PDX1	0.0818586673010683	2.7194095538928446e-59	-0.13258964233603193	2.067306563478068e-40	9.967798587874887e-59	6.176861429058712e-40	0.18379466169411773
SMAD2	0.06434565646493892	8.783062944228838e-19	-0.05633118298536326	3.344029032252866e-4	1.6007578674694334e-18	4.13184539574101e-4	0.04913866024160253
THRB	0.058061355219520994	3.1613641503887313e-32	-0.16562404016809243	1.6616254375792004e-62	7.351662859158701e-32	1.689033692219682e-61	0.20112362582784343
VDR	0.109271276742663	1.5137405381494705e-86	-0.1564731470107097	4.0863364806049797e-50	9.506676245957821e-86	1.8827699859236027e-49	0.2076130574757688
RXR	0.07891110624569002	1.4067126541760417e-55	-0.11165941118942292	2.3164510949500317e-29	4.766387206245969e-55	5.064347626653506e-29	0.18562894227172647
RFX5	0.062148264483807995	4.784573675986634e-33	-0.17643877870187968	7.754284691109822e-69	1.1259163829410074e-32	1.6621140663987575e-67	0.2723612406621502
PBX2	-0.0089241141415342309	0.16767658805404528	-0.06637830002274839	2.2187984985732593e-6	0.17970556067531374	2.94843034985611e-6	0.1509166827459333
ONECUT1	0.05298332782500671	1.0600227731231715e-20	-0.09344053093194431	2.9645803491930635e-14	1.98326841423045e-20	4.707047060071434e-14	0.139447824297821
MEIS2	0.010444486276645012	0.036523598889528164	-0.12523333122477107	5.9956279215961085e-33	0.04110989555373832	1.4042016937514874e-32	0.2283432443456903
ID3	0.022538605063463595	3.6043187691132726e-6	-0.09949791622273099	1.3045024186017478e-22	4.868299049788611e-6	2.422296393109837e-22	0.12481062457744527
DAXX	0.05321903755089849	3.222530119641436e-19	-0.06918775679609823	6.460321666485331e-8	5.905975275030587e-19	8.822544547305453e-8	0.0991918869950073
ZMYND8	0.06946387466601185	6.200327692078966e-45	-0.1439191750677039	1.2482210784360266e-46	1.736796336474392e-44	4.942754953164346e-46	0.19630538547532464
ZNF596	0.07678258302740971	2.952081152238711e-22	-0.024478184898771058	0.14285665503873632	5.718569776242375e-22	0.15427892866176782	0.029443500411539286
ZNF256	0.03488344749722515	1.3938424409212252e-10	-0.16016866258850376	3.4157913187585e-40	2.1440384504654105e-10	1.0053642508345914e-39	0.2324850841626226
WDHD1	0.03924994605369593	3.6444789608507924e-10	-0.1419904788348228	2.164610374678234e-23	5.571250008370358e-10	4.096556294496619e-23	0.1795262962892979
ZNF281	0.039857785957519445	1.0360644087326448e-13	-0.08477431780627429	1.8889867688921337e-13	1.6997662346262692e-13	2.961114394479561e-13	0.09177078678615956
ZNF534	0.055641681110466856	1.5748327191882682e-22	-0.023034489947784034	0.0533437732167262	3.068745180078325e-22	0.05943159366292884	0.040293821990103826
SALL3	0.07967926608935494	3.713308378572814e-50	-0.031854265185883385	0.004524965627353024	1.1265606342377829e-49	0.005368972453152926	0.012888302928002455
MEF2B	0.053719920717606465	2.50700185694533e-28	-0.1306598704295418	2.5087087428698442e-39	5.408979936429092e-28	7.128492278010566e-39	0.16364749548415775
ZNF202	0.08559291840209125	3.532410583827925e-67	-0.06797077978851522	6.246205585376678e-11	1.5209418496307134e-66	9.219698663445216e-11	0.04235431243812411
SRSF7	0.0659242193947319	1.6789739548775262e-41	-0.12006449776407956	6.313877313753422e-32	4.4263858810407505e-41	1.4579585553538344e-31	0.15430709751936594
GMEB2	0.03840296174278589	3.1186492916218117e-14	-0.2044438569822161	1.1418208006128297e-89	5.1854775742649345e-14	5.629176547021251e-87	0.2863249637494856
SREBF2	0.01758124029356761	6.716540439230907e-4	-0.10060735086978717	9.820055223008185e-20	8.382922624154018e-4	1.707685088163328e-19	0.15740155985125012
MEIS1	0.038322941006198194	6.73824866370669e-7	-0.07251681779425218	1.8281862650584473e-5	9.35762420058422e-7	2.3625054486862767e-5	0.08734652381422178
CDX2	0.06576077838601334	6.580694005691825e-39	-0.15746248943509056	2.8463671824994992e-56	1.6426745036992758e-38	1.9091959469010246e-55	0.21040087640969535
ZNF674	0.026640586711812842	0.010179982540919305	-0.03711269559725958	0.09480599554901348	0.011920977179746358	0.10409656081439565	0.09092377640404543
GATAD2A	0.04607641704666982	1.1807199114161747e-5	-0.04963473914871574	0.02920889570512045	1.5605761831854536e-5	0.0329142527602843	0.031118970050547368
ZNF224	0.04485154091856738	5.35616080902798e-13	-0.14310371385059434	2.7760207741551187e-24	8.671879405092919e-13	5.377517648952745e-24	0.20567157003819525
PCBP2	0.06771265724103637	1.7269371280789355e-21	-0.07574000524662328	1.2549797503622983e-6	3.299922496677966e-21	1.6744384761261516e-6	0.05456580553427242
INTS13	0.1104658321232056	4.0570669875773404e-91	-0.1756064248699166	3.142129034210939e-65	2.8778906832742864e-90	4.3635763770873036e-64	0.2535574249048219
MECOM	0.07641649815803982	8.797587432636952e-55	-0.12286052688064508	1.035463312545167e-34	2.950483404278923e-54	2.5085180004165476e-34	0.156911317036533
NRIP1	0.051624649085803394	1.0888408509710255e-24	-0.1164035786917618	4.2460449973838865e-27	2.209047487772492e-24	8.776939973627907e-27	0.09462268890864964
ZIC5	0.04461387423749623	3.809000387171841e-11	-0.08102632492885999	3.898109738974144e-8	5.895878150316224e-11	5.383103925250009e-8	0.10797920567962144
TRIM22	0.049268277648429996	1.488831477169336e-23	-0.14809863116585095	4.089397885111278e-51	2.953697860138763e-23	2.0364375326867274e-50	0.15389190636705036
PCGF1	0.03941806981358508	8.330740810556309e-16	-0.13848412916528113	8.369558970757854e-45	1.433527127261522e-15	2.989994617814219e-44	0.1630642703084415
SPIN1	0.061945250211442135	6.136998013559012e-8	0.002753039472436431	0.9071760440956183	8.833693491049907e-8	0.9145967070330058	0.03488755951744643
NR4A1	0.05754543561602349	2.05536548558175e-31	-0.12280606397369884	2.4297620252690464e-33	4.6803472720175645e-31	5.71776934824649e-33	0.16569235365309787
ZNF592	0.03008791024430027	3.28252253016036e-8	-0.05427173165142876	2.4002232977258048e-6	4.759657668732521e-8	3.185222303576909e-6	0.09178013586928566
MZF1	0.05706765811382631	4.889877748083184e-25	-0.047741160655769034	4.4535225018406583e-5	9.96161045373971e-25	5.673350370561872e-5	0.036804249178489984
KLF13	0.05358335413320286	3.431139972295321e-28	-0.128031657475368	1.2278955071589202e-37	7.338620417967868e-28	3.298923624138134e-37	0.16972600776124958
CEBPZ	-0.008244921307363397	0.20112577725332229	-0.14641196151337738	4.157047574841735e-23	0.2139266627527247	7.792488419760362e-23	0.252314643794088
SRSF3	0.04874257672772788	2.6700329312552056e-24	-0.09543823443398766	1.925440979491124e-21	5.3618176582843846e-24	3.433064748242763e-21	0.07468189239116392
IKZF2	0.045862816874923294	1.7824750385314615e-20	-0.0874702035069893	7.034857786173644e-17	3.3223447788128944e-20	1.1716840839809482e-16	0.06662184548013711
HDAC8	0.028961551602221657	3.551042425108467e-9	-0.09995315513876948	2.2242235244755536e-22	5.31309230828065e-9	4.114604868917253e-22	0.13603718441844012
ZNF213	0.05566382138410281	1.31849260792417e-27	-0.10598562379636604	2.278270282306068e-22	2.801796791838861e-27	4.2066938171419164e-22	0.12877286932516352
WT1	0.04913333209947094	1.9514443906540867e-24	-0.10921636801557094	3.254301604186582e-28	3.9348142519119216e-24	6.915390908896486e-28	0.1400049161278505
ZNF337	0.04531189765381471	1.1446362100796175e-19	-0.17732276907180228	3.9425574977414824e-68	2.1174696118921252e-19	7.774723385546203e-67	0.25848217598721657
RBM14	0.03350794228223367	7.253470210117269e-7	-0.05786094910127037	7.101656532784855e-5	1.001669695682861e-6	8.965727709764234e-5	0.14578804138776283
TBX5	0.04776773029608903	1.0970622771921497e-20	-0.10093084321608155	3.0601253724748256e-20	2.0486806918777644e-20	5.3688320591818117e-20	0.10451923543111981
ZNF528	0.05498131322916013	9.678809274289214e-30	-0.1149162438821812	8.601919935895543e-31	2.149393230731794e-29	1.9276120583620465e-30	0.14007097152497033
PALB2	0.018750578296921776	0.0500777820890607	-0.16723443668904944	4.4194437567293494e-13	0.055667072310951346	6.840771654843231e-13	0.2202650533551178
ZSCAN21	0.056960050515884215	4.7799362595249557e-32	-0.10291067446004691	9.7139948205009609e-25	1.1063420544346493e-31	1.9041747302214608e-24	0.11445492059483506
ZNF423	0.06574373504153025	3.0945786213931848e-24	-0.05252241836575324	1.568828514813966e-4	6.201736830678212e-24	1.955581435659381e-4	-0.002419973486649285
L3MBTL4	0.043292484203831784	7.090891219598491e-15	-0.1240807993578023	1.957362152658175e-24	1.1951485029955748e-14	3.80662540931156e-24	0.2142019909103554
ZNF324	0.04841628791988119	9.879180503801441e-23	-0.13895472946396345	1.0393224416068884e-44	1.9288855399501427e-22	3.673017661019326e-44	0.18520164504112582
ZNF449	0.06462962575243703	5.749247469906135e-40	-0.08901638856884607	2.298384832593164e-18	1.4800934739758352e-39	3.9412303390206256e-18	0.10207221885682236
ZFP91	0.042985893413602136	9.33344234520702e-10	-0.052578198187277075	4.969271885812672e-4	1.4114684282782394e-9	6.116981372548433e-4	0.05789769767730913
ZSCAN16	0.03615388237159097	3.003662401334168e-8	-0.08163894455947909	1.1118118013613587e-8	4.374610232962318e-8	1.5549594838897867e-8	0.08436501624357354
ZNF184	0.032664425201159024	4.502652555786713e-10	-0.07841515180014628	2.0628917539808306e-12	6.872469690411299e-10	3.1486242560760047e-12	0.10619698637956254
PRDM4	0.04213224584204444	1.9146598622608835e-15	-0.07539873260738618	2.731585039916855e-11	3.2661844709156247e-15	4.0623572388507074e-11	0.10224925237282485
ZNF366	0.05325800587778378	3.2889792705450762e-28	-0.07918455303905163	5.525609880991526e-15	7.049855566864011e-28	8.902371474930792e-15	0.06531545395965943
NFIB	0.01937814190596575	1.4250887397831543e-4	-0.12647917130141323	3.918718512333383e-31	1.8084137676012744e-4	8.862056085231e-31	0.1944822329602158
NR5A2	0.015310712512170612	0.014840235389791585	-0.08558037980510197	5.225108259537073e-10	0.01729606630535993	7.554188774052132e-10	0.08912857612977888
NFRKB	0.03869484497073778	1.8482170224393723e-14	-0.11608657524799001	1.5370731715111611e-27	3.08348897483117e-14	3.2041313892389112e-27	0.1661117151551501
ZNF785	0.03408019246935612	2.4737693439959434e-7	-0.07183161664302924	5.731872452009136e-7	3.50450657066092e-7	7.699763266595379e-7	0.0982269832138338
FOXO3	0.07139678579417716	6.616348131175095e-46	-0.13103854351153824	1.8347391230083952e-36	1.8909331180691722e-45	4.7212605910966805e-36	0.21243206848863871
CBFA2T3	0.046780571202349734	1.2554115014544296e-18	-0.08572242825281254	3.847633592734752e-14	2.2712582393285643e-18	6.079754362878951e-14	0.14584740156900797
ZNF583	0.040864590014764175	5.073161756297762e-10	-0.07910916661046206	3.63989866495233e-8	7.719347981033324e-10	5.033576554899015e-8	0.09084782202887909
ZSCAN23	0.025204881798002822	4.78237919375519e-5	-0.09643134832638353	1.6386299211721068e-12	6.155908466113078e-5	2.512735773368114e-12	0.14926745015337176
ZNF394	0.05222522928990138	3.845429218201813e-27	-0.115451398787996	2.5054652139663415e-31	8.153963890638684e-27	5.692139863988047e-31	0.14425360682190083
CARM1	0.027883021541805345	2.3356912329023822e-4	-0.09666144865719822	1.1591772932554852e-8	2.9487727985169637e-4	1.6189076645182837e-8	0.07988046616593475
ZNF169	0.0065735385963303725	0.6660751074569937	-0.07980340957870859	0.019291979366350985	0.6791624156696958	0.021990626191008174	0.10562150692684816
GTF2A2	0.045941862111896076	6.216679318511421e-6	-0.12911828740183803	5.88587533048294e-8	8.32832310876666e-6	8.06037927202247e-8	0.38007232193815543
GLI4	0.041681072357783795	9.132462469053997e-11	-0.09235357332553579	7.355336386695597e-11	1.4069699991386314e-10	1.0840600414472136e-10	0.11907923132021518
ZSCAN5A	0.04752658494479455	8.968917652191659e-18	-0.08845925063984703	1.2643228506275676e-13	1.610811075603092e-17	1.9914094739916638e-13	0.1114087475350316
EED	0.03861970526301617	1.4934553497980746e-14	-0.06840035608340034	8.478561305316921e-11	2.5000797536517854e-14	1.247740514483953e-10	0.08858359888453815
REPIN1	0.03049441493068791	4.3822276072958195e-6	-0.08732093763188384	2.3684926199996667e-9	5.902836640428522e-6	3.3650341834577398e-9	0.10774503507625405
ZNF266	-0.026084896449937535	0.15423254750543144	-0.08337679354920804	0.04331873710133334	0.16601887755497316	0.04848158318037988	0.1697444355434452
ZNF133	0.008259769343360139	0.5433311463176614	0.016704663783307237	0.5460378530336959	0.5568861853110334	0.5625844546407776	0.06528028235846342
PITX3	0.03596508778605134	4.4355207400414674e-13	-0.15637190821181438	3.728482167896514e-56	7.193130673817248e-13	2.4508556116973086e-55	0.18512406757069205
ZNF10	0.04621146314360084	1.0230086960604344e-18	-0.08786761359741527	4.393883202042702e-15	1.857618000581194e-18	7.090620028173657e-15	0.10522113073255038
RLF	0.05607574892347321	5.880110661695618e-13	-0.079220485310673	4.03479041693992e-6	9.504572315462098e-13	5.3185873677844396e-6	0.04622111931663858
ZSCAN18	0.037731081919908094	2.9491200255720924e-5	-0.06526030626245687	9.787601630716373e-4	3.8260951910711615e-5	0.0011929017562282256	0.07915984147265204
ARID1B	0.0690282643611198	1.162926911991844e-46	-0.06879840199963545	2.842577684246627e-12	3.3527658924677135e-46	4.3252802417703305e-12	0.10248917730189909
ZNF664	0.03138854893069289	4.2028713565964574e-5	-0.06034559441419179	2.851238292225859e-4	5.417034192946545e-5	3.5362527750121975e-4	0.07793991343757274
MAFG	0.024944537705750485	0.01614223065164823	-0.03203033455553923	0.14740686137099934	0.018724987555911943	0.15884498941180913	0.07395993630322906
ZNF318	0.039123765497302315	1.2428399433724594e-4	-0.0692956077811185	0.0021458689660637915	1.5791754950583053e-4	0.0025834271068851016	0.1633438655091855
LEF1	0.039725004819976754	2.2649767947324606e-10	-0.07610784750445793	2.2331808007753666e-8	3.4678060863450404e-10	3.1012905205133963e-8	0.09215706600017448
CEBPG	0.00795964426823301	0.2926518938899485	-0.06366059945561402	1.1085332277652415e-4	0.3082850078797962	1.388835784722399e-4	0.14031869485995604
PRDM6	0.05635615804108889	4.871277301330773e-11	-0.04535847332895386	0.013814292299390447	7.528337647511195e-11	0.015930868078595298	0.04653556983515136
CREB5	0.028306201415293195	1.3934535255461937e-6	-0.1262838270559102	4.538528649565974e-22	1.9082571891507596e-6	8.241232501790148e-22	0.14216467509914296
IRF3	-0.014688243533753496	0.009685775652432838	-0.12180637837605773	1.76801404061485e-22	0.01138280666662548	3.27680797753053e-22	0.28890847474705345
STAT2	0.0507317497094036	5.904304627699644e-9	-0.0823534538387146	2.177964138243277e-5	8.715036471424924e-9	2.8071537781802237e-5	0.15855897222736526
SMARCC2	0.05438583471214878	1.5391828705099634e-15	-0.040501289706990594	0.005282485081804948	2.643962213105965e-15	0.006230299390741243	0.01766893821972656
ELF3	0.050552283464373876	1.2669064477589869e-25	-0.12857816248170287	3.644639256172806e-39	2.5916385010173464e-25	1.0209131552802236e-38	0.12123824999836844
RAD51	0.027045364212442802	7.050126574862811e-7	-0.09106501430004342	9.783895089633747e-15	9.76323708260496e-7	1.5737227664565865e-14	0.12966728534560049
BATF	0.025865744231452745	6.280394284316343e-5	-0.1006598170722368	1.936865274196656e-12	8.063110370229056e-5	2.9608514114076012e-12	0.18908102263624707
MED25	0.01945372285591454	0.011267992604451745	-0.10916448525830758	3.2694140143357156e-10	0.0131794077200349	4.747632132746709e-10	0.1695819440909244
ZNF148	0.05844186297441848	1.2642870209356499e-27	-0.04772972910960826	2.5001640040477733e-5	2.692412532705293e-27	3.205671921965025e-5	0.05112355612947446
IRF2BP2	0.0318251528952409	8.775858626113052e-6	-0.06571328286494484	2.4559787663803803e-5	1.1677458306811698e-5	3.153118572462311e-5	0.06627221367135269
KMT2B-D	0.034849591319317426	1.0905654643620347e-12	-0.1562193478495248	6.190335028271367e-56	1.7484512973349045e-12	4.0155725907076104e-55	0.20471767659221002
MAFK	0.022896350267429026	5.21637795153408e-6	-0.1345434410466478	4.286072651678333e-36	7.016846739717056e-6	1.0863927081117832e-35	0.18706148630557934
STAT5B	0.06237905587887722	4.6538777902236416e-35	-0.17962972239793185	2.4609821386704695e-72	1.119200853941588e-34	9.332801495111856e-71	0.2278087787466846
TAF9B	0.05535790427038269	1.686001158431801e-23	-0.1513107771850836	1.0960154645975372e-35	3.324794284427511e-23	2.735876577451067e-35	0.258861068457132
EHF	0.04764448220530631	9.219068474724464e-23	-0.12286994643050403	1.0645755141860928e-34	1.803571729380619e-22	2.5727241592830576e-34	0.14709335891536915
ETV6	0.06951783011822515	2.2100446448462245e-39	-0.12000752494154136	2.68089633458886e-25	5.5731560609165664e-39	5.318639408258785e-25	0.10545219513756336
PRDM1	0.032606201255316006	1.0414261812576173e-6	-0.0949391684652984	1.3892493430022685e-10	1.4301479313649172e-6	2.0414304801791904e-10	0.0816205629723549
HIC1	0.03904922268437047	6.633035996053628e-14	-0.06538637486458478	3.3448274807915757e-9	1.0900289153514796e-13	4.731707167949058e-9	0.07519626313996064
ZNF444	0.055323791591654514	1.1647356904306902e-29	-0.15096742509373884	7.341189533842376e-53	2.5807402039655296e-29	3.891619828155152e-52	0.16574652198186163
ETV2	0.05464842790778886	1.886184407513016e-13	-0.10708275130176266	1.623776597746338e-10	3.0791023606089964e-13	2.3789654166090476e-10	0.10385728394453267
IRF9	0.004950637424290398	0.6875214004007245	-0.09999347497062805	3.8075945881239204e-4	0.6999534803620271	4.692860329862732e-4	0.18602195745833972
FOXO1-PAX3	0.026967993080483744	1.7600388190119007e-5	-0.11713882394309559	8.584107125015278e-17	2.3077104728001783e-5	1.427306850803552e-16	0.09185021132427533
ATF2	0.04661142910452869	2.336169539887331e-19	-0.17271312164231387	1.8798725058736097e-66	4.289503103033349e-19	3.141617442019287e-65	0.2377304167148081
SFPQ	0.031635762831446076	5.0978866140735085e-9	-0.10199143247421111	2.966735667199106e-18	7.581472400417013e-9	5.078474596976248e-18	0.15172534097114732
CBX2	0.031671206088641386	5.301640674726649e-9	-0.10899165890988903	1.8595319388502977e-20	7.848975533454169e-9	3.2682682561611294e-20	0.15356087265123253
ZNF140	0.021323749458662517	0.13581921977998077	-0.06698078541638433	0.03450054779247104	0.1470008240428771	0.0387885292170769	0.13203181724213933
TSC22D4	0.05104960793567151	9.600391053469122e-5	-0.023501504089846734	0.3971882335737351	1.2245776945304725e-4	0.4148597439657869	0.048553557469987726
MITF	0.05546370648000591	3.3066365369701253e-29	-0.12004389901652006	6.493928552230838e-34	7.245208056561208e-29	1.535494856714534e-33	0.1857367286518888
BRD7	0.1021418968358877	6.359688453118828e-44	0.005232823591981235	0.7290173640398114	1.7418480041042123e-43	0.7418071423562994	-0.09054522722560772
HDAC3	0.047505286595044764	4.613908716344558e-22	-0.1474197673494547	3.442805199484513e-49	8.885378895147918e-22	1.5087137451963243e-48	0.18282289722998052
RUVBL2	0.10174094384364803	3.420365455456474e-76	-0.16280140985214275	2.7591862165566165e-55	1.7565001766042102e-75	1.721871904762547e-54	0.20242524572258364
MEF2C	0.07179726109580183	2.8289287062231634e-15	-0.1455790942070434	1.1583881718502094e-11	4.817484808870534e-15	1.746438436459184e-11	0.1479981844410964
ZNF142	0.09029344319162246	1.2983735714969026e-68	-0.15380368352601784	2.086852445797195e-53	5.766650186918676e-68	1.1495176042212483e-52	0.2242181889646615
MAFF	0.052608072074671164	9.014081637516661e-26	-0.1716485082535114	6.74191119645692e-66	1.855508245217417e-25	1.0072006726828066e-64	0.2517975232960763
SMARCA2	0.06595663576393777	3.922716484558147e-21	-0.0491920265653763	0.0010649524594395616	7.409575581943167e-21	0.0012963495370461823	0.08199160225956428
PRKDC	0.014783958927432521	0.007654785972891955	-0.12125711968392863	2.2469847387569162e-23	0.009049902840853078	4.236189201557016e-23	0.1816930677281257
DIDO1	0.02575739689858399	2.8453665304709224e-7	-0.14258912356610082	4.685132365229944e-40	4.019385958516232e-7	1.374863247653787e-39	0.15867611081529875
STAT5A	0.03268285248804386	3.427693768446846e-8	-0.11777624531358168	3.3025231964753284e-19	4.962857644182951e-8	5.702780861164052e-19	0.15603767798475116
NFIA	0.019921596010531152	0.015303920300106374	-0.08139225464670698	7.780832876012629e-6	0.017773457498121183	1.0188447829679218e-5	0.07667231384662797
MYOG	0.01417090625094434	0.044125992643666505	-0.08150792491778623	1.3750890183382779e-7	0.04927319223856758	1.8675451406081847e-7	0.07069573692506023
CD74	0.03724032138689034	1.327556240547902e-11	-0.12684254867909067	1.923313202414751e-26	2.074438119144582e-11	3.9181545817788113e-26	0.23161093437384422
NFATC2	0.015007378381778031	0.007734995670182192	-0.10433395073914893	1.8881160769199865e-17	0.009133779318322922	3.1715203608911526e-17	0.171554974028636
CHD7	0.08185801316712057	2.693406945384416e-42	-0.033618333928334083	0.008149040062338611	7.197016932653209e-42	0.009486367770325703	0.005596634234562085
ZNF30	0.010385299521946138	0.07401885038178052	-0.12358502800503003	1.1826074540449937e-21	0.0812723680138481	2.1200926357970253e-21	0.1540334875780974
ZXDC	0.029977497619274977	5.269609179268086e-8	-0.1383646530060143	2.759350467934615e-30	7.60737137739141e-8	6.1002680748509646e-30	0.21037537563761724
TWIST1	0.053900691731057444	3.1379841727772757e-28	-0.09287801549996598	4.4186302047646866e-20	6.740854889669704e-28	7.738489133033714e-20	0.1473304210656402
MYF5	0.025640443171855393	2.009709534442596e-6	-0.11728164794461153	8.577032181225393e-24	2.7445617741833792e-6	1.642126937997716e-23	0.22568578563145514
HDGF	0.004863137461681298	0.32875131472253266	-0.07391577136778038	2.174174757129589e-12	0.34447268471457726	3.313348238840456e-12	0.08509893823952938
SCRT1	0.035130167312524614	2.359652068959224e-6	-0.019201602436356102	0.21847402411299524	3.2002984043931154e-6	0.23187878124371722	0.05378085339130536
CSNK2A1	0.014806467537527566	0.004924545660089298	-0.0926624125968703	2.3104086083791563e-16	0.005885578207088542	3.8094697121435587e-16	0.10759086683483056
TCF4	0.05568174918198969	6.2087169692913484e-30	-0.1589077016806172	2.7963105998911813e-56	1.3818950184472392e-29	1.8884672955429484e-55	0.20699519860222632
RUNX1-RUNX1T1	0.03806109137380082	5.141843169577952e-10	-0.10286129679323998	2.8002471814176617e-14	7.811798713719354e-10	4.453296323996475e-14	0.141535364584935
TOP1	0.009231644176795941	0.13849909448354042	-0.07545241999749758	2.4360651152467337e-8	0.14957295417390018	3.3735396118444936e-8	0.17234927345142317
BAP1	0.041641833596438964	5.17489688308006e-17	-0.14127842049478806	3.52156329322986e-45	9.144172628524979e-17	1.2812772720017129e-44	0.2145090204420623
SALL4	0.006095037010312695	0.5031633860172011	-0.1293084395678232	1.082401750985471e-9	0.5173296127350994	1.54898131563378e-9	0.2543526881605374
HOXC5	0.027262494202782258	0.051525186021288354	-0.05983690254426751	0.05274033585959477	0.05721152411823234	0.058825759228009554	0.16639673287346873
ERF	0.06536217624479328	1.697551024255128e-37	-0.14536828938284044	3.326389617876287e-40	4.174028204278195e-37	9.819820847982092e-40	0.15402272691868532
ZNF783	0.06576509425255311	1.7404381381526905e-17	-0.07955886270008829	2.915102608932514e-6	3.1032043475923194e-17	3.8529372284282285e-6	0.059987116421039884
ASXL3	0.05332525637431693	1.1379034563884478e-25	-0.1791946992640341	7.27220062841342e-72	2.332583800413741e-25	2.472548213660563e-70	0.24156240547219165
ZNF468	0.05981451094666361	3.216261768403585e-14	-0.02805990976535713	0.092342786496588	5.338777952265884e-14	0.10161828960450421	0.012753895090445234
NAB2	0.06090276409098945	8.913438475679135e-11	-0.04750713506240033	0.019431443058376796	1.3753756395961858e-10	0.02212402177316342	0.09926447161030419
ZNF736	0.039347167120825706	6.280329403303249e-5	-0.014956125535096294	0.4678753232717496	8.063110370229056e-5	0.48458515624574067	0.03205539434016926
HDAC6	0.07161600159305705	2.7421407550395516e-44	-0.10068227823392124	9.282310299788345e-21	7.573531609156857e-44	1.6431522361923355e-20	0.1831809925110712
ESR2	0.061093118402918756	1.316716398244079e-23	-0.059098391520213255	6.420801861642896e-6	2.6227926639770944e-23	8.429974215152988e-6	0.03285157979271255
ZNF165	0.0342445917609164	0.008172049493847606	-0.030588752792851823	0.2667133991473171	0.009626810992752378	0.28126140273717076	0.030196979154425582
TBX18	0.03576788843351047	1.3703925372332502e-6	-0.06544119305746382	4.84274862117439e-5	1.8792865670542207e-6	6.161225987713482e-5	0.09407123254885125
RBM34	0.005923430704481012	0.7120042015355017	-0.1375428162540533	3.402871135764542e-4	0.7237486007360873	4.199287784560499e-4	0.263865378715958
ELF2	0.08775030047767156	7.825239025650595e-8	-0.1733923245201203	1.5452699849627574e-5	1.1214659417574835e-7	2.0021500725010233e-5	0.02434722448445727
THAP11	0.01674376195475745	0.017345116238526585	-0.12712743475930796	2.6572288080229385e-15	0.020040606656360493	4.302179974894282e-15	0.09852006373008984
PAX8	0.03035389240171162	0.0017469309836598205	-0.09194378445428826	2.6168426754498307e-5	0.002129139616673156	3.350918023368225e-5	0.22820562591711396
ZFP3	0.06250047897481052	6.2330746031844964e-21	-0.07626006217424261	1.5560394651926395e-7	1.175107372608014e-20	2.107493011922998e-7	0.0297865079640195
CLOCK	0.0344721449663189	3.331461585678576e-12	-0.13715663309640813	1.0821094203399124e-42	5.281062899484044e-12	3.509736475181426e-42	0.22904843895891353
SOX13	0.02827581042810268	6.601691727572813e-6	-0.14151833743102937	2.1804185922181708e-23	8.832114034446124e-6	4.118568451967656e-23	0.24876300870362533
MEN1	0.05879942492819511	1.0177717838680253e-32	-0.16456812665973403	5.173227592522866e-62	2.3893404259377928e-32	4.997406320317606e-61	0.17853081713670219
TSHZ2	0.05430644846219475	2.8548087170500195e-16	-0.062137532474888894	1.45610133689963e-5	4.964446904781869e-16	1.8890998923460988e-5	0.028208023944269946
NR5A1	0.05031135041397786	9.072593663118552e-18	-0.147133134165994	1.225596201242579e-28	1.626468609424526e-17	2.6442841453505096e-28	0.1531480086791956
OTX2	0.01614463042434591	0.0012355739917718194	-0.1754363497011348	2.535425742873856e-64	0.0015228449448587674	3.0863330647822494e-63	0.2567168707933143
POU2F2	0.048331661092653015	2.59826628391074e-21	-0.14417538892683895	4.5853266416522453e-41	4.936205310088612e-21	1.4084523578408454e-40	0.24619040631930073
PARP1	0.05602916002936097	5.974352811745851e-30	-0.12050603581240318	2.1173420597818213e-30	1.3327402426202283e-29	4.7126394377988173e-30	0.10714767189359659
RUVBL1	0.03301762564282331	5.234679840895033e-9	-0.12441127560149012	1.0038736503695572e-23	7.770500230964811e-9	1.9145443312657318e-23	0.22396457036220752
ZNF577	0.0319454515150074	6.465310880257004e-7	-0.1018315085211883	8.363220714076779e-13	8.991250392007626e-7	1.2884586912624536e-12	0.12312573847835889
ZNF239	0.049345959102621975	4.531398783540054e-14	-0.07701679508197481	6.710120243554792e-8	7.484018761424611e-14	9.151007690380394e-8	0.09450655896532989
KLF15	0.048363498844921145	1.2384008380006208e-19	-0.10809709218666702	5.197700710878751e-21	2.286635255184667e-19	9.234113335002611e-21	0.18212772589639045
DPF1	0.022756747426875508	0.003085818744703546	-0.07956074024939508	2.819769167084837e-6	0.003715039416700484	3.736952148851679e-6	0.1631325095442007
CBFA2T2	0.031213029077749272	5.810459774083298e-8	-0.06603258689373005	8.957001124801634e-8	8.375896691880309e-8	1.2198346835710514e-7	0.07017207532903794
DEAF1	0.014472807946233528	0.05191749457999857	-0.10284094845151572	7.983730080192039e-10	0.05758228307747874	1.1458453943332389e-9	0.17646675653599003
T	0.039364751555070764	2.0018075861145994e-12	-0.1002942681059708	1.830285583160937e-16	3.188662810838441e-12	3.0279556795246376e-16	0.1414807348630289
ASH1L	0.012622407579223975	0.04564320205547558	-0.08664975811831588	3.44447827327784e-10	0.05090972536956892	4.994493496252868e-10	0.2121788871411449
CRX	0.061012755094952645	6.006011094434971e-32	-0.19211277391909373	1.313217500061528e-80	1.3868681356236256e-31	1.2948324550606666e-78	0.2766020445240442
JDP2	-0.009073776076433502	0.26190747184450797	-0.1170820913621922	2.3099171124625778e-10	0.27619333394511747	3.3691986285326947e-10	0.3302581866943298
ZNF778	0.034929046681979097	3.3340718378519734e-7	-0.08747786892304996	7.355718164497691e-9	4.689578933127027e-7	1.0346274051632986e-8	0.11252984260680651
NCOA3	0.02889642234801965	3.4437683933721037e-7	-0.13620696122994497	7.025185267699933e-27	4.836973840263382e-7	1.4430901404066946e-26	0.13650443727121037
FANCL	0.04387812802502648	4.31093692161404e-13	-0.11246735613062492	3.506971559009626e-17	7.002609233462016e-13	5.870753747340393e-17	0.17073129665106762
NR2F6	0.041202761173280984	1.658810713676447e-13	-0.08042274157142622	2.7165104243464247e-11	2.7124168551989665e-13	4.046041206050717e-11	0.07012711785218312
ZNF572	0.036252757327348964	3.796132844456742e-14	-0.1340908370814681	1.0521418234667955e-40	6.290734427956888e-14	3.1822449016511054e-40	0.12522369165061115
AATF	0.02333668086742211	0.030517581585465626	-0.006689104052414219	0.7650790041866417	0.03458659246352771	0.777698864049514	0.011712902687692836
IFNA1	-0.007917711723969338	0.1824315239360278	-0.04542290626893881	3.051038432383167e-4	0.1946726002174496	3.7793013747861845e-4	0.01311193785884452
NUTM1	0.04791202143991516	1.169721537834755e-16	-0.09608501650216979	2.15573343504662e-14	2.063229760831965e-16	3.450573322980467e-14	0.1200701659413775
NRL	0.07156094572433272	6.019735790584496e-45	-0.12411627357682	7.506151463951022e-31	1.691014099577297e-44	1.6858918777803436e-30	0.14578374374721353
ZNF677	0.029802659258711534	0.07867063241058855	-0.022799135674474356	0.5243371070846752	0.08628391941806486	0.540791200403232	0.0450221592248205
CHD8	0.05052184378195898	1.1088463090509377e-24	-0.14641554122778497	5.696521358562247e-48	2.245015319762268e-24	2.330609983212604e-47	0.1814367855893939
MAF1	0.077512410845052	4.3014950758616975e-41	-0.029919148891729645	0.013407514725530053	1.1279984427658601e-40	0.015479870631583879	0.032414887595227496
PREB	0.03690939799309212	6.857525152971562e-7	-0.11657455181209764	4.6950386934035305e-12	9.509873137594881e-7	7.132986366249431e-12	0.2237773460406055
DDX20	-0.015604306061631457	0.006288505773282753	-0.10616678313419808	1.6696620407923857e-17	0.007470441798140716	2.818984199009062e-17	0.2597890184363637
ZNF467	0.05807292231733635	1.520690149200384e-31	-0.05489203199136115	1.2515408357174909e-7	3.470834460906432e-31	1.7020955365757876e-7	0.08459504499698253
SNIP1	0.014744272587851595	0.09364599399400379	-0.13894056599527418	1.4483157499641548e-11	0.10214043150230945	2.1768892217449032e-11	0.09389506276605601
LYL1	0.07593005029372582	1.450051673828721e-12	-0.031034799591918613	0.17508042096708235	2.321024270121946e-12	0.18723350875655445	0.0332750759276421
EPAS1	0.047628948205742525	1.9477133002432848e-21	-0.13980536250340814	2.0418022530386352e-40	3.707423386177372e-21	6.119200673240408e-40	0.20283285155816938
CBX3	0.02680538574171349	2.043090842048209e-5	-0.12328904705573102	3.133963002540686e-18	2.668195457297396e-5	5.3554376438563544e-18	0.15640370608147874
SSRP1	0.024592321914616452	1.191140717874717e-5	-0.08264569086402017	9.27907965422326e-12	1.572241964959131e-5	1.40109839801901e-11	0.12810751500540707
NKX3-1	0.021203208318830512	1.9620323048510118e-5	-0.1587749390218062	6.267939163236589e-55	2.5691419025007934e-5	3.814930873426714e-54	0.24046646419902362
E2F7	0.0013708144416000223	0.8194123473309365	-0.09537711107497661	2.852186279097709e-13	0.8269606698754384	4.4427419766040146e-13	0.2608485586648396
OVOL3	0.02726418097471213	3.539367842609215e-5	-0.10532427461722563	7.874664423982332e-13	4.573809558076915e-5	1.215089064483033e-12	0.14408056356892485
TBL1X	0.0660673100478677	1.0037314421706901e-38	-0.14692827445991744	4.458395561276107e-49	2.499189903990658e-38	1.936554195338432e-48	0.20435642514698366
MRTFA	0.020700991874288047	8.979041687801771e-5	-0.11633345853821563	2.2473200671955442e-24	1.1468050653073247e-4	4.3619243823913515e-24	0.1877469854858529
NCOA2	0.046906259849495056	7.632777372624762e-16	-0.10128340642343839	2.2921391825411446e-15	1.315720015630772e-15	3.7233101054127984e-15	0.061079013788564146
NEUROG2	0.07685365550594767	1.9031127245055465e-42	-0.04303434779990227	3.178631807981075e-4	5.15513501747931e-42	3.932410241743212e-4	0.04625418879636878
ZNF554	0.04430939837569928	9.349597014762897e-19	-0.11922580027118417	5.237816889208844e-29	1.70086764881111e-18	1.1400634553553907e-28	0.14163094114547653
CCAR2	0.04813134771179084	1.3939145157944126e-21	-0.10737211698391165	1.898793691972926e-23	2.6687373059675547e-21	3.607342158545867e-23	0.12682385562889636
ZBTB16	0.028761390688054896	3.853464679284977e-5	-0.09848037724984733	2.55397880672541e-10	4.9731887091295646e-5	3.7141933678927054e-10	0.16328180841052745
RREB1	0.04969883497115575	3.360841859040414e-16	-0.09411898769323322	1.9147509489832026e-12	5.823884135349469e-16	2.9315907386606177e-12	0.07732927208228993
ZNF512B	0.05628264930777999	4.24324991085435e-18	-0.04701423738775227	6.946084178817473e-4	7.634752576829177e-18	8.497318858950409e-4	0.05589917407707941
ZNF41	0.013359121572501003	0.1749047146981843	-0.050198423291055096	0.01848482660610583	0.18704560595706046	0.021143896790742866	0.11007190563184094
ZSCAN4	0.04366837146121779	2.629346572912126e-16	-0.06891412853011812	1.2323273676529057e-9	4.588558798037799e-16	1.7609779485590797e-9	0.08812856647712142
ZSCAN5C	0.027126788219863775	0.0018995479497234864	-0.0460946857510405	0.014147806466531587	0.00230375680003365	0.016296421934579607	0.05253613454501457
DACH1	0.055263078228003526	1.885140945832152e-10	-0.056700137292487546	0.002647060694719739	2.8952476208574797e-10	0.0031559877206694836	0.06153107122064837
ZNF837	-0.006836665673410269	0.6878853169075093	-0.07662412503262905	0.043185976318153116	0.6999534803620271	0.04838792346556701	0.07080178989868231
FEZF1	0.03410861794755837	6.723101753472683e-12	-0.11257553801594794	6.636107127055809e-27	1.0538916262200421e-11	1.368870633321554e-26	0.15287714581252868
ZNF623	0.025431561001967976	6.955169601837114e-4	-0.07090074090621107	1.5814507516848037e-5	8.669781577005555e-4	2.046339161628893e-5	0.12142483397155293
PCGF2	0.058428628547853724	3.0712520327326933e-11	-0.031094223925666402	0.09517570489449978	4.761406453261691e-11	0.10438625698106427	-0.017500916974847007
ZNF645	0.003181871634111059	0.7940969114219636	-0.06069155440421846	0.023093636032575846	0.8030559534995447	0.02614273837901238	0.08528808725684872
HLF	0.02536248851286307	0.007325056096807624	-0.09835048130642454	4.386680051331227e-6	0.008670474563568209	5.767022040816786e-6	0.156268755746367
UBN1	0.057463774688905483	3.059296988495564e-29	-0.10709511625874037	4.7623894492327615e-23	6.718188932420104e-29	8.893401509362695e-23	0.1753864913415602
ZNF740	0.05945580477656419	9.701029803764177e-10	-0.04808672002339669	0.0220248066894566	1.464810932084453e-9	0.024961447581384147	0.037671473341812214
HAND2	0.0459813975400788	2.6768251003575174e-20	-0.1180913018388447	2.2937410023145897e-29	4.979904809344363e-20	5.025841396182635e-29	0.15698728508933857
GTF3C5	0.008907418114009453	0.4037839039085109	-0.12998427045565134	1.8518382164054446e-7	0.41908518868820177	2.5046810444112046e-7	0.14176982183401488
REL	0.023838183069463708	3.5952006234955586e-4	-0.11442388830115358	1.7122413286363124e-14	4.510009942451172e-4	2.74515439030147e-14	0.2725745006794592
RPA2	-0.021293242897327626	0.02244229449996477	-0.07965751122680322	1.1250384180661857e-4	0.025730351601122397	1.4077257363112426e-4	0.043201282632679826
SUPT16H	0.032927667490560274	2.548547412719769e-5	0.0037055236568547404	0.8177696010248868	3.315128956387457e-5	0.827844791181251	0.005716752517121315
ARHGAP35	-0.03399596722211315	0.005339151729039744	-0.14584491874673775	6.257246869734075e-7	0.006350305916565968	8.382670398855704e-7	0.34805907883107334
ZNF257	0.040784650411691846	5.499621909513367e-12	-0.03539242094510938	0.004609320906372509	8.676203524448288e-12	0.005462488477984728	0.046598611292348366
OGG1	0.04242436764595578	1.044215671190986e-18	-0.06245956889878896	4.473064669067164e-10	1.892640904033662e-18	6.476419623642032e-10	0.05656125933709773
MYOCD	0.025269013726941278	0.026037482034914693	0.02776497521541941	0.22420841898222738	0.029679719406272703	0.23770914098545828	0.01271513622108678
ZNF737	0.045738555478485654	5.5438613078396415e-14	-0.09770495720249642	2.7875658035849237e-13	9.140881688177068e-14	4.3489555100233146e-13	0.11482103859096161
ZNF558	0.023025266099285385	3.2807130902562354e-4	-0.08961662283874629	1.977573455026908e-10	4.1207428114556024e-4	2.893008051419186e-10	0.12299323562631843
U2AF2	0.03947344122727917	6.485702103826032e-15	-0.13744694012699105	1.6388306098637535e-36	1.0950175127350115e-14	4.2411731793324435e-36	0.16254585773085178
NCOA6	-1.038237292713354e-4	0.992147418525328	-0.1204844419477909	8.491658268465407e-7	0.9931546747877903	1.1345223648654325e-6	0.19426645529924477
BMI1	0.04693271924986431	1.0589184593675378e-14	-0.05040885780014671	9.375723363465924e-5	1.7786943797894247e-14	1.179140718925689e-4	0.06026767415588184
MIER1	0.0453084099755878	1.516524677668301e-8	-0.030021040222382767	0.07521633934125141	2.2152493810088067e-8	0.08314272487721287	-0.04766356086262625
ZMYM2	0.04061671812616116	0.03393143948216706	-0.10204439380737179	0.020614958250364312	0.03827963310001913	0.02339050498833051	0.1385384296493517
ZNF90	0.01245903528330224	0.39002381826701377	0.0016550935019155207	0.9559335753499371	0.40565768440007977	0.9595896633396868	0.06259364586345088
ZSCAN31	0.01680288718905033	0.08070566205131711	-0.14062018754827543	5.245477224066047e-10	0.08841753642510965	7.572533737817164e-10	0.14210200294585634
JMJD6	0.022237369918188938	0.0037602165622597555	-0.08034247070059027	2.2153500926426174e-6	0.004504949611650205	2.9478207710467215e-6	0.11978805042755666
ZNF549	0.031113608538346372	1.7753497497257885e-4	-0.041524017900103426	0.019495444585209933	2.249993384613917e-4	0.022171289920434826	0.0728503852353353
ZNF626	0.009634014885914477	0.4234793904800851	-0.10996848578207599	6.685889994835568e-5	0.43860365442580246	8.46250004481113e-5	0.06505157892604871
EBF3	0.027763978861997624	1.1219818398602696e-7	-0.13119020677582238	1.0750035221916168e-30	1.5986619856968581e-07	2.4035226142424814e-30	0.16111535293086976
ZNF343	0.053894175398101894	3.1247586924016927e-13	-0.09839038450334019	2.6240173120463137e-9	5.09258193505466e-13	3.7227065750757776e-9	0.11723940068791591
ZNF320	0.00935949654188306	0.24000993914847035	-0.09101304173708598	3.081916776043559e-7	0.2544621505380557	4.151325056255395e-7	0.10044080761858881
HOXB8	0.0405956258043761	1.032783270148815e-12	-0.06976241233125736	1.1730654914503446e-8	1.6585086390337647e-12	1.635986668415898e-8	0.08458936533771684
ARRB1	0.055387620249582215	2.878812659042352e-28	-0.17904535649170925	2.9560570664202672e-67	6.197618519248383e-28	5.397541236093303e-66	0.23897020106507177
ZNF680	0.02118480593447349	0.03238911804672404	-0.09481878919969002	2.1901427965671537e-5	0.03662347522255723	2.8191655318736472e-5	0.09398455535953987
LIN9	-0.03877393508170057	4.363955749179668e-12	-0.13100231859774789	1.4653636889511016e-26	6.89560956521018e-12	2.9976111977298466e-26	0.32388577729441625
FOXJ3	0.0341719400147923	5.240753198368762e-9	-0.13343647891339466	1.5789729530377145e-24	7.770500230964811e-9	3.076812908488511e-24	0.18915202553010646
ZNF101	0.03973125581736658	8.152906549878046e-15	-0.1392572836376584	5.7195936111384497e-36	1.3718030474709476e-14	1.4423323019392612e-35	0.15462063697698247
SND1	0.03583017968509648	3.2417653426282835e-7	-0.13742378553744752	1.647532152340637e-17	4.566258039759268e-7	2.786392285090683e-17	0.16718852159452346
ZNF329	0.028716533654467045	0.017357685684109392	-0.08252336100356328	0.002253332698246221	0.020040606656360493	0.002702902725633545	0.06902063772067071
ZNF221	1.494795183918489e-4	0.9939842767364876	-0.14506933595786653	0.002320400310736061	0.9939842767364876	0.0027799692665683544	0.17292333636844037
CREB3	0.01629647903522161	0.06647871561314757	-0.025101763324142098	0.1808385727219385	0.07331992572098826	0.19318183391531024	0.08547867282116031
ZNF816	0.04410459222127863	0.0013415555536880307	-0.07614960545316335	0.013049127615337924	0.0016452410148462666	0.015101455198031915	0.06777618446302404
USP7	0.026026707669472033	0.0017540423651883712	-0.12648976291956535	4.231159404436206e-11	0.0021330015841933172	6.264148908069218e-11	0.11798959052614716
ZNF331	0.04104589253001518	0.0066599554461565	-0.10678864722530644	0.002085633701505905	0.00790218540302083	0.002513979009394648	0.04390583138627616
ZNF701	0.0614855631461793	0.0010122791437801157	-0.13891759071989357	0.001712740241844074	0.0012539035625216005	0.002072100464365959	0.001541320781669125
ZNF317	0.03430661965839714	0.0017544262523131646	-0.051682754048177695	0.02962495038123597	0.0021330015841933172	0.03334497839714459	0.03505353989412802
ZNF37A	0.048843091185300884	0.039147672486055184	0.03984493408029987	0.3996207853857991	0.044013232692417796	0.4169588300427491	0.07337702916082545
ZNF784	0.03544033441291689	0.0034280586743159706	-0.10788335420140091	1.0564232260140207e-4	0.004112002254106505	1.3252332071880718e-4	0.09906544448372967
ZNF350	-0.020845845371883887	0.00782929282928913	-0.0582189997512377	6.485653175234927e-4	0.0092340702508123	7.943918050660419e-4	0.2557490589737881
CERS6	0.02056634096675169	0.023764249774098828	-0.12837216224811607	1.2795928816463214e-9	0.027182772943458753	1.820604013424636e-9	0.21625855371165237
PAX3-FOXO1	0.021592139157593882	1.328366035108445e-5	-0.13538120642347534	1.1469584637575516e-37	1.751027955370223e-5	3.0898935662976666e-37	0.15763581201554744
SRC	0.0588918548813929	6.553985313927519e-8	-0.10983787996712038	1.161000251648411e-5	9.420159649464335e-8	1.5142146139223984e-5	0.08553125437634919
SHOX2	0.04377653482609412	4.3953398050128475e-9	-0.06463023067521942	7.009537386061216e-5	6.556437288566819e-9	8.860774182892767e-5	0.08193979775019798
HHEX	0.03736815579489393	0.019339853642901143	-0.06515414501294527	0.06591560359265979	0.022276980948481923	0.0732725875336669	0.1213051990823742
ZIM3	0.04318251179744545	0.008731217468747379	-0.04380318254838817	0.21759988622570758	0.01027324632957627	0.23119987911481432	0.02483824225638699
ZNF410	0.07611503729642213	1.1414896061532244e-7	-0.09843580261855926	0.002643429846352239	1.624110752766348e-7	0.0031554743686480723	0.028073354245992964
ZNF34	0.028037561058453887	0.012266639876020993	-0.07001968602905075	0.004636708913422887	0.014330458433361016	0.005488349326092396	0.06741075712198101
ZNF547	0.018993140596204	0.01959348356827662	-0.07653961168700754	2.002948281117034e-5	0.022542794397107057	2.5849568130646538e-5	0.11445078379730637
POU2F3	0.0164276512959298	0.012302136352570535	-0.08894051345549114	6.869389628720067e-10	0.014354918868206565	9.887909742945965e-10	0.17928450120655354
POU4F2	0.02375001940700186	2.2810790556246444e-6	-0.1522954829743085	1.8520634662010836e-48	3.1022675156495167e-6	7.837487457829478e-48	0.2559713381493618
ZNF597	0.04661024495916539	9.553001358688232e-4	-0.05558181681434776	0.0724604227854004	0.0011863047027287905	0.08018628155600988	0.11609454249817963
HSF2	0.02667233044123848	0.0018192583559665937	-0.10868150136133341	2.408523133126006e-8	0.0022090994322451494	3.340089745797809e-8	0.1849577314060118
ZNF85	0.02920621851877483	0.1251456236627563	-0.0684606227393155	0.1039727487704769	0.13559734607854693	0.11352949090552626	0.040697260105415994
IRF5	0.013695928646903383	0.11955054807595182	-0.16036595027730804	2.1779529128402277e-14	0.12967749219239658	3.480488771572876e-14	0.24086426384386078
TBX3	0.027849341428484758	2.198093145511922e-6	-0.10727001811795298	9.880704032014813e-17	2.993535692644689e-6	1.6401303325869708e-16	0.18701997206630322
TCF21	0.05079013411665554	1.852047245185808e-15	-0.06817899102099431	8.236744043299841e-7	3.164850231807984e-15	1.1019578869326516e-6	0.09762931820023765
SOX8	0.027868120651014922	9.97052399409236e-8	-0.1174894287038184	4.41689241737154e-25	1.4227115279558706e-7	8.745092215920357e-25	0.12697195699258962
ZNF22	0.04720629111546573	0.015102512073437654	-0.005330434042843876	0.8948753431072345	0.017560232198596138	0.9031188211911291	0.0016400773114472258
HMBOX1	0.013348904328603743	0.0397167670683449	-0.09061621636051878	2.2392559645179229e-10	0.044602200830738126	3.2709724163180323e-10	0.15791583889545244
TRPS1	0.041428422604274255	8.839031223678922e-13	-0.08034721674328332	1.6109576032058064e-10	1.4240661415927152e-12	2.363696721370424e-10	0.0891888409100198
CBX7	0.02496028259039354	7.518619003369285e-5	-0.11518472137300062	2.5964345618240663e-16	9.627738100418332e-5	4.2739306810659925e-16	0.1940853280520214
E2F5	0.008597907466080648	0.3991378989519973	-0.06609605792055853	0.00322944101888574	0.4146996505444355	0.003845687010412246	0.1556133625772846
ZNF589	0.02735964348904231	0.035683002523485705	-0.03690390138921701	0.18857752119031812	0.040209646272179315	0.20101344420935532	0.14035264058450894
GFI1	0.02930953756693138	1.1687636415411368e-5	-0.09954500057268029	2.245760648304154e-11	1.546846913502766e-5	3.3550303018604485e-11	0.14076952669129544
ZNF83	0.039410160223521375	0.009946690358643038	-0.03597623495219891	0.2730814720558146	0.011661636972202181	0.2870557904552593	0.07747837922324982
TLE3	0.01815826183084424	0.0040465958895361705	-0.10209203520350539	2.720608553926234e-13	0.004842164498886728	4.2512203394156364e-13	0.2051140286529038
SPIB	0.052765404872569276	1.421760308419686e-16	-0.08614175868517984	7.682626283352969e-10	2.498851451161872e-16	1.1042375386860099e-9	0.10124071391952039
HNF1A	0.06620479030472234	1.9418272965477984e-21	-0.10287782089388814	4.1001148681242195e-11	3.7033688866462845e-21	6.079268060105986e-11	0.1037515798607696
ZNF8	0.016408736374281217	0.16622427869488962	-0.12027831968948563	1.241758406909546e-5	0.17834291490006657	1.615268851204238e-5	0.10927111005959182
PYGO2	0.007619383163778585	0.5948529486480338	-0.003386132156125476	0.9095522229983533	0.6077979350952967	0.9160556607521718	0.10263840581498943
ETS2	0.018480438233163674	0.32942512788523093	-0.040645752823930466	0.32073750868404527	0.344812288848023	0.33643317400262623	0.09801190277952515
ZBTB24	0.0340718465971581	4.098125616436371e-8	-0.07340731754816861	5.1545799095165855e-8	5.9248560964901204e-8	7.088446012250144e-8	0.08736516368943292
TERF1	0.034684902741997155	9.230007633181738e-9	-0.10790231976786573	7.111000033736055e-16	1.3583264964652528e-8	1.1627605361963102e-15	0.14049921483203812
ZNF764	0.012024623526660073	0.15265314975549177	-0.10324702207087398	5.5924070031802475e-8	0.16449836684034413	7.669142288088629e-8	0.12151563554912576
TCF25	0.031122666870878068	1.3828038060951763e-8	-0.14931413686057626	1.7856586377629425e-35	2.02893534644322e-8	4.415708850662295e-35	0.272214792296951
BRF1	0.019113799997573944	0.00980980817465209	-0.10131487494890898	1.039377945453034e-9	0.011514846262151143	1.4895736253149587e-9	0.1160408291362409
SNAPC1	0.019510508182766444	0.0010907291444202587	-0.17929870283257635	5.1067726501244344e-40	0.0013493838599728672	1.489727169533341e-39	0.37382348166108825
ZFP42	0.014946522714408335	0.13757675628499852	-0.08942056913309424	8.031622421196628e-5	0.1487397825625094	1.0126828270204444e-4	0.21397848847010048
NKX2-5	0.026144516289211668	2.8255042196669006e-4	-0.06904059402786944	1.1226450147916423e-5	3.558042350691653e-4	1.4661297809067011e-5	0.11418218328403892
ZNF830	0.02091553516679018	0.06538821347376784	-0.10906900977135084	2.7250598891951752e-5	0.07219796022971454	3.4849663433806e-5	0.056130576665760074
HOMEZ	-0.019167634869477465	0.3080480311192007	-0.11286717465977743	0.009575677158668538	0.32346683565871337	0.011120868879207513	0.13664495492013679
TFEB	0.08321211713278677	1.0956999207815579e-13	-0.057296726294256375	0.01978208468967236	1.794618142675442e-13	0.02247135426730063	0.08446663682994546
ZBTB18	0.05601204772304235	3.1986696163358916e-6	-0.07679380819102798	0.004135067722074325	4.326321319214251e-6	0.00491226117345215	0.05003419420956254
ZBTB42	0.05778854438874927	1.6331204117609682e-23	-0.05390853256835696	1.2528639460541169e-5	3.226967386766162e-23	1.6275676558753085e-5	0.0810624290950624
SETX	0.011755250988473135	0.10081057867525764	-0.12372264602327288	3.7384101674021464e-14	0.10959121342205515	5.916649157397297e-14	0.18956975255089925
PAX6	0.0452119431903605	4.5480514088615866e-10	-0.12542923824393146	2.6247018092728405e-14	6.931033522623686e-10	4.1808658868223274e-14	0.30118960147852547
GSPT2	0.02379524035755894	9.214364943254451e-6	-0.09271539803125972	5.324005689879691e-16	1.2227945940846418e-5	8.73455841966951e-16	0.1567622354901263
ZNF543	0.04104949261648967	0.03318279035677349	-0.0036319666536825776	0.9279331117939046	0.037477928169276815	0.932662638357584	0.07740856937974731
MBD3	0.03726286806338947	3.1041572008804607e-8	-0.02343767575519446	0.09615232021559494	4.507656848406678e-8	0.1053402085917518	-0.027517687171514288
SATB1	0.04934724321707214	6.053526480664335e-10	-0.10271711133319857	1.029336487965746e-8	9.182734015284667e-10	1.4416559334292977e-8	0.12584429508930806
ZNF280D	0.005345588186717904	0.468740690164398	-0.11081639295392355	3.095168098981074e-11	0.4829449535027131	4.5961381710773176e-11	0.11775341244548096
ZBED2	0.014964499434108823	0.02912772015567264	-0.08690221963193964	9.045359044681413e-9	0.03304940399711533	1.270473506845566e-8	0.15450509183611605
ZNF579	0.030753832127687442	9.25020948084793e-9	-0.11260113278884679	5.849094479457536e-22	1.3592707225210222e-8	1.0582031480266294e-21	0.11097644233373846
CC2D1A	-0.0111208431492785	0.07263004530256499	-0.11862919732726163	1.1453579324850711e-17	0.0799254739601887	1.9437571797423065e-17	0.17995254924045115
ZNF792	0.041480688134816875	3.605497891235836e-7	-0.03286514972689158	0.057969969112657206	5.049745626077463e-7	0.06451285501702032	0.06417165871176218
ATF4	0.02035307299148015	2.890451107804258e-4	-0.11207678969181849	7.124739519312154e-20	3.6351846840497427e-4	1.2433616223082804e-19	0.19005485604007358
COBLL1	0.013723962797252682	0.43982807855424544	-0.0951004272032249	0.01915787755559205	0.4550582218829864	0.021863040821543705	0.1672831549998281
RFX2	0.04521574696805077	0.0012894861466673324	-0.011181315198915142	0.7021768299221793	0.001587307541340811	0.7167146524878559	-0.01303944152569961
CIITA	-0.023258583036674156	0.1691560635919524	-0.056531854350627436	0.12916025676393153	0.18109433083785567	0.14025552111149392	0.23160329306938537
PBX1-2-3	-0.010779556767577374	0.08811116920131119	-0.12832698152616234	1.0661102951815367e-19	0.09620998098836415	1.850677378607386e-19	0.3614894371398675
TERF2	0.029255063674910632	2.3128512246428986e-5	-0.11086530131785911	9.440128221313695e-13	3.0125116347396277e-5	1.4521008465234483e-12	0.15246215065499746
HOXB5	0.030947567820230868	0.0024265113405716747	-0.0437663340657658	0.04604620082274057	0.002928445754961654	0.0514173884611803	0.042836136060801194
ATOH8	-0.019501313813829305	0.15955562875329238	-0.022608070715291684	0.440876815748308	0.17137456421649924	0.4577112485362839	0.11437953104423751
ZNF141	0.02886826981133137	0.08723613349769326	0.007614163012380422	0.8266376268525526	0.09536011932231213	0.8359637949503763	0.08356892602237365
POU2AF1	0.053473637597867316	1.5229284605822338e-5	-0.03288470886657336	0.2140202306104658	2.0021432828454434e-5	0.22764179868599707	0.07876317848995315
BHLHE22	0.05958588262985752	2.2088150472249918e-9	-0.03140915194190287	0.13835220406586285	3.3149035564137625e-9	0.14990689363619863	0.010967109138371555
ZNF462	0.0758231097448463	2.023534788631464e-5	-0.033791192648077215	0.36932589367909613	2.6461608774411452e-5	0.386576784678969	-0.11729176817179149
PROX1	0.051974322843219505	1.2513108065064587e-9	-0.02180920344266653	0.22725631185721126	1.886532806139707e-9	0.2401658343957238	0.04737216145454131
ZNF197	0.08376111639127168	4.33275108883289e-6	-0.0830015271073704	0.04260554266241805	5.8441758872629675e-6	0.047791882895499654	0.002371434474615311
CSDC2	0.060872421588502805	5.431936780980584e-9	-0.040781969110605394	0.06809487004092225	8.029819589275645e-9	0.07543993467454983	-0.002041967947883739
ZNF395	0.025283568488299428	0.023502023986460834	-0.06688145645971173	0.006691319923945189	0.026914048374739118	0.007835678675783796	0.14726873897722353
TAF2	0.018334529259487205	0.04101666525602622	-0.12642516653414493	1.2450973924017052e-9	0.04590514408903729	1.7766512719364417e-9	0.32371006800106084
ZNF644	0.05483221470394988	3.5903108998876696e-7	-0.03860394248179449	0.09472238178221583	5.035628090027371e-7	0.10409656081439565	0.04519299382407359
ZNF519	0.06438078661815333	2.4430558045948954e-31	-0.07466652952713601	2.443864569640377e-10	5.550352588319278e-31	3.5593064485456594e-10	0.11231897508472635
SAFB2	-0.009109533787550288	0.3371116977867215	-0.123250387304533	2.0491680154538474e-8	0.35248370521496014	2.849759750687579e-8	0.1554889125994386
CBX8	0.10295111880862266	5.931173217240162e-12	-0.034987230075551753	0.27097499560828864	9.312319732800637e-12	0.2851455129880177	-0.11468733971555639
HCFC1R1	-0.018176005331582926	0.3492699769031437	0.08188166062373328	0.024930370675751382	0.3648095309602751	0.028157325872039934	-0.09292406905612555
ZNF28	0.0075413917396594575	0.48683659049088324	-0.07859122768249605	0.0011078478602113855	0.5010656348893642	0.0013469025772730285	0.058335102722461535
ZNF397	0.01741316718073158	0.18773622074374566	-0.0709034470029575	0.015764872327098074	0.20011666340900888	0.018116741392212938	0.13442945514173002
ARID3B	0.026328323237295483	0.04949393191040744	-0.04164369019484767	0.14949444190547267	0.05514239193634094	0.16074320580021378	0.07495086646607418
ZNF223	0.03636512376549337	0.0011522749876666648	-0.0787970078667835	0.0015137404144677106	0.0014237382679690872	0.001835852458382734	0.01742924827065601
KAT2B	0.015684772817595873	0.06878932145692461	-0.09703178218683157	5.820037803639865e-7	0.07578354296818735	7.807560917535928e-7	0.1611050168538921
NSD2	0.0017099248596208795	0.9150870011855815	-0.130883217861553	5.505520675688472e-4	0.9197510531793918	6.760203469774387e-4	0.16148418410757312
NFXL1	0.07572054514297008	3.0737709152732256e-7	-0.01729656327312935	0.577090672339547	4.3358199176815456e-7	0.5927202113820764	-0.04203778102203231
ZNF611	0.044867898832398834	0.005174012037560693	-0.05145303843433549	0.1396594992226392	0.006168773723137658	0.15115726260540316	0.01359344305497832
ZNF362	0.01123963689130516	0.10200147147418277	-0.06542913486502001	1.1665523992244008e-5	0.11076371241579758	1.5194460576423504e-5	0.09738768973257786
TP73	0.050973268312086276	0.0014312424717491255	0.03532467243925972	0.2693841425993699	0.001750874785539253	0.28377432115702855	0.012979187796432319
FOXF1	0.06215671345802772	1.0275713516290855e-6	-0.029147535005728732	0.2814371053550994	1.4130897527284216e-6	0.2955239466242045	0.02258585235472721
SALL2	0.03405060765076114	2.1947060491192938e-5	-0.04420873103254803	0.010040481010485946	2.862407624909555e-5	0.011646957972163696	0.08389357236136302
ISL1	0.03709140008647897	7.569559104267239e-9	-0.06343658291486914	4.3766769707169025e-6	1.1156330757559787e-8	5.761553395362972e-6	0.12194523041337596
RING1	0.0796929307497252	6.435308539598575e-7	0.011745923768736375	0.718430338960151	8.962166977463552e-7	0.7317895808003191	-0.07046895453034557
PHF19	0.07699187602302349	8.186286543529302e-6	0.07898152099769493	0.01535122651611341	1.0922433737374684e-5	0.01766197123090761	-0.1773498041909346
ESRRG	0.06194803968182002	2.0688525171250696e-17	-0.04253181999607347	0.006409087537431607	3.682109353583608e-17	0.007523047990366148	0.06088446303675398
NCOA4	0.020550592454252538	0.3045360854225226	-0.11218760709357808	0.016313937623952366	0.3201200215635472	0.018725893477551842	0.21354477512473663
ZZZ3	0.012203494758833805	0.23164078631490442	-0.14328422344555228	3.2241035467061e-9	0.24585340721904816	4.5674800245003085e-9	0.27314788055343947
HES1	0.03889530798033399	7.6091991498038225e-6	-0.05029971071552005	0.007379534246683808	1.0166220002312424e-5	0.008621114653116392	0.10322709065536403
ZNF283	0.030324857815025242	2.1818795333750386e-4	-0.054398918742369594	0.002209643618503787	2.7581195127022925e-4	0.002653725466315145	0.07202020721088945
CHAF1B	0.05067729481029079	5.232450382806362e-7	-0.14590434446216363	1.2536761569773776e-9	7.307643169188488e-7	1.7863073566180553e-9	0.25116170716400893
ZNF507	0.0371667048498685	8.769563797682165e-6	-0.050203431779354164	0.00544074314300647	1.1677458306811698e-5	0.0064092864265285305	0.09312181440317195
ZC3H8	0.01371160581882647	0.06165946700208807	-0.0891561458524778	4.4921178249463054e-8	0.06815721352472963	6.194724720835045e-8	0.1568009884478842
ICE2	0.011038289966910015	0.5714652579769595	0.014955113003127213	0.708325202019441	0.5845069962295456	0.7222426568678065	0.1285233304661184
ICE1	0.05765281438897779	0.0013228605017231107	-0.06995383596219994	0.08038364367907233	0.0016247833119797748	0.08865578598161669	0.08878931402269405
ZBTB5	0.04036963521033563	9.589015498053763e-4	-0.0013805091608446957	0.9566700193335822	0.0011892791548529572	0.9595896633396868	0.0870873562785611
ZNF134	0.043498412286489166	1.9051562208586993e-6	-0.04694994229941334	0.017216779208636946	2.6053870093851284e-6	0.01971631161407204	0.07529358165030252
NFKB2	0.017805400940203227	0.0814104386733754	-0.030880611457272025	0.15528449071116915	0.08909066873690137	0.166605558042669	0.06357063097983262
MLXIP	-0.03593177912394876	0.05207143086791784	-0.15699343297071172	5.306089805497112e-4	0.05762392041681199	6.523447067606175e-4	0.43525102674845256
ZKSCAN5	0.050202013624719405	3.6130164135569424e-7	-0.10530283147562844	2.912507275118215e-6	5.053098133003043e-7	3.8529372284282285e-6	0.09046879722053724
ZNF333	0.0010864594925575233	0.9544863006551523	-0.0654892844346948	0.120718278896504	0.9564263134613619	0.13152289833364966	0.1368610457885592
BCL6B	0.05536588379367807	2.598358390226342e-4	-0.13848838067963423	1.1553013741511471e-4	3.2761910137636484e-4	1.4437606526147416e-4	0.04466817318682264
ZNF383	0.033757725475028866	0.15027234030134237	0.0666523311983951	0.14412892888755602	0.1621099863644678	0.15548263006907026	0.07764149391770123
ZNF563	-0.013118596336617237	0.45451780544812986	-0.01967121454691849	0.5970543297070887	0.46878091649775744	0.6113141942795322	0.17531417777358324
ZNF667	-0.013118596336617237	0.45451780544812986	-0.01967121454691849	0.5970543297070887	0.46878091649775744	0.6113141942795322	0.17531417777358324
ZNF605	-0.010488179732344794	0.5228937264352993	-0.06350113082770262	0.07817310406076061	0.5370554315262553	0.08631431198646132	0.06681939923650666
ZNF846	0.08071222035530891	7.496494382249844e-7	0.008446227816906992	0.8016356811237729	1.033782302223545e-6	0.8131818740617697	0.05118269840753838
ZNF585B	-0.00726137703351254	0.7370223050925582	-0.05662170799602302	0.23220887573531596	0.7468694684699511	0.24513699301394168	0.10657067433669759
ZNF273	0.05733001409191056	1.0875387779059169e-14	-0.019941759281279618	0.20027376198307498	1.8236619643116224e-14	0.213250463623447	0.00901691142373531
ZNF425	0.04282863343132494	0.0032458144458889556	-0.07014868790954189	0.028547146106340973	0.0038981401262442265	0.032205361625689016	-0.02588475148961642
ZNF322	0.031532644090548206	0.02603538525702804	-0.10875765837489222	8.628795523858832e-4	0.029679719406272703	0.0010529693547679218	0.09085041683133346
ZNF79	0.03278205264075832	0.01632290737564965	-0.016741748163731716	0.5607350786913515	0.018912322764266222	0.5765221976951748	0.09584158374517777
ZNF311	0.04785487035476582	1.1064886131140101e-4	-0.015566362313381842	0.5488764236284618	1.4077390613295663e-4	0.5649187408117571	0.01720423435031994
ZNF700	-0.0231120113874856	0.19132199920711396	-0.0592689723174484	0.12584182605076233	0.20371867302182975	0.13680269072332044	0.08521801264859918
ZNF445	-0.013026694176660978	0.38542775768212945	-0.09490167900219455	0.005049268863079929	0.40130070652014743	0.005962370178439293	0.024856669568569807
ZNF215	0.04818437204276642	2.8397952221373765e-5	-0.0696523109680717	0.006051413718632024	3.689114741801651e-5	0.00712015981691071	0.0176919825302084
ZNF695	0.020726455491395016	0.004958218815568294	-0.06809177608915448	2.351116964821041e-5	0.005918648610351499	3.0224267631206602e-5	0.14662160908647057
ZNF704	0.04729007419189373	0.0026975434736999327	-0.05046354181368044	0.14211627782175648	0.0032515621822348825	0.15364764246957446	0.09790393574167695
TOX2	0.04233238305966594	0.04229421933877202	-0.0610028164902763	0.18419854751617407	0.0472812928208948	0.1965581903148784	0.06738315151841073
CHAMP1	0.001485882551943676	0.8745858980831536	-0.0850427682376426	5.278203645726261e-5	0.8808393212563732	6.689342923761045e-5	0.15913181036904328
HINFP	0.03809650685174268	0.0022499672725931146	-0.03868940014693586	0.14944381592794695	0.0027187104543833465	0.16074320580021378	0.10562633882084493
ZNF675	0.035760516675658965	0.015065603451332595	-0.04964912697176647	0.12016600054365124	0.017537998822920824	0.13106601386730102	0.05965109963129042
CRY1	0.05166314191857228	1.557306626957124e-5	-0.06917665841278749	0.008748829220563236	2.0446129616241335e-5	0.01017257737202282	0.025737730874007728
ZNF429	0.030451229661185103	0.0984742405650157	-0.09568629516732408	0.023162619721811648	0.10716953774514955	0.02619076037351638	0.1234163724972927
SOX11	-0.012909359389804182	0.37257334604817804	-0.18123272121325362	4.624822830841445e-7	0.38873790391905133	6.22111229360118e-7	0.25420243775712115
DNMT1	0.02179468034374434	0.3221610509803768	-0.029859166717630958	0.5242806975711036	0.33792637900707606	0.540791200403232	0.04979647783711349
ZNF316	0.01152397082373862	0.2616279657677383	-0.06050446059077512	0.007037394922714923	0.27619333394511747	0.008231164168205117	0.09717550674453063
ADNP	0.011104853871649766	0.5380426864633528	-0.12366170951456293	0.0033652992287928007	0.5520396346023578	0.004002635753425454	0.09105131261141752
AHRR	0.03989885660925309	4.520687989722892e-4	-0.07777717607763464	0.0021964206017200468	5.663784444557523e-4	0.002641061845482885	0.12146533380298866
SMAD1-5	0.06871584245437179	0.002113546710601185	-0.025800542520425792	0.5869949276730256	0.0025601438042417305	0.6022653472274747	0.013574219846065251
ZNF654	-0.0073832786098351364	0.44360449627090903	-0.055947605415144805	0.007415584106453875	0.458484311659451	0.008652977430726058	0.04746751925396725
ZNF460	0.06747327730974306	0.0017235620211048237	-0.005003934162352404	0.9107621749930596	0.0021032576148630644	0.9163382699419967	-0.02718017867988281
SIX2	0.060495832562843035	3.910655818479004e-9	0.029521185564114885	0.15373921422039033	5.842282783364087e-9	0.16512730416264149	0.0037172010543469044
ZNF573	0.047366310693928416	0.006740173637293878	-0.03305802874310744	0.37213130602733163	0.007987753853812216	0.3891001778822365	-0.06888398512555102
SOX21	0.055139030337323994	1.8183930756850703e-4	0.0012214503891601904	0.9680822108875554	2.3015861009312958e-4	0.9680822108875554	0.05145727822625345
ZNF354B	0.08634909968537889	8.332933768426102e-5	0.01773729032954658	0.6924899234452242	1.0656644222656468e-4	0.7075596523492135	0.03134022388132927
LCORL	0.03339618283323625	0.0015763809696783294	-0.0729345352695199	0.001852886428648194	0.001926036723795332	0.0022361640375117738	0.11360257765419163
TASOR	0.039232055605573905	0.0262087913141463	-0.12584895872561883	0.0025615222262965636	0.029840494498554564	0.00306140716985262	0.20658626502338126
ZNF319	0.06950288961008787	2.6560963746977777e-6	-0.05333543376077045	0.09935581217599597	3.5974052547417707e-6	0.10872900200392012	0.056807962757847094
ZNF222	0.0055861695757978	0.7503878958527223	-0.15497534876269478	2.5702066837816705e-4	0.7596329212636388	3.191717619910236e-4	0.1232365983665358
NR0B1	0.11338935984374433	1.8593982214148421e-9	-0.0580787103558877	0.16243859515125902	2.7947662291387716e-9	0.17409179871645802	0.03305072714049197
ZNF512	0.03795465531814009	0.028113995198665455	-0.05831607527262737	0.12182208132529926	0.03197277885338424	0.13257899799861486	-0.011258795839417152
GPS2	0.16695697762363648	1.922868692245547e-18	0.027093042243741174	0.48512093358383307	3.466085064998372e-18	0.5019194548936615	0.006930186516504165
ZNF671	0.010479022490880813	0.3777869890758809	-0.09907731676801834	2.4454702877227847e-4	0.3937610689522395	3.0406477978495156e-4	0.10358060663233706
ZNF93	0.04264678545181292	0.020614734734211583	-0.039064892301184394	0.3289441319846913	0.023662547669304566	0.34467472278098366	0.18251314481032202
ZNF182	0.035965872596257484	0.0520719199709731	0.005226474604250508	0.8903286987441097	0.05762392041681199	0.8994509190181273	-0.029133725224594828
FOXJ2	0.06788753219277083	0.0011955641574487713	-0.06866150563531556	0.13822284164778345	0.0014753770453623137	0.14990689363619863	-0.00640998296735933
ZNF548	0.001129929100331237	0.9488003441101368	-0.12473311666222146	0.0023802008395741032	0.9516959707961291	0.002848152946383575	0.05434899792982431
GRHL1	0.041265337347283416	0.001376688527256488	-0.07172151689139362	0.011906411529227872	0.0016862296743787543	0.013795207717765783	0.017359347435091377
ZNF180	0.03706295186131053	0.07357419363839414	-0.01009733803932941	0.8156840399136516	0.08087419724354139	0.8265821822763212	0.041466900238301345
ZSCAN2	0.057331103883787135	3.1317984836028285e-5	-0.08479450688956336	0.006121425547385772	4.0524321585726886e-5	0.00719395183518757	0.056052926002508496
SNAPC4	0.054090780679143066	0.019927466435941288	-0.0022569593796134394	0.9628776110892467	0.02290032856158288	0.9638551518111649	0.10392288437123853
ZNF585A	0.02403330432766709	0.20958941930357788	0.00198195985426498	0.9600789845521956	0.2226887580100515	0.9620303646020985	0.05979081445700687
ZNF157	0.012528222587260633	0.4046723929518385	-0.13199239521995823	1.8203656880071693e-4	0.4195656986861333	2.2662633439079154e-4	0.04047330471977527
ZNF791	0.04710228296198223	0.01699197260620714	-0.16055356210242283	7.650240450703115e-4	0.01966441900201906	9.347133933572827e-4	0.0066550040669234554
KAT8	0.05678914425182441	7.528984038603251e-4	-0.16757387424898626	5.011244916703053e-5	9.373204876341926e-4	6.35918595607363e-5	0.1386045246507286
EOMES	0.02738956790368303	0.04100464818870019	-0.0845296645900237	0.004921154720686509	0.04590514408903729	0.00581805582085959	0.05255865965602109
ZNF557	-0.005985894234126819	0.7246208716043014	-0.06895017365449785	0.06755521311633725	0.7358148088587448	0.07492625436750115	0.12985927713382822
ZNF488	0.032532858705684974	0.09513990058773471	-0.14641292319272006	0.0017114429654469182	0.1036551845077419	0.002072100464365959	0.08001786404394798
ZNF624	-0.016986300083724756	0.2546334623386113	-0.13319296355191304	1.4771725086515204e-4	0.2690981713460565	1.8436608778865811e-4	0.10706031362775158
RBAK	0.0010353966526999469	0.9459127022496169	-0.05480067687086676	0.09993350189011688	0.949765707146764	0.10923994774241157	0.08833001583661547
ZNF565	0.05951116552129154	8.807241645625956e-4	-0.029709486575212798	0.43723679400165466	0.0010950744341219662	0.4547631633814678	0.07027646081672335
BNC2	0.04202093649732245	0.028993822613642178	-0.12159271848797099	0.006553440742084285	0.03293537914406819	0.007683344318305713	-0.004652798351616845
HMGB2	0.06024018201962755	2.0640157255422784e-6	-0.03267270124695153	0.22561948259510528	2.81482642515171e-6	0.23869185605018647	-0.030757121454757584
ZNF765	0.02034023654237426	0.2412951586681367	-0.030524706981965636	0.4125057149996241	0.25554997470116303	0.4299478171137731	0.16263228321837178
CASZ1	0.0655853180006321	5.100873415425049e-4	0.02594768698874828	0.49358624519404487	6.374475522951963e-4	0.5101425972340966	-0.047037615147158485
ZNF714	0.05815737141110346	0.0030905731869949327	-0.03371793849089946	0.4243658631226305	0.0037162258077768334	0.4418423875806902	0.05526435547582623
PAX7	0.027484349049594414	0.05002254040022222	-0.13900546331507802	3.0138355125773344e-5	0.055667072310951346	3.849276962954989e-5	0.12664983420127413
ZKSCAN2	-0.0034916125237977654	0.8176098617043963	-0.024199166450371897	0.4525560563033902	0.8259870119267775	0.4692116419717589	0.1569532674971647
ZNF506	0.020306227404886166	0.24559780285680283	-0.06578775980151916	0.0880115327719672	0.2598277184729695	0.09696019141135158	0.05688841334717462
ZNF23	0.002117495549253478	0.914901246417839	-0.06037164026736417	0.16652145514573624	0.9197510531793918	0.1782737836847947	0.11395586396756088
PHOX2B	0.011365519515631417	0.5663085163038264	0.016830598353394406	0.6769336907474122	0.5798340571916645	0.6923823849345937	0.07979050937540463
