feature	rep	AUC	ci2.5	ci97.5
RBFOX2	Rep 1	0.5289700588752313	0.517324642144016	0.5406154756064466
BCL11B	Rep 1	0.5734766514595794	0.5610890980416643	0.5858642048774945
ARID4B	Rep 1	0.5293049375166842	0.5177370157361575	0.5408728592972109
HIF3A	Rep 1	0.5489161693987211	0.537523791816002	0.5603085469814403
ZNF711	Rep 1	0.5488924209701045	0.5373496031598175	0.5604352387803915
GABPB1	Rep 1	0.541911828233135	0.5304882846299052	0.5533353718363648
ZNF276	Rep 1	0.5583380608909421	0.5461895124127405	0.5704866093691436
MTA1	Rep 1	0.5535391530028572	0.5407358260598027	0.5663424799459116
MLLT1	Rep 1	0.552281701858247	0.5403195984117938	0.5642438053047002
ILF3	Rep 1	0.5552128345323417	0.5434585711492861	0.5669670979153973
NR2C2	Rep 1	0.5571497238240146	0.5453851411214455	0.5689143065265837
KDM4A	Rep 1	0.586962293886959	0.5738240266334251	0.6001005611404928
MXD4	Rep 1	0.5529188823511113	0.5409604201018555	0.5648773446003671
ZNF335	Rep 1	0.5295375083279852	0.5172807412401942	0.5417942754157762
SNAI2	Rep 1	0.542251064648029	0.5303178169181063	0.5541843123779516
KLF4	Rep 1	0.5646894180025721	0.5524044920399048	0.5769743439652394
ZBTB40	Rep 1	0.5493950958698205	0.5377511382956467	0.5610390534439943
MNX1	Rep 1	0.5592779398357015	0.5468280522670378	0.5717278274043652
DMAP1	Rep 1	0.5490975423177473	0.5376065017037648	0.5605885829317299
ZNF407	Rep 1	0.5331270334388899	0.5214170879929874	0.5448369788847924
ZNF274	Rep 1	0.5456060157746075	0.5336469510657879	0.5575650804834272
HIF1A	Rep 1	0.5806364062620718	0.5672141289212429	0.5940586836029007
ARID2	Rep 1	0.5866911521137843	0.5721614568060995	0.6012208474214691
ARID4A	Rep 1	0.542152133580705	0.5306332041077038	0.5536710630537063
HDAC1	Rep 1	0.5778603057148789	0.5633830659907147	0.592337545439043
RBBP5	Rep 1	0.5804128769322523	0.5669161092204522	0.5939096446440524
ZFY	Rep 1	0.5574865699400879	0.5451958660813614	0.5697772737988145
FOXA2	Rep 1	0.5565934194803156	0.5438533902237812	0.56933344873685
NFYB	Rep 1	0.5683029832736424	0.5558293853316434	0.5807765812156414
ZFP64	Rep 1	0.5723025008502223	0.5593329103102582	0.5852720913901863
ZNF883	Rep 1	0.5448601342705369	0.5329841256707076	0.5567361428703662
AGO1	Rep 1	0.5562365460217837	0.5439106870945377	0.5685624049490298
ZNF598	Rep 1	0.542840120292788	0.5311633569455015	0.5545168836400746
KDM5A	Rep 1	0.5507141310620383	0.5393548340648571	0.5620734280592194
PHF8	Rep 1	0.5964374900050436	0.5822112204066372	0.6106637596034501
MYBL2	Rep 1	0.5636842862840711	0.5508965856223458	0.5764719869457964
ZBTB7B	Rep 1	0.560456398174438	0.5480194350817603	0.5728933612671158
KDM3A	Rep 1	0.5573433830418963	0.5449329501866268	0.5697538158971659
TAF15	Rep 1	0.5561537737327372	0.544157792327738	0.5681497551377365
ZGPAT	Rep 1	0.5383347536514845	0.5269428940488851	0.549726613254084
HEXIM1	Rep 1	0.55985836289135	0.5480794126071749	0.5716373131755252
RAD21	Rep 1	0.563166865989138	0.5489314054379605	0.5774023265403155
ASH2L	Rep 1	0.5706867908045945	0.5568186686314223	0.5845549129777667
HMGXB4	Rep 1	0.5562739711732289	0.5440937518904674	0.5684541904559903
ZBTB21	Rep 1	0.5550227683283939	0.5430942566788867	0.5669512799779012
KMT2A	Rep 1	0.5679566061407658	0.55349774766847	0.5824154646130616
NIPBL	Rep 1	0.5683546092322617	0.5554307647506613	0.581278453713862
KDM4C	Rep 1	0.5651837619566381	0.5533561095611861	0.5770114143520901
TFDP2	Rep 1	0.5652522716125025	0.5528901583662545	0.5776143848587504
SAP30	Rep 1	0.5432909415132973	0.5315212865510592	0.5550605964755353
ZBTB26	Rep 1	0.5723131950531979	0.5604063048327449	0.5842200852736509
ZNF550	Rep 1	0.5364485412262157	0.5249287734189211	0.5479683090335102
POU5F1	Rep 1	0.5950180174251759	0.5798834802685556	0.6101525545817962
MED26	Rep 1	0.5863379427075016	0.5730219343995987	0.5996539510154045
ZNF891	Rep 1	0.5616808953967011	0.5493325689857066	0.5740292218076956
ZSCAN29	Rep 1	0.5145131287544198	0.4994572028381026	0.529569054670737
CTBP1	Rep 1	0.5658023943985857	0.553115751710172	0.5784890370869994
ZBTB11	Rep 1	0.5515390517109099	0.5401037025392846	0.5629744008825351
SIN3B	Rep 1	0.5583628743705275	0.546801620127558	0.569924128613497
HNF1B	Rep 1	0.5592655730052795	0.5469867151614174	0.5715444308491415
KLF6	Rep 1	0.5638702767866273	0.5505197405964045	0.57722081297685
SIRT6	Rep 1	0.5589171490417356	0.5474655015939924	0.5703687964894788
SIX1	Rep 1	0.5561640143778838	0.5444066175867828	0.5679214111689848
TBX2	Rep 1	0.5684401020820077	0.5561921478558822	0.5806880563081331
RELB	Rep 1	0.5380903099233826	0.5266759849886511	0.5495046348581141
GTF2F1	Rep 1	0.576882470092967	0.5635886516902932	0.5901762884956409
GATAD2B	Rep 1	0.5494439820522287	0.5378989797292467	0.5609889843752106
NBN	Rep 1	0.553549323533415	0.5417315331665546	0.5653671139002754
PRDM10	Rep 1	0.5560313835282177	0.543534053973726	0.5685287130827094
RBM39	Rep 1	0.5649282489029067	0.5518921967881245	0.5779643010176889
NFATC1	Rep 1	0.557316550653704	0.5455971720696389	0.5690359292377691
TP63	Rep 1	0.5555047328212483	0.542900333650701	0.5681091319917957
BRD2	Rep 1	0.5971640831425625	0.5817243065209896	0.61260385976413545
PLAG1	Rep 1	0.5534217931609452	0.5418841225891663	0.5649594637327241
HIVEP1	Rep 1	0.5495562435500516	0.5372242638973671	0.5618882232027361
SP140L	Rep 1	0.5518535419382877	0.540045874414131	0.5636612094624445
APC	Rep 1	0.5501117932091869	0.5386015912826022	0.5616219951357716
OGT	Rep 1	0.5507543006301696	0.5393569063920789	0.5621516948682603
ZNF501	Rep 1	0.5592666680853781	0.5467068347362037	0.5718265014345524
NFATC3	Rep 1	0.5294638312254374	0.5179129727944222	0.5410146896564526
SMC1	Rep 1	0.5595751386640894	0.5466352239838096	0.5725150533443691
TCF3	Rep 1	0.5617627967484974	0.5483188154870734	0.5752067780099214
BRD3	Rep 1	0.5842132956174656	0.5706271098049376	0.5977994814299936
NELFA	Rep 1	0.5929412048478098	0.5802594722953229	0.6056229374002966
TFE3	Rep 1	0.5641848699590882	0.5518944855624758	0.5764752543557007
PKNOX1	Rep 1	0.5496153729147307	0.5378099955820889	0.5614207502473726
BRD4	Rep 1	0.5646627166768226	0.5500082513600549	0.5793171819935902
ZNF217	Rep 1	0.5628535888433546	0.5500042838086844	0.5757028938780248
SMAD1	Rep 1	0.5697274451529126	0.5568106463601046	0.5826442439457207
ATF1	Rep 1	0.563909037228473	0.5517321803194966	0.5760858941374494
ARNT	Rep 1	0.5895045314016125	0.5755201737979655	0.6034888890052595
CDKN1B	Rep 1	0.5730551030551978	0.5596160574695817	0.586494148640814
YY1	Rep 1	0.5951373155400181	0.5785053387490792	0.6117692923309571
MED1	Rep 1	0.5625276531904462	0.5475158535154054	0.5775394528654869
ZBTB8A	Rep 1	0.5562836895721882	0.5447530257566808	0.5678143533876956
ZBTB10	Rep 1	0.5341730016893393	0.522598251556695	0.5457477518219837
NELFE	Rep 1	0.59155730372947	0.5769788867803815	0.6061357206785586
GATAD1	Rep 1	0.5318634318067966	0.5193923129621796	0.5443345506514137
MYNN	Rep 1	0.5541010689990282	0.5413758831094052	0.5668262548886512
SMARCC1	Rep 1	0.5808317169309329	0.5661183734522378	0.5955450604096281
HDAC2	Rep 1	0.5677115151381475	0.5522589284683292	0.5831641018079659
MTA2	Rep 1	0.5533651382370399	0.5405864567946902	0.5661438196793896
MNT	Rep 1	0.5685901165609666	0.5560374634868688	0.5811427696350644
NELFCD	Rep 1	0.5673927719112869	0.5552184173450915	0.5795671264774823
SIN3A	Rep 1	0.5906973574572383	0.5750758240947218	0.6063188908197548
E4F1	Rep 1	0.5588150972313447	0.5471922733658332	0.5704379210968562
SRSF1	Rep 1	0.5510294178565511	0.5390429141601638	0.5630159215529384
RBBP4	Rep 1	0.5411929458218107	0.5297037477749691	0.5526821438686522
EP400	Rep 1	0.538212297380503	0.5268196864235674	0.5496049083374387
MED	Rep 1	0.5464184695353311	0.5350437816714125	0.5577931573992497
FOXO1	Rep 1	0.564969490389543	0.5531699594889486	0.5767690212901374
GABPA	Rep 1	0.5682200783761098	0.5549899620647356	0.5814501946874839
SUPT5H	Rep 1	0.5927455035622056	0.5779689688307073	0.6075220382937039
STAT1	Rep 1	0.5780065898935148	0.5644230599704502	0.5915901198165795
IRF1	Rep 1	0.5658331787735915	0.5535296662865118	0.5781366912606712
GMEB1	Rep 1	0.572529803041774	0.5601834325697486	0.5848761735137995
MYCN	Rep 1	0.5915356456354591	0.5763097174194928	0.6067615738514255
MEF2D	Rep 1	0.580034087124163	0.5681636791384864	0.5919044951098397
PGR	Rep 1	0.5775228469769894	0.5633247382353443	0.5917209557186345
LIN54	Rep 1	0.5568813269489302	0.545206705413354	0.5685559484845064
MTA3	Rep 1	0.5595137270388405	0.5471625373635174	0.5718649167141636
GATA2	Rep 1	0.5720585376179895	0.5585260503114214	0.5855910249245576
L3MBTL2	Rep 1	0.5648472995900227	0.552561155628008	0.5771334435520373
HNRNPLL	Rep 1	0.5765246241476397	0.5628972731156	0.5901519751796794
CTCF	Rep 1	0.5340245802975795	0.5209191993516319	0.5471299612435271
KDM5B	Rep 1	0.5925627396195456	0.5773595914788566	0.6077658877602347
MXI1	Rep 1	0.5870339582353022	0.5733420594342243	0.6007258570363802
AFF4	Rep 1	0.5735325542009365	0.5605616939073228	0.5865034144945502
ZNF629	Rep 1	0.5567450330459738	0.5444767799554848	0.5690132861364627
RUNX1T1	Rep 1	0.5765728339789186	0.5634477428733771	0.5896979250844601
ZNF2	Rep 1	0.5476595182504289	0.5360642805987044	0.5592547559021535
RORB	Rep 1	0.5673532905104038	0.5558832774219845	0.5788233035988232
SP7	Rep 1	0.5622816044716183	0.5502618255628438	0.5743013833803929
OLIG2	Rep 1	0.5829500438222116	0.5705774585116987	0.5953226291327245
ZNF524	Rep 1	0.5407843504731141	0.5292886590852498	0.5522800418609785
NCOA1	Rep 1	0.5293932582300335	0.5178266010143979	0.540959915445669
ZNF692	Rep 1	0.5600889430208883	0.5482022668265302	0.5719756192152464
ZNF786	Rep 1	0.5564322848917795	0.5447951093792573	0.5680694604043017
BCL6	Rep 1	0.5742601241123408	0.5612456017871971	0.5872746464374846
GLIS2	Rep 1	0.5577971056335487	0.5457745782227073	0.5698196330443901
RFX1	Rep 1	0.5394772202265482	0.5277176884834358	0.5512367519696606
SMC1A	Rep 1	0.5612436698648133	0.5484904284374332	0.5739969112921934
ELL2	Rep 1	0.562309977888336	0.550457874477912	0.5741620812987601
CBFB	Rep 1	0.5867763189191761	0.5726637635784226	0.6008888742599297
MYC-DAXX	Rep 1	0.543229873342119	0.5315244219469404	0.5549353247372977
AR	Rep 1	0.5500073129113513	0.534942410684621	0.5650722151380816
PATZ1	Rep 1	0.5621694834470614	0.5502561053223926	0.5740828615717303
RB1	Rep 1	0.5747262296049913	0.562096797383624	0.5873556618263587
ESR1	Rep 1	0.5443497861626668	0.5298706942288813	0.5588288780964523
HMGN3	Rep 1	0.5658877797996675	0.5545654732011058	0.5772100863982292
GLIS1	Rep 1	0.5650634957944117	0.553208794332498	0.5769181972563254
BRCA1	Rep 1	0.5647424791388711	0.5529010661873592	0.576583892090383
RARA	Rep 1	0.5685507286453004	0.556794300917341	0.5803071563732599
E2F8	Rep 1	0.5335139674547672	0.5221080622155477	0.5449198726939867
ZNF76	Rep 1	0.5540306157630883	0.5424148502854228	0.5656463812407538
NR3C1	Rep 1	0.5737928925126463	0.5589551916898854	0.5886305933354072
PHF20	Rep 1	0.5607821765548641	0.5489775200602862	0.5725868330494419
FOXK2	Rep 1	0.5326452222367876	0.5212255492510713	0.5440648952225038
ZNF639	Rep 1	0.5551628925985	0.5434887396029456	0.5668370455940545
EGR1	Rep 1	0.579217666967758	0.5648013629301156	0.5936339710054004
KLF8	Rep 1	0.5675963953730923	0.5555982981330848	0.5795944926130997
CDK8	Rep 1	0.5813397162253031	0.5676096371868944	0.5950697952637118
POU2F1	Rep 1	0.5750488798092536	0.5612221006136667	0.5888756590048404
TAF7	Rep 1	0.538676054653236	0.5272618148737168	0.5500902944327551
KLF9	Rep 1	0.5841006440676522	0.5705781365166451	0.5976231516186592
SOX6	Rep 1	0.5524900687961657	0.5404485930207297	0.5645315445716017
ZEB2	Rep 1	0.5483431143873297	0.5360285271063613	0.5606577016682982
MYC	Rep 1	0.5577532980281782	0.5431860317841027	0.5723205642722536
TARDBP	Rep 1	0.5619181204877047	0.5488609814396364	0.5749752595357731
CEBPB	Rep 1	0.5497038222140239	0.5379133753176442	0.5614942691104037
NONO	Rep 1	0.5737419056429233	0.5613684364239447	0.5861153748619018
DPF2	Rep 1	0.5673287892881165	0.5544175253579934	0.5802400532182396
ZFP69B	Rep 1	0.5414328029533283	0.5299194168946472	0.5529461890120094
ESRRA	Rep 1	0.5446454474634375	0.5332206846256411	0.5560702103012338
YBX3	Rep 1	0.5477010772046074	0.5097843302335714	0.5856178241756433
RBP2	Rep 1	0.5449239603492477	0.5291013321031122	0.5607465885953833
AFF1	Rep 1	0.5320618901161455	0.5206440336471082	0.5434797465851827
ZXDB	Rep 1	0.5629901687876302	0.5511445687652147	0.5748357688100457
MYOD1	Rep 1	0.573642886151347	0.559948829458041	0.5873369428446529
EHMT2	Rep 1	0.557007091937898	0.5456343281389103	0.5683798557368857
FOXK1	Rep 1	0.5604032985897048	0.5480628427050792	0.5727437544743305
TAF1	Rep 1	0.5995142729458387	0.5836160366991616	0.6154125091925158
SUPT6H	Rep 1	0.5304076746854717	0.5188608080063075	0.5419545413646358
SMAD3	Rep 1	0.5804100113119429	0.5654244405626927	0.5953955820611931
ELK4	Rep 1	0.5411930053784477	0.5292044686536977	0.5531815421031977
BCOR	Rep 1	0.5933664125281743	0.5785422565754	0.6081905684809487
NCBP1	Rep 1	0.5744870400110518	0.5628347283490246	0.586139351673079
RNF2	Rep 1	0.5745383757945638	0.5605828826120721	0.5884938689770555
ARNTL	Rep 1	0.576523603405881	0.5637705132627857	0.5892766935489764
ARID3A	Rep 1	0.5562376827195752	0.5446818755653623	0.5677934898737881
PCBP1	Rep 1	0.5620862612007297	0.5499472163743341	0.5742253060271253
MAF	Rep 1	0.5767218892704042	0.5643715033246448	0.5890722752161637
CTCFL	Rep 1	0.5729961342589184	0.5605631485576776	0.5854291199601591
HCFC1	Rep 1	0.5721191701868277	0.5592651454688407	0.5849731949048147
ZBED4	Rep 1	0.5620077711699447	0.5497320200727308	0.5742835222671586
NFKBIZ	Rep 1	0.5588700101322193	0.5466374738763498	0.5711025463880888
ELF4	Rep 1	0.537897360538556	0.5264415954533361	0.5493531256237758
HNRNPC	Rep 1	0.5614663156411115	0.5501287694346582	0.5728038618475648
RFX3	Rep 1	0.5347060622241534	0.5231587466994435	0.5462533777488633
BRD9	Rep 1	0.5820628168084288	0.5690739527303411	0.5950516808865164
SP5	Rep 1	0.568105292174906	0.5557982808310187	0.5804123035187934
ELF1	Rep 1	0.5924369677567844	0.5773056870962676	0.6075682484173013
JMJD1C	Rep 1	0.5511376760266047	0.5389463324967082	0.5633290195565012
MAX	Rep 1	0.5950462309675622	0.5776965980905548	0.6123958638445695
KLF17	Rep 1	0.5458228206737816	0.5339523234423939	0.5576933179051694
JUN	Rep 1	0.5797607045058502	0.5638569953426589	0.5956644136690414
LDB1	Rep 1	0.5581163682404179	0.5464162181395245	0.5698165183413113
ZNF518A	Rep 1	0.5355701228320755	0.5239080070622822	0.5472322386018688
RUNX2	Rep 1	0.5571952273338383	0.545742671875643	0.5686477827920337
KDM6B	Rep 1	0.5501217187973795	0.5387341506363327	0.5615092869584263
IRF4	Rep 1	0.5580861128665203	0.5454824212825158	0.5706898044505249
KLF16	Rep 1	0.5464129448118593	0.534856579791007	0.5579693098327116
KLF5	Rep 1	0.5819473145528689	0.5688743243681856	0.5950203047375521
NCAPH2	Rep 1	0.5534155236557141	0.5409308330788748	0.5659002142325534
NFAT5	Rep 1	0.5612246713634033	0.5495672375758712	0.5728821051509353
GFI1B	Rep 1	0.5769464125997158	0.5647950812596008	0.5890977439398308
SUZ12	Rep 1	0.5653945707857773	0.5523520030557035	0.578437138515851
GLIS3	Rep 1	0.5330337428565234	0.5208943858499253	0.5451730998631215
NFYC	Rep 1	0.560902610930104	0.5488427890420455	0.5729624328181624
ZNF44	Rep 1	0.5536715104171791	0.5419389555847305	0.5654040652496277
ZNF580	Rep 1	0.5369055834894344	0.5255110688157195	0.5483000981631493
BACH1	Rep 1	0.551023484461617	0.5395986638544641	0.5624483050687699
PAXIP1	Rep 1	0.5541276857415001	0.5422339227236184	0.5660214487593818
ZNF143	Rep 1	0.5872460923335767	0.5727320021057999	0.6017601825613536
YY2	Rep 1	0.5351607100106277	0.5233529802328872	0.5469684397883682
KLF10	Rep 1	0.5678354331913317	0.5559674027961355	0.5797034635865278
SP3	Rep 1	0.5716026459747591	0.5595113913086222	0.583693900640896
ZNF707	Rep 1	0.5245694483196455	0.4701910082961963	0.5789478883430946
PPARG	Rep 1	0.5558714901205561	0.5434886606018386	0.5682543196392736
SS18	Rep 1	0.5389123744600759	0.5273206831016629	0.5505040658184889
ZBTB1	Rep 1	0.5349672731607109	0.5226692249404072	0.5472653213810146
XRCC5	Rep 1	0.5589578911997736	0.54704437563381	0.5708714067657371
TRIM24	Rep 1	0.5810813897582197	0.5675989031049538	0.5945638764114856
DRAP1	Rep 1	0.5610800045942029	0.5486687881117714	0.5734912210766344
ETS1	Rep 1	0.5810592723004695	0.5661954482974392	0.5959230963034998
HOXB13	Rep 1	0.5738980847095151	0.5615512326960576	0.5862449367229726
CEBPA	Rep 1	0.5592987315862221	0.5469515234534295	0.5716459397190148
E2F1	Rep 1	0.5944178968226498	0.5794821748611207	0.6093536187841788
MYB	Rep 1	0.5775816502691724	0.5645563385312456	0.5906069620070992
KDM4B	Rep 1	0.5546697397429522	0.5432432827482223	0.5660961967376821
HOXA3	Rep 1	0.561245285422136	0.5487966339117654	0.5736939369325067
RUNX1	Rep 1	0.5880962613416014	0.5729069198178787	0.6032856028653242
ZNF697	Rep 1	0.5517325519635543	0.5400848227034794	0.5633802812236293
ZNF3	Rep 1	0.5466739939549872	0.5350906462446103	0.558257341665364
FLI1	Rep 1	0.5671404674240141	0.5532990113312666	0.5809819235167617
NOTCH1	Rep 1	0.5732471522537578	0.5609979477629194	0.5854963567445961
TCF7L2	Rep 1	0.5714463753377401	0.5585713527858697	0.5843213978896106
SMAD5	Rep 1	0.5717211821777254	0.5598557336028959	0.5835866307525549
INTS11	Rep 1	0.5796681056286496	0.567087526492167	0.5922486847651321
FOSL1	Rep 1	0.5361986095113215	0.5247979993921195	0.5475992196305235
BHLHE40	Rep 1	0.5710774098289051	0.557957884922103	0.5841969347357072
NEUROD1	Rep 1	0.5743812277367988	0.5611295726253833	0.5876328828482142
IRF2	Rep 1	0.5576915156056244	0.5458538840026419	0.5695291472086068
RFXAP	Rep 1	0.563962852541037	0.5521273036584127	0.5757984014236612
ZNF263	Rep 1	0.5630561281375912	0.5506105471600548	0.5755017091151277
NFE2L2	Rep 1	0.576238774788132	0.5635722789120023	0.5889052706642617
THAP1	Rep 1	0.5585776943217708	0.5471913932423568	0.5699639954011849
CREBBP	Rep 1	0.5733925533480501	0.559548862298928	0.5872362443971721
ZNF777	Rep 1	0.563419330328619	0.5517866888725829	0.5750519717846552
ZNF232	Rep 1	0.5514484006298053	0.5400292832933616	0.5628675179662489
TBP	Rep 1	0.5972144781008614	0.5825873245021453	0.6118416316995774
KMT2B	Rep 1	0.5835932683706854	0.5706787059060964	0.5965078308352744
DDX5	Rep 1	0.5319413308567877	0.5195813092843322	0.5443013524292433
TEAD4	Rep 1	0.5623756452875008	0.5494824297257263	0.5752688608492754
TCF12	Rep 1	0.5794601688566899	0.5643261548339596	0.5945941828794202
PRDM14	Rep 1	0.531740605161735	0.5200883514756038	0.5433928588478663
CDK7	Rep 1	0.5722665639663884	0.5604482445527088	0.584084883380068
ZBTB7A	Rep 1	0.5812761875914989	0.5668077145463156	0.5957446606366822
ATF3	Rep 1	0.5682435150178806	0.5549070907297555	0.5815799393060057
MEF2A	Rep 1	0.5578013331500825	0.545947220313068	0.569655445987097
TAL1	Rep 1	0.5590201451413773	0.547229684774406	0.5708106055083486
TFAP4	Rep 1	0.5415867229388888	0.5299801490713844	0.5531932968063932
DDX21	Rep 1	0.553681508317444	0.5423156128552592	0.5650474037796288
BMPR1A	Rep 1	0.5574266423980907	0.5460662444469596	0.5687870403492218
HBP1	Rep 1	0.5653609675348806	0.5536440006422648	0.5770779344274964
RELA	Rep 1	0.5617507946055568	0.5467820743984044	0.5767195148127091
SREBP2	Rep 1	0.5748695256068198	0.5616759246689096	0.58806312654473
CDK9	Rep 1	0.5939945188792766	0.5804929025363542	0.6074961352221989
ZNF766	Rep 1	0.5563425450252166	0.5449439322666237	0.5677411577838095
REST	Rep 1	0.5938535047262116	0.5790569624306086	0.6086500470218146
TFIIIC	Rep 1	0.5634036997328424	0.5516311788948062	0.5751762205708787
SP2	Rep 1	0.5932054008550984	0.5797704464799892	0.6066403552302077
FOXP4	Rep 1	0.5545415816254448	0.5425758573082091	0.5665073059426804
ZHX2	Rep 1	0.558366266355899	0.5468050820048177	0.5699274507069804
ZNF800	Rep 1	0.5429013525392868	0.5314992387829589	0.5543034662956148
ERG	Rep 1	0.5862568880460624	0.5712289269427742	0.6012848491493505
RXRA	Rep 1	0.5391753818574079	0.5277530596466687	0.550597704068147
ZFP36	Rep 1	0.5544534429667054	0.5429263580559393	0.5659805278774716
ZNF175	Rep 1	0.5567296102707759	0.5446639815465603	0.5687952389949916
MLX	Rep 1	0.5593802107912538	0.5477248754378418	0.5710355461446658
JUND	Rep 1	0.5778846403456565	0.5638249107308365	0.5919443699604764
PML	Rep 1	0.5721279849567414	0.5602009907668994	0.5840549791465834
BCL11A	Rep 1	0.5756350998685518	0.5626646378082956	0.588605561928808
EVI1	Rep 1	0.5344614821105015	0.5221551822887087	0.54676778193229425
GTF2B	Rep 1	0.5773478077768939	0.5652730965528902	0.5894225190008976
BCL3	Rep 1	0.548216527192043	0.5367298925005285	0.5597031618835574
MAZ	Rep 1	0.6074829931972788	0.592263462871572	0.6227025235229856
ISL2	Rep 1	0.5638350734689849	0.5520193999056702	0.5756507470322996
ASCL1	Rep 1	0.5161159035226549	0.501783897164538	0.5304479098807718
ETV4	Rep 1	0.5450368273581189	0.5334830952146965	0.5565905595015412
CREB1	Rep 1	0.5954524868974175	0.5805791692914025	0.6103258045034324
CREM	Rep 1	0.5742503406812695	0.5613936998227997	0.5871069815397392
PAX5	Rep 1	0.5737735293333159	0.5608338024462437	0.5867132562203882
ZNF264	Rep 1	0.5343927745656248	0.5225813387903774	0.5462042103408723
ZBTB14	Rep 1	0.5590337442677115	0.5476829056465646	0.5703845828888583
HNRNPH1	Rep 1	0.5369582766582943	0.525553726623747	0.5483628266928416
CHD2	Rep 1	0.5825917912680278	0.5687409869930826	0.5964425955429731
ZNF75A	Rep 1	0.5463042559907851	0.5324803435073457	0.5601281684742245
NR2C1	Rep 1	0.5327206457160726	0.5205244440537249	0.5449168473784203
ZKSCAN1	Rep 1	0.5671708713737778	0.5553621172093531	0.5789796255382024
KLF3	Rep 1	0.5400046500138047	0.5284090895794978	0.5516002104481116
SIX5	Rep 1	0.543100960874598	0.5316963043196044	0.5545056174295917
CDK6	Rep 1	0.5660872258064515	0.5545985628230959	0.5775758887898071
KLF1	Rep 1	0.5784074946061174	0.565754524063882	0.5910604651483528
NRF1	Rep 1	0.5838195731381641	0.5705969609620094	0.5970421853143189
HNRNPK	Rep 1	0.5519388705107248	0.5405773750834849	0.5633003659379646
STAT3	Rep 1	0.5686429580842982	0.5537609392623585	0.583524976906238
SP1	Rep 1	0.5951650076996997	0.5801059601167778	0.6102240552826216
EP300	Rep 1	0.5710000257654486	0.5559065792255649	0.5860934723053324
MBD1	Rep 1	0.5360036487334051	0.5245765937503538	0.5474307037164564
BAF155	Rep 1	0.579137632357521	0.5666139296102806	0.5916613351047615
NFYA	Rep 1	0.58050519480732	0.5684012380416301	0.5926091515730099
NR2F2	Rep 1	0.550963467420961	0.5387674581611646	0.5631594766807575
AHR	Rep 1	0.5677581879793432	0.5555494144509372	0.5799669615077492
SP4	Rep 1	0.5865722353589384	0.5735904191104602	0.5995540516074167
SMAD4	Rep 1	0.5634591038203671	0.5516384704458545	0.5752797371948798
E2F4	Rep 1	0.5854126134512687	0.5725371768029452	0.5982880500995922
ZBTB2	Rep 1	0.5302160010694403	0.5188066752242247	0.5416253269146559
SOX9	Rep 1	0.5431048244560139	0.531671608334048	0.5545380405779798
KDM1A	Rep 1	0.5739453681223096	0.5598817013448902	0.5880090348997289
ZMYND11	Rep 1	0.5110175995066942	0.4972931874136973	0.5247420115996911
USF2	Rep 1	0.5474684782049303	0.5359367119571768	0.5590002444526837
HSF1	Rep 1	0.5661996034368804	0.5541522218310154	0.5782469850427453
CXXC5	Rep 1	0.54422456044632606	0.532818755776884	0.5556303651157681
TRIM25	Rep 1	0.5545833728442816	0.5431918392662797	0.5659749064222835
CXXC4	Rep 1	0.5727975177092602	0.5608592041203424	0.5847358312981781
DNMT3B	Rep 1	0.5267666515307099	0.5153439785178623	0.5381893245435575
TET2	Rep 1	0.5461380140926086	0.5344998427666107	0.5577761854186066
CEBPD	Rep 1	0.5629697865957913	0.5509720222791759	0.5749675509124068
MBD2	Rep 1	0.5634256492575979	0.5515977418347765	0.5752535566804192
ZEB1	Rep 1	0.5630132230234561	0.5498524254565461	0.5761740205903662
SMAD3-HIF1A	Rep 1	0.5630339414880512	0.5516062003437492	0.5744616826323532
ZHX1	Rep 1	0.5546713775500426	0.5428606137400205	0.5664821413600647
E2F6	Rep 1	0.587734467014713	0.5741088000099172	0.6013601340195088
U2AF1	Rep 1	0.5465996793442014	0.5346759134633114	0.5585234452250913
SMAD3-EPAS1	Rep 1	0.5250540834051085	0.5021026321510905	0.5480055346591265
RBM22	Rep 1	0.5385119941904546	0.5271168223746734	0.5499071660062358
TBX21	Rep 1	0.5616332451812388	0.5497120655412973	0.5735544248211804
FOXP1	Rep 1	0.5691005903179144	0.5561233447236912	0.5820778359121376
HNF4A	Rep 1	0.5664972488967638	0.5535043176279127	0.5794901801656148
ELK1	Rep 1	0.5593521430148619	0.5478824415942884	0.5708218444354354
ETV1	Rep 1	0.5550860115092803	0.5436485117003379	0.56652351131822265
RBPJ	Rep 1	0.5770843460020325	0.563545423482836	0.590623268521229
SPI1	Rep 1	0.5536844726926299	0.541370044311824	0.5659989010734358
CBX1	Rep 1	0.571565033184793	0.5592350523350935	0.5838950140344925
DEK	Rep 1	0.5544485881102689	0.5430002630169384	0.5658969132035994
NFE2	Rep 1	0.5706592235866426	0.5583031590730883	0.5830152881001969
ZBED1	Rep 1	0.5361679427522663	0.524320583063997	0.5480153024405356
FIP1L1	Rep 1	0.5574299248448966	0.5455669479870299	0.5692929017027634
NCOR1	Rep 1	0.5451147003637127	0.5334292290039768	0.5568001717234485
FUS	Rep 1	0.5530538622753791	0.5409682083042594	0.5651395162464988
FOXP2	Rep 1	0.5648111561131417	0.5533504125091092	0.5762718997171742
CCNT2	Rep 1	0.5695888372199017	0.5582780984704354	0.580899575969368
NFKB1	Rep 1	0.5690449808495163	0.5561745468322358	0.5819154148667968
RYBP	Rep 1	0.5471274899940314	0.5356757217003175	0.5585792582877452
SRF	Rep 1	0.5656723864134151	0.5539795711517868	0.5773652016750435
KAT2A	Rep 1	0.5564060838221393	0.5450586871256947	0.5677534805185839
RBM25	Rep 1	0.5400599648074226	0.5271697701269833	0.5529501594878619
SMARCB1	Rep 1	0.56877020214708	0.5545960594909708	0.5829443448031891
UBTF	Rep 1	0.5579653222704994	0.5465769202496968	0.569353724291302
ZBTB48	Rep 1	0.5412642045454545	0.5287797581752426	0.5537486509156665
JARID2	Rep 1	0.5075319137152826	0.4952089520779911	0.5198548753525741
ZNF35	Rep 1	0.5415443838071858	0.5301596418245784	0.5529291257897933
ZMYM3	Rep 1	0.5223795187906866	0.5057492320591161	0.539009805522257
SMAD2-3	Rep 1	0.5557940818859874	0.5428888634106347	0.5686993003613402
PTBP1	Rep 1	0.5374366836367237	0.5256764747729058	0.5491968925005416
ZBTB33	Rep 1	0.534225160884973	0.5226103941287655	0.5458399276411804
INO80	Rep 1	0.5642730537303438	0.5522358539258264	0.5763102535348611
MLLT3	Rep 1	0.5262109889713182	0.5144985489758065	0.53792342896683
ZNF513	Rep 1	0.513928443565696	0.4954102297273114	0.5324466574040806
ZNF92	Rep 1	0.5115319080836321	0.4647393789523665	0.5583244372148978
EZH2	Rep 1	0.5703937598879808	0.5559740446384639	0.5848134751374977
ZBTB20	Rep 1	0.5385886537316886	0.5271940489316154	0.5499832585317619
IKZF1	Rep 1	0.5174406130268199	0.5059724906955447	0.528908735358095
ZNF391	Rep 1	0.5324956149208359	0.5210350302617738	0.5439561995798979
ZNF436	Rep 1	0.47813472200399537	0.4284624666764794	0.5278069773315113
INSM2	Rep 1	0.5281114449736849	0.5164937298442255	0.5397291601031443
ZNF24	Rep 1	0.5393920470337341	0.527610801481075	0.5511732925863932
ZNF189	Rep 1	0.5462761713820053	0.5347680643850199	0.5577842783789908
ZNF843	Rep 1	0.5405986231837486	0.5292131267808621	0.5519841195866352
ZNF282	Rep 1	0.5214469309511586	0.506837274609552	0.5360565872927652
TAF3	Rep 1	0.5631443404997574	0.551711536884223	0.5745771441152917
CDC5L	Rep 1	0.49715786753940233	0.4598339660812587	0.534481768997546
NFIC	Rep 1	0.530917085353638	0.5194735472929998	0.5423606234142763
ARID1A	Rep 1	0.5665071885561077	0.5532349696473047	0.5797794074649107
ZNF398	Rep 1	0.5337412179404855	0.5215099042060131	0.5459725316749579
KLF14	Rep 1	0.5417634018998851	0.5300465880107013	0.553480215789069
ZNF610	Rep 1	0.5443970240965689	0.5329230691034721	0.5558709790896657
GTF3C2	Rep 1	0.5149847066347456	0.5029197178198503	0.5270496954496409
SMARCA5	Rep 1	0.5346511627906977	0.5229484157187416	0.5463539098626538
ATF7	Rep 1	0.5523079416911859	0.5400399583688716	0.5645759250135002
KLF7	Rep 1	0.5353309848630541	0.523184874560475	0.5474770951656331
ZSCAN22	Rep 1	0.5776013758690816	0.5653195283307939	0.5898832234073692
HNRNPL	Rep 1	0.5402587658659913	0.5285630107724556	0.551954520959527
TSHZ1	Rep 1	0.5138881583403687	0.497242868515953	0.5305334481647844
ZBTB12	Rep 1	0.538026769053665	0.5264003407353228	0.5496531973720071
ZNF260	Rep 1	0.53274426796219565	0.5080220873247017	0.5574664485996896
TRIM28	Rep 1	0.543862680274367	0.5317273221683843	0.5559980383803498
ZNF146	Rep 1	0.5163579398428904	0.5007303879284465	0.5319854917573342
ZNF561	Rep 1	0.5494096357120467	0.5377177308976601	0.5611015405264334
ZNF687	Rep 1	0.5339251907674109	0.5225229564348416	0.5453274250999801
SKIL	Rep 1	0.5450902766810009	0.5336972903273426	0.5564832630346591
VEZF1	Rep 1	0.5538885304789161	0.5425281103540691	0.565248950603763
SKI	Rep 1	0.5645416186571655	0.552521093246724	0.5765621440676069
ZNF768	Rep 1	0.49314692982456143	0.454611877401152	0.5316819822479709
PHF21A	Rep 1	0.537129860044828	0.5254595940679222	0.5488001260217338
NANOG	Rep 1	0.5654989085503495	0.5526684354310786	0.5783293816696203
PHF5A	Rep 1	0.5616982370456342	0.5496897148239197	0.5737067592673486
FOXM1	Rep 1	0.5410279419321337	0.5296265313537595	0.5524293525105078
PBX1	Rep 1	0.5276709924752316	0.5155238719286057	0.5398181130218576
ZNF341	Rep 1	0.5412647222362634	0.5297481265208664	0.5527813179516604
IKZF3	Rep 1	0.534602137019453	0.5229721015322044	0.5462321725067016
PAF1	Rep 1	0.538850955454806	0.5274249724281206	0.5502769384814914
ATXN7L3	Rep 1	0.553716605122548	0.5422443452997588	0.565188864945337
ZNF652	Rep 1	0.5419074705203145	0.5304154810048711	0.5533994600357579
ZBTB44	Rep 1	0.5223183931525774	0.5097086142139048	0.5349281720912501
NKX2-1	Rep 1	0.5457620964360587	0.5343834880665285	0.5571407048055889
CTNNB1	Rep 1	0.5451087274792895	0.5336857637682894	0.5565316911902897
ZMIZ1	Rep 1	0.5495880755456735	0.538168233837439	0.561007917253908
ZSCAN30	Rep 1	0.5384300596125892	0.5270227565903173	0.549837362634861
STAG1	Rep 1	0.5709123312007841	0.558024433139067	0.5838002292625012
WDR5	Rep 1	0.5610753586192935	0.5494147614822561	0.57273595575633085
NR2F1	Rep 1	0.5453335886924061	0.5339115438963019	0.5567556334885103
GATA1	Rep 1	0.5577819664884611	0.5461168086784075	0.5694471242985147
ZNF660	Rep 1	0.5574785373821607	0.5456691578352054	0.569287916929116
ZNF384	Rep 1	0.5328503180510465	0.5214374071744531	0.54426322892764
ZNF770	Rep 1	0.5375727419503957	0.5259586772864256	0.5491868066143658
E2F3	Rep 1	0.5275428796588051	0.5149519452299319	0.5401338140876782
OVOL1	Rep 1	0.5223933339185622	0.504850047795085	0.5399366200420395
GATA3	Rep 1	0.5727430307391428	0.5599576298225226	0.585528431655763
RCOR1	Rep 1	0.5693536415480897	0.5561938569353365	0.5825134261608428
SPDEF	Rep 1	0.5386999941157046	0.5273054451942423	0.5500945430371669
FOXA1	Rep 1	0.5503449787982211	0.5368698614632325	0.5638200961332097
ZNF121	Rep 1	0.5298549904726848	0.5170050034298991	0.5427049775154705
ZNF280A	Rep 1	0.5302231208404895	0.5128494473966474	0.5475967942843316
KLF12	Rep 1	0.5530387620828652	0.5410759328410982	0.5650015913246321
ZNF12	Rep 1	0.5371576847970422	0.5257513273732793	0.548564042220805
EZH1	Rep 1	0.5550840778332321	0.5436879373231048	0.5664802183433594
SOX4	Rep 1	0.5373702857910118	0.5259309342396602	0.5488096373423633
CHD4	Rep 1	0.5253521507790357	0.5139380573813035	0.536766244176768
MAML1	Rep 1	0.518595604635291	0.5055917329145077	0.5315994763560743
PBX3	Rep 1	0.5466346624865289	0.5352221846624989	0.5580471403105589
SMC1A-B	Rep 1	0.5183430124144193	0.5028522890209564	0.5338337358078822
TFAP2A	Rep 1	0.5488148611195132	0.5370439421899048	0.5605857800491215
TFAP2C	Rep 1	0.5649880096511575	0.5524835427557463	0.5774924765465687
RORC	Rep 1	0.5410014619912874	0.5290541454330392	0.5529487785495356
GATA6	Rep 1	0.5481183687002652	0.5358180023645279	0.5604187350360025
ZC3H11A	Rep 1	0.5364198785440653	0.5159736780910332	0.5568660789970973
ZNF574	Rep 1	0.5420637404326891	0.530656714285692	0.5534707665796862
SETDB1	Rep 1	0.5379090425896359	0.5263933081212776	0.5494247770579942
ZFX	Rep 1	0.5648399393360132	0.552453737766002	0.5772261409060243
HNF4G	Rep 1	0.5223594071273351	0.5099321330244041	0.5347866812302661
SMC3	Rep 1	0.5715074405357179	0.55798932620698	0.5850255548644557
XRN2	Rep 1	0.5404219309639076	0.5284230343326937	0.5524208275951215
USF1	Rep 1	0.5666119281703436	0.5545190050011611	0.578704851339526
GATA4	Rep 1	0.55464237830033	0.5429749983134289	0.5663097582872312
FOSL2	Rep 1	0.5458492910424602	0.5340727807379678	0.5576258013469525
MED12	Rep 1	0.5577272795204556	0.5461013373321089	0.5693532217088024
CBX5	Rep 1	0.5482646856888372	0.5290497749481892	0.5674795964294853
IRF8	Rep 1	0.5203923845383507	0.49827568530977745	0.542509083766924
ZNF479	Rep 1	0.5341073114216409	0.5189146088617256	0.5493000139815563
ATRX	Rep 1	0.5684906152138269	0.5563732017137336	0.5806080287139203
KAT7	Rep 1	0.5196882343099777	0.5076042781529105	0.5317721904670448
SS18-SSX	Rep 1	0.534132212158262	0.5220991887312084	0.5461652355853156
CHD1	Rep 1	0.5553232325901934	0.5427142714353044	0.5679321937450825
CBX4	Rep 1	0.5501786947360713	0.5380029194645418	0.5623544700076007
XBP1	Rep 1	0.558733120810097	0.5471373045008902	0.5703289371193038
SMARCA4	Rep 1	0.5460269178620756	0.5316149253637186	0.5604389103604326
TP53	Rep 1	0.5566302187061741	0.5430693725809568	0.5701910648313915
HMGB1	Rep 1	0.5523591630731037	0.5356821580460525	0.569036168100155
BRD1	Rep 1	0.5353145693391439	0.5235735506674957	0.5470555880107921
JUNB	Rep 1	0.5451043933350267	0.5331785428604717	0.5570302438095817
PHIP	Rep 1	0.5468683775765282	0.5350999583245546	0.5586367968285018
YY1AP1	Rep 1	0.5470594350768342	0.5355548145246031	0.5585640556290653
LMO2	Rep 1	0.5352754842339326	0.5237688534983012	0.546782114969564
ZIC2	Rep 1	0.5254762943571843	0.5119890649430988	0.5389635237712699
MGA	Rep 1	0.5685220324689015	0.5566194566015629	0.5804246083362402
SMARCD3	Rep 1	0.5171707605800533	0.5033777422816264	0.5309637788784802
OSR2	Rep 1	0.5386509694731205	0.5265871043055276	0.5507148346407135
EBF1	Rep 1	0.5436711162854345	0.5322881887517508	0.5550540438191183
MTF2	Rep 1	0.5132066983046911	0.4997200980715931	0.5266932985377891
BACH2	Rep 1	0.4982854486136008	0.4759100749823551	0.5206608222448466
ZNF441	Rep 1	0.5345505861414579	0.518068236124596	0.5510329361583198
KMT2D	Rep 1	0.562767184683771	0.5511393052161078	0.5743950641514342
SAFB	Rep 1	0.5330629300813706	0.5176964276817615	0.5484294324809798
MCRS1	Rep 1	0.5539260503781972	0.5421602882610688	0.5656918124953256
SMARCE1	Rep 1	0.5270726479128133	0.5155223489227485	0.538622946902878
NCOR2	Rep 1	0.5190372606653708	0.5066230091183638	0.5314515122123779
FOXL2	Rep 1	0.5342971520076061	0.5228853199289509	0.5457089840862612
SRSF4	Rep 1	0.5420676035208214	0.5260770171121986	0.5580581899294442
TCF7	Rep 1	0.543458055122411	0.5315615314671676	0.5553545787776544
STAG2	Rep 1	0.5452109523678342	0.5337464184282532	0.5566754863074153
BICRA	Rep 1	0.523863603684985	0.5084635780546862	0.5392636293152837
ZNF207	Rep 1	0.5423139312977099	0.5309228558414615	0.5537050067539583
CREB3L1	Rep 1	0.544271930675056	0.5328918330126818	0.5556520283374301
KMT2C	Rep 1	0.5336699693940202	0.5215531072831697	0.5457868315048707
NR1H2	Rep 1	0.52561864047967	0.5137965378540437	0.5374407431052963
MORC2	Rep 1	0.5414886372969652	0.5300999431988916	0.5528773313950387
GRHL2	Rep 1	0.5517345086195194	0.5401963850577339	0.563272632181305
LMO1	Rep 1	0.5774037359380373	0.565811324929784	0.5889961469462905
CTBP2	Rep 1	0.5241155840982382	0.5126116387753141	0.5356195294211623
TFDP1	Rep 1	0.5505192786804828	0.5391506366389979	0.5618879207219677
ZBTB6	Rep 1	0.5216042194324344	0.5094362191770306	0.5337722196878382
MAFB	Rep 1	0.5192876632707428	0.5066619868387109	0.5319133397027748
PRDM15	Rep 1	0.5380839943429871	0.5256473846254986	0.5505206040604756
CUX1	Rep 1	0.5443481473468064	0.5329462065431436	0.5557500881504691
SFMBT1	Rep 1	0.5366614272411458	0.5236671643612391	0.5496556901210526
ASXL1	Rep 1	0.5386687152207541	0.5270137581141723	0.5503236723273359
BCLAF1	Rep 1	0.5263280271982481	0.5107534107539767	0.5419026436425195
DLX6	Rep 1	0.5356598483831493	0.524039109871139	0.5472805868951596
ZNF18	Rep 1	0.5361132038044109	0.5246484424102014	0.5475779651986203
NOTCH3	Rep 1	0.5155717072778793	0.4950380724117682	0.5361053421439903
TGIF2	Rep 1	0.5445398484300235	0.5330573857105793	0.5560223111494677
MRTFB	Rep 1	0.550560333173402	0.5385914570016153	0.5625292093451888
FOS	Rep 1	0.5585847866362711	0.5459830590855751	0.5711865141869671
SREBF1	Rep 1	0.538087766902585	0.5265027057660652	0.5496728280391048
ZNF609	Rep 1	0.5384323810950942	0.5269610899831771	0.5499036722070112
DR1	Rep 1	0.5357798743206514	0.5240295870217767	0.5475301616195262
ZNF750	Rep 1	0.5304242527045874	0.5183620778419795	0.5424864275671952
ARID5B	Rep 1	0.5600736837725232	0.548741207548203	0.5714061599968434
ZFP37	Rep 1	0.5374341973244148	0.5259647323639252	0.5489036622849044
HNRNPUL1	Rep 1	0.5306685813531624	0.5170304907080983	0.5443066719982266
ZNF503	Rep 1	0.5353557836857652	0.5233989583491981	0.5473126090223323
TBL1XR1	Rep 1	0.5585538246819934	0.5468934504695112	0.5702141988944757
PRPF4	Rep 1	0.5309308470558232	0.5191253993759447	0.5427362947357016
YAP1	Rep 1	0.5323213740095788	0.5206967701176848	0.5439459779014728
TEAD1	Rep 1	0.5200384097072566	0.5084441597142831	0.53163265970023
SOX2	Rep 1	0.547125574479589	0.5355451920878896	0.5587059568712883
MSX2	Rep 1	0.5106835119689367	0.49305936386601873	0.5283076600718547
ONECUT2	Rep 1	0.5256110197893449	0.512811039856606	0.5384109997220837
PDX1	Rep 1	0.5449592680877835	0.5334825770727071	0.5564359591028599
SMAD2	Rep 1	0.5330752406633739	0.5144550759101613	0.5516954054165865
THRB	Rep 1	0.5366826140298336	0.5252883978470937	0.5480768302125736
VDR	Rep 1	0.5624180849115331	0.5499376503663163	0.57489851945675
RXR	Rep 1	0.5452949611080276	0.5338117460853635	0.5567781761306916
RFX5	Rep 1	0.5567806707113572	0.5452919150592149	0.5682694263634994
PBX2	Rep 1	0.5284861137899826	0.5130778415534507	0.5438943860265144
ONECUT1	Rep 1	0.5077209211170994	0.4937104557552805	0.5217313864789184
MEIS2	Rep 1	0.5384924039048046	0.5268005576113796	0.5501842501982296
ID3	Rep 1	0.5324189615350459	0.5207156453777925	0.5441222776922993
DAXX	Rep 1	0.5202087012818393	0.5055340747670876	0.534883327796591
ZMYND8	Rep 1	0.5385235575072236	0.5271107705613901	0.5499363444530571
ZNF596	Rep 1	0.5405406229606182	0.5207006542449308	0.5603805916763056
ZNF256	Rep 1	0.5230612809335676	0.5095287691899407	0.5365937926771945
WDHD1	Rep 1	0.5249549983513926	0.509089400565485	0.5408205961373002
ZNF281	Rep 1	0.5283207515122648	0.51527639787821	0.5413651051463195
ZNF534	Rep 1	0.5426566454482705	0.5287388407443481	0.556574450152193
SALL3	Rep 1	0.5281499028942652	0.5149961523436278	0.5413036534449026
MEF2B	Rep 1	0.5374279265268234	0.5260125338893966	0.5488433191642501
ZNF202	Rep 1	0.5410352244165917	0.5289673168189816	0.5531031320142018
SRSF7	Rep 1	0.5324010697813556	0.5207123238856439	0.5440898156770673
GMEB2	Rep 1	0.5536725028210503	0.5423068357129295	0.5650381699291711
SREBF2	Rep 1	0.531133633076539	0.5184435959972278	0.5438236701558503
MEIS1	Rep 1	0.5117483771334794	0.49300767262064266	0.5304890816463161
CDX2	Rep 1	0.5386004004355539	0.5271438905052318	0.550056910365876
ZNF674	Rep 1	0.5078235190217273	0.4813630370065156	0.534284001036939
GATAD2A	Rep 1	0.5225564554818682	0.49597862759497624	0.5491342833687602
ZNF224	Rep 1	0.5225941422594143	0.5067520384468996	0.5384362460719289
PCBP2	Rep 1	0.5161503228087619	0.49821863717073767	0.5340820084467862
INTS13	Rep 1	0.5701020155224289	0.5581516258430763	0.5820524052017815
MECOM	Rep 1	0.5466133804297193	0.5352065168289887	0.5580202440304499
NRIP1	Rep 1	0.5153186274509804	0.5028760193831688	0.5277612355187921
ZIC5	Rep 1	0.5134291174518861	0.49619989835592304	0.5306583365478492
TRIM22	Rep 1	0.5409580447391177	0.5295293155160369	0.5523867739621985
PCGF1	Rep 1	0.5402029265867624	0.5287818220451997	0.551624031128325
SPIN1	Rep 1	0.5298578494164531	0.5020236464011777	0.5576920524317285
NR4A1	Rep 1	0.5278273582113943	0.5161870210378068	0.5394676953849817
ZNF592	Rep 1	0.5200590477147985	0.5066421023090115	0.5334759931205855
MZF1	Rep 1	0.522826528994795	0.509287652868865	0.536365405120725
KLF13	Rep 1	0.5417192890500221	0.5303112950825554	0.5531272830174888
CEBPZ	Rep 1	0.5459455409754808	0.5300366196497408	0.5618544623012207
SRSF3	Rep 1	0.5214813400401238	0.509772505466607	0.5331901746136406
IKZF2	Rep 1	0.5270786835464847	0.5149327457161602	0.5392246213768092
HDAC8	Rep 1	0.5431303876809636	0.5313740402905871	0.55488673507134
ZNF213	Rep 1	0.5251636882114621	0.512704846577771	0.5376225298451531
WT1	Rep 1	0.5306397915165241	0.5192111663089739	0.5420684167240742
ZNF337	Rep 1	0.5406479111191153	0.5291992034324523	0.5520966188057782
RBM14	Rep 1	0.5131028512638292	0.495877884904926	0.5303278176227323
TBX5	Rep 1	0.5158172570029316	0.503377541520465	0.5282569724853982
ZNF528	Rep 1	0.5428423678646934	0.5314366370270999	0.554248098702287
PALB2	Rep 1	0.5045024410893185	0.47966188646718744	0.5293429957114496
ZSCAN21	Rep 1	0.5286049576977526	0.5170336564682362	0.5401762589272691
ZNF423	Rep 1	0.5154997361164395	0.49919271642280116	0.5318067558100779
L3MBTL4	Rep 1	0.5261828999119064	0.5123536634488527	0.54001213637496
ZNF324	Rep 1	0.5371445123806428	0.525744977099592	0.5485440476616935
ZNF449	Rep 1	0.5299442268356745	0.5182673729452851	0.541621080726064
ZFP91	Rep 1	0.5293419570722494	0.5117188342499167	0.5469650798945821
ZSCAN16	Rep 1	0.5107723862313029	0.49422651386480176	0.5273182585978041
ZNF184	Rep 1	0.5173254028005233	0.5045199101294249	0.5301308954716217
PRDM4	Rep 1	0.5155957571226354	0.5026599586697181	0.5285315555755526
ZNF366	Rep 1	0.5188930920310192	0.5071949074806096	0.5305912765814288
NFIB	Rep 1	0.5205205719212318	0.5082422174804153	0.5327989263620483
NR5A2	Rep 1	0.5257192109414386	0.5096278207777415	0.5418106011051357
NFRKB	Rep 1	0.5279529939558106	0.5158222560959181	0.5400837318157031
ZNF785	Rep 1	0.5187475549560732	0.5022089546310632	0.5352861552810831
FOXO3	Rep 1	0.5372039879349961	0.5254305513551838	0.5489774245148085
CBFA2T3	Rep 1	0.5215188228370042	0.5086243219196128	0.5344133237543957
ZNF583	Rep 1	0.536196076961984	0.5197167817405183	0.5526753721834498
ZSCAN23	Rep 1	0.5198953793288204	0.504411859625408	0.5353788990322327
ZNF394	Rep 1	0.5352875695732838	0.523881558026007	0.5466935811205607
CARM1	Rep 1	0.5282009571458297	0.5088701496385264	0.547531764653133
ZNF169	Rep 1	0.5170673247219402	0.47829225288772165	0.5558423965561586
GTF2A2	Rep 1	0.4734678515928516	0.4458561640424899	0.5010795391432133
GLI4	Rep 1	0.5091009968565127	0.49279843464432266	0.5254035590687027
ZSCAN5A	Rep 1	0.5374083289107897	0.5237869990625726	0.5510296587590068
EED	Rep 1	0.5080208603122395	0.4959359030715094	0.5201058175529695
REPIN1	Rep 1	0.5193976794962016	0.5026438075803235	0.5361515514120798
ZNF266	Rep 1	0.5541991738009758	0.5092660142984405	0.5991323333035111
ZNF133	Rep 1	0.5233137451276088	0.4895392556979896	0.5570882345572279
PITX3	Rep 1	0.5471689427650759	0.5357063555142016	0.5586315300159501
ZNF10	Rep 1	0.530273576441612	0.517443550460103	0.543103602423121
RLF	Rep 1	0.534185003960468	0.5144252221542479	0.553944785766688
ZSCAN18	Rep 1	0.5098676131520098	0.4869151592423914	0.5328200670616281
ARID1B	Rep 1	0.5352068784399597	0.5237689471805776	0.5466448096993418
ZNF664	Rep 1	0.5046674260258782	0.4855917066068904	0.5237431454448661
MAFG	Rep 1	0.5060560720562083	0.4806536507733515	0.5314584933390651
ZNF318	Rep 1	0.4957654364663415	0.47066111706167574	0.5208697558710074
LEF1	Rep 1	0.513401869779463	0.4980098700555	0.528793869503426
CEBPG	Rep 1	0.5052863424671244	0.4868276735203533	0.5237450114138956
PRDM6	Rep 1	0.48932500878174295	0.46797768317765787	0.510672334385828
CREB5	Rep 1	0.5009152262894082	0.48627396411865725	0.5155564884601591
IRF3	Rep 1	0.5391399999960969	0.5255086296761808	0.5527713703160129
STAT2	Rep 1	0.48939824054521375	0.46728256241248173	0.5115139186779457
SMARCC2	Rep 1	0.5137420765779924	0.49668407128277237	0.5308000818732125
ELF3	Rep 1	0.5372415599025222	0.5258431447097934	0.548639975095251
RAD51	Rep 1	0.5213895644582232	0.5079951178167612	0.5347840110996851
BATF	Rep 1	0.5030670136362154	0.48670805098531805	0.5194259762871127
MED25	Rep 1	0.5129033788858821	0.4936975014457446	0.5321092563260196
ZNF148	Rep 1	0.5295102200806416	0.5165160565205806	0.5425043836407026
IRF2BP2	Rep 1	0.5085381382700894	0.49056092746504376	0.5265153490751351
KMT2B-D	Rep 1	0.5318708647982769	0.5204681247919625	0.5432736048045914
MAFK	Rep 1	0.5261923725249409	0.5141417211230794	0.5382430239268023
STAT5B	Rep 1	0.5503303751526321	0.5389578138457762	0.5617029364594879
TAF9B	Rep 1	0.5202393325620827	0.5068522552980609	0.5336264098261044
EHF	Rep 1	0.5300527652755046	0.5186013289777147	0.5415042015732945
ETV6	Rep 1	0.516816253929656	0.5035968305373533	0.5300356773219588
PRDM1	Rep 1	0.5236276896955449	0.5063448037858237	0.540910575605266
HIC1	Rep 1	0.5185048041441545	0.5056111614152787	0.5313984468730302
ZNF444	Rep 1	0.5488438259031437	0.537466377045386	0.5602212747609014
ETV2	Rep 1	0.5248372906471359	0.5059332267509339	0.5437413545433379
IRF9	Rep 1	0.47753465766250247	0.44477363607031556	0.5102956792546894
FOXO1-PAX3	Rep 1	0.5136039320687427	0.4976550571898201	0.5295528069476652
ATF2	Rep 1	0.5462993030749631	0.5346301181338857	0.5579684880160405
SFPQ	Rep 1	0.5130218433203206	0.4997566518685713	0.52628703477207
CBX2	Rep 1	0.519513786171037	0.5061345659913005	0.5328930063507736
ZNF140	Rep 1	0.5335920192359648	0.4982240040646616	0.568960034407268
TSC22D4	Rep 1	0.49370106716668044	0.46146450069003236	0.5259376336433285
MITF	Rep 1	0.5532288310854123	0.5418679582629862	0.5645897039078385
BRD7	Rep 1	0.5176860918361788	0.49920124341779537	0.5361709402545621
HDAC3	Rep 1	0.5281711725874018	0.516755526821248	0.5395868183535555
RUVBL2	Rep 1	0.561313918293858	0.5490253979355624	0.5736024386521537
MEF2C	Rep 1	0.5164078925847174	0.4917492677765856	0.5410665173928492
ZNF142	Rep 1	0.55628800192643435	0.5447540580062841	0.5678219458465846
MAFF	Rep 1	0.5416492411704943	0.5302581212165832	0.5530403611244054
SMARCA2	Rep 1	0.515193505031051	0.4980741148757286	0.5323128951863734
PRKDC	Rep 1	0.5368379889051891	0.523332355364741	0.5503436224456372
DIDO1	Rep 1	0.5444965688266271	0.5325156031999025	0.5564775344533517
STAT5A	Rep 1	0.5125419594720207	0.497539311660244	0.5275446072837975
NFIA	Rep 1	0.503098046449718	0.4816139743826873	0.5245821185167486
MYOG	Rep 1	0.5000660903628527	0.48243854758373006	0.5176936331419753
CD74	Rep 1	0.5321095287821308	0.5187477364932394	0.5454713210710223
NFATC2	Rep 1	0.5261488337565772	0.5124694505535975	0.5398282169595569
CHD7	Rep 1	0.5015791304347826	0.48669754243545615	0.5164607184341091
ZNF30	Rep 1	0.5229109710649067	0.5084295708283838	0.5373923713014296
ZXDC	Rep 1	0.5165684228674704	0.5030181246793628	0.530118721055578
TWIST1	Rep 1	0.5399788004067746	0.5283934384859318	0.5515641623276174
MYF5	Rep 1	0.5124863930700662	0.49946694339490133	0.525505842745231
HDGF	Rep 1	0.5217596961503005	0.5095374629323217	0.5339819293682793
SCRT1	Rep 1	0.5001205507597318	0.4819913618939915	0.5182497396254722
CSNK2A1	Rep 1	0.5290973436988736	0.516057937286847	0.5421367501109002
TCF4	Rep 1	0.5292618091252903	0.5177987819869414	0.5407248362636392
RUNX1-RUNX1T1	Rep 1	0.5246610169491526	0.5090811532411025	0.5402408806572027
TOP1	Rep 1	0.5369527048923005	0.5218642433318542	0.5520411664527468
BAP1	Rep 1	0.5571016285302	0.5457567327078123	0.5684465243525876
SALL4	Rep 1	0.523746010352025	0.5004883160561526	0.5470037046478973
HOXC5	Rep 1	0.5539044348084509	0.517313939353169	0.5904949302637327
ERF	Rep 1	0.5496081328452084	0.5372743505941804	0.5619419150962364
ZNF783	Rep 1	0.5488473966836261	0.5289748343518237	0.5687199590154286
ASXL3	Rep 1	0.5550952409458396	0.5436983932597078	0.5664920886319714
ZNF468	Rep 1	0.5160458111587485	0.49621597126805816	0.5358756510494388
NAB2	Rep 1	0.5406493757761801	0.517320738779967	0.5639780127723932
ZNF736	Rep 1	0.5060275302311654	0.4820830306207909	0.52997202984154
HDAC6	Rep 1	0.5286338527994028	0.5163017607104567	0.5409659448883488
ESR2	Rep 1	0.5226211856726894	0.5071237988737861	0.5381185724715928
ZNF165	Rep 1	0.5325513595472688	0.501043067646815	0.5640596514477226
TBX18	Rep 1	0.5313949546924123	0.5130043763072158	0.5497855330776087
RBM34	Rep 1	0.5736872308429339	0.5307660874541036	0.6166083742317643
ELF2	Rep 1	0.5327664599580891	0.4894905841838647	0.5760423357323136
THAP11	Rep 1	0.5305574588503544	0.5128982640451323	0.5482166536555766
PAX8	Rep 1	0.49519427513361075	0.4707647066897819	0.5196238435774396
ZFP3	Rep 1	0.5275295065440312	0.5107985535694938	0.5442604595185686
CLOCK	Rep 1	0.5424870594645466	0.5310850582879023	0.5538890606411908
SOX13	Rep 1	0.5200089249603914	0.5039653203727219	0.5360525295480609
MEN1	Rep 1	0.5369092354115389	0.5255088729810297	0.5483095978420481
TSHZ2	Rep 1	0.5321943141133669	0.5154224074730283	0.5489662207537056
NR5A1	Rep 1	0.5203412145885971	0.5052651952923551	0.535417233884839
OTX2	Rep 1	0.5351743899391952	0.5236278192089411	0.5467209606694493
POU2F2	Rep 1	0.5335530149081692	0.5215353472155152	0.5455706826008232
PARP1	Rep 1	0.5139883514087336	0.5019163961388461	0.526060306678621
RUVBL1	Rep 1	0.5341181820959997	0.5203427301491994	0.5478936340428
ZNF577	Rep 1	0.5277903366318163	0.5118456117341612	0.5437350615294714
ZNF239	Rep 1	0.524697548108933	0.5085918733169472	0.5408032229009188
KLF15	Rep 1	0.5536159722665759	0.5409482369633125	0.5662837075698393
DPF1	Rep 1	0.5289463695655239	0.5096477029319444	0.5482450361991034
CBFA2T2	Rep 1	0.5209922681284029	0.5066992444018729	0.535285291854933
DEAF1	Rep 1	0.506579239177389	0.4879586744803486	0.5251998038744294
T	Rep 1	0.5211608403501727	0.5076349519511845	0.534686728749161
ASH1L	Rep 1	0.5276429709964364	0.5125904605871386	0.5426954814057342
CRX	Rep 1	0.5585837782783517	0.547220180016262	0.5699473765404414
JDP2	Rep 1	0.5260176991150443	0.505964945426155	0.5460704528039335
ZNF778	Rep 1	0.5364190491171498	0.519566018216486	0.5532720800178136
NCOA3	Rep 1	0.5169721325911735	0.5025353466469046	0.5314089185354424
FANCL	Rep 1	0.5372055168706351	0.5221980093439205	0.5522130243973498
NR2F6	Rep 1	0.5120328231489363	0.49802858212937823	0.5260370641684943
ZNF572	Rep 1	0.5227483632586689	0.5111410060694047	0.5343557204479331
AATF	Rep 1	0.5016049660926347	0.47563028442408056	0.5275796477611889
IFNA1	Rep 1	0.49837550070075404	0.48319247598102744	0.5135585254204806
NUTM1	Rep 1	0.5095412441464234	0.4952717344097036	0.5238107538831432
NRL	Rep 1	0.5480647056067162	0.5359310335511485	0.5601983776622839
ZNF677	Rep 1	0.5351325029952426	0.4915470375698667	0.5787179684206186
CHD8	Rep 1	0.5401150007935335	0.5286735371387097	0.5515564644483573
MAF1	Rep 1	0.5529270607972286	0.5385620559135992	0.5672920656808581
PREB	Rep 1	0.5299378113976071	0.5107325004789138	0.5491431223163004
DDX20	Rep 1	0.5191592395017017	0.5053737801622001	0.5329446988412033
ZNF467	Rep 1	0.5335100356934385	0.5215874187838401	0.5454326526030369
SNIP1	Rep 1	0.5425502134891197	0.5195535339024767	0.5655468930757627
LYL1	Rep 1	0.509147415282722	0.4822059315150106	0.5360888990504333
EPAS1	Rep 1	0.543629690317394	0.5317734335563133	0.5554859470784748
CBX3	Rep 1	0.5320223384030418	0.5162331607345387	0.5478115160715449
SSRP1	Rep 1	0.5149475514657306	0.5010882244312753	0.5288068785001858
NKX3-1	Rep 1	0.5384109672844859	0.5269833117897041	0.5498386227792676
E2F7	Rep 1	0.517093023255814	0.502631711174407	0.531554335337221
OVOL3	Rep 1	0.5270579629981138	0.5105566959142201	0.5435592300820075
TBL1X	Rep 1	0.5487087621502693	0.5372509622770555	0.5601665620234831
MRTFA	Rep 1	0.548252081887578	0.535558182354089	0.560945981421067
NCOA2	Rep 1	0.5142186667233279	0.49949062424614	0.5289467092005159
NEUROG2	Rep 1	0.5118237731327241	0.497974960625695	0.5256725856397532
ZNF554	Rep 1	0.5393985027224611	0.5273917960914907	0.5514052093534316
CCAR2	Rep 1	0.5194287973237427	0.507183036822059	0.5316745578254264
ZBTB16	Rep 1	0.5240963619767226	0.507198600249909	0.5409941237035362
RREB1	Rep 1	0.5237630918385228	0.5084270564596471	0.5390991272173984
ZNF512B	Rep 1	0.5260736263896416	0.5101063177849979	0.5420409349942853
ZNF41	Rep 1	0.5181989995486685	0.49378220562953945	0.5426157934677976
ZSCAN4	Rep 1	0.5129595620277446	0.4999250932009592	0.52599403085453
ZSCAN5C	Rep 1	0.5050282382497231	0.48319962801739247	0.5268568484820537
DACH1	Rep 1	0.5140108189891303	0.49250711805502534	0.5355145199232352
ZNF837	Rep 1	0.5036154583040486	0.45938306855018657	0.5478478480579108
FEZF1	Rep 1	0.5334864165324792	0.5216273694351806	0.5453454636297778
ZNF623	Rep 1	0.513133794694755	0.49468201273894885	0.531585576650561
PCGF2	Rep 1	0.5103701277687452	0.48858473963556015	0.5321555159019303
ZNF645	Rep 1	0.5059034787207136	0.47558067752844096	0.5362262799129862
HLF	Rep 1	0.49121921226793186	0.46759177865645435	0.5148466458794093
UBN1	Rep 1	0.5462169295373269	0.5341132342555945	0.5583206248190593
ZNF740	Rep 1	0.5311003973100312	0.5070097060499733	0.5551910885700891
HAND2	Rep 1	0.535957320333891	0.5240809408248694	0.5478336998429125
GTF3C5	Rep 1	0.544004357432575	0.5151120398754517	0.5728966749896983
REL	Rep 1	0.5187247287678953	0.5016963858090919	0.5357530717266987
RPA2	Rep 1	0.4750455098081855	0.45009617250907125	0.49999484710729974
SUPT16H	Rep 1	0.5048601687851527	0.4852674765917895	0.524452860978516
ARHGAP35	Rep 1	0.51930636498478	0.4893665241127879	0.5492462058567721
ZNF257	Rep 1	0.5218575121185319	0.5074214839953749	0.536293540241689
OGG1	Rep 1	0.5144300019838018	0.5026887215934386	0.5261712823741651
MYOCD	Rep 1	0.5170937136711842	0.48897530822050217	0.5452121191218662
ZNF737	Rep 1	0.5104258462701391	0.4947998819093845	0.5260518106308937
ZNF558	Rep 1	0.5091872461611053	0.49335883649102724	0.5250156558311835
U2AF2	Rep 1	0.5289545199871513	0.5166470065859817	0.5412620333883208
NCOA6	Rep 1	0.5237824656107205	0.494423145343452	0.553141785877989
BMI1	Rep 1	0.5178872767988464	0.5031073596289983	0.5326671939686944
MIER1	Rep 1	0.4988972775919791	0.47925905025661925	0.518535504927339
ZMYM2	Rep 1	0.5495800349416531	0.49867092587098005	0.6004891440123261
ZNF90	Rep 1	0.5246104433969095	0.49081982223084103	0.558401064562978
ZSCAN31	Rep 1	0.5216659567127185	0.4954764336797863	0.5478554797456507
JMJD6	Rep 1	0.5234983392197735	0.5039382114171584	0.5430584670223886
ZNF549	Rep 1	0.5144261453693364	0.49427295911041497	0.5345793316282578
ZNF626	Rep 1	0.5334275255282256	0.5016236523107438	0.5652313987457074
EBF3	Rep 1	0.5278139943482245	0.5151031082538287	0.5405248804426204
ZNF343	Rep 1	0.525103832533679	0.506200788306551	0.544006876760807
ZNF320	Rep 1	0.5413259428611339	0.5215451679302546	0.5611067177920132
HOXB8	Rep 1	0.5228538817785259	0.5089110870692294	0.5367966764878224
ARRB1	Rep 1	0.552183146078621	0.5406990803164703	0.5636672118407716
ZNF680	Rep 1	0.5212910268230905	0.4953978868933751	0.5471841667528058
LIN9	Rep 1	0.5262397819598127	0.5126742364621094	0.539805327457516
FOXJ3	Rep 1	0.5191023581812757	0.5044809523280005	0.5337237640345509
ZNF101	Rep 1	0.5194357856853931	0.5069717652908298	0.5318998060799563
SND1	Rep 1	0.5295092493164031	0.5118282674928091	0.5471902311399971
ZNF329	Rep 1	0.5127705712597623	0.48239291411775576	0.5431482284017689
ZNF221	Rep 1	0.5294335154668895	0.47389899580703865	0.5849680351267404
CREB3	Rep 1	0.5127496298981843	0.49114033100559784	0.5343589287907707
ZNF816	Rep 1	0.5262735222383058	0.4923212205531424	0.5602258239234692
USP7	Rep 1	0.5328639446356127	0.5111817885345535	0.5545461007366719
ZNF331	Rep 1	0.5467541666666667	0.5079748283245797	0.5855335050087536
ZNF701	Rep 1	0.5176425875795116	0.4705511017715584	0.564734073387465
ZNF317	Rep 1	0.5258729522419137	0.49853905873329885	0.5532068457505285
ZNF37A	Rep 1	0.5116622239146992	0.4527634325486938	0.5705610152807046
ZNF784	Rep 1	0.5288675301743682	0.4981035960059222	0.5596314643428142
ZNF350	Rep 1	0.5242941063873567	0.50556080660329	0.5430274061714235
CERS6	Rep 1	0.519520619320633	0.4950476835311232	0.5439935551101428
PAX3-FOXO1	Rep 1	0.5154533948698584	0.5034582459785921	0.5274485437611247
SRC	Rep 1	0.5514880293832489	0.5236610214013248	0.5793150373651731
SHOX2	Rep 1	0.5213707949172324	0.5031602877820284	0.5395813020524364
HHEX	Rep 1	0.5332832749495054	0.4961607858190239	0.570405764079987
ZIM3	Rep 1	0.5296248795270719	0.4902534419266207	0.5689963171275232
ZNF410	Rep 1	0.5155344357412243	0.47858335646922456	0.552485515013224
ZNF34	Rep 1	0.5080077334064871	0.4793801707494357	0.5366352960635384
ZNF547	Rep 1	0.5467819557003522	0.526153550976939	0.5674103604237652
POU2F3	Rep 1	0.5164193030749574	0.5002502167706415	0.5325883893792733
POU4F2	Rep 1	0.5386708106883075	0.5270805999745294	0.5502610214020855
ZNF597	Rep 1	0.47503951814346757	0.43728995216284605	0.5127890841240891
HSF2	Rep 1	0.5107545918705656	0.4884577938224804	0.5330513899186508
ZNF85	Rep 1	0.5394688290299066	0.49416224791159624	0.5847754101482169
IRF5	Rep 1	0.5178918822877518	0.49497534332357895	0.5408084212519247
TBX3	Rep 1	0.5311130942579048	0.5167271371585587	0.5454990513572509
TCF21	Rep 1	0.5127270997402301	0.4971681202771629	0.5282860792032973
SOX8	Rep 1	0.5167727891156463	0.50389916701152615	0.5296464112197664
ZNF22	Rep 1	0.5072172525732153	0.46330033534208553	0.551134169804345
HMBOX1	Rep 1	0.5162536002277056	0.5002892144736628	0.5322179859817484
TRPS1	Rep 1	0.5232503833012211	0.5088030064413461	0.537697760161096
CBX7	Rep 1	0.5310340712207448	0.5153229467565242	0.5467451956849653
E2F5	Rep 1	0.5104299980673643	0.48507807395045105	0.5357819221842777
ZNF589	Rep 1	0.5296703875315922	0.497208556332739	0.5621322187304455
GFI1	Rep 1	0.5289784774865917	0.5119618623876686	0.5459950925855147
ZNF83	Rep 1	0.530732785740375	0.49251633442370835	0.5689492370570416
TLE3	Rep 1	0.523789028961139	0.5080860063528204	0.5394920515694576
SPIB	Rep 1	0.5205661571824135	0.5047267849591142	0.5364055294057128
HNF1A	Rep 1	0.5188038891946432	0.5013810720225728	0.5362267063667135
ZNF8	Rep 1	0.5247932288233355	0.4943613518034026	0.5552251058432683
PYGO2	Rep 1	0.5229024307752049	0.48915948801184933	0.5566453735385605
ETS2	Rep 1	0.5241637827844725	0.4825529962578021	0.5657745693111429
ZBTB24	Rep 1	0.5089181763144415	0.49367064994288085	0.524165702686002
TERF1	Rep 1	0.523365185486997	0.5084991502573476	0.5382312207166463
ZNF764	Rep 1	0.5172763440636807	0.49535779623190346	0.539194891895458
TCF25	Rep 1	0.5203421223507871	0.507061301589227	0.5336229431123473
BRF1	Rep 1	0.5183700436175583	0.4997884880741655	0.5369515991609511
SNAPC1	Rep 1	0.5032127217125383	0.4885048202155864	0.5179206232094902
ZFP42	Rep 1	0.5191630047837795	0.4944842026801113	0.5438418068874478
NKX2-5	Rep 1	0.5108121934232716	0.493369547603252	0.5282548392432911
ZNF830	Rep 1	0.5326533524403141	0.5033556219115428	0.5619510829690854
HOMEZ	Rep 1	0.5181920413436693	0.46457104686554485	0.5718130358217937
TFEB	Rep 1	0.5353364980270615	0.5072708556516954	0.5634021404024276
ZBTB18	Rep 1	0.5436845807263998	0.513915932883323	0.5734532285694766
ZBTB42	Rep 1	0.5261521041894245	0.5122499525658344	0.5400542558130146
SETX	Rep 1	0.5206229728902759	0.5027927994165368	0.5384531463640151
PAX6	Rep 1	0.5157547399390731	0.49747931310765076	0.5340301667704953
GSPT2	Rep 1	0.5325225155535912	0.5195695548805273	0.5454754762266552
ZNF543	Rep 1	0.5263637160188884	0.47889227971622117	0.5738351523215557
MBD3	Rep 1	0.5084182956961116	0.4915016868322357	0.5253349045599875
SATB1	Rep 1	0.5194774999999999	0.49856667146270134	0.5403883285372986
ZNF280D	Rep 1	0.511613242744243	0.49274539793453676	0.5304810875539493
ZBED2	Rep 1	0.51680502452147	0.49980711532581623	0.5338029337171238
ZNF579	Rep 1	0.5174525031005545	0.5041658287874873	0.5307391774136216
CC2D1A	Rep 1	0.5166573374744846	0.5010601056540817	0.5322545692948876
ZNF792	Rep 1	0.5019670927745183	0.4814623693305816	0.5224718162184551
ATF4	Rep 1	0.5112658626308513	0.49767033613445943	0.5248613891272431
COBLL1	Rep 1	0.49912498437472097	0.4503596517356337	0.5478903170138083
RFX2	Rep 1	0.5214323290398633	0.48798793510032207	0.5548767229794045
CIITA	Rep 1	0.51568	0.4738907545531375	0.5574692454468626
PBX1-2-3	Rep 1	0.5253656498817789	0.5097465375953915	0.5409847621681664
TERF2	Rep 1	0.5146183693859058	0.4975484664686081	0.5316882723032034
HOXB5	Rep 1	0.5508308773938447	0.5249339916958545	0.5767277630918349
ATOH8	Rep 1	0.5443044085261849	0.5098597341368547	0.5787490829155151
ZNF141	Rep 1	0.5343405392759025	0.4932769019710937	0.5754041765807114
POU2AF1	Rep 1	0.5282925370236197	0.49906574034405493	0.5575193337031844
BHLHE22	Rep 1	0.5165056829202064	0.49137227670844474	0.541639089131968
ZNF462	Rep 1	0.4948537385226554	0.4529806125252227	0.5367268645200881
PROX1	Rep 1	0.509185706411636	0.4886352455956462	0.5297361672276257
ZNF197	Rep 1	0.5300181820791324	0.48399820633728663	0.5760381578209782
CSDC2	Rep 1	0.5196421911228426	0.4934684201827966	0.5458159620628886
ZNF395	Rep 1	0.5451580887565576	0.5168700907484753	0.5734460867646398
TAF2	Rep 1	0.5077387609036009	0.48595579088975593	0.5295217309174459
ZNF644	Rep 1	0.5120323469805047	0.48554750270554703	0.5385171912554624
ZNF519	Rep 1	0.5422134921811071	0.5286806178691668	0.5557463664930475
SAFB2	Rep 1	0.5273498857641775	0.5029614747037555	0.5517382968245995
CBX8	Rep 1	0.43138798563163194	0.3923051632541222	0.4704708080091417
HCFC1R1	Rep 1	0.4815200113395904	0.43311537524896315	0.5299246474302176
ZNF28	Rep 1	0.5469549243741706	0.5193425221362123	0.5745673266121288
ZNF397	Rep 1	0.5460411702202174	0.511973380926482	0.5801089595139527
ARID3B	Rep 1	0.5195445000807624	0.48711696515250413	0.5519720350090206
ZNF223	Rep 1	0.5183928467248096	0.48864621269306124	0.5481394807565579
KAT2B	Rep 1	0.5267758652429597	0.5045031539705438	0.5490485765153756
NSD2	Rep 1	0.5351194216984902	0.4904208600441006	0.5798179833528799
NFXL1	Rep 1	0.5003190493284988	0.4624628132571511	0.5381752853998465
ZNF611	Rep 1	0.5064280200527339	0.4668346074575277	0.5460214326479401
ZNF362	Rep 1	0.5211404946244436	0.5039694666316159	0.5383115226172712
TP73	Rep 1	0.4702731004215428	0.43285756602170067	0.5076886348213849
FOXF1	Rep 1	0.5238233581270836	0.49394547713554765	0.5537012391186196
SALL2	Rep 1	0.5337025176919399	0.5136206259668317	0.5537844094170481
ISL1	Rep 1	0.5204705986652742	0.5048571432165864	0.5360840541139621
RING1	Rep 1	0.4898041743130829	0.45221998121698725	0.5273883674091785
PHF19	Rep 1	0.49437017802875804	0.4547722015842455	0.5339681544732706
ESRRG	Rep 1	0.5098173379494857	0.4919334039697504	0.527701271929221
NCOA4	Rep 1	0.5341548887250589	0.48256389606218647	0.5857458813879313
ZZZ3	Rep 1	0.5168792327166727	0.49024494441964606	0.5435135210136993
HES1	Rep 1	0.5108447166274726	0.48954769078798915	0.5321417424669559
ZNF283	Rep 1	0.5244579150035558	0.5042717110676928	0.5446441189394188
CHAF1B	Rep 1	0.4966918274509804	0.4689276739076916	0.5244559809942692
ZNF507	Rep 1	0.5246664953695904	0.5041576484497622	0.5451753422894187
ZC3H8	Rep 1	0.5019939494260274	0.4840784617898993	0.5199094370621555
ICE2	Rep 1	0.47627596183854004	0.4305045591900739	0.5220473644870062
ICE1	Rep 1	0.5010572010494339	0.4568614463101367	0.545252955788731
ZBTB5	Rep 1	0.5334415394996538	0.5031109573611614	0.5637721216381462
ZNF134	Rep 1	0.5443184333519909	0.5223919516466456	0.5662449150573362
NFKB2	Rep 1	0.5050334308403852	0.4785394504296373	0.5315274112511331
MLXIP	Rep 1	0.48353961975245635	0.43405707247340236	0.5330221670315104
ZKSCAN5	Rep 1	0.5318172627915627	0.5058055676350595	0.557828957948066
ZNF333	Rep 1	0.5073231016841984	0.46047804016786265	0.5541681632005341
BCL6B	Rep 1	0.49014097880344354	0.4488008821707894	0.5314810754360977
ZNF383	Rep 1	0.5111025299112665	0.4609947697001716	0.5612102901223613
ZNF563	Rep 1	0.5412136843612128	0.49818113555466925	0.5842462331677563
ZNF667	Rep 1	0.5412136843612128	0.49818113555466925	0.5842462331677563
ZNF605	Rep 1	0.5417940092094433	0.4989939635854404	0.5845940548334462
ZNF846	Rep 1	0.5602829861347167	0.5217672298163615	0.598798742453072
ZNF585B	Rep 1	0.49543229563340946	0.441412842448404	0.5494517488184149
ZNF273	Rep 1	0.5257151157853719	0.5074065702336149	0.5440236613371289
ZNF425	Rep 1	0.5235865329272522	0.48637317406569014	0.5607998917888143
ZNF322	Rep 1	0.542774948448532	0.508174098521198	0.5773757983758661
ZNF79	Rep 1	0.5158840295628775	0.4834232399220875	0.5483448192036674
ZNF311	Rep 1	0.5135752934439042	0.48532297105825234	0.541827615829556
ZNF700	Rep 1	0.4855261395949682	0.4428712436767603	0.5281810355131762
ZNF445	Rep 1	0.5072112062794116	0.4669626083471087	0.5474598042117146
ZNF215	Rep 1	0.536153016486672	0.5079488990486296	0.5643571339247144
ZNF695	Rep 1	0.5315263267733038	0.5138719083714898	0.5491807451751178
ZNF704	Rep 1	0.5351404823556217	0.49585892879483157	0.5744220359164119
TOX2	Rep 1	0.541979561747648	0.49098136804738163	0.5929777554479145
CHAMP1	Rep 1	0.508443049090886	0.48468021849972204	0.5322058796820499
HINFP	Rep 1	0.5306227816537374	0.49915686374196677	0.5620886995655081
ZNF675	Rep 1	0.5093614144882417	0.4719713131730427	0.5467515158034406
CRY1	Rep 1	0.5128683027402469	0.4829266101921614	0.5428099952883324
ZNF429	Rep 1	0.5304623475352972	0.4836483820182035	0.5772763130523909
SOX11	Rep 1	0.4905717218281727	0.45162847933114253	0.529514964325203
DNMT1	Rep 1	0.4915110870863821	0.4367012368667042	0.5463209373060599
ZNF316	Rep 1	0.53742675114771	0.5116983676548391	0.5631551346405809
ADNP	Rep 1	0.545111328885859	0.4987333106852435	0.5914893470864745
AHRR	Rep 1	0.5260711213069192	0.49832812852557107	0.5538141140882674
SMAD1-5	Rep 1	0.4914165930297285	0.43676825542366726	0.5460649306357898
ZNF654	Rep 1	0.4964343972679926	0.47140521856529677	0.5214635759706884
ZNF460	Rep 1	0.5357713498622589	0.4851600209071835	0.5863826788173343
SIX2	Rep 1	0.5008726102679288	0.4779067510500814	0.5238384694857763
ZNF573	Rep 1	0.5137370851569983	0.4709413468067286	0.5565328235072681
SOX21	Rep 1	0.5201684013256985	0.48476185889810963	0.5555749437532874
ZNF354B	Rep 1	0.5103815037958096	0.45996662809081523	0.560796379500804
LCORL	Rep 1	0.5248539976925881	0.4989562790717001	0.5507517163134761
TASOR	Rep 1	0.5452017315705633	0.5002006101256692	0.5902028530154574
ZNF319	Rep 1	0.5650750345980856	0.5276528075639669	0.6024972616322043
ZNF222	Rep 1	0.5344027783001718	0.4897572288505385	0.5790483277498051
NR0B1	Rep 1	0.5098293652286205	0.46080836970430183	0.5588503607529393
ZNF512	Rep 1	0.511563796680498	0.4674406466340332	0.5556869467269628
GPS2	Rep 1	0.5056768638833163	0.459096192221132	0.5522575355455006
ZNF671	Rep 1	0.5303037244033167	0.4997430432436654	0.560864405562968
ZNF93	Rep 1	0.5450637107634932	0.5023425320271364	0.5877848894998501
ZNF182	Rep 1	0.4816723412213486	0.4375576013170397	0.5257870811256575
FOXJ2	Rep 1	0.535497807023554	0.4856703982245585	0.5853252158225495
ZNF548	Rep 1	0.5297155306344756	0.48374073908600823	0.575690322182943
GRHL1	Rep 1	0.4803159231333406	0.44603424117117035	0.5145976050955108
ZNF180	Rep 1	0.4981439393939394	0.443146171088588	0.5531417076992908
ZSCAN2	Rep 1	0.49736267853199984	0.4614455272293639	0.5332798298346357
SNAPC4	Rep 1	0.5238918852893149	0.4708566602354789	0.5769271103431508
ZNF585A	Rep 1	0.5358056393864176	0.4911339564706143	0.5804773223022208
ZNF157	Rep 1	0.4981937794893144	0.458163226865869	0.5382243321127598
ZNF791	Rep 1	0.5299465532073915	0.4727781474050905	0.5871149590096925
KAT8	Rep 1	0.5276281874252048	0.4831524872965133	0.5721038875538963
EOMES	Rep 1	0.502437526718744	0.46793881162130524	0.5369362418161827
ZNF557	Rep 1	0.5548581656215882	0.514369923424439	0.5953464078187374
ZNF488	Rep 1	0.5309841448541138	0.47914029078966675	0.5828279989185609
ZNF624	Rep 1	0.49291527465907226	0.4508432311742722	0.5349873181438722
RBAK	Rep 1	0.5145641569738458	0.4760506328477218	0.5530776810999698
ZNF565	Rep 1	0.5306443798449613	0.4888907291386551	0.5723980305512675
BNC2	Rep 1	0.4997022670239462	0.4472178936442868	0.5521866404036057
HMGB2	Rep 1	0.47646851310151617	0.4448804094915326	0.5080566167114997
ZNF765	Rep 1	0.5485261011970899	0.5076962497098484	0.5893559526843314
CASZ1	Rep 1	0.492280607783983	0.44543260131587725	0.5391286142520888
ZNF714	Rep 1	0.5577961717537507	0.5078710481066315	0.6077212954008699
PAX7	Rep 1	0.5350060217163058	0.49936495061404096	0.5706470928185707
ZKSCAN2	Rep 1	0.5018387772935128	0.4657876988754287	0.5378898557115969
ZNF506	Rep 1	0.5307257750833795	0.4883400923033441	0.5731114578634149
ZNF23	Rep 1	0.5594714893554671	0.5105719099232302	0.608371068787704
PHOX2B	Rep 1	0.4716833720797286	0.4258793749861545	0.5174873691733026
RBFOX2	Rep 2	0.5139790326879328	0.5031816157459696	0.5247764496298959
BCL11B	Rep 2	0.5271012399434242	0.5158613001134041	0.5383411797734442
ARID4B	Rep 2	0.5060948787333406	0.49533846166514434	0.5168512958015369
HIF3A	Rep 2	0.5250602406486407	0.5145633325882211	0.5355571487090602
ZNF711	Rep 2	0.5205268336652477	0.5099505857921304	0.5311030815383649
GABPB1	Rep 2	0.5126993362792986	0.5021927019097975	0.5232059706487998
ZNF276	Rep 2	0.5320363876224021	0.5210291278383719	0.5430436474064324
MTA1	Rep 2	0.5274809006396417	0.5160293799830887	0.5389324212961947
MLLT1	Rep 2	0.5147092140545695	0.5037756237643238	0.5256428043448151
ILF3	Rep 2	0.5177432085852618	0.5070441058502966	0.528442311320227
NR2C2	Rep 2	0.5207117084541077	0.5100075547002528	0.5314158622079627
KDM4A	Rep 2	0.545197691534849	0.53331682735456	0.557078555715138
MXD4	Rep 2	0.5270984826356688	0.5162412579544637	0.5379557073168739
ZNF335	Rep 2	0.5237544277749084	0.5123209231834264	0.5351879323663905
SNAI2	Rep 2	0.5176304511618882	0.5068076724493048	0.5284532298744716
KLF4	Rep 2	0.5280954092685531	0.5169515929027416	0.5392392256343647
ZBTB40	Rep 2	0.5127807334428024	0.5021172174858544	0.5234442493997504
MNX1	Rep 2	0.5390076065073746	0.5277564401909535	0.55025877282379565
DMAP1	Rep 2	0.528387414160074	0.5178532057358762	0.5389216225842717
ZNF407	Rep 2	0.5138103169846576	0.5031082293197698	0.5245124046495454
ZNF274	Rep 2	0.5253233127511516	0.5144414926384003	0.5362051328639029
HIF1A	Rep 2	0.5369986489855462	0.5250070339018477	0.5489902640692447
ARID2	Rep 2	0.5464690985144941	0.5334979919657133	0.5594402050632749
ARID4A	Rep 2	0.5181848624043986	0.5076263665982135	0.5287433582105838
HDAC1	Rep 2	0.5479963097543553	0.5350568094814823	0.5609358100272284
RBBP5	Rep 2	0.5418854844037033	0.5297709756600913	0.5539999931473153
ZFY	Rep 2	0.5290609664254283	0.5179861427327188	0.5401357901181378
FOXA2	Rep 2	0.5292421353241034	0.5177968042765528	0.5406874663716539
NFYB	Rep 2	0.523979659551654	0.512768500980442	0.5351908181228661
ZFP64	Rep 2	0.534179145940299	0.5224386598630674	0.5459196320175307
ZNF883	Rep 2	0.5235512127406364	0.5127601463109928	0.5343422791702801
AGO1	Rep 2	0.5302807616631363	0.5191528169297327	0.5414087063965399
ZNF598	Rep 2	0.5208590130033236	0.5101816957532195	0.5315363302534277
KDM5A	Rep 2	0.5053602177054074	0.4948355370267787	0.5158848983840362
PHF8	Rep 2	0.5468984011515667	0.5341030279637636	0.5596937743393698
MYBL2	Rep 2	0.5395377098408649	0.5280008890073906	0.5510745306743392
ZBTB7B	Rep 2	0.5243557308291807	0.5131110291190968	0.5356004325392647
KDM3A	Rep 2	0.530737238115692	0.5195600321171059	0.541914444114278
TAF15	Rep 2	0.5300922219519207	0.5192307081931816	0.5409537357106599
ZGPAT	Rep 2	0.519902176087866	0.5094027327809327	0.5304016193947994
HEXIM1	Rep 2	0.5455816111556983	0.534829030059553	0.5563341922518436
RAD21	Rep 2	0.5302441427077311	0.5174629708549995	0.5430253145604628
ASH2L	Rep 2	0.5306699241297164	0.5182328378942626	0.5431070103651702
HMGXB4	Rep 2	0.52722446170136406	0.5161778187363623	0.5382711046663659
ZBTB21	Rep 2	0.5124522546251026	0.5016525374578913	0.5232519717923139
KMT2A	Rep 2	0.535150409742095	0.5222156009578809	0.5480852185263092
NIPBL	Rep 2	0.5272037136328754	0.5155653903510671	0.5388420369146838
KDM4C	Rep 2	0.5403997927931964	0.5296060791115711	0.5511935064748217
TFDP2	Rep 2	0.5398870311321451	0.5287020223331275	0.5510720399311627
SAP30	Rep 2	0.5171770121820943	0.5064771371519877	0.5278768872122009
ZBTB26	Rep 2	0.5328627887523981	0.5220337664533112	0.543691811051485
ZNF550	Rep 2	0.5241115590616304	0.5135536743901317	0.5346694437331292
POU5F1	Rep 2	0.5492638534381409	0.5357231777960653	0.5628045290802165
MED26	Rep 2	0.5327770863982535	0.5207784589298583	0.5447757138666487
ZNF891	Rep 2	0.5315761966985736	0.5203828141181316	0.5427695792790156
ZSCAN29	Rep 2	0.49647025095442754	0.4826138899114581	0.510326611997397
CTBP1	Rep 2	0.5230271245788362	0.5115469600705402	0.5345072890871321
ZBTB11	Rep 2	0.5201727732032033	0.5096611556194863	0.5306843907869203
SIN3B	Rep 2	0.5148618341999645	0.504284642941595	0.5254390254583339
HNF1B	Rep 2	0.5192447199643876	0.5081336982355361	0.5303557416932391
KLF6	Rep 2	0.5305468271633005	0.5186445301164297	0.5424491242101712
SIRT6	Rep 2	0.5328127850592923	0.5222868144957625	0.5433387556228221
SIX1	Rep 2	0.519043094266515	0.50833776834307	0.5297484201899599
TBX2	Rep 2	0.53609191023655	0.5250137321746173	0.5471700882984827
RELB	Rep 2	0.5152883854562911	0.5047877782811953	0.5257889926313869
GTF2F1	Rep 2	0.5304701278467835	0.5184938791642224	0.5424463765293446
GATAD2B	Rep 2	0.5251686330129154	0.514591100703255	0.5357461653225758
NBN	Rep 2	0.5144458742212369	0.5036999178629621	0.5251918305795117
PRDM10	Rep 2	0.5219967490573942	0.5107000661260429	0.5332934319887456
RBM39	Rep 2	0.5342528963303427	0.5225792559385362	0.5459265367221492
NFATC1	Rep 2	0.5115539104391092	0.5008784125765373	0.5222294083016812
TP63	Rep 2	0.5317298362325193	0.5203379976540755	0.5431216748109632
BRD2	Rep 2	0.5428978891305648	0.5291763016128679	0.5566194766482617
PLAG1	Rep 2	0.5250541191081787	0.5144897877225728	0.5356184504937845
HIVEP1	Rep 2	0.5235085764437065	0.5123724562267402	0.5346446966606728
SP140L	Rep 2	0.5207295681483469	0.5100042233041221	0.5314549129925717
APC	Rep 2	0.5186368553430271	0.5080871803068695	0.5291865303791846
OGT	Rep 2	0.5096641167677833	0.4990206373360756	0.5203075961994911
ZNF501	Rep 2	0.529702257897375	0.518361180323959	0.5410433354707911
NFATC3	Rep 2	0.5071416131257566	0.49658084166211985	0.5177023845893932
SMC1	Rep 2	0.5262924433579822	0.5146011519254514	0.537983734790513
TCF3	Rep 2	0.5279830402106198	0.5159312218308083	0.5400348585904313
BRD3	Rep 2	0.5329481729363653	0.5207108823832154	0.5451854634895152
NELFA	Rep 2	0.5326838760083947	0.521245344442891	0.5441224075738985
TFE3	Rep 2	0.5309399571624774	0.5198364833859587	0.5420434309389962
PKNOX1	Rep 2	0.5061457887142098	0.49542356142438443	0.5168680160040352
BRD4	Rep 2	0.5247751272007753	0.5115888056754235	0.5379614487261272
ZNF217	Rep 2	0.5269179912853541	0.5153182760854443	0.5385177064852639
SMAD1	Rep 2	0.530836914910649	0.5192181373335754	0.5424556924877226
ATF1	Rep 2	0.5279933904813148	0.5170032562138842	0.5389835247487453
ARNT	Rep 2	0.5361714341020934	0.5236138448951154	0.5487290233090715
CDKN1B	Rep 2	0.5320527484215464	0.5200305511668655	0.5440749456762273
YY1	Rep 2	0.5466227138779771	0.531552793036958	0.5616926347189962
MED1	Rep 2	0.5270570744941074	0.5135135021018512	0.5406006468863637
ZBTB8A	Rep 2	0.5201307492689766	0.5095662999421018	0.5306951985958515
ZBTB10	Rep 2	0.5040885180127885	0.49334244892863266	0.5148345870969444
NELFE	Rep 2	0.5396985552680369	0.5266894974713013	0.5527076130647725
GATAD1	Rep 2	0.5027481807579964	0.49095661145604924	0.5145397500599436
MYNN	Rep 2	0.5296267682757135	0.5182503699417293	0.5410031666096977
SMARCC1	Rep 2	0.5409580925645746	0.5277712199087269	0.5541449652204223
HDAC2	Rep 2	0.5265786583114732	0.512740722137996	0.5404165944849504
MTA2	Rep 2	0.5089937057187787	0.49759448672887996	0.5203929247086774
MNT	Rep 2	0.5244028849712207	0.5130887466570618	0.5357170232853795
NELFCD	Rep 2	0.5260711148009152	0.5150191968773483	0.537123032724482
SIN3A	Rep 2	0.547746705915335	0.5340142332277364	0.5614791786029336
E4F1	Rep 2	0.5139633947487358	0.5033327558355506	0.5245940336619209
SRSF1	Rep 2	0.5167059536138696	0.5058481235595436	0.5275637836681957
RBBP4	Rep 2	0.5118880879991802	0.5013487153165264	0.522427460681834
EP400	Rep 2	0.507388490148574	0.49684988523747287	0.5179270950596752
MED	Rep 2	0.5125713282604389	0.5020640456323304	0.5230786108885475
FOXO1	Rep 2	0.533305530714008	0.522537737085774	0.544073324342242
GABPA	Rep 2	0.5337727517084241	0.5218289637936813	0.5457165396231669
SUPT5H	Rep 2	0.5342235693014055	0.52092190625474	0.5475252323480709
STAT1	Rep 2	0.5330335392249478	0.5207776746381035	0.545289403811792
IRF1	Rep 2	0.5271573889254638	0.5160410379041325	0.5382737399467952
GMEB1	Rep 2	0.5312912439003474	0.5201271163366226	0.5424553714640723
MYCN	Rep 2	0.5527785983972677	0.5393360471200958	0.5662211496744397
MEF2D	Rep 2	0.5230667270831993	0.5122699302783282	0.5338635238880705
PGR	Rep 2	0.5270690287341313	0.5144726166172713	0.5396654408509913
LIN54	Rep 2	0.5319005198239971	0.521274123036393	0.5425269166116012
MTA3	Rep 2	0.5185424152682492	0.5073674984673998	0.5297173320690985
GATA2	Rep 2	0.5250363081331253	0.5128729860129161	0.5371996302533345
L3MBTL2	Rep 2	0.5235064939117626	0.5124191923680507	0.5345937954554746
HNRNPLL	Rep 2	0.5373028812885651	0.5250898791586659	0.5495158834184642
CTCF	Rep 2	0.5200383376690821	0.5080458191882802	0.5320308561498841
KDM5B	Rep 2	0.5483940997224401	0.5347119261439013	0.562076273300979
MXI1	Rep 2	0.538483626341114	0.5263060290680699	0.5506612236141581
AFF4	Rep 2	0.529796950041024	0.5181230045977816	0.5414708954842664
ZNF629	Rep 2	0.5204548582438756	0.5093939966060755	0.5315157198816757
RUNX1T1	Rep 2	0.5387278088821637	0.526930325211063	0.5505252925532643
ZNF2	Rep 2	0.5151376663507727	0.5045467799000626	0.5257285528014829
RORB	Rep 2	0.5161721946618971	0.5056338216323855	0.5267105676914088
SP7	Rep 2	0.5286857214011511	0.517787530970553	0.5395839118317493
OLIG2	Rep 2	0.5309880263157896	0.519759999380237	0.5422160532513421
ZNF524	Rep 2	0.5120526761078361	0.5013637952320554	0.5227415569836168
NCOA1	Rep 2	0.4989946549826938	0.48825624162351233	0.5097330683418753
ZNF692	Rep 2	0.5240542469597869	0.5132731722662485	0.5348353216533253
ZNF786	Rep 2	0.5206426004289354	0.5100310549565086	0.5312541459013622
BCL6	Rep 2	0.527354819704348	0.5155478097401825	0.5391618296685136
GLIS2	Rep 2	0.5361884311627159	0.5252559786208504	0.5471208837045813
RFX1	Rep 2	0.5029049964362042	0.4918345476691395	0.513975445203269
SMC1A	Rep 2	0.5298255973974407	0.5182575102386663	0.5413936845562152
ELL2	Rep 2	0.5174093195056151	0.5066174286794131	0.5282012103318171
CBFB	Rep 2	0.5399969603063104	0.5274113480511926	0.5525825725614282
MYC-DAXX	Rep 2	0.5377120948389666	0.5268894761010894	0.5485347135768439
AR	Rep 2	0.5227219123927229	0.5094159176034022	0.5360279071820436
PATZ1	Rep 2	0.5267669499440276	0.5159176907730699	0.5376162091149853
RB1	Rep 2	0.5307799161347648	0.5193898067739666	0.542170025495563
ESR1	Rep 2	0.5133655100849234	0.5005255056891654	0.5262055144806813
HMGN3	Rep 2	0.5292341632659474	0.5187489096127257	0.5397194169191691
GLIS1	Rep 2	0.5256404302308546	0.5148116715274598	0.5364691889342494
BRCA1	Rep 2	0.518497258665347	0.5077451077492976	0.5292494095813964
RARA	Rep 2	0.5266898416094365	0.5159822895231334	0.5373973936957397
E2F8	Rep 2	0.5042036522534019	0.49366551900149414	0.5147417855053097
ZNF76	Rep 2	0.5142334817971682	0.5036287477276868	0.5248382158666496
NR3C1	Rep 2	0.5269698862368342	0.5137238559019665	0.5402159165717019
PHF20	Rep 2	0.5241030848787969	0.5130103640388748	0.5351958057187189
FOXK2	Rep 2	0.501538165997634	0.49095427101262074	0.5121220609826473
ZNF639	Rep 2	0.5196566261969646	0.5090130172606244	0.5303002351333048
EGR1	Rep 2	0.5404204015702391	0.5275717414664952	0.5532690616739829
KLF8	Rep 2	0.5233660442110605	0.5124880803211165	0.5342440081010045
CDK8	Rep 2	0.5364720298273566	0.5241885442002451	0.5487555154544682
POU2F1	Rep 2	0.5243823148353408	0.5120452416821321	0.5367193879885496
TAF7	Rep 2	0.5037422794117647	0.49314533600602	0.5143392228175094
KLF9	Rep 2	0.5414439438112907	0.5292732277992489	0.5536146598233325
SOX6	Rep 2	0.5182234086207905	0.5073094993678763	0.5291373178737048
ZEB2	Rep 2	0.5207176102788122	0.5096989342774632	0.5317362862801613
MYC	Rep 2	0.5335148733996905	0.5205492898120283	0.5464804569873527
TARDBP	Rep 2	0.5253087110210515	0.5135078417837157	0.5371095802583873
CEBPB	Rep 2	0.5163108493491607	0.5055443099542721	0.5270773887440493
NONO	Rep 2	0.5346909214730997	0.5235499942464685	0.5458318486997309
DPF2	Rep 2	0.528653218237811	0.5170390284394963	0.5402674080361256
ZFP69B	Rep 2	0.5111666825790994	0.5006297191911668	0.5217036459670319
ESRRA	Rep 2	0.5057165777991096	0.4952070326503077	0.5162261229479115
YBX3	Rep 2	0.5477645553891487	0.5112351363399653	0.5842939744383321
RBP2	Rep 2	0.5164252779322256	0.5012901527931364	0.5315604030713148
AFF1	Rep 2	0.503473087839997	0.49293612026151296	0.5140100554184811
ZXDB	Rep 2	0.5303640616584936	0.5196292585683557	0.5410988647486314
MYOD1	Rep 2	0.5375143281741911	0.5252689322906748	0.5497597240577073
EHMT2	Rep 2	0.5367675572480394	0.52629370176686	0.5472414127292188
FOXK1	Rep 2	0.5302545879802306	0.5191216695514052	0.5413875064090561
TAF1	Rep 2	0.5534212219064292	0.5392469551720043	0.5675954886408541
SUPT6H	Rep 2	0.5103772462394927	0.49965448745238916	0.5211000050265961
SMAD3	Rep 2	0.5399667994983234	0.5265126692409557	0.553420929755691
ELK4	Rep 2	0.5077057912899282	0.49645054896870755	0.5189610336111489
BCOR	Rep 2	0.5535543617078258	0.5402357486388307	0.5668729747768209
NCBP1	Rep 2	0.5278524279806958	0.5171743839160698	0.5385304720453217
RNF2	Rep 2	0.5331735761242877	0.5206481877013147	0.5456989645472607
ARNTL	Rep 2	0.5423333231488932	0.530866226639813	0.5538004196579733
ARID3A	Rep 2	0.5125069579566673	0.5019242180028004	0.5230896979105343
PCBP1	Rep 2	0.5225534024593909	0.5115377362958181	0.5335690686229636
MAF	Rep 2	0.5206228600886689	0.5094089820554448	0.5318367381218929
CTCFL	Rep 2	0.5396429212623665	0.5283304823044436	0.5509553602202893
HCFC1	Rep 2	0.5309278902795881	0.5193993276916367	0.5424564528675395
ZBED4	Rep 2	0.5298753566374688	0.5187607550712522	0.5409899582036853
NFKBIZ	Rep 2	0.5225657028256705	0.5114968831887069	0.5336345224626341
ELF4	Rep 2	0.502011653718091	0.49135816110289454	0.5126651463332874
HNRNPC	Rep 2	0.5472244973088974	0.5367720017895703	0.5576769928282246
RFX3	Rep 2	0.5049839868697984	0.49420135939406235	0.5157666143455344
BRD9	Rep 2	0.5330995209773962	0.521399731349964	0.5447993106048284
SP5	Rep 2	0.5319473965343935	0.520776474755289	0.543118318313498
ELF1	Rep 2	0.542913113709321	0.5293865384772273	0.5564396889414148
JMJD1C	Rep 2	0.5210734280418132	0.5100528090914053	0.5320940469922212
MAX	Rep 2	0.549366701104951	0.5340851216430036	0.5646482805668984
KLF17	Rep 2	0.5186935251798561	0.5079372073686665	0.5294498429910457
JUN	Rep 2	0.5359989032625851	0.5218285708948488	0.5501692356303215
LDB1	Rep 2	0.5187554151102506	0.5080688180319248	0.5294420121885763
ZNF518A	Rep 2	0.5078658547173615	0.49696286990583505	0.5187688395288879
RUNX2	Rep 2	0.5079722585329088	0.4974412638675327	0.5185032531982849
KDM6B	Rep 2	0.5311003698022569	0.5206150923148616	0.5415856472896523
IRF4	Rep 2	0.5212203207771815	0.5098693831906593	0.5325712583637037
KLF16	Rep 2	0.5199475450586786	0.5093908057748903	0.5305042843424669
KLF5	Rep 2	0.5344290336193761	0.5226283353491614	0.5462297318895908
NCAPH2	Rep 2	0.5402958037807076	0.5289645887425001	0.5516270188189152
NFAT5	Rep 2	0.5275488288704002	0.5168955389963729	0.5382021187444276
GFI1B	Rep 2	0.5228524137931034	0.511855475596618	0.5338493519895888
SUZ12	Rep 2	0.5244234333104194	0.512679392030466	0.5361674745903728
GLIS3	Rep 2	0.5232635810170538	0.5120279819246834	0.5344991801094243
NFYC	Rep 2	0.5231516617175532	0.5122565797710967	0.5340467436640097
ZNF44	Rep 2	0.5188643086599384	0.5081934622070977	0.529535155112779
ZNF580	Rep 2	0.5079383747107985	0.49739716652895016	0.5184795828926468
BACH1	Rep 2	0.5249366302313009	0.5144275591848813	0.5354457012777205
PAXIP1	Rep 2	0.5214376142847937	0.5106311782370535	0.532244050332534
ZNF143	Rep 2	0.5293107224554052	0.5163514255726427	0.5422700193381678
YY2	Rep 2	0.5079547506832385	0.49689552201784076	0.5190139793486362
KLF10	Rep 2	0.5321344015958952	0.521361766477606	0.5429070367141844
SP3	Rep 2	0.522209634917653	0.511231765407825	0.5331875044274811
ZNF707	Rep 2	0.4926477350400796	0.43891947084420924	0.5463759992359499
PPARG	Rep 2	0.522380802440601	0.511178400792841	0.533583204088361
SS18	Rep 2	0.5181085687348153	0.507494965604709	0.5287221718649215
ZBTB1	Rep 2	0.5113095093417733	0.4998199491638528	0.5227990695196938
XRCC5	Rep 2	0.5134905649386903	0.5026757607859036	0.524305369091477
TRIM24	Rep 2	0.5452909856200124	0.5332409504820436	0.5573410207579813
DRAP1	Rep 2	0.5294811893396053	0.5182587829540939	0.5407035957251167
ETS1	Rep 2	0.5375002498499051	0.5240758495211826	0.5509246501786276
HOXB13	Rep 2	0.519215064510563	0.5080576852141752	0.5303724438069508
CEBPA	Rep 2	0.5215998307241018	0.5104801416922152	0.5327195197559883
E2F1	Rep 2	0.5436882982070925	0.5304014198095507	0.5569751766046344
MYB	Rep 2	0.5306900597538621	0.5188784777659166	0.5425016417418076
KDM4B	Rep 2	0.5217530924358975	0.5112404398037083	0.5322657450680868
HOXA3	Rep 2	0.5311943650444959	0.5199198207881733	0.5424689093008185
RUNX1	Rep 2	0.5424955018764043	0.5288991996050537	0.5560918041477548
ZNF697	Rep 2	0.5219667463301656	0.5113457991454282	0.532587693514903
ZNF3	Rep 2	0.5148770406522976	0.504269383506155	0.5254846977984401
FLI1	Rep 2	0.5366932444809145	0.5243654924282883	0.5490209965335406
NOTCH1	Rep 2	0.5207914437119704	0.5096420694899642	0.5319408179339766
TCF7L2	Rep 2	0.5288591497115711	0.5172404530944358	0.5404778463287064
SMAD5	Rep 2	0.5245080558044437	0.513671749138786	0.5353443624701014
INTS11	Rep 2	0.5333733611075416	0.5220033655549093	0.5447433566601739
FOSL1	Rep 2	0.5078533440652339	0.49734706015400953	0.5183596279764582
BHLHE40	Rep 2	0.5295568275650459	0.5178368784067442	0.5412767767233475
NEUROD1	Rep 2	0.5250955418070331	0.513264136846796	0.5369269467672703
IRF2	Rep 2	0.5158955715857582	0.5051081518863232	0.5266829912851931
RFXAP	Rep 2	0.5283302289351806	0.5175860252894093	0.5390744325809518
ZNF263	Rep 2	0.524263388184856	0.513028157788821	0.5354986185808909
NFE2L2	Rep 2	0.5214201953800841	0.5100614436628145	0.5327789470973537
THAP1	Rep 2	0.5179739195172526	0.5073841636098275	0.5285636754246776
CREBBP	Rep 2	0.5305431686227023	0.518093086433364	0.5429932508120406
ZNF777	Rep 2	0.5285756702993614	0.5179183838596539	0.5392329567390688
ZNF232	Rep 2	0.5141158231401626	0.5036107067076581	0.5246209395726671
TBP	Rep 2	0.5375474230209181	0.524517924579987	0.5505769214618491
KMT2B	Rep 2	0.541413948850357	0.5298086723089822	0.5530192253917318
DDX5	Rep 2	0.5184139356489533	0.5069137041403807	0.5299141671575259
TEAD4	Rep 2	0.5346117808522413	0.5230128833562361	0.5462106783482464
TCF12	Rep 2	0.5277028874426277	0.5141908418278356	0.5412149330574199
PRDM14	Rep 2	0.514110364228121	0.5032660178385487	0.5249547106176932
CDK7	Rep 2	0.5235415329323979	0.5127470172741395	0.5343360485906563
ZBTB7A	Rep 2	0.5507007775471542	0.5377926466983782	0.5636089083959301
ATF3	Rep 2	0.5325473214285714	0.520549767317289	0.5445448755398539
MEF2A	Rep 2	0.5251115372314006	0.5143433444809274	0.5358797299818737
TAL1	Rep 2	0.5185873445110811	0.507831932096088	0.5293427569260742
TFAP4	Rep 2	0.5153325891785492	0.50473654383557	0.5259286345215284
DDX21	Rep 2	0.5112084429767093	0.5006182115256039	0.5217986744278147
BMPR1A	Rep 2	0.5111904836208839	0.500689902249144	0.5216910649926239
HBP1	Rep 2	0.5220629867401764	0.5113804178879158	0.532745555592437
RELA	Rep 2	0.5234157124876986	0.5100508346272067	0.5367805903481905
SREBP2	Rep 2	0.5471809181050333	0.5353323187061498	0.5590295175039168
CDK9	Rep 2	0.5507949121147853	0.5386522266028043	0.5629375976267662
ZNF766	Rep 2	0.5191251408070269	0.5086255865265926	0.5296246950874611
REST	Rep 2	0.5397563370016787	0.5263605917069746	0.5531520822963828
TFIIIC	Rep 2	0.5393919037894335	0.528638453687536	0.5501453538913309
SP2	Rep 2	0.5392488273600544	0.5271959909709245	0.5513016637491843
FOXP4	Rep 2	0.5207474784125073	0.5099203024343156	0.5315746543906991
ZHX2	Rep 2	0.5125114071431064	0.5019384040366041	0.5230844102496087
ZNF800	Rep 2	0.5207920134994142	0.5102336816405026	0.5313503453583257
ERG	Rep 2	0.5497872630134336	0.5362053183217953	0.5633692077050719
RXRA	Rep 2	0.5256681502008433	0.5151077458787346	0.536228554522952
ZFP36	Rep 2	0.511702717082144	0.5011473155421481	0.5222581186221399
ZNF175	Rep 2	0.5327316713556078	0.5218357254934263	0.5436276172177894
MLX	Rep 2	0.5175595150203955	0.506927189483332	0.528191840557459
JUND	Rep 2	0.5289390274585415	0.5164753748491274	0.5414026800679556
PML	Rep 2	0.5224094708910678	0.5115482124102055	0.5332707293719301
BCL11A	Rep 2	0.5277655525402126	0.5161189807136789	0.5394121243667463
EVI1	Rep 2	0.5050718841065128	0.4935157966115213	0.5166279716015044
GTF2B	Rep 2	0.5283004592015011	0.5173502928145087	0.5392506255884936
BCL3	Rep 2	0.5117060578862963	0.501164980711862	0.5222471350607306
MAZ	Rep 2	0.5495686513861793	0.5359360757266812	0.5632012270456773
ISL2	Rep 2	0.5246515817086292	0.5138936373998653	0.5354095260173932
ASCL1	Rep 2	0.5086927351886957	0.49519766681925914	0.5221878035581323
ETV4	Rep 2	0.5164098662313451	0.5058365821720059	0.5269831502906843
CREB1	Rep 2	0.5427225179861723	0.5294841748735619	0.5559608610987827
CREM	Rep 2	0.5284289614451078	0.5168117750548199	0.5400461478353956
PAX5	Rep 2	0.5287798504238521	0.5171460058983435	0.5404136949493608
ZNF264	Rep 2	0.5071844754033549	0.49611181804505394	0.5182571327616557
ZBTB14	Rep 2	0.5351169281849152	0.524600134309717	0.5456337220601134
HNRNPH1	Rep 2	0.5120622822299652	0.5015193008939909	0.5226052635659395
CHD2	Rep 2	0.5304908276922305	0.5181626877107585	0.5428189676737026
ZNF75A	Rep 2	0.5166807107528851	0.5035143726724934	0.5298470488332768
NR2C1	Rep 2	0.5071650831341729	0.4957079744352998	0.5186221918330459
ZKSCAN1	Rep 2	0.5204819290853513	0.5096897756857699	0.5312740824849327
KLF3	Rep 2	0.5299719201286333	0.5194011244341398	0.5405427158231267
SIX5	Rep 2	0.5056169060109351	0.49511626668644065	0.5161175453354295
CDK6	Rep 2	0.5252818717268954	0.5147355039967455	0.5358282394570454
KLF1	Rep 2	0.5292237138091476	0.5177979565823811	0.540649471035914
NRF1	Rep 2	0.5349838462611912	0.5231086772717959	0.5468590152505866
HNRNPK	Rep 2	0.5301305032851962	0.5196423808058624	0.5406186257645299
STAT3	Rep 2	0.5311280387964901	0.5179644737277876	0.5442916038651925
SP1	Rep 2	0.538175837532827	0.5247223343413191	0.551629340724335
EP300	Rep 2	0.5286782582283777	0.5152306656286972	0.5421258508280581
MBD1	Rep 2	0.5100492728920748	0.4994304987310047	0.5206680470531448
BAF155	Rep 2	0.5344169786267974	0.5230510369689704	0.5457829202846244
NFYA	Rep 2	0.5260815803288696	0.5151178886056464	0.5370452720520928
NR2F2	Rep 2	0.5261121482115195	0.5149574743550438	0.5372668220679953
AHR	Rep 2	0.5197684390478027	0.5087055625819634	0.5308313155136419
SP4	Rep 2	0.5349181235886438	0.523256078169205	0.5465801690080825
SMAD4	Rep 2	0.5202612821657686	0.5094733595805226	0.5310492047510146
E2F4	Rep 2	0.5348889877978104	0.5233221601204736	0.5464558154751471
ZBTB2	Rep 2	0.5080342201891396	0.49750223435975127	0.5185662060185279
SOX9	Rep 2	0.5090810063521383	0.4984678549984023	0.5196941577058742
KDM1A	Rep 2	0.5338653751791514	0.5212851349507599	0.546445615407543
ZMYND11	Rep 2	0.4883430704420874	0.47541854304627384	0.501267597837901
USF2	Rep 2	0.501545795211648	0.4910012891764794	0.5120903012468165
HSF1	Rep 2	0.5218073682263162	0.510866348418303	0.5327483880343294
CXXC5	Rep 2	0.5108235424023895	0.5002099856575821	0.5214370991471968
TRIM25	Rep 2	0.5490874001661397	0.5385636683769888	0.5596111319552906
CXXC4	Rep 2	0.5300919953689714	0.5192648431653877	0.5409191475725552
DNMT3B	Rep 2	0.49957694902199246	0.489001486124406	0.5101524119195789
TET2	Rep 2	0.508475969244155	0.49745255709056835	0.5194993813977415
CEBPD	Rep 2	0.5372984350475145	0.5264516482007612	0.5481452218942678
MBD2	Rep 2	0.5195918457886374	0.5088617680463506	0.5303219235309241
ZEB1	Rep 2	0.529321991135426	0.5174539399169122	0.5411900423539397
SMAD3-HIF1A	Rep 2	0.5169855981327668	0.5064709306305748	0.5275002656349588
ZHX1	Rep 2	0.5135998781602192	0.5028730213474968	0.5243267349729417
E2F6	Rep 2	0.5388335972306635	0.5266734084966644	0.5509937859646625
U2AF1	Rep 2	0.5123559821142775	0.5015391617397251	0.5231728024888298
SMAD3-EPAS1	Rep 2	0.5023044664802102	0.48053020684224973	0.5240787261181706
RBM22	Rep 2	0.5169251484838597	0.5064159644106697	0.5274343325570497
TBX21	Rep 2	0.512901692937031	0.5020288478385933	0.5237745380354688
FOXP1	Rep 2	0.5287773238774747	0.5170854603257855	0.5404691874291638
HNF4A	Rep 2	0.519687570384721	0.5079453080475881	0.531429832721854
ELK1	Rep 2	0.5155097801847722	0.504771484870258	0.5262480754992864
ETV1	Rep 2	0.5293077521389682	0.5187790060068947	0.5398364982710416
RBPJ	Rep 2	0.5252277449172366	0.5131278811455248	0.5373276086889484
SPI1	Rep 2	0.5201817474962148	0.5090404927092921	0.5313230022831376
CBX1	Rep 2	0.5227755693207419	0.5115693951476222	0.5339817434938615
DEK	Rep 2	0.5128016576700598	0.5022831228886929	0.5233201924514267
NFE2	Rep 2	0.5286296291613565	0.5174815898021855	0.5397776685205274
ZBED1	Rep 2	0.5094081223725644	0.4982812281340408	0.5205350166110879
FIP1L1	Rep 2	0.5238425820545488	0.5130569904648251	0.5346281736442725
NCOR1	Rep 2	0.5150556965237861	0.5044249351421751	0.5256864579053971
FUS	Rep 2	0.5350369688148192	0.5236875799971092	0.5463863576325292
FOXP2	Rep 2	0.5236499095716655	0.5131185135962333	0.5341813055470976
CCNT2	Rep 2	0.5303770739744801	0.5198544625310645	0.5408996854178957
NFKB1	Rep 2	0.5362854349951124	0.5246338212658191	0.5479370487244056
RYBP	Rep 2	0.5175834612488821	0.5070712466035092	0.528095675894255
SRF	Rep 2	0.5146442893994067	0.503964485247773	0.5253240935510403
KAT2A	Rep 2	0.5035893401828101	0.4930523600717023	0.5141263202939179
RBM25	Rep 2	0.5075565584336581	0.49543729882993426	0.5196758180373819
SMARCB1	Rep 2	0.5340402038003706	0.521432919514073	0.5466474880866683
UBTF	Rep 2	0.5257775201520911	0.515270043560362	0.5362849967438202
ZBTB48	Rep 2	0.5220868181574336	0.5107943300022825	0.5333793063125848
JARID2	Rep 2	0.5240019108850782	0.5127467994420668	0.5352570223280896
ZNF35	Rep 2	0.5149057337050457	0.5043919006498558	0.5254195667602355
ZMYM3	Rep 2	0.5086056428529704	0.4931144062473031	0.5240968794586376
SMAD2-3	Rep 2	0.5263095252452336	0.5146697219688018	0.5379493285216653
PTBP1	Rep 2	0.5191535941402085	0.5084617515947412	0.5298454366856757
ZBTB33	Rep 2	0.5036683402914774	0.49308472557926136	0.5142519550036935
INO80	Rep 2	0.5372100544452106	0.5262412392982075	0.5481788695922137
MLLT3	Rep 2	0.5117591966624597	0.500866916446132	0.5226514768787874
ZNF513	Rep 2	0.5005566218809981	0.4834034220216981	0.5177098217402981
ZNF92	Rep 2	0.5227609898107715	0.47861495489871814	0.5669070247228247
EZH2	Rep 2	0.5223128891022955	0.5094383018812881	0.5351874763233028
ZBTB20	Rep 2	0.5143404505901653	0.5038300012752073	0.5248508999051233
IKZF1	Rep 2	0.4996275647730499	0.4891111620175392	0.5101439675285606
ZNF391	Rep 2	0.5118500079655032	0.5012388231245765	0.5224611928064299
ZNF436	Rep 2	0.4581168342622064	0.41037308503998654	0.5058605834844263
INSM2	Rep 2	0.5039918796208307	0.4931558368660551	0.5148279223756063
ZNF24	Rep 2	0.5122091529931149	0.5014582103738487	0.522960095612381
ZNF189	Rep 2	0.5168914993631132	0.5063457383062626	0.5274372604199637
ZNF843	Rep 2	0.5108043686638783	0.5002733757679427	0.521335361559814
ZNF282	Rep 2	0.5174507674116886	0.503838656800303	0.5310628780230742
TAF3	Rep 2	0.5289457222245165	0.51840646787343	0.539484976575603
CDC5L	Rep 2	0.4837418422636966	0.4498030621478796	0.5176806223795136
NFIC	Rep 2	0.5040584821417222	0.4934900994574552	0.5146268648259892
ARID1A	Rep 2	0.5370946339327112	0.5251169335172571	0.5490723343481653
ZNF398	Rep 2	0.5157042703879522	0.5044165227384013	0.5269920180375031
KLF14	Rep 2	0.5122376882128723	0.5013051530085045	0.5231702234172401
ZNF610	Rep 2	0.5117940112127399	0.5011074885876042	0.5224805338378756
GTF3C2	Rep 2	0.5057234722222222	0.4944813886152104	0.5169655558292341
SMARCA5	Rep 2	0.5207248304946644	0.5099217289087148	0.5315279320806141
ATF7	Rep 2	0.5173148454136693	0.5061674195712892	0.5284622712560495
KLF7	Rep 2	0.506224656570672	0.4947836412820162	0.5176656718593277
ZSCAN22	Rep 2	0.5248519451259976	0.5137471311797708	0.5359567590722245
HNRNPL	Rep 2	0.5133696148836194	0.502715698510354	0.5240235312568848
TSHZ1	Rep 2	0.4940472245841004	0.47826493140839316	0.5098295177598076
ZBTB12	Rep 2	0.5087485580875066	0.4978756836151008	0.5196214325599124
ZNF260	Rep 2	0.5124948100370545	0.4891131936309242	0.5358764264431849
TRIM28	Rep 2	0.5196819315915797	0.5086696891325626	0.5306941740505968
ZNF146	Rep 2	0.4975626795076583	0.48293611883315285	0.5121892401821637
ZNF561	Rep 2	0.5246975116044382	0.5140425303710386	0.5353524928378378
ZNF687	Rep 2	0.5106889995522776	0.5001784789663855	0.5211995201381698
SKIL	Rep 2	0.5110266386023496	0.5005242572067338	0.5215290199979655
VEZF1	Rep 2	0.5292591849878373	0.5187516347491358	0.5397667352265388
SKI	Rep 2	0.5299329007444781	0.5189563472820902	0.540909454206866
ZNF768	Rep 2	0.5095865655853314	0.4741915027389716	0.5449816284316913
PHF21A	Rep 2	0.5119225291990863	0.5011047598639364	0.5227402985342362
NANOG	Rep 2	0.5333816346665089	0.5218205614340912	0.5449427078989266
PHF5A	Rep 2	0.5277850950403127	0.5168901410539203	0.5386800490267051
FOXM1	Rep 2	0.49735600996607515	0.4868496839317189	0.5078623360004314
PBX1	Rep 2	0.4946882552076819	0.48328994794512226	0.5060865624702415
ZNF341	Rep 2	0.5147749048912332	0.5042144045700442	0.5253354052124223
IKZF3	Rep 2	0.5193225649922755	0.508674998859645	0.529970131124906
PAF1	Rep 2	0.5137311538872745	0.5031735778122213	0.5242887299623278
ATXN7L3	Rep 2	0.5232102198441506	0.5126657889894197	0.5337546506988815
ZNF652	Rep 2	0.5075716889844445	0.4970416928094637	0.5181016851594252
ZBTB44	Rep 2	0.5084859370947968	0.49672687513383557	0.520244999055758
NKX2-1	Rep 2	0.49942070269987604	0.4888836856995157	0.5099577197002364
CTNNB1	Rep 2	0.514996290273021	0.5044813575944848	0.5255112229515572
ZMIZ1	Rep 2	0.5121592857142857	0.501658101128212	0.5226604703003594
ZSCAN30	Rep 2	0.524957837031859	0.5144295964381675	0.5354860776255506
STAG1	Rep 2	0.5321984417008454	0.5205626498416825	0.5438342335600083
WDR5	Rep 2	0.5399718682001102	0.529305632117068	0.5506381042831524
NR2F1	Rep 2	0.5187383229858145	0.5082263447808844	0.5292503011907446
GATA1	Rep 2	0.5091637905917055	0.4985396980010541	0.5197878831823568
ZNF660	Rep 2	0.5288239381693062	0.5180687804203546	0.5395790959182577
ZNF384	Rep 2	0.5073902526363795	0.496843857327204	0.517936647945555
ZNF770	Rep 2	0.5173444474731971	0.506603249390575	0.5280856455558192
E2F3	Rep 2	0.5039079986317742	0.4922121436986124	0.515603853564936
OVOL1	Rep 2	0.49235266265817185	0.4757727901492344	0.5089325351671092
GATA3	Rep 2	0.5310676705519946	0.5194169315949363	0.5427184095090528
RCOR1	Rep 2	0.5183348209002108	0.5065799018037064	0.5300897399967152
SPDEF	Rep 2	0.5118870713918967	0.5013866737667986	0.5223874690169948
FOXA1	Rep 2	0.5271373589421411	0.5150244209925341	0.5392502968917481
ZNF121	Rep 2	0.5108060303859654	0.49893523152546904	0.5226768292464617
ZNF280A	Rep 2	0.5181609320111886	0.5016408175289925	0.5346810464933848
KLF12	Rep 2	0.5360507086384187	0.5247676696356101	0.5473337476412274
ZNF12	Rep 2	0.5144568735540824	0.5039574611544602	0.5249562859537047
EZH1	Rep 2	0.5121804338750379	0.5016790694723828	0.5226817982776929
SOX4	Rep 2	0.5092209459374079	0.49871166846740544	0.5197302234074103
CHD4	Rep 2	0.5031012536927083	0.4925848308514332	0.5136176765339835
MAML1	Rep 2	0.5006925666375319	0.4885430168488235	0.5128421164262403
PBX3	Rep 2	0.5124698435488492	0.5019669003249653	0.5229727867727331
SMC1A-B	Rep 2	0.5108816839496216	0.4965498609168588	0.5252135069823844
TFAP2A	Rep 2	0.5237392583372132	0.5127855378968887	0.5346929787775377
TFAP2C	Rep 2	0.5376566240406196	0.5263390423345851	0.5489742057466542
RORC	Rep 2	0.5434044389326552	0.5323972508250296	0.5544116270402808
GATA6	Rep 2	0.5196648835370314	0.508474889251046	0.5308548778230169
ZC3H11A	Rep 2	0.5161588164709684	0.4967102186392094	0.5356074143027274
ZNF574	Rep 2	0.51026805159199	0.4997662801696464	0.5207698230143335
SETDB1	Rep 2	0.5020699328980968	0.4913674523394721	0.5127724134567214
ZFX	Rep 2	0.5350154953404096	0.5237543880627918	0.5462766026180274
HNF4G	Rep 2	0.5122828285384191	0.5008177102309925	0.5237479468458457
SMC3	Rep 2	0.5239167698648654	0.5118350479106528	0.5359984918190779
XRN2	Rep 2	0.5130165810564543	0.5017771441957483	0.5242560179171604
USF1	Rep 2	0.514117304222086	0.5031585042811041	0.5250761041630679
GATA4	Rep 2	0.5192947315458397	0.5086147916689023	0.5299746714227771
FOSL2	Rep 2	0.5098681258766087	0.4991388574439867	0.5205973943092306
MED12	Rep 2	0.5067480305110671	0.4961340515506877	0.5173620094714465
CBX5	Rep 2	0.5130524996951445	0.4948807704449393	0.5312242289453498
IRF8	Rep 2	0.508514343755366	0.48798365564549634	0.5290450318652355
ZNF479	Rep 2	0.5314073424098551	0.5172570498996073	0.5455576349201029
ATRX	Rep 2	0.527009560103747	0.5160101701889718	0.5380089500185222
KAT7	Rep 2	0.5340039925950855	0.5229427337626393	0.5450652514275316
SS18-SSX	Rep 2	0.5062392411854332	0.49500052971057046	0.5174779526602958
CHD1	Rep 2	0.5209310059791491	0.5095823103897552	0.532279701568543
CBX4	Rep 2	0.5425619051611182	0.5312688327876605	0.553854977534576
XBP1	Rep 2	0.5089760938891928	0.49838108070771875	0.519571107070667
SMARCA4	Rep 2	0.5309718257844351	0.5179118381104831	0.5440318134583871
TP53	Rep 2	0.5172887163822183	0.5051496265915187	0.5294278061729178
HMGB1	Rep 2	0.555761435817283	0.5405380368389373	0.5709848347956287
BRD1	Rep 2	0.5043502127243386	0.49365127905591905	0.5150491463927581
JUNB	Rep 2	0.5043045508475922	0.49345979309189947	0.5151493086032849
PHIP	Rep 2	0.528983661971831	0.5182082930837245	0.5397590308599375
YY1AP1	Rep 2	0.5090217921511269	0.49845510384592434	0.5195884804563294
LMO2	Rep 2	0.5109752555633191	0.5003174635130785	0.5216330476135598
ZIC2	Rep 2	0.5008981076360756	0.4881226873517881	0.513673527920363
MGA	Rep 2	0.517513692002324	0.5067013193737222	0.5283260646309258
SMARCD3	Rep 2	0.5103996095990857	0.49778563837477635	0.5230135808233951
OSR2	Rep 2	0.5079299278034572	0.4967114319846238	0.5191484236222906
EBF1	Rep 2	0.5080658605832585	0.49755204654229196	0.5185796746242252
MTF2	Rep 2	0.5189114667075007	0.5064281250881228	0.5313948083268785
BACH2	Rep 2	0.4928119614582175	0.471731484586855	0.51389243832958
ZNF441	Rep 2	0.5250026742468561	0.509415054933294	0.5405902935604182
KMT2D	Rep 2	0.5261395660202346	0.5155056002661462	0.536773531774323
SAFB	Rep 2	0.5289583766084953	0.5145089048009708	0.5434078484160199
MCRS1	Rep 2	0.5231931465360645	0.5124782189117573	0.5339080741603718
SMARCE1	Rep 2	0.5120732722731057	0.5014281297867329	0.5227184147594786
NCOR2	Rep 2	0.5011880556418371	0.4895821929138643	0.5127939183698099
FOXL2	Rep 2	0.509525331620957	0.4990217022746927	0.5200289609672214
SRSF4	Rep 2	0.5159913343342989	0.5010922597587197	0.530890408909878
TCF7	Rep 2	0.5243985687000704	0.5133588810121255	0.5354382563880153
STAG2	Rep 2	0.531711826776165	0.5211899444236096	0.5422337091287205
BICRA	Rep 2	0.5090105030021574	0.49460194037649086	0.523419065627824
ZNF207	Rep 2	0.5086947663155676	0.4981636344683754	0.5192258981627599
CREB3L1	Rep 2	0.5086139265681952	0.4980450586658212	0.5191827944705691
KMT2C	Rep 2	0.5115892466989646	0.5002989290532468	0.5228795643446823
NR1H2	Rep 2	0.5005008215635652	0.4895329981505144	0.511468644976616
MORC2	Rep 2	0.511144438039595	0.5006262934294282	0.5216625826497617
GRHL2	Rep 2	0.5149905177781332	0.5044019701343745	0.5255790654218919
LMO1	Rep 2	0.5243586293234447	0.5137344812436131	0.5349827774032763
CTBP2	Rep 2	0.5046575720196599	0.4940267348002113	0.5152884092391085
TFDP1	Rep 2	0.5123557422810855	0.5018475114495238	0.5228639731126472
ZBTB6	Rep 2	0.51065118245435	0.4993337844562894	0.5219685804524107
MAFB	Rep 2	0.4937862578154235	0.4818939240160996	0.5056785916147475
PRDM15	Rep 2	0.5175220839802196	0.5059045590444475	0.5291396089159917
CUX1	Rep 2	0.5162734189022157	0.5057724288304912	0.5267744089739401
SFMBT1	Rep 2	0.5072664980607722	0.49502713855931946	0.5195058575622249
ASXL1	Rep 2	0.5026229155170325	0.49164053376700245	0.5136052972670626
BCLAF1	Rep 2	0.4979099525134805	0.4833229508140182	0.5124969542129428
DLX6	Rep 2	0.5110134059345594	0.5001439706115722	0.5218828412575465
ZNF18	Rep 2	0.5061189974464884	0.4954564065084504	0.5167815883845264
NOTCH3	Rep 2	0.47160175812659927	0.4522045843949578	0.49099893185824073
TGIF2	Rep 2	0.5064029716743617	0.4956369957490267	0.5171689475996966
MRTFB	Rep 2	0.531037442669369	0.5201595519026979	0.5419153334360401
FOS	Rep 2	0.5097640837234081	0.4984389945461666	0.5210891729006496
SREBF1	Rep 2	0.5011998475366147	0.4903643386397085	0.5120353564335209
ZNF609	Rep 2	0.5144142786132142	0.5037685688543413	0.5250599883720871
DR1	Rep 2	0.4922758860973952	0.4812378836609868	0.5033138885338037
ZNF750	Rep 2	0.49686620357723055	0.48562549112293113	0.5081069160315299
ARID5B	Rep 2	0.5109338675064585	0.5004040926316624	0.5214636423812546
ZFP37	Rep 2	0.505136134138729	0.494619577852849	0.515652690424609
HNRNPUL1	Rep 2	0.5085372472481197	0.495633557796496	0.5214409366997433
ZNF503	Rep 2	0.5133407841369987	0.502133914865825	0.5245476534081723
TBL1XR1	Rep 2	0.519993814707602	0.5093646591264376	0.5306229702887664
PRPF4	Rep 2	0.5073790254255471	0.49635492776526846	0.5184031230858258
YAP1	Rep 2	0.5093599109325618	0.49848683310380376	0.52023298876132
TEAD1	Rep 2	0.5007792404504265	0.4900308339559478	0.5115276469449053
SOX2	Rep 2	0.5043707605929003	0.4937814544354898	0.5149600667503108
MSX2	Rep 2	0.5089823624335277	0.492509484167594	0.5254552406994614
ONECUT2	Rep 2	0.505338898237839	0.49329630189655954	0.5173814945791184
PDX1	Rep 2	0.5081045207277581	0.4975715198895165	0.5186375215659998
SMAD2	Rep 2	0.5193804169619564	0.5023992184220306	0.5363616155018821
THRB	Rep 2	0.5144660681127692	0.5039543440134736	0.5249777922120648
VDR	Rep 2	0.5170651896402351	0.5058213592493455	0.5283090200311247
RXR	Rep 2	0.5216328795227637	0.511096564821404	0.5321691942241235
RFX5	Rep 2	0.5105511670895583	0.5000255682057109	0.5210767659734057
PBX2	Rep 2	0.4954156352036182	0.4808037000822399	0.5100275703249966
ONECUT1	Rep 2	0.4991043641196258	0.4860558877140305	0.512152840525221
MEIS2	Rep 2	0.5028421025758439	0.4917848808377615	0.5138993243139264
ID3	Rep 2	0.5029946721699688	0.49208243379926875	0.513906910540669
DAXX	Rep 2	0.5040569481721334	0.4902742927241299	0.5178396036201369
ZMYND8	Rep 2	0.5064319042982497	0.4958554819938801	0.5170083266026193
ZNF596	Rep 2	0.525405115105816	0.5068402014893757	0.5439700287222563
ZNF256	Rep 2	0.49664810619647354	0.48385744665698155	0.5094387657359655
WDHD1	Rep 2	0.5048861092905635	0.4897631551916143	0.5200090633895128
ZNF281	Rep 2	0.4929542222348543	0.4806806566943149	0.5052277877753937
ZNF534	Rep 2	0.5254257110013774	0.5125550977413048	0.5382963242614499
SALL3	Rep 2	0.5235145692010843	0.5113076206691003	0.5357215177330683
MEF2B	Rep 2	0.4987941787941788	0.4882309583361921	0.5093573992521655
ZNF202	Rep 2	0.5406981251430033	0.5295555380545498	0.5518407122314568
SRSF7	Rep 2	0.5166975734476709	0.5057942759511646	0.5276008709441772
GMEB2	Rep 2	0.5099982971367677	0.49938076860972846	0.5206158256638069
SREBF2	Rep 2	0.5038391915261866	0.491948194722236	0.5157301883301372
MEIS1	Rep 2	0.5036375019008917	0.48565131803704154	0.5216236857647419
CDX2	Rep 2	0.5023725051952062	0.49185484437705923	0.512890166013353
ZNF674	Rep 2	0.503540727595386	0.47951547333433764	0.5275659818564344
GATAD2A	Rep 2	0.5277755755045044	0.5025088379435863	0.5530423130654225
ZNF224	Rep 2	0.5103620916814321	0.49524909119125243	0.5254750921716117
PCBP2	Rep 2	0.48606683615194723	0.46936213447695135	0.5027715378269432
INTS13	Rep 2	0.5288652159539506	0.5180024008975942	0.5397280310103071
MECOM	Rep 2	0.5159344149598192	0.5053498446698093	0.5265189852498291
NRIP1	Rep 2	0.5042899887237772	0.4927766111908987	0.5158033662566556
ZIC5	Rep 2	0.509607861667011	0.49338153359242265	0.5258341897415993
TRIM22	Rep 2	0.5112396822358579	0.5007314776839036	0.5217478867878123
PCGF1	Rep 2	0.5139119517064303	0.5034084386812595	0.5244154647316012
SPIN1	Rep 2	0.5114986244146005	0.48519375478471516	0.5378034940444858
NR4A1	Rep 2	0.5057663844518131	0.4949482179385737	0.5165845509650525
ZNF592	Rep 2	0.5109106886688902	0.49847505814805393	0.5233463191897265
MZF1	Rep 2	0.5092634457631391	0.49665913148007057	0.5218677600462076
KLF13	Rep 2	0.5150935548399688	0.5045212528836802	0.5256658567962573
CEBPZ	Rep 2	0.5062678913138049	0.49105380795539666	0.5214819746722131
SRSF3	Rep 2	0.502057763096304	0.4912128973256285	0.5129026288669795
IKZF2	Rep 2	0.5128978114988684	0.5016551427026851	0.5241404802950517
HDAC8	Rep 2	0.5055073804058747	0.49457079317083175	0.5164439676409177
ZNF213	Rep 2	0.5026175861255637	0.49099834354923516	0.5142368287018922
WT1	Rep 2	0.5068344504932045	0.49625288137080603	0.517416019615603
ZNF337	Rep 2	0.5060215976809863	0.4953612853986069	0.5166819099633657
RBM14	Rep 2	0.4953547374074893	0.4795101680669238	0.5111993067480548
TBX5	Rep 2	0.49368998115159557	0.48204428842550034	0.5053356738776907
ZNF528	Rep 2	0.504320418452384	0.49371600980687425	0.5149248270978937
PALB2	Rep 2	0.47813595405347187	0.45404600675776147	0.5022259013491823
ZSCAN21	Rep 2	0.5026592515995334	0.491939162951668	0.5133793402473988
ZNF423	Rep 2	0.5161456775425797	0.5010842893775941	0.5312070657075653
L3MBTL4	Rep 2	0.5013888366829771	0.4884509293946704	0.5143267439712838
ZNF324	Rep 2	0.5026650694522259	0.49216022699387213	0.5131699119105796
ZNF449	Rep 2	0.5130997861373087	0.502223253621951	0.5239763186526664
ZFP91	Rep 2	0.5139639955279557	0.4976561280577229	0.5302718629981884
ZSCAN16	Rep 2	0.5028151391111497	0.48739253248818015	0.5182377457341193
ZNF184	Rep 2	0.5128819331161203	0.50097184570666	0.5247920205255806
PRDM4	Rep 2	0.4971675731577321	0.48505982693874783	0.5092753193767163
ZNF366	Rep 2	0.49283324006223583	0.4819293700001824	0.5037371101242893
NFIB	Rep 2	0.5015782230090382	0.49006016723103163	0.5130962787870448
NR5A2	Rep 2	0.5035981202497364	0.48879258170126383	0.5184036587982089
NFRKB	Rep 2	0.5010913384419262	0.48976734786475645	0.512415329019096
ZNF785	Rep 2	0.5097692553592372	0.49445266431068485	0.5250858464077895
FOXO3	Rep 2	0.5212815702863086	0.51027886610721	0.5322842744654073
CBFA2T3	Rep 2	0.4974598721466834	0.48533168479872124	0.5095880594946456
ZNF583	Rep 2	0.5158749499211636	0.5002477833465717	0.5315021164957554
ZSCAN23	Rep 2	0.4949161387397823	0.4804519397045524	0.5093803377750121
ZNF394	Rep 2	0.5081820492979496	0.4976162339232596	0.5187478646726397
CARM1	Rep 2	0.5007598316106117	0.48263602837396247	0.5188836348472609
ZNF169	Rep 2	0.5172314752731855	0.4822568542599336	0.5522060962864374
GTF2A2	Rep 2	0.458086665809438	0.43243992235880435	0.4837334092600717
GLI4	Rep 2	0.49701247063076087	0.4817258839333232	0.5122990573281985
ZSCAN5A	Rep 2	0.5040982323861495	0.4913384615815954	0.5168580031907036
EED	Rep 2	0.5028890335660776	0.49158048536935495	0.5141975817628003
REPIN1	Rep 2	0.5006876147460554	0.4850769636915383	0.5162982658005725
ZNF266	Rep 2	0.5209271769642204	0.4759628364907055	0.5658915174377354
ZNF133	Rep 2	0.5089545885146235	0.47850798791894383	0.5394011891103031
PITX3	Rep 2	0.5084828594870332	0.49796641688649723	0.5189993020875692
ZNF10	Rep 2	0.5097881409505004	0.4977345485968504	0.5218417333041504
RLF	Rep 2	0.50349207529848	0.48475978162879746	0.5222243689681625
ZSCAN18	Rep 2	0.4963023657950295	0.4754761720598905	0.5171285595301685
ARID1B	Rep 2	0.519618707942332	0.5090714376783325	0.5301659782063315
ZNF664	Rep 2	0.49405951842088913	0.4764460964079117	0.5116729404338666
MAFG	Rep 2	0.47918751870873616	0.45588146919727945	0.5024935682201929
ZNF318	Rep 2	0.46635315644648	0.44220423509701573	0.4905020777959443
LEF1	Rep 2	0.4865490365091896	0.47192048932047526	0.501177583697904
CEBPG	Rep 2	0.4914616562799842	0.4740339431015573	0.5088893694584111
PRDM6	Rep 2	0.4884187635911774	0.46898954244987123	0.5078479847324836
CREB5	Rep 2	0.49065796736658496	0.4767869029830848	0.5045290317500851
IRF3	Rep 2	0.49581071344495253	0.48271007124325105	0.508911355646654
STAT2	Rep 2	0.4769925880505018	0.45668203481921565	0.497303141281788
SMARCC2	Rep 2	0.5016287338147537	0.4857995696395707	0.5174578979899367
ELF3	Rep 2	0.5126201644648998	0.5021186791991384	0.5231216497306611
RAD51	Rep 2	0.4990080137751891	0.4864245066537892	0.511591520896589
BATF	Rep 2	0.486982989491369	0.47148041598013096	0.5024855630026069
MED25	Rep 2	0.49410624140493536	0.475595330563119	0.5126171522467518
ZNF148	Rep 2	0.4956080569438134	0.4834607663319536	0.5077553475556731
IRF2BP2	Rep 2	0.49198470405112193	0.4750492232794495	0.5089201848227944
KMT2B-D	Rep 2	0.4863835848211942	0.4758786802221408	0.4968884894202476
MAFK	Rep 2	0.49706818520230744	0.4857758794871058	0.5083604909175091
STAT5B	Rep 2	0.5112200948235782	0.5007140812032811	0.5217261084438753
TAF9B	Rep 2	0.48791608260168207	0.4752579124182067	0.5005742527851574
EHF	Rep 2	0.5031561890435469	0.4925641201893873	0.5137482578977065
ETV6	Rep 2	0.5116391738003613	0.49941847790917837	0.5238598696915442
PRDM1	Rep 2	0.5165346062529733	0.500809548256534	0.5322596642494126
HIC1	Rep 2	0.504309543484357	0.4922575683361505	0.5163615186325635
ZNF444	Rep 2	0.509360880218223	0.49885748098274924	0.5198642794536967
ETV2	Rep 2	0.5211959794273263	0.5038969171979604	0.5384950416566923
IRF9	Rep 2	0.4609185899895268	0.429143004626456	0.4926941753525976
FOXO1-PAX3	Rep 2	0.49647842679252896	0.48159606451407017	0.5113607890709877
ATF2	Rep 2	0.5058708344988185	0.49525643027141164	0.5164852387262254
SFPQ	Rep 2	0.4974087301592471	0.48497036764309476	0.5098470926753994
CBX2	Rep 2	0.4972809521290026	0.48477568315034414	0.509786221107661
ZNF140	Rep 2	0.5210280883181051	0.48704914591459547	0.5550070307216147
TSC22D4	Rep 2	0.46770526913638616	0.43834442685710534	0.497066111415667
MITF	Rep 2	0.5115984790070308	0.5010927184601767	0.522104239553885
BRD7	Rep 2	0.5220934075184094	0.5055514096856772	0.5386354053511415
HDAC3	Rep 2	0.5005164290584201	0.48997678398487654	0.5110560741319636
RUVBL2	Rep 2	0.526897999352709	0.5157891518484854	0.5380068468569326
MEF2C	Rep 2	0.5127147514533862	0.48974062385274736	0.5356888790540251
ZNF142	Rep 2	0.5309959655043119	0.520437827441663	0.5415541035669609
MAFF	Rep 2	0.5026868251210863	0.4921776833891492	0.5131959668530235
SMARCA2	Rep 2	0.4847512917795845	0.46839426330235245	0.5011083202568165
PRKDC	Rep 2	0.5101093122012375	0.49725760636352195	0.522961018038953
DIDO1	Rep 2	0.5166443388421643	0.5053804062264415	0.5279082714578871
STAT5A	Rep 2	0.48902371663400546	0.474922681518715	0.5031247517492959
NFIA	Rep 2	0.5034793414103759	0.48367129351959853	0.5232873893011533
MYOG	Rep 2	0.49269256038647347	0.47619422151751367	0.5091908992554333
CD74	Rep 2	0.5032201819115144	0.49053222346284564	0.5159081403601832
NFATC2	Rep 2	0.4928080393038007	0.479981363756926	0.5056347148506753
CHD7	Rep 2	0.4975540451671615	0.4837205517057201	0.511387538628603
ZNF30	Rep 2	0.4914492551745358	0.4776509767240923	0.5052475336249793
ZXDC	Rep 2	0.48763273691829667	0.47496261283248	0.5003028610041134
TWIST1	Rep 2	0.5172764215134811	0.5064748031714126	0.5280780398555496
MYF5	Rep 2	0.4864580738528415	0.4742869672490149	0.4986291804566681
HDGF	Rep 2	0.5071897144896663	0.4958587337059644	0.5185206952733683
SCRT1	Rep 2	0.500484123956015	0.48382993736196545	0.5171383105500647
CSNK2A1	Rep 2	0.5110220781950661	0.4988844102130135	0.5231597461771187
TCF4	Rep 2	0.4968653392418128	0.4862333394156904	0.5074973390679351
RUNX1-RUNX1T1	Rep 2	0.4924947570540461	0.47795163793102086	0.5070378761770714
TOP1	Rep 2	0.509562702922078	0.49524405897814483	0.5238813468660111
BAP1	Rep 2	0.5108313032047389	0.500279146192083	0.5213834602173948
SALL4	Rep 2	0.49952433367172816	0.4771319056799529	0.5219167616635034
HOXC5	Rep 2	0.4957206012378427	0.46142507876677297	0.5300161237089124
ERF	Rep 2	0.5166165541744709	0.5050056998641107	0.5282274084848312
ZNF783	Rep 2	0.5404068640392642	0.52174190907346	0.5590718190050684
ASXL3	Rep 2	0.5182046404474443	0.5077056238004226	0.528703657094466
ZNF468	Rep 2	0.5312024657312086	0.5129637784991793	0.5494411529632378
NAB2	Rep 2	0.543950917102871	0.5227958177691973	0.5651060164365448
ZNF736	Rep 2	0.5073070105672299	0.484949324238744	0.5296646968957158
HDAC6	Rep 2	0.5137357982519273	0.5022889527896008	0.5251826437142537
ESR2	Rep 2	0.5282827557289024	0.5139781664090192	0.5425873450487856
ZNF165	Rep 2	0.5326486988207925	0.5028095662080342	0.5624878314335507
TBX18	Rep 2	0.500700412599376	0.4832684074077841	0.518132417790968
RBM34	Rep 2	0.5069123265995344	0.4625585070972589	0.55126614610181
ELF2	Rep 2	0.520813944194684	0.47726882722370956	0.5643590611656584
THAP11	Rep 2	0.5040637403786145	0.48716742854157646	0.5209600522156524
PAX8	Rep 2	0.4776953551171186	0.4541325817786722	0.5012581284555649
ZFP3	Rep 2	0.5115701806491412	0.49572468726902363	0.5274156740292587
CLOCK	Rep 2	0.49524976576796287	0.48467269124570955	0.5058268402902162
SOX13	Rep 2	0.49940978190526836	0.48438436030924675	0.5144352035012899
MEN1	Rep 2	0.5123986928945929	0.5018984077014151	0.5228989780877707
TSHZ2	Rep 2	0.5136389537485254	0.49808607460971027	0.5291918328873406
NR5A1	Rep 2	0.497190686332086	0.4832390680758	0.511142304588372
OTX2	Rep 2	0.488396566261343	0.47758178279941926	0.4992113497232667
POU2F2	Rep 2	0.4886877567351294	0.4774250829505318	0.49995043051972693
PARP1	Rep 2	0.49592174468683975	0.48468738870750683	0.5071561006661727
RUVBL1	Rep 2	0.5094538679060475	0.49639674485136204	0.5225109909607331
ZNF577	Rep 2	0.5066627489348666	0.49177208248880155	0.5215534153809317
ZNF239	Rep 2	0.5002655791614292	0.4849775940175775	0.515553564305281
KLF15	Rep 2	0.5316324941930687	0.519573037044923	0.5436919513412144
DPF1	Rep 2	0.5038131736951589	0.485256471963295	0.5223698754270227
CBFA2T2	Rep 2	0.4960162795264857	0.48261710695519866	0.5094154520977727
DEAF1	Rep 2	0.4914404756856007	0.4739590023647515	0.5089219490064498
T	Rep 2	0.49668862524052754	0.4836895470336225	0.5096877034474325
ASH1L	Rep 2	0.4891876501711022	0.47478667766968874	0.5035886226725157
CRX	Rep 2	0.5113334776175522	0.5008323936379826	0.5218345615971218
JDP2	Rep 2	0.4903653466201604	0.4705517628306194	0.5101789304097014
ZNF778	Rep 2	0.5031777238438347	0.4869842959944319	0.5193711516932376
NCOA3	Rep 2	0.4914027514341987	0.4778614247254253	0.5049440781429722
FANCL	Rep 2	0.5212674510925676	0.5070672549797167	0.5354676472054184
NR2F6	Rep 2	0.5075024755372451	0.4945472131831672	0.5204577378913231
ZNF572	Rep 2	0.5091781194765364	0.4984182672722627	0.51993797168081
AATF	Rep 2	0.5145719277129552	0.4903249681843401	0.5388188872415703
IFNA1	Rep 2	0.49651504079744996	0.4827754162465595	0.5102546653483404
NUTM1	Rep 2	0.5010965089962351	0.4876503928218581	0.5145426251706121
NRL	Rep 2	0.5333107548236204	0.5219431943616901	0.5446783152855508
ZNF677	Rep 2	0.5224868172666	0.4820651167087941	0.5629085178244059
CHD8	Rep 2	0.510949173842139	0.5003072242999098	0.5215911233843682
MAF1	Rep 2	0.5489350881350371	0.5358315890486821	0.5620385872213921
PREB	Rep 2	0.49994709649125685	0.4817839831865627	0.518110209795951
DDX20	Rep 2	0.47999596286233465	0.4667697414001655	0.49322218432450377
ZNF467	Rep 2	0.5135926614907801	0.5024853773054535	0.5246999456761067
SNIP1	Rep 2	0.5084425316215152	0.4862015480762533	0.530683515166777
LYL1	Rep 2	0.47870170062472844	0.4537868986498354	0.5036165025996214
EPAS1	Rep 2	0.5165731592474356	0.5054371854955522	0.5277091329993191
CBX3	Rep 2	0.521463890288432	0.5067789061294066	0.5361488744474574
SSRP1	Rep 2	0.49154875919130886	0.47847841063866003	0.5046191077439577
NKX3-1	Rep 2	0.49994897619991074	0.4892774365284291	0.5106205158713925
E2F7	Rep 2	0.4864545795341863	0.47264142981761104	0.5002677292507616
OVOL3	Rep 2	0.5046548661298906	0.48905037488826036	0.5202593573715208
TBL1X	Rep 2	0.5141277871463369	0.5036123866728078	0.524643187619866
MRTFA	Rep 2	0.5123124982543069	0.5002104029298732	0.5244145935787407
NCOA2	Rep 2	0.49842417128965494	0.48482199648575036	0.5120263460935595
NEUROG2	Rep 2	0.5099333084197469	0.4971067416939092	0.5227598751455846
ZNF554	Rep 2	0.5025123915297326	0.4912296437035987	0.5137951393558665
CCAR2	Rep 2	0.5088508213597018	0.4974611658886262	0.5202404768307775
ZBTB16	Rep 2	0.5098623887686388	0.49344253167830476	0.5262822458589728
RREB1	Rep 2	0.5079271522047393	0.4933964732193843	0.5224578311900943
ZNF512B	Rep 2	0.504402424893785	0.4896036155292454	0.5192012342583245
ZNF41	Rep 2	0.4874912944850887	0.4644507528382551	0.5105318361319223
ZSCAN4	Rep 2	0.5034084107091965	0.4913205303352349	0.5154962910831582
ZSCAN5C	Rep 2	0.5111856109695312	0.49047400649016637	0.531897215448896
DACH1	Rep 2	0.5087733696369319	0.4885814436160433	0.5289652956578205
ZNF837	Rep 2	0.4996755934402757	0.4597653283846972	0.5395858584958542
FEZF1	Rep 2	0.5046431935007475	0.49344900999757907	0.5158373770039159
ZNF623	Rep 2	0.49904743760716325	0.48171118928015566	0.5163836859341708
PCGF2	Rep 2	0.5175824989682392	0.49750699476375587	0.5376580031727224
ZNF645	Rep 2	0.5037505064359395	0.4754460515305965	0.5320549613412826
HLF	Rep 2	0.47488406841926184	0.4519196850091286	0.4978484518293951
UBN1	Rep 2	0.5067433543253361	0.49531419200858134	0.518172516642091
ZNF740	Rep 2	0.5077071967265725	0.4847936071669891	0.5306207862861558
HAND2	Rep 2	0.49883590874838296	0.487685919937709	0.509985897559057
GTF3C5	Rep 2	0.5219608227522408	0.4950776736906348	0.5488439718138467
REL	Rep 2	0.4872125153250273	0.4713186954609953	0.5031063351890593
RPA2	Rep 2	0.48319427896892686	0.4609240872810637	0.50546447065679
SUPT16H	Rep 2	0.4920056379116782	0.4743695706706327	0.5096417051527237
ARHGAP35	Rep 2	0.49747100730707283	0.4687795936741358	0.5261624209400099
ZNF257	Rep 2	0.5165283734871026	0.5031625575228079	0.5298941894513972
OGG1	Rep 2	0.5115463373737058	0.5007108940926162	0.5223817806547955
MYOCD	Rep 2	0.5262252570958453	0.5005146092022231	0.5519359049894675
ZNF737	Rep 2	0.5024556563193339	0.4879982775521856	0.5169130350864821
ZNF558	Rep 2	0.4940941539506419	0.4790954445772223	0.5090928633240615
U2AF2	Rep 2	0.4962513381647654	0.4848319765927679	0.5076706997367629
NCOA6	Rep 2	0.5019848568136027	0.4747795234729993	0.5291901901542061
BMI1	Rep 2	0.49841409507183887	0.4846358424091737	0.5121923477345041
MIER1	Rep 2	0.5051935691844818	0.4872462070867764	0.5231409312821871
ZMYM2	Rep 2	0.5633331929482754	0.5174109920648795	0.6092553938316714
ZNF90	Rep 2	0.49928141592920355	0.4652660726338246	0.5332967592245825
ZSCAN31	Rep 2	0.5133794152879853	0.4897701127753069	0.5369887178006636
JMJD6	Rep 2	0.5093286575949096	0.49103509246472427	0.5276222227250951
ZNF549	Rep 2	0.5187323916248607	0.49999551666723724	0.5374692665824842
ZNF626	Rep 2	0.5042889291267453	0.47644199982259805	0.5321358584308925
EBF3	Rep 2	0.4962358052919312	0.48424684058095246	0.5082247700029099
ZNF343	Rep 2	0.5057658402767755	0.48806281705163684	0.5234688635019142
ZNF320	Rep 2	0.5032353286588893	0.4846987830956263	0.5217718742221523
HOXB8	Rep 2	0.4913581502465085	0.47817771419066524	0.5045385863023517
ARRB1	Rep 2	0.5077719163223052	0.49696995145521144	0.5185738811893991
ZNF680	Rep 2	0.5121396221532091	0.4888122683798673	0.5354669759265508
LIN9	Rep 2	0.4884431603086918	0.4754682927606587	0.5014180278567248
FOXJ3	Rep 2	0.4925666853259808	0.47887779808194836	0.5062555725700132
ZNF101	Rep 2	0.4966201673037279	0.48490185609036496	0.5083384785170908
SND1	Rep 2	0.49995591379677734	0.48309577179346086	0.5168160558000938
ZNF329	Rep 2	0.5061335840881224	0.4774940593605635	0.5347731088156813
ZNF221	Rep 2	0.49294670846394983	0.44318773406476725	0.5427056828631325
CREB3	Rep 2	0.4946317609223799	0.47458845173348896	0.5146750701112709
ZNF816	Rep 2	0.5237049603136104	0.4921588271854246	0.5552510934417961
USP7	Rep 2	0.5154009977436066	0.4950766840347598	0.5357253114524534
ZNF331	Rep 2	0.5140207454289732	0.4789263047051794	0.5491151861527671
ZNF701	Rep 2	0.5055869266956686	0.45948924236527133	0.5516846110260659
ZNF317	Rep 2	0.5068845025480271	0.48236072340162606	0.5314082816944281
ZNF37A	Rep 2	0.5204616724738675	0.46927939227968585	0.5716439526680492
ZNF784	Rep 2	0.48945320634920636	0.46008451544466383	0.5188218972537488
ZNF350	Rep 2	0.489675062099161	0.4717522240849431	0.5075979001133789
CERS6	Rep 2	0.5045215754344803	0.4815351734469036	0.527507977422057
PAX3-FOXO1	Rep 2	0.49373294810953416	0.4825294652865292	0.5049364309325391
SRC	Rep 2	0.5234104353984405	0.49708249828881607	0.5497383725080649
SHOX2	Rep 2	0.49226056017446435	0.4745769600557221	0.5099441602932067
HHEX	Rep 2	0.5231330741251725	0.48732791007958703	0.5589382381707579
ZIM3	Rep 2	0.49167318261280635	0.45387284710682907	0.5294735181187836
ZNF410	Rep 2	0.47436370859000393	0.4374898025488905	0.5112376146311174
ZNF34	Rep 2	0.48512257414801224	0.45891689295743077	0.5113282553385937
ZNF547	Rep 2	0.5030588146104544	0.48434420423632474	0.5217734249845841
POU2F3	Rep 2	0.484983968295063	0.46986083321557226	0.5001071033745538
POU4F2	Rep 2	0.49315603680786924	0.4822636629879347	0.5040484106278037
ZNF597	Rep 2	0.45934372333755724	0.42713883364449146	0.491548613030623
HSF2	Rep 2	0.48993424667275637	0.4692305817142331	0.5106379116312797
ZNF85	Rep 2	0.5317286086703956	0.48748490883430273	0.5759723085064885
IRF5	Rep 2	0.4851689279918173	0.4635704638814771	0.5067673921021576
TBX3	Rep 2	0.49854399211662354	0.48483037200622797	0.5122576122270192
TCF21	Rep 2	0.4950886088570733	0.480254979520197	0.5099222381939496
SOX8	Rep 2	0.49208866711324456	0.48007338789832865	0.5041039463281605
ZNF22	Rep 2	0.5493108949616592	0.5083020689768513	0.5903197209464671
HMBOX1	Rep 2	0.4920692611572183	0.47679049380569505	0.5073480285087415
TRPS1	Rep 2	0.5055441677175739	0.49216641518313015	0.5189219202520177
CBX7	Rep 2	0.5138778606471373	0.49914263105572276	0.5286130902385517
E2F5	Rep 2	0.47735125438949094	0.45333728470544016	0.5013652240735417
ZNF589	Rep 2	0.5091703171472908	0.4779105568867747	0.5404300774078068
GFI1	Rep 2	0.5040398092830882	0.48806885930537086	0.5200107592608055
ZNF83	Rep 2	0.5047269430724325	0.46808242540625833	0.5413714607386066
TLE3	Rep 2	0.5154215277128237	0.500528737320231	0.5303143181054164
SPIB	Rep 2	0.5044066887870312	0.4896702094274929	0.5191431681465695
HNF1A	Rep 2	0.4948261248918187	0.47867174572316773	0.5109805040604697
ZNF8	Rep 2	0.5172460999881011	0.48770898258014	0.5467832173960623
PYGO2	Rep 2	0.49221904258164406	0.459299252744813	0.5251388324184751
ETS2	Rep 2	0.5103933566433566	0.4700479584994871	0.5507387547872261
ZBTB24	Rep 2	0.4860510609224182	0.471732610245015	0.5003695115998213
TERF1	Rep 2	0.5038225131009862	0.489592281084254	0.5180527451177185
ZNF764	Rep 2	0.5103886241589947	0.4898290706613755	0.5309481776566138
TCF25	Rep 2	0.4956014450079434	0.4830115392235286	0.5081913507923582
BRF1	Rep 2	0.5036919763702132	0.4861344848118504	0.5212494679285761
SNAPC1	Rep 2	0.4716439515655721	0.45745823374326106	0.48582966938788313
ZFP42	Rep 2	0.48602730120732657	0.4615782874389643	0.5104763149756889
NKX2-5	Rep 2	0.4767723456899094	0.4600791930331036	0.4934654983467152
ZNF830	Rep 2	0.5008503650705216	0.47250626678859675	0.5291944633524465
HOMEZ	Rep 2	0.490200028594081	0.4421712939536977	0.5382287632344643
TFEB	Rep 2	0.5028907591316553	0.47661185175619614	0.5291696665071144
ZBTB18	Rep 2	0.4965543872155884	0.46830381972074625	0.5248049547104306
ZBTB42	Rep 2	0.49442824190406537	0.4810948578320357	0.5077616259760951
SETX	Rep 2	0.49429541125541127	0.4772676305106961	0.5113231920001264
PAX6	Rep 2	0.48807861471861475	0.4704618025136576	0.5056954269235718
GSPT2	Rep 2	0.4994085356244575	0.48714607427616696	0.511670996972748
ZNF543	Rep 2	0.5383594761133406	0.493155546749078	0.5835634054776031
MBD3	Rep 2	0.516354527976054	0.500859182039411	0.5318498739126969
SATB1	Rep 2	0.49824845612618396	0.4788908548855876	0.5176060573667803
ZNF280D	Rep 2	0.49544096881452593	0.47784616805666114	0.5130357695723907
ZBED2	Rep 2	0.4928773589924562	0.4767007836138234	0.509053934371089
ZNF579	Rep 2	0.511106096249595	0.4986918241931489	0.5235203683060411
CC2D1A	Rep 2	0.4908690538525006	0.47614750248427923	0.505590605220722
ZNF792	Rep 2	0.5086023191152089	0.48959151240956295	0.5276131258208548
ATF4	Rep 2	0.48752742081100287	0.47451475940474946	0.5005400822172563
COBLL1	Rep 2	0.5287786223917529	0.4870824088811819	0.5704748359023238
RFX2	Rep 2	0.49735676175971727	0.46682869979731545	0.5278848237221191
CIITA	Rep 2	0.46627719734443135	0.4280790141221424	0.5044753805667204
PBX1-2-3	Rep 2	0.47911370317653357	0.46423194522267935	0.4939954611303878
TERF2	Rep 2	0.5037059734919822	0.487563384694378	0.5198485622895864
HOXB5	Rep 2	0.5212430408038708	0.49748234550352777	0.5450037361042139
ATOH8	Rep 2	0.5252702080538184	0.49242961195693513	0.5581108041507017
ZNF141	Rep 2	0.5449218803888422	0.5070915589126838	0.5827522018650005
POU2AF1	Rep 2	0.4984610809945333	0.47054629074745835	0.5263758712416082
BHLHE22	Rep 2	0.5165835457048744	0.49311975784511053	0.5400473335646383
ZNF462	Rep 2	0.5279824561403509	0.4872854317951088	0.568679480485593
PROX1	Rep 2	0.4825957170329742	0.46335681349159846	0.5018346205743499
ZNF197	Rep 2	0.5180445469120589	0.4736726730298621	0.5624164207942558
CSDC2	Rep 2	0.5287156114316751	0.5039521146315845	0.5534791082317657
ZNF395	Rep 2	0.49438683062313876	0.46750554987788795	0.5212681113683896
TAF2	Rep 2	0.48720914147839245	0.46553220648333754	0.5088860764734474
ZNF644	Rep 2	0.5022632616949124	0.4772837429884158	0.527242780401409
ZNF519	Rep 2	0.5346781063806738	0.522160623165985	0.5471955895953626
SAFB2	Rep 2	0.509693612111811	0.48731392344180363	0.5320733007818182
CBX8	Rep 2	0.4976145164422053	0.46264616745132653	0.532582865433084
HCFC1R1	Rep 2	0.5630254288019573	0.5261312552376218	0.5999196023662927
ZNF28	Rep 2	0.5145715317465595	0.48868379024900144	0.5404592732441175
ZNF397	Rep 2	0.5009300166677216	0.469465467954946	0.5323945653804972
ARID3B	Rep 2	0.5206168158963189	0.48948171957993575	0.5517519122127021
ZNF223	Rep 2	0.5192763680287578	0.493545603508557	0.5450071325489585
KAT2B	Rep 2	0.5103405775943817	0.4889843623865351	0.5316967928022283
NSD2	Rep 2	0.49894013347196253	0.4582545279222699	0.5396257390216552
NFXL1	Rep 2	0.5147799903269592	0.47957973419099986	0.5499802464629185
ZNF611	Rep 2	0.5566843154315617	0.5211798029637239	0.5921888278993995
ZNF362	Rep 2	0.50002458216674	0.48427295542140825	0.5157762089120717
TP73	Rep 2	0.4736443008403089	0.4391915246449234	0.5080970770356944
FOXF1	Rep 2	0.49362450975715483	0.4652712478795061	0.5219777716348035
SALL2	Rep 2	0.5224777358490567	0.5042072296398561	0.5407482420582572
ISL1	Rep 2	0.5125434290973276	0.49783602756188944	0.5272508306327658
RING1	Rep 2	0.47523320453435797	0.4413171496373081	0.5091492594314078
PHF19	Rep 2	0.5310475075383332	0.4945602188711145	0.5675347962055519
ESRRG	Rep 2	0.5109017320111724	0.4940445831238292	0.5277588808985156
NCOA4	Rep 2	0.4825521010599171	0.4282040193311078	0.5369001827887263
ZZZ3	Rep 2	0.49315864255256486	0.46788842561494337	0.5184288594901864
HES1	Rep 2	0.5014234049424215	0.4815845140240101	0.5212622958608331
ZNF283	Rep 2	0.5141770783126557	0.4949479595148864	0.5334061971104249
CHAF1B	Rep 2	0.4649790614522031	0.4392809678848037	0.49067715501960246
ZNF507	Rep 2	0.48684459551610904	0.46749477296709324	0.5061944180651249
ZC3H8	Rep 2	0.48670033236286814	0.46958885088084895	0.5038118138448874
ICE2	Rep 2	0.4900498905908096	0.4490711640210323	0.5310286171605869
ICE1	Rep 2	0.48080401423653657	0.4386905804898769	0.5229174479831963
ZBTB5	Rep 2	0.49291384273915356	0.465927355010363	0.5199003304679441
ZNF134	Rep 2	0.5072547485626956	0.4859921704055359	0.5285173267198553
NFKB2	Rep 2	0.48118292724923106	0.4568047466709436	0.5055611078275185
MLXIP	Rep 2	0.4638985137726639	0.4125610869032978	0.51523594064203
ZKSCAN5	Rep 2	0.5064845405730668	0.48242863573760225	0.5305404454085314
ZNF333	Rep 2	0.5130875706761052	0.46546417486261016	0.5607109664896003
BCL6B	Rep 2	0.4744885623818443	0.4356979542567974	0.5132791705068912
ZNF383	Rep 2	0.5253693204761675	0.479967850911376	0.570770790040959
ZNF563	Rep 2	0.5140273104665316	0.4721339951635375	0.5559206257695257
ZNF667	Rep 2	0.5140273104665316	0.4721339951635375	0.5559206257695257
ZNF605	Rep 2	0.5180408879969899	0.4802604691045487	0.555821306889431
ZNF846	Rep 2	0.5495985765508317	0.5137161385683939	0.5854810145332694
ZNF585B	Rep 2	0.5084768520885066	0.4593048184247775	0.5576488857522356
ZNF273	Rep 2	0.5326069822316146	0.5158735833310845	0.5493403811321448
ZNF425	Rep 2	0.5329190898942824	0.5009617950675982	0.5648763847209666
ZNF322	Rep 2	0.524472879546852	0.49001714563532633	0.5589286134583775
ZNF79	Rep 2	0.4936433700724089	0.462446507851843	0.5248402322929747
ZNF311	Rep 2	0.5038467568621336	0.47539024096866594	0.5323032727556013
ZNF700	Rep 2	0.4793181762101451	0.4379876705431508	0.5206486818771394
ZNF445	Rep 2	0.4671128924991952	0.4304303586234497	0.5037954263749407
ZNF215	Rep 2	0.5184407011476087	0.49062302111563705	0.5462583811795803
ZNF695	Rep 2	0.49091954022988504	0.4738385500173866	0.5080005304423835
ZNF704	Rep 2	0.5137771802387727	0.47755297525364127	0.5500013852239042
TOX2	Rep 2	0.5050549067456859	0.45497127892098366	0.5551385345703881
CHAMP1	Rep 2	0.4887126552715737	0.46642702399962926	0.5109982865435181
HINFP	Rep 2	0.4735793604960393	0.4439686142435221	0.5031901067485566
ZNF675	Rep 2	0.49833327986997716	0.46398614541780586	0.5326804143221484
CRY1	Rep 2	0.4999341560198086	0.47170997520435304	0.5281583368352643
ZNF429	Rep 2	0.4814054515329103	0.4361843000294529	0.5266266030363677
SOX11	Rep 2	0.49971435653885493	0.46243785652243025	0.5369908565552796
DNMT1	Rep 2	0.47665733833756074	0.4249394767079508	0.52837519996717075
ZNF316	Rep 2	0.519320578093685	0.4957981383013308	0.5428430178860393
ADNP	Rep 2	0.5035693374571196	0.4578160673696147	0.5493226075446245
AHRR	Rep 2	0.4813954430653286	0.4541653615938135	0.5086255245368437
SMAD1-5	Rep 2	0.46558209016913726	0.41475973794961296	0.5164044423886616
ZNF654	Rep 2	0.5120674970929894	0.4895388926106671	0.5345961015753117
ZNF460	Rep 2	0.5436964915996279	0.49699078543106384	0.5904021977681919
SIX2	Rep 2	0.4887297730445122	0.46678730812914326	0.5106722379598811
ZNF573	Rep 2	0.5125955743495038	0.47260399635422684	0.5525871523447807
SOX21	Rep 2	0.5135700873754007	0.4819065403487706	0.5452336344020308
ZNF354B	Rep 2	0.4703881203563072	0.4203216136384971	0.5204546270741173
LCORL	Rep 2	0.48970812477282777	0.4657740145773959	0.5136422349682596
TASOR	Rep 2	0.5128327028554182	0.4677963569650877	0.5578690487457486
ZNF319	Rep 2	0.49572598950987307	0.45956389525476415	0.531888083764982
ZNF222	Rep 2	0.47163318777292573	0.42648647761980407	0.5167798979260474
NR0B1	Rep 2	0.5097034144361766	0.4631335895418302	0.556273239330523
ZNF512	Rep 2	0.5250230776454247	0.4865920292545458	0.5634541260363035
GPS2	Rep 2	0.4749283995003199	0.43014716837729244	0.5197096306233473
ZNF671	Rep 2	0.5146848735335636	0.48618370900973695	0.5431860380573903
ZNF93	Rep 2	0.5025819207218326	0.46091454582973085	0.5442492956139344
ZNF182	Rep 2	0.4705542893875643	0.4289491473256738	0.5121594314494547
FOXJ2	Rep 2	0.4994658812145323	0.4521360687320219	0.5467956936970426
ZNF548	Rep 2	0.49341912674081123	0.4513370135378148	0.5355012399438076
GRHL1	Rep 2	0.5055442123980841	0.47446094628908825	0.5366274785070799
ZNF180	Rep 2	0.5470188141337285	0.4989996995750134	0.5950379286924438
ZSCAN2	Rep 2	0.5062245800176834	0.47442940606682366	0.5380197539685432
SNAPC4	Rep 2	0.4706090827695981	0.4160254334489354	0.5251927320902608
ZNF585A	Rep 2	0.487561949244411	0.4435962516497943	0.5315276468390276
ZNF157	Rep 2	0.5033660100690128	0.4670560271449996	0.539675992993026
ZNF791	Rep 2	0.49895506792058514	0.44815981212037054	0.5497503237207998
KAT8	Rep 2	0.44524713448354897	0.4006404532723221	0.4898538156947758
EOMES	Rep 2	0.4902332021998231	0.45698733649645074	0.5234790679031954
ZNF557	Rep 2	0.48420916776416817	0.4437925369499245	0.5246257985784119
ZNF488	Rep 2	0.44725978232618824	0.39798177804808577	0.4965377866042907
ZNF624	Rep 2	0.5080118545308419	0.46934136038048957	0.5466823486811941
RBAK	Rep 2	0.4958389974542889	0.4595627696737258	0.532115225234852
ZNF565	Rep 2	0.4990406693909321	0.45732562618097394	0.5407557126008903
BNC2	Rep 2	0.4865611763266347	0.43737962312862577	0.5357427295246436
HMGB2	Rep 2	0.5038783880171184	0.47559088386154386	0.5321658921726928
ZNF765	Rep 2	0.5102749321662862	0.47138799973352724	0.549161864599045
CASZ1	Rep 2	0.49771651908746656	0.4571709670972109	0.5382620710777223
ZNF714	Rep 2	0.5079697234352256	0.46630293382327437	0.5496365130471769
PAX7	Rep 2	0.4940888081507379	0.45896244474511694	0.5292151715563589
ZKSCAN2	Rep 2	0.480997150997151	0.44646829859796006	0.5155260033963419
ZNF506	Rep 2	0.5584339950471617	0.5163900726910585	0.600477917403265
ZNF23	Rep 2	0.5118324326665532	0.46400789753429555	0.5596569677988108
PHOX2B	Rep 2	0.5173448047233901	0.47737561450219473	0.5573139949445853
