effect	term	estimate	std.error	statistic	df	p_value	conf.low	conf.high	variable	p_adj	activity_estimate
fixed	GMEB2FALSE	612.685736692495	44.42634811021768	13.791044340905042	21434.182050590472	4.4085426970050504e-43	525.6067771834059	699.764696201584	GMEB2	4.34682309924698e-40	0.2863249637494856
fixed	SIX5FALSE	583.6534092767682	43.611351716696404	13.383061664041916	21434.162693727987	1.1064778255855587e-40	498.1719035485246	669.1349150050119	SIX5	5.454935680136805e-38	0.2484484374637187
fixed	RORBFALSE	570.3928763066925	43.90005306343624	12.992988311027009	21434.182907422084	1.8736793953106502e-38	484.3454943867281	656.440258226657	RORB	6.158159612587671e-36	0.2720528963694655
fixed	DDX21FALSE	566.284306889165	44.344807603675655	12.770025116587197	21434.163830150588	3.2947474982358866e-37	479.36517285716764	653.2034409211624	DDX21	8.12155258315146e-35	0.26354918462391813
fixed	KAT2AFALSE	560.3217893234851	44.54016944369693	12.580144986466337	21434.16557501497	3.6446974459120725e-36	473.01973149821043	647.6238471487598	KAT2A	7.187343363338607e-34	0.31567955372741596
fixed	CRXFALSE	549.2015488032986	43.89126211028918	12.51277640235714	21434.145817878165	8.479172870087311e-36	463.17139779949576	635.2316998071014	CRX	1.3934107416510149e-33	0.2766020445240442
fixed	ASXL1FALSE	585.4161945431322	46.89339441920629	12.483979924971294	21434.1290735454	1.2148153039664096e-35	493.5016400469321	677.3307490393322	ASXL1	1.7111541281583998e-33	0.37228904162087906
fixed	ZHX2FALSE	543.8145813582371	43.856267035682215	12.399928633136518	21434.11365500762	3.45381146897493e-35	457.8530233063878	629.7761394100864	ZHX2	4.256822635511601e-33	0.2520420926245373
fixed	OTX2FALSE	551.118311162471	45.21324704660785	12.189310592852431	21434.18154419652	4.59522690426975e-34	462.4969709820083	639.7396513429336	OTX2	5.034326364011082e-32	0.2567168707933143
fixed	ZHX1FALSE	536.966213426771	44.55626488059735	12.051418916413716	21434.126480254738	2.443676878156451e-33	449.6326073343654	624.2998195191766	ZHX1	2.4094654018622607e-31	0.2686191056266292
fixed	ZMIZ1FALSE	526.4259457598288	43.759404335109934	12.030007120948309	21434.12925305757	3.162388423913346e-33	440.6542458371749	612.1976456824826	ZMIZ1	2.834649987253236e-31	0.2643235371060274
fixed	ZNF337FALSE	532.3806080411828	44.405777467549576	11.988994189556319	21434.089546532086	5.175454357946969e-33	445.3419685064728	619.4192475758928	ZNF337	4.2524983307797595e-31	0.25848217598721657
fixed	GFI1BFALSE	541.7589377454293	45.50241359907081	11.906158264898993	21434.127395172738	1.3927444030666341e-32	452.57080951801413	630.9470659728445	GFI1B	1.0483314001125926e-30	0.26338379075661106
fixed	NEUROD1FALSE	578.1945448834033	48.58543332886994	11.900574004756987	21434.11784034618	1.4885030021882654e-32	482.9634677803339	673.4256219864727	NEUROD1	1.0483314001125926e-30	0.24987041115872444
fixed	XRCC5FALSE	526.2654575371993	44.41922530668963	11.847695539569497	21434.109945560685	2.789651950909721e-32	439.20045923832856	613.33045583607	XRCC5	1.8337312157313233e-30	0.21858010073156464
fixed	MBD2FALSE	526.834133676728	44.77319131315865	11.766731792511152	21434.158376250743	7.260239929178435e-32	439.07533558641796	614.5929317670381	MBD2	4.4741228563562104e-30	0.2841431042554715
fixed	KDM4BFALSE	506.2104755072055	43.401267749876666	11.663495140845143	21434.10111648533	2.435604132161116e-31	421.1407500266339	591.2802009877771	KDM4B	1.334169819061589e-29	0.22053561445341113
fixed	DEKFALSE	506.52720213331185	43.42573630692752	11.664216780418936	21434.117190922923	2.4151709039240624e-31	421.4095164575044	591.6448878091193	DEK	1.334169819061589e-29	0.22219912138484293
fixed	RFX3FALSE	520.7470554346604	44.70194416593897	11.649315598032716	21434.116387437338	2.8737780499667673e-31	433.1279070630769	608.3662038062439	RFX3	1.491339556456438e-29	0.20502749574172283
fixed	DR1FALSE	541.704906018347	46.647971470247455	11.612614416981707	21434.134896691383	4.405751909716763e-31	450.2713988287423	633.1384132079515	DR1	2.172035691490364e-29	0.3241683468094809
fixed	LMO1FALSE	512.4855914803197	44.510276997028726	11.513871089019073	21434.105947579203	1.3818233864183913e-30	425.24212506881156	599.7290578918279	LMO1	6.487989804802542e-29	0.2947938750287689
fixed	XBP1FALSE	507.1492304200548	44.102088106120945	11.49943805834598	21434.180131799327	1.6318068094315947e-30	420.70584473030584	593.5926161098037	XBP1	6.995484843911097e-29	0.2717943022009751
fixed	SNAPC1FALSE	683.2985651275519	59.40861442536653	11.501674828420073	21434.062631023793	1.5903151366965054e-30	566.8532449128246	799.7438853422792	SNAPC1	6.995484843911097e-29	0.37382348166108825
fixed	PKNOX1FALSE	503.6416063883188	43.969879309066066	11.454241273854802	21434.09671024786	2.7431122577604605e-30	417.45735979358267	589.8258529830549	PKNOX1	1.126961952563256e-28	0.2157200542295865
fixed	JUNBFALSE	508.5188727465378	44.45677090568077	11.43850222107693	21434.097229400766	3.285438359598109e-30	421.38028226726766	595.657463225808	JUNB	1.295776889025494e-28	0.21467693635158466
fixed	E4F1FALSE	498.00759558461476	43.71087052645769	11.39322071572966	21434.12579613856	5.513431112005167e-30	412.33102555005985	583.6841656191697	E4F1	2.0908627217065744e-28	0.21836425772804413
fixed	TET2FALSE	524.9859163785937	46.29663575961818	11.33961264711394	21434.10363681813	1.0150124399582577e-29	434.2410534078624	615.7307793493251	TET2	3.7066750585142304e-28	0.2947968473299042
fixed	ZNF574FALSE	492.2890893727358	43.455894945939	11.328476607953066	21434.10363257102	1.1518014951956039e-29	407.112290509537	577.4658882359347	ZNF574	4.055986693795948e-28	0.226329089098594
fixed	ELF4FALSE	502.6745253159188	44.394320446740515	11.322946725110324	21434.106494041647	1.2263748158936984e-29	415.65834240135484	589.6907082304828	ELF4	4.122564731262049e-28	0.21777706196578803
fixed	MEN1FALSE	487.8799408633825	43.09528221311103	11.320959413857906	21434.022607006507	1.254330039937743e-29	403.40996986476205	572.349911862003	MEN1	4.122564731262049e-28	0.17853081713670219
fixed	NBNFALSE	494.3004004595857	43.94239714849057	11.248826475925767	21434.06101459517	2.835061039391917e-29	408.170020943519	580.4307799756525	NBN	9.017323176904612e-28	0.18634757401337493
fixed	MTA3FALSE	513.0455726549353	45.7844401174797	11.205675363474926	21434.074232556737	4.606468614729848e-29	423.30465138051903	602.7864939293515	MTA3	1.4193681419136343e-27	0.22438276261873885
fixed	ESRRAFALSE	483.30806120847024	43.17229526351066	11.194866019017606	21434.122316550835	5.200573658046857e-29	398.6871389028463	567.9289835140942	ESRRA	1.5538683717679396e-27	0.19049298456852692
fixed	MAFFFALSE	488.98856559845933	43.743092322829774	11.178646493248795	21434.131788862545	6.237495250408061e-29	403.24883843843224	574.7282927584864	MAFF	1.8088736226183375e-27	0.2517975232960763
fixed	ASXL3FALSE	485.7917131572449	43.56435521521136	11.151128273502396	21434.11673059774	8.486295705607575e-29	400.4023240706966	571.1811022437931	ASXL3	2.3907107330654482e-27	0.24156240547219165
fixed	ARID5BFALSE	490.7527354800015	44.13782988203158	11.118642144202607	21434.126461344018	1.2194157013862995e-28	404.23929322847795	577.2661777315251	ARID5B	3.339844115463587e-27	0.27927161278019463
fixed	MEF2DFALSE	499.4099193265976	44.95252884564386	11.109718010335987	21434.150624057187	1.3468567725624734e-28	411.2996062800746	587.5202323731206	MEF2D	3.5891912912070236e-27	0.27890043610932713
fixed	ATF2FALSE	487.0782134940499	43.85430539237598	11.106736479714668	21434.09320144559	1.3923133936630092e-28	401.1205004049208	573.035926583179	ATF2	3.612686858294018e-27	0.2377304167148081
fixed	ZNF697FALSE	485.6545140825543	43.95090601689605	11.04993180108401	21434.10041402961	2.616148057908286e-28	399.5074565580124	571.8015716070961	ZNF697	6.614158936147614e-27	0.23418251115831573
fixed	RFX5FALSE	484.14876325612244	43.927769056528575	11.02147397089741	21434.191662188183	3.5840861909017943e-28	398.04705592219375	570.2504705900511	RFX5	8.834772460572923e-27	0.2723612406621502
fixed	NR2C2FALSE	486.39460372449247	44.20666485941716	11.0027437100557	21434.127654687338	4.407324016839664e-28	399.74623977779663	573.0429676711883	NR2C2	1.0599076781960753e-26	0.2381012361500505
fixed	ZKSCAN1FALSE	489.47070858625926	44.52030692946643	10.994324665410062	21434.114755521612	4.836030865203174e-28	402.2075827602823	576.7338344122362	ZKSCAN1	1.1089131239744953e-26	0.23242482185888175
fixed	NFYAFALSE	504.0147071932498	45.834472501712966	10.996411209366778	21434.159512344166	4.7260730313886875e-28	414.17571873009115	593.8536956564085	NFYA	1.1089131239744953e-26	0.302380913995193
fixed	STAT5BFALSE	477.505687256664	43.477263972566035	10.98288262936619	21434.091011255023	5.485679764323465e-28	392.2870035028577	562.7243710104702	STAT5B	1.2292909653688493e-26	0.2278087787466846
fixed	EZH1FALSE	479.5603115493071	43.77694143855061	10.954632639707427	21434.190104652498	7.484228013138702e-28	393.7542376082064	565.3663854904078	EZH1	1.6398775157677246e-26	0.2620636094365387
fixed	ILF3FALSE	481.52668144220604	44.00850350828907	10.941673609772025	21434.0774187283	8.628281405054979e-28	395.26672852861145	567.7866343558006	ILF3	1.8494533620400455e-26	0.21537367626846188
fixed	HOXB13FALSE	503.000834761649	45.98898268467967	10.937420342833848	21434.09388684232	9.04033364326136e-28	412.85899478735246	593.1426747359455	HOXB13	1.8570352025532713e-26	0.25186806569919784
fixed	ISL2FALSE	488.3531023673626	44.64679771084489	10.93814399702713	21434.073109369812	8.9688752208969e-28	400.8420451554626	575.8641595792626	ISL2	1.8570352025532713e-26	0.25435129197487694
fixed	KDM5AFALSE	478.44360382491465	43.80787865174874	10.921405430934191	21434.13171419982	1.0774615320068959e-27	392.57689062272675	564.3103170271025	KDM5A	2.168116470528162e-26	0.24520652134619786
fixed	THRBFALSE	471.20654826904723	43.370158001120416	10.864764390687121	21434.071209135003	2.000293689805895e-27	386.19780021224574	556.2152963258487	THRB	3.944579156297225e-26	0.20112362582784343
fixed	FOXP4FALSE	484.941608362372	44.693333068217214	10.850423879154109	21434.087091972702	2.338331660748912e-27	397.33933837853533	572.5438783462087	FOXP4	4.520774544114563e-26	0.23606172588004837
fixed	SRFFALSE	481.31138930808794	44.399978920855354	10.840351752554742	21434.13246867092	2.609048989549278e-27	394.28411536770716	568.3386632484687	SRF	4.9471582763376685e-26	0.26794776982588797
fixed	PHF5AFALSE	486.5866753823219	44.98530494339694	10.81656945517148	21434.07687455037	3.377916546208082e-27	398.41211871974895	574.7612320448949	PHF5A	6.284199461436167e-26	0.2476182924574809
fixed	SIN3BFALSE	475.8084707190436	44.06308250952722	10.798347360654247	21434.12995182719	4.1155608755563e-27	389.44153889965844	562.1754025384288	SIN3B	7.514709302404652e-26	0.26925830787580096
fixed	`KMT2B-D`FALSE	468.2515554056937	43.391088741250876	10.791422132732476	21434.1315480733	4.4360104097440315e-27	383.2017815488951	553.3013292624922	KMT2B-D	7.952556843650208e-26	0.20471767659221002
fixed	TBL1XR1FALSE	475.5888244312305	44.19732164005142	10.76058020674841	21434.126739127983	6.191123652095596e-27	388.95877389192185	562.2188749705391	TBL1XR1	1.0900799858868317e-25	0.2615362347886525
fixed	RFXAPFALSE	479.9467401080835	44.67288005775034	10.743581776855175	21434.13237305192	7.436875377741079e-27	392.3845595623974	567.5089206537696	RFXAP	1.2642688142159834e-25	0.26651618953658895
fixed	`NKX3-1`FALSE	477.86479438776286	44.4777926783756	10.743896349426826	21434.090887930048	7.411707684127427e-27	390.6849996628977	565.044589112628	NKX3-1	1.2642688142159834e-25	0.24046646419902362
fixed	CUX1FALSE	466.19379955884756	43.41622466285799	10.73777840378807	21434.07651577916	7.916729032513881e-27	381.0947574065124	551.2928417111827	CUX1	1.323033021365879e-25	0.2206139635660963
fixed	TCF4FALSE	471.96102563419646	43.96290530788676	10.735437576950327	21434.061620853456	8.118858412077365e-27	385.790448594541	558.131602673852	TCF4	1.3341990657180469e-25	0.20699519860222632
fixed	E2F8FALSE	466.4045373155998	43.56015745134626	10.707136167644528	21434.09557899051	1.1007533641077181e-26	381.02337615490774	551.7856984762918	E2F8	1.779250519688869e-25	0.20786153044432187
fixed	BCL3FALSE	463.4442656442237	43.47746308433435	10.659413700041995	21434.104535376042	1.8358267664086205e-26	378.22519161952073	548.6633396689267	BCL3	2.919556760772419e-25	0.21875634792566723
fixed	KLF10FALSE	475.6215316318146	44.7129266184916	10.637226583041766	21434.11138636496	2.3269179563965065e-26	387.98085683203504	563.2622064315942	KLF10	3.584907976573368e-25	0.2574301911788133
fixed	MLXFALSE	471.3971910959447	44.310038045390904	10.638609486479082	21434.143545898212	2.2928219149728384e-26	384.54620798971	558.2481742021795	MLX	3.584907976573368e-25	0.27066711154010503
fixed	NONOFALSE	492.06983028217246	46.27464345294205	10.633681722098448	21434.086753868887	2.4166299818576843e-26	401.36807387061555	582.7715866937293	NONO	3.665841787864118e-25	0.2657003224467313
fixed	ARRB1FALSE	472.4280780632246	44.940850369959605	10.512219376672405	21434.153340670073	8.768426887943457e-26	384.34065570168	560.5155004247691	ARRB1	1.3099498350776135e-24	0.23897020106507177
fixed	SIX1FALSE	466.0248601364122	44.45155976792357	10.483880938474913	21434.095297188607	1.1819763491089727e-25	378.89648387580854	553.1532363970158	SIX1	1.739445791375294e-24	0.26015089743523956
fixed	NFATC3FALSE	451.7261968308941	43.21881265321646	10.452073277799208	21434.067473269057	1.651074729350004e-25	367.0140969558456	536.4382967059425	NFATC3	2.394058357557506e-24	0.1757723898425329
fixed	SP140LFALSE	463.9466333292166	44.43395923492331	10.44126252347491	21434.09180393794	1.849290365453978e-25	376.85275542669103	551.0405112317421	SP140L	2.605004025520591e-24	0.25097737503551415
fixed	GATA1FALSE	460.9097679070577	44.14312960868951	10.441257155820875	21434.098257735037	1.8493943386048821e-25	374.3859377891353	547.4335980249801	GATA1	2.605004025520591e-24	0.2622127501249865
fixed	PPARGFALSE	478.7654217940853	45.974861843040365	10.413634812620113	21434.068539399457	2.469520839808249e-25	388.65125971776087	568.8795838704098	PPARG	3.4295035888041315e-24	0.23151193775929169
fixed	NFATC1FALSE	459.2955320137252	44.11600682726803	10.411085795050594	21434.135841718096	2.5362095759410216e-25	372.82486458115875	545.7661994462917	NFATC1	3.437187700335604e-24	0.24376801244920693
fixed	TAF7FALSE	461.3363012709362	44.31339836376545	10.410763297453745	21434.099587954148	2.5447738552180438e-25	374.47873167972	548.1938708621524	TAF7	3.437187700335604e-24	0.2785301756002455
fixed	NFAT5FALSE	458.5929737378447	44.08968470430579	10.401366596596656	21434.072827059124	2.8072788336893285e-25	372.1738996173552	545.0120478583342	NFAT5	3.740509364888754e-24	0.22453712998243958
fixed	CDK6FALSE	457.162353283671	44.01902368145515	10.385563219028633	21434.117332988506	3.3106001927257133e-25	370.8817800542215	543.4429265131205	CDK6	4.3523357200367375e-24	0.2689009009264296
fixed	OGTFALSE	463.2635328739067	44.63509979007904	10.378906623994496	21434.15051350614	3.54848366301896e-25	375.77540447801306	550.7516612698003	OGT	4.603690647021966e-24	0.2629243722661798
fixed	ZNF766FALSE	452.57649380525567	43.63570693121414	10.371700738541536	21434.069807893495	3.825117742815739e-25	367.0472500170759	538.1057375934354	ZNF766	4.8981377849562575e-24	0.24787029388037302
fixed	HNRNPLFALSE	453.25021294926273	43.804226124846345	10.347180010838569	21434.096100612776	4.936505036589669e-25	367.39065896447397	539.1097669340514	HNRNPL	6.2402486744582225e-24	0.1983403886635083
fixed	GMEB1FALSE	477.9375540504464	46.20564750738868	10.343704283638056	21434.10795216525	5.11800694272237e-25	387.3710348490346	568.5040732518582	GMEB1	6.3877909437015916e-24	0.25975590483613936
fixed	CXXC5FALSE	459.87794963367946	44.473200757886225	10.340563345941128	21434.110483331042	5.2877062248684555e-25	372.70715542034424	547.0487438470147	CXXC5	6.517097922150371e-24	0.27341053894562073
fixed	PAXIP1FALSE	456.61639545129776	44.447303080849174	10.273208131902118	21434.080015409534	1.061819046779296e-24	369.49636261169115	543.7364282909043	PAXIP1	1.2767726586882752e-23	0.2236761914880711
fixed	PAX5FALSE	492.13455821502305	47.90419974954724	10.273307158620772	21434.072530706388	1.0607347255706555e-24	398.23874978258493	586.0303666474612	PAX5	1.2767726586882752e-23	0.23480295363677867
fixed	SMAD5FALSE	462.7644126160339	45.06140342844306	10.269640477374345	21434.088622880055	1.1016270415073479e-24	374.4406972433645	551.0881279887033	SMAD5	1.3086798348508976e-23	0.2777342526075718
fixed	AHRFALSE	466.3652425476408	45.60880423676559	10.225333690544343	21434.135981377356	1.7381676689446623e-24	376.96858072839234	555.7619043668892	AHR	2.0402777637850438e-23	0.2525536182910926
fixed	HCFC1FALSE	484.32586293968177	47.378579236736584	10.22246489325166	21434.101068103137	1.79013988546524e-24	391.4603099665049	577.1914159128586	HCFC1	2.0765622671396782e-23	0.2576134657606321
fixed	ATF7FALSE	465.0023359432502	45.57374426179494	10.20329453889238	21434.055054444212	2.17921355400022e-24	375.67439427375393	554.3302776127465	ATF7	2.4984936793537408e-23	0.22649156369347073
fixed	ELL2FALSE	453.4908951294657	44.47806156126323	10.195833163835973	21434.121215520634	2.3523466970170192e-24	366.3105733810298	540.6712168779015	ELL2	2.6659929232859553e-23	0.22886438271950685
fixed	ARID3AFALSE	445.9706983902133	43.78779275283051	10.184817967591778	21434.0880518059	2.633139126918448e-24	360.1433550398048	531.7980417406218	ARID3A	2.9503127035699886e-23	0.2383448315671395
fixed	ETV4FALSE	440.5398049593501	43.55260173977701	10.115120276660782	21434.08412484465	5.359811821191086e-24	355.17345355492853	525.9061563637716	ETV4	5.937948826622934e-23	0.21551388150486372
fixed	CTBP1FALSE	472.45140084382115	46.72071099071117	10.112247669727289	21434.0687946757	5.518582266711705e-24	380.8753187468488	564.0274829407936	CTBP1	6.04591346108638e-23	0.19524374304930375
fixed	ZBTB40FALSE	439.0120528278062	43.449294059090604	10.104008875972857	21434.055344249908	6.000247563783294e-24	353.8481921848709	524.1759134707414	ZBTB40	6.501367140538822e-23	0.1643338009739893
fixed	TFE3FALSE	460.4066139638701	45.57299131355142	10.102620010088415	21434.065534426583	6.0854492600641204e-24	371.0801481316189	549.7330797961213	TFE3	6.522014098286112e-23	0.21668397400458572
fixed	ZNF175FALSE	455.2139563488472	45.124420738236296	10.08797340556486	21434.061211863765	7.060243015504076e-24	366.76672233720774	543.6611903604867	ZNF175	7.485375928265612e-23	0.2428662553959116
fixed	ZEB2FALSE	453.4964008083787	44.9884231522594	10.080291084521003	21434.06060982748	7.631826071487211e-24	365.31573221982535	541.6770693969321	ZEB2	8.005298411155734e-23	0.15635250351740376
fixed	HBP1FALSE	447.9972942571137	44.49900130392739	10.06758086990088	21434.09433729718	8.679791298946584e-24	360.7759290433505	535.2186594708769	HBP1	9.008709706064559e-23	0.27193306562757624
fixed	ZNF384FALSE	438.97496466866306	43.64908614402724	10.056910772889815	21434.06506541438	9.66869602979982e-24	353.41949662329785	524.5304327140283	ZNF384	9.930556547273567e-23	0.20497507220073397
fixed	ZNF264FALSE	456.73934334627154	45.64234797195182	10.006920407051526	21434.08757668038	1.6005208212409435e-23	367.27693329000743	546.2017534025356	ZNF264	1.626921164684093e-22	0.2027849105395781
fixed	MEF2AFALSE	446.3698575415441	44.64642201532315	9.997886446272112	21434.10251117552	1.7526909233512847e-23	358.8595367276982	533.8801783553901	MEF2A	1.7634216841064967e-22	0.255463865055056
fixed	NELFCDFALSE	455.55368359066756	45.60107509077895	9.98997683023455	21434.06960567302	1.8976317165263914e-23	366.17217145904135	544.9351957222938	NELFCD	1.8710648724950217e-22	0.24535504466017893
fixed	MED12FALSE	439.7657946011767	44.01979884600523	9.990181830217182	21434.127050316765	1.8937288469780863e-23	353.4837019935381	526.0478872088153	MED12	1.8710648724950217e-22	0.25446287175273163
fixed	ZFP36FALSE	434.09670849047603	43.463138379101515	9.987698189305258	21434.101688475177	1.94154623111081e-23	348.9057119569889	519.2877050239631	ZFP36	1.8954104790844145e-22	0.206641170820345
fixed	MTA2FALSE	462.61483460043354	46.390526986099204	9.972183216178054	21434.106931544742	2.2685132611686757e-23	371.6859378159091	553.5437313849579	MTA2	2.192896152463053e-22	0.1871704263398316
fixed	SOX6FALSE	447.51430660391566	44.96888774841775	9.951642769275779	21434.108208579033	2.7865842617517505e-23	359.3719288766216	535.6566843312097	SOX6	2.667545710764297e-22	0.22467751973515515
fixed	BMPR1AFALSE	430.41811447059206	43.25969772238191	9.949632963983941	21434.10933201575	2.8431727855077387e-23	345.6258768165125	515.2103521246715	BMPR1A	2.6955465062602214e-22	0.19815433227560653
fixed	THAP1FALSE	434.2397234095453	43.73428870656271	9.929045064002239	21434.067605211076	3.49255662835169e-23	348.5172519802537	519.9621948388369	THAP1	3.2796769862426344e-22	0.1972364374050274
fixed	DNMT3BFALSE	433.61226954684196	43.702517728620485	9.921905924034949	21434.11028895311	3.750432011542109e-23	347.9520716162348	519.2724674774491	DNMT3B	3.4886093994155844e-22	0.21753904893147555
fixed	SRSF1FALSE	442.51185468769904	44.63226282321639	9.914618410463326	21434.108887475733	4.0331087193703727e-23	355.0292869490921	529.994422426306	SRSF1	3.716490838597371e-22	0.21589650056189363
fixed	HNF1BFALSE	451.22061271870376	45.65920585899547	9.882357877886903	21434.11105588395	5.559987265849864e-23	361.7251599506226	540.7160654867849	HNF1B	5.076062448266635e-22	0.2402795130631676
fixed	ZBTB21FALSE	439.98270700673504	44.5886335307608	9.867597909301253	21434.124938718713	6.437554436279618e-23	352.5856559427523	527.3797580707178	ZBTB21	5.823329058873122e-22	0.2360044472088421
fixed	EBF1FALSE	426.3527717531552	43.29957262245106	9.846581523349471	21434.0933328886	7.928430993735012e-23	341.4823763139807	511.2231671923297	EBF1	7.106757236202474e-22	0.19673953576472064
fixed	SMAD1FALSE	467.3667114320766	47.57071140817856	9.824673577442546	21434.08321207632	9.846726004314333e-23	374.1245650523399	560.6088578118133	SMAD1	8.746731387616155e-22	0.22748808458911493
fixed	PITX3FALSE	424.0616255289061	43.17321704525521	9.822330939211561	21434.14166593782	1.00772577925496e-22	339.4388964665493	508.68435459126295	PITX3	8.871585878083843e-22	0.18512406757069205
fixed	CDK7FALSE	439.415396343845	44.755752052160965	9.818076474990848	21434.087517359996	1.0509680403752161e-22	351.69078049086454	527.1400121968254	CDK7	9.094967627850588e-22	0.26590004835196757
fixed	ZNF444FALSE	422.68155617933246	43.05160614031245	9.818020605357717	21434.080468992368	1.0515479813133539e-22	338.2971935574892	507.0659188011757	ZNF444	9.094967627850588e-22	0.16574652198186163
fixed	ZNF580FALSE	424.9929765203213	43.37401049100669	9.798332497024703	21434.08312549892	1.2769361712892062e-22	339.97667729835314	510.00927574228945	ZNF580	1.0948339694705715e-21	0.1867922209457462
fixed	NFE2L2FALSE	458.67252313200885	46.83341280380305	9.793702736409653	21434.133800438158	1.3365284521222776e-22	366.8755370818478	550.4695091821699	NFE2L2	1.1167941133835302e-21	0.24519023446866395
fixed	CEBPDFALSE	441.75723482905914	45.10240103360803	9.794539197589147	21434.094980463986	1.3255619872760685e-22	353.35316109053076	530.1613085675875	CEBPD	1.1167941133835302e-21	0.2629640226539883
fixed	U2AF1FALSE	435.19368787214324	44.43214330530616	9.794568875100195	21434.099417736365	1.3251745003234837e-22	348.10336932900645	522.28400641528	U2AF1	1.1167941133835302e-21	0.21488205540646318
fixed	ZNF786FALSE	429.8759478456327	43.97622634550938	9.775189541462995	21434.100878325	1.6036105587656051e-22	343.6792605864929	516.0726351047725	ZNF786	1.3287058915486443e-21	0.2401500072123206
fixed	HSF1FALSE	440.8455263678603	45.16583262970873	9.76059779484471	21434.056385819815	1.8507932498307983e-22	352.31712195565285	529.3739307800678	HSF1	1.5207351202776393e-21	0.249055802033673
fixed	RUNX2FALSE	426.27457401007234	43.68990105722259	9.756821684072063	21434.094489635572	1.9206787021320661e-22	340.6391056939028	511.91004232624186	RUNX2	1.5651150415720804e-21	0.24388892315366079
fixed	ZNF217FALSE	461.47464119007816	47.37613610218851	9.740655932655526	21434.059828087058	2.250599260531365e-22	368.61387693295	554.3354054472063	ZNF217	1.8189269433474803e-21	0.22075301473703274
fixed	CBX1FALSE	447.87881433364197	45.99017256652863	9.738576511878659	21434.109758235412	2.2969176543880742e-22	357.73464210584467	538.0229865614392	CBX1	1.8412689489647487e-21	0.24252513983207274
fixed	NCBP1FALSE	432.78134451875565	44.49197080772798	9.727178559678103	21434.086964376696	2.568076947923045e-22	345.57375960080344	519.9889294367078	NCBP1	2.0420353795581634e-21	0.266941577166863
fixed	HIVEP1FALSE	441.54934964499745	45.402145685830924	9.725296965046212	21434.07728175771	2.615790992597826e-22	352.55775400258506	530.5409452874098	HIVEP1	2.063335934961165e-21	0.1659496045383331
fixed	MAFFALSE	446.6903594877754	46.20422772604062	9.667737812572971	21434.084256209986	4.586156769628992e-22	356.12662315816414	537.2540958173868	MAF	3.588849662582687e-21	0.24026400986856267
fixed	TGIF2FALSE	433.70760776783237	44.93245407004648	9.652435344210517	21434.132589776036	5.321575920703205e-22	345.63664277623604	521.7785727594287	TGIF2	4.1315542187506775e-21	0.25967665077942315
fixed	ZNF652FALSE	420.34037355276456	43.62083732106062	9.63622890727546	21434.100070562785	6.227863832492101e-22	334.840275317591	505.8404717879381	ZNF652	4.797401358466571e-21	0.23910553556301295
fixed	RBM39FALSE	459.3899024801751	47.732412151379634	9.624275869890166	21434.07527191142	6.992644272598409e-22	365.8308105679026	552.9489943924476	RBM39	5.303651732909254e-21	0.1862107086862258
fixed	NFYCFALSE	433.39875531249214	45.02891139482682	9.62489968971987	21434.094717200613	6.950525766000451e-22	345.13872675324876	521.6587838717355	NFYC	5.303651732909254e-21	0.24162387053638504
fixed	ATF1FALSE	437.0854938974854	45.45067107084693	9.616700559078032	21434.092384087016	7.524703541098182e-22	347.9987848806814	526.1722029142894	ATF1	5.663631825589929e-21	0.24766983684650112
fixed	ELK1FALSE	429.2152794609689	44.64573325953339	9.613802890544234	21434.094328270065	7.738651364515163e-22	341.70630865801235	516.7242502639255	ELK1	5.7805380647060235e-21	0.22418234380103524
fixed	ZNF276FALSE	434.2756835291044	45.188483839540595	9.610317643565343	21434.067512087666	8.003970708290907e-22	345.70288105689457	522.8484860013142	ZNF276	5.933770765695364e-21	0.20552053037596613
fixed	RARAFALSE	425.02923710871437	44.23293336306287	9.608886519464681	21434.0971540215	8.115504590234347e-22	338.32938492648975	511.729089290939	RARA	5.971557855202289e-21	0.23081235743544753
fixed	ZNF232FALSE	416.72230203880855	43.57413780120949	9.563523756682148	21434.096377106376	1.2570977806854875e-21	331.3137383486774	502.1308657289397	ZNF232	9.181469716710302e-21	0.23776411206254727
fixed	POU2F2FALSE	448.21724674395074	46.99061674815589	9.538441454091805	21434.10545322059	1.5998525286907158e-21	356.11212921788365	540.3223642700178	POU2F2	1.159893083300769e-20	0.24619040631930073
fixed	TBX2FALSE	436.08581199821634	45.789198466311234	9.52377037827077	21434.08610258358	1.841634728369898e-21	346.3355640075995	525.8360599888332	TBX2	1.315834668241101e-20	0.24412734800730174
fixed	ZNF44FALSE	422.02168687057156	44.31005768201045	9.524286560383088	21434.106297667848	1.8325441969643857e-21	335.170665266573	508.8727084745701	ZNF44	1.315834668241101e-20	0.2512523845192418
fixed	FIP1L1FALSE	423.5964632864058	44.49750003616958	9.519556445689926	21434.10044691253	1.9175333251520027e-21	336.3780406709488	510.81488590186285	FIP1L1	1.3602070925178956e-20	0.22199897926390583
fixed	SP5FALSE	436.85503446209333	46.04971528184903	9.486595775637385	21434.090477333153	2.6282921038309092e-21	346.59415406174327	527.1159148624434	SP5	1.8510685816980547e-20	0.24602743035669228
fixed	KMT2DFALSE	414.8331661495105	43.80342300211647	9.47033673896825	21434.098123494896	3.0693741136979703e-21	328.9751863456976	500.69114595332337	KMT2D	2.1463850185150345e-20	0.21245891528370858
fixed	FOSL2FALSE	419.2802870866437	44.30537664365503	9.463417735027624	21434.097365134752	3.278593925495479e-21	332.4384406653021	506.12213350798527	FOSL2	2.276544796153903e-20	0.23888787315792753
fixed	PRPF4FALSE	428.15905835330585	45.315424228183275	9.448417743974655	21434.039358125156	3.781839094842045e-21	339.3374432343464	516.9806734722654	PRPF4	2.607617725534445e-20	0.22239510826268916
fixed	IRF1FALSE	432.71832689375094	45.840480134887706	9.439655204754782	21434.112387170826	4.110419902670583e-21	342.8675630098371	522.5690907776648	IRF1	2.7950855338159966e-20	0.2411161588486101
fixed	HNRNPH1FALSE	408.2606309376087	43.246911996147794	9.440226182483837	21434.116975551566	4.088174514996427e-21	323.4934542633406	493.0278076118768	HNRNPH1	2.7950855338159966e-20	0.15944661812938565
fixed	FOXK1FALSE	431.81944982425887	45.820890488444334	9.424073718802132	21434.06844340002	4.765918998932739e-21	342.0070830996965	521.6318165488212	FOXK1	3.218627488320329e-20	0.2271885140754223
fixed	MYNNFALSE	440.02279028734716	46.73810787862779	9.414647067656734	21434.090164612393	5.211629360554217e-21	348.41260899622046	531.6329715784739	MYNN	3.4956915302765024e-20	0.20287731275499138
fixed	TCF25FALSE	496.65310144725663	52.76010423913555	9.413421535260296	21434.075977667173	5.272523887586121e-21	393.2393576342172	600.0668452602961	TCF25	3.5126409142972403e-20	0.272214792296951
fixed	POU4F2FALSE	428.64414873767197	45.553176519545424	9.409753204669588	21434.151332223722	5.459031452475623e-21	339.356521401393	517.9317760739509	POU4F2	3.6124865853295065e-20	0.2559713381493618
fixed	IRF2FALSE	417.4335316857915	44.42128674645834	9.397150831500237	21434.077854231757	6.15088878319107e-21	330.36449280368856	504.5025705678944	IRF2	4.0431842268175964e-20	0.22817484835609686
fixed	TAF15FALSE	418.1618538508208	44.774230095137675	9.33934213859842	21434.073573593927	1.0611799748642886e-20	330.40101965066003	505.9226880509816	TAF15	6.929294405405223e-20	0.19463164764267257
fixed	CXXC4FALSE	418.9736793958638	44.99449128653237	9.311666104363088	21434.126414566486	1.376195007520904e-20	330.78111682632846	507.1662419653992	CXXC4	8.908493798234266e-20	0.25858349869452824
fixed	CDX2FALSE	403.7196896630769	43.35854872874959	9.311190099759589	21434.108728459563	1.3823524859329033e-20	318.73369665536757	488.70568267078625	CDX2	8.908493798234266e-20	0.21040087640969535
fixed	USF1FALSE	421.4751546816427	45.35960618314352	9.291860978243475	21434.08997021198	1.656784329929231e-20	332.5669396438195	510.3833697194659	USF1	1.0607723047468972e-19	0.2534060299294917
fixed	IRF4FALSE	430.41095916633526	46.37706264020366	9.280686069005537	21434.080751059835	1.8393425242863878e-20	339.50845349885276	521.3134648338178	IRF4	1.1700591799654055e-19	0.20256706699720806
fixed	INTS13FALSE	416.91586737455555	44.95547058924336	9.27397404386892	21434.09509456953	1.9584110127550422e-20	328.7997882780322	505.03194647107887	INTS13	1.237816191395174e-19	0.2535574249048219
fixed	KDM3AFALSE	425.6805301735367	46.00709712647105	9.25249704417046	21434.09000394674	2.3929928887019084e-20	335.5031845398346	515.8578758072388	KDM3A	1.5028605020764851e-19	0.22233383060102188
fixed	BCL11AFALSE	441.566075682304	47.863370008629	9.225553395063839	21434.083292428946	3.07507895757856e-20	347.7502965934115	535.3818547711966	BCL11A	1.9190049697294052e-19	0.24387993121570345
fixed	`NKX2-1`FALSE	400.7772960458443	43.518931044184505	9.209263335051533	21434.084101164855	3.5773091333005315e-20	315.4769417189091	486.07765037277954	NKX2-1	2.2183816386379397e-19	0.2050005298442002
fixed	BRCA1FALSE	413.3527683910821	44.91441483390626	9.203120421799166	21434.13474311176	3.7870619951781215e-20	325.31716164977297	501.3883751323913	BRCA1	2.3337769545285173e-19	0.2769271989146849
fixed	KLF17FALSE	406.12608228885824	44.13842262675927	9.201191572320509	21434.07654116052	3.855399293544265e-20	319.6114782020306	492.6406863756859	KLF17	2.361132735052575e-19	0.1753727107299975
fixed	MAFKFALSE	432.74103590795426	47.03697056760556	9.200019276028456	21434.08313476548	3.897526133305515e-20	340.54506142919325	524.9370103867153	MAFK	2.372198004592122e-19	0.18706148630557934
fixed	CREB3L1FALSE	402.3020656382692	43.75167174705705	9.195124427795836	21434.099614303403	4.078396487715646e-20	316.545522158879	488.0586091176594	CREB3L1	2.467054562507747e-19	0.22270863409684447
fixed	NIPBLFALSE	437.94537425020656	47.65729026599016	9.189472834185434	21434.05646451085	4.2975704300715363e-20	344.5335268378882	531.3572216625249	NIPBL	2.5802001928075647e-19	0.22162380911345048
fixed	ZNF639FALSE	404.48918505435773	44.019009205505725	9.188966138832717	21434.106340866714	4.3177792273148904e-20	318.2086401963513	490.76972991236414	ZNF639	2.5802001928075647e-19	0.2335629469630534
fixed	BCL6FALSE	441.3648591191035	48.12597612569092	9.171031834583221	21434.06190589244	5.0969160143038794e-20	347.03435242712675	535.6953658110804	BCL6	3.027445295243148e-19	0.22255088016430713
fixed	TBX21FALSE	409.51813672546547	44.67029090821446	9.167572639428654	21434.06501199707	5.262453794443864e-20	321.961031090657	497.07524236027393	TBX21	3.1070535576776347e-19	0.23859277986266636
fixed	HIF1AFALSE	453.1041005270928	49.4625740773282	9.160544289885205	21434.097638982817	5.615332590475546e-20	356.15376205751534	550.0544389966702	HIF1A	3.2866430371220644e-19	0.22973784380687068
fixed	ZBED4FALSE	418.09525553794094	45.642598407251846	9.160198370115419	21434.055747493083	5.633292832389746e-20	328.6323546022869	507.558156473595	ZBED4	3.2866430371220644e-19	0.2175705123477846
fixed	BAF155FALSE	426.20210873596045	46.5668373535997	9.152481314108703	21434.066579843166	6.049038343777009e-20	334.9276304566739	517.476587015247	BAF155	3.5084422393906654e-19	0.22251829964442443
fixed	CLOCKFALSE	400.50588693083597	43.81278897707918	9.141300891398675	21434.10621168605	6.705697833457092e-20	314.62954911858634	486.3822247430856	CLOCK	3.866560271221457e-19	0.22904843895891353
fixed	ELK4FALSE	428.4111232156311	46.99489684574297	9.116120088992997	21434.098964109868	8.453840403659284e-20	336.29761637713176	520.5246300541304	ELK4	4.84621316163259e-19	0.19803621471132088
fixed	TAF9BFALSE	485.2737752291867	53.242019105557425	9.114488582168244	21434.092333351917	8.581505189254937e-20	380.9154422987206	589.6321081596527	TAF9B	4.890961917112929e-19	0.258861068457132
fixed	MLLT1FALSE	403.89455489990524	44.4301334087081	9.090554628421254	21434.039123377846	1.0688722928753292e-19	316.80817589034154	490.98093390946894	MLLT1	6.056942992960199e-19	0.15095771028052213
fixed	ZMYND11FALSE	492.00042253578624	54.134122483409264	9.088545264339915	21434.04962798356	1.0887316188472455e-19	385.8935003610746	598.107344710498	ZMYND11	6.134225006762195e-19	0.16703331619970713
fixed	SMAD4FALSE	404.6276053380257	44.532049004069336	9.086211265532626	21434.096487575385	1.112257458173234e-19	317.3414641648682	491.9137465111832	SMAD4	6.231169623629595e-19	0.23069192678874667
fixed	ZSCAN22FALSE	416.1533565362476	45.811725940645026	9.083992100088691	21434.12755879005	1.1350915642991743e-19	326.3589530236585	505.9477600488367	ZSCAN22	6.323165437282406e-19	0.2407474691609603
fixed	E2F4FALSE	433.66311016849846	47.82799947473725	9.067138808462172	21434.11438188036	1.3243057076314267e-19	339.91665997476696	527.40956036223	E2F4	7.335760829913409e-19	0.26578197277394144
fixed	ZBTB7BFALSE	414.61941232104203	45.9442020828785	9.024412080834756	21434.063695953715	1.9552371752656948e-19	324.5653456627973	504.67347897928676	ZBTB7B	1.0770189133027793e-18	0.18447651338324828
fixed	FOXP1FALSE	430.2565151610766	47.71084867190418	9.01800171528797	21434.07664248446	2.072619725656106e-19	336.7396892790209	523.7733410431323	FOXP1	1.1353350274982892e-18	0.23110518407639066
fixed	USF2FALSE	393.8137961939862	43.70058670591887	9.011636361867138	21434.074875199116	2.196062942017964e-19	308.15738320406786	479.47020918390456	USF2	1.1963083209003936e-18	0.23731518402238083
fixed	DRAP1FALSE	414.0260842494114	45.98932254532782	9.00265673279576	21434.06344475219	2.382647063534489e-19	323.88357811563776	504.168590383185	DRAP1	1.2908186838708827e-18	0.22002857356567362
fixed	TCF7L2FALSE	427.6652253596887	47.53402322390514	8.997034047490711	21434.08880302685	2.507365581771593e-19	334.4949905619413	520.835460157436	TCF7L2	1.3509630948780278e-18	0.23026068466067595
fixed	TFDP1FALSE	394.97655450124495	43.92535595933821	8.991994393098954	21434.098902925296	2.624621047469176e-19	308.87957699694834	481.07353200554155	TFDP1	1.4064545395677214e-18	0.2708710656477905
fixed	NFYBFALSE	417.58800643887935	46.480888701705716	8.984079653011348	21434.124178368944	2.8197945173052e-19	326.4819939487698	508.6940189289889	NFYB	1.494794297883294e-18	0.2722048735836242
fixed	AGO1FALSE	410.6582624674661	45.70736333059724	8.984509990156551	21434.0691145979	2.808823871513434e-19	321.0684174493204	500.2481074856118	AGO1	1.494794297883294e-18	0.18972707010966994
fixed	APCFALSE	391.00561713348236	43.62340883281917	8.963206397555005	21434.124115603558	3.4059876942781974e-19	305.500478548669	476.51075571829574	APC	1.795884420619413e-18	0.21947182287182104
fixed	TRIM22FALSE	385.0966097994348	42.98268747100044	8.959342294714629	21434.055735629754	3.52701786313815e-19	300.8473329099874	469.3458866888822	TRIM22	1.8498083048160725e-18	0.15389190636705036
fixed	EP400FALSE	392.03176993107854	43.812197351453435	8.94800520472122	21434.107739755276	3.907174906796084e-19	306.15659174957665	477.90694811258044	EP400	2.038346274127481e-18	0.2414699141018085
fixed	ZNF256FALSE	471.9113118412615	52.807865671693165	8.936382977019695	21434.07388254075	4.33890006997777e-19	368.4039520535755	575.4186716289475	ZNF256	2.2516607731568848e-18	0.2324850841626226
fixed	NCOR1FALSE	390.70119641569505	43.80321657960104	8.91946361303619	21434.100913666753	5.052884075757437e-19	304.8436212160567	476.5587716153334	NCOR1	2.608452198270593e-18	0.2109428154593314
fixed	NFKBIZFALSE	405.3361127403685	45.48595174519019	8.911237364253456	21434.077537950976	5.440797329585624e-19	316.18025096402135	494.49197451671563	NFKBIZ	2.794076128630951e-18	0.2200321383819711
fixed	JMJD1CFALSE	402.8031502876345	45.21335107662849	8.908942617523653	21434.04755698448	5.554159752937603e-19	314.181606169279	491.42469440598995	JMJD1C	2.837513739065532e-18	0.20843763067342053
fixed	CDKN1BFALSE	436.898044307753	49.16594499710979	8.886192349876241	21434.083416336984	6.812170705932351e-19	340.52912098053184	533.2669676349742	CDKN1B	3.4622682041491225e-18	0.21287345021499093
fixed	FOSL1FALSE	385.11266767033175	43.34389304003417	8.88505024951557	21434.060151324684	6.88225888324111e-19	300.15540089594333	470.06993444472016	FOSL1	3.4799524404490945e-18	0.20493613523312018
fixed	GATA4FALSE	391.7329108485799	44.13335063917725	8.87611987703553	21434.049322141225	7.455418336127627e-19	305.2282482299258	478.237573467234	GATA4	3.750531877256041e-18	0.23446766431408478
fixed	OLIG2FALSE	410.92924816290423	46.41227811017494	8.853890929193938	21434.117027820477	9.094946532970161e-19	319.9577175534965	501.900778772312	OLIG2	4.552089990613492e-18	0.2609637062292648
fixed	ZNF207FALSE	382.55508282982373	43.27515165249207	8.840063367121527	21434.065352906855	1.0289519310643323e-18	297.7325543089846	467.37761135066285	ZNF207	5.123972747623392e-18	0.17772128849088098
fixed	ZXDBFALSE	388.09010118459685	44.07621269932633	8.80497840937519	21434.07858883825	1.4061066694566633e-18	301.6974332011097	474.482769168084	ZXDB	6.96694058333804e-18	0.1768567643119069
fixed	PGRFALSE	450.1360641410934	51.21178188668127	8.789697361773717	21434.08759657498	1.6103668941570492e-18	349.7571477524483	550.5149805297385	PGR	7.939108788194252e-18	0.2134754726871464
fixed	YY1AP1FALSE	379.71757980141484	43.211098069850046	8.78750128468403	21434.043692210482	1.6420348217607787e-18	295.0206010804925	464.4145585223372	YY1AP1	8.054956886846407e-18	0.16767441284435886
fixed	ZNF843FALSE	380.34229083400066	43.33470098955198	8.776852779616533	21434.083151055063	1.8045232618566053e-18	295.40304117005945	465.2815404979419	ZNF843	8.808217505894123e-18	0.18652695536339498
fixed	BCL11BFALSE	406.4340600843959	46.39173948673212	8.760914433929228	21434.06619154608	2.077831995980992e-18	315.50278669833557	497.3653334704563	BCL11B	1.0092326837621961e-17	0.2469834030769584
fixed	MAFBFALSE	434.5834610265118	49.73251253587006	8.738417563622274	21434.044497833693	2.534416712683553e-18	337.1040230087437	532.0628990442799	MAFB	1.2249680777970506e-17	0.2662931896913101
fixed	CREBBPFALSE	442.95671482083526	50.77679329103542	8.723605531407962	21434.04595782382	2.8877505925959126e-18	343.4304085485459	542.4830210931245	CREBBP	1.388937602097351e-17	0.20326842301399434
fixed	MCRS1FALSE	380.365492484144	43.86977682068125	8.670331149367295	21434.04904243361	4.609530977122705e-18	294.3774542303092	466.3535307379788	MCRS1	2.2063094871082464e-17	0.17995415606436754
fixed	SOX4FALSE	375.1176309603138	43.273172042872034	8.668595650641777	21434.07521268498	4.680073336125393e-18	290.29898262434745	459.9362792962802	SOX4	2.2292523233911292e-17	0.19843905313275245
fixed	NOTCH1FALSE	397.44109060867584	45.85713732861947	8.66694071547795	21434.091964392854	4.7483334615216425e-18	307.557677376451	487.32450384090066	NOTCH1	2.2508926889713168e-17	0.2510003185186621
fixed	SP4FALSE	416.4930247014592	48.137947365242944	8.65207279282913	21434.11561997341	5.40736336141673e-18	322.1390534994411	510.8469959034773	SP4	2.5510336240942085e-17	0.24640034077663037
fixed	MNX1FALSE	397.1269794281878	45.96571629830191	8.639634305945943	21434.04759810991	6.027467488997434e-18	307.03074329746187	487.2232155589137	MNX1	2.830039497214986e-17	0.17585349777768883
fixed	PRDM10FALSE	399.2820770599486	46.26427319893589	8.63046254597019	21434.049743763277	6.5291886832610905e-18	308.6006471117295	489.96350700816777	PRDM10	3.0510805884812484e-17	0.21103271023511744
fixed	MBD1FALSE	381.3984243262739	44.223808226660694	8.624278180013107	21434.09505399494	6.890536849670178e-18	294.71645809227493	468.0803905602729	MBD1	3.204749685742828e-17	0.2522712703930723
fixed	LIN54FALSE	376.50070324105496	43.70388607552881	8.614810650713958	21434.090578388852	7.482296358491458e-18	290.8378232438871	462.1635832382228	LIN54	3.455720218100011e-17	0.19397323130243457
fixed	ZNF518AFALSE	390.3363421102671	45.311364274063585	8.614535191422105	21434.077328036503	7.500244692428016e-18	301.52268481341747	479.1499994071167	ZNF518A	3.455720218100011e-17	0.1802460752023869
fixed	FOXM1FALSE	376.9392688565417	43.770766026576204	8.611667171364473	21434.115859403195	7.689657787980933e-18	291.145299167232	462.73323854585135	FOXM1	3.5265128274182324e-17	0.2545069172149057
fixed	MTA1FALSE	405.4385213080278	47.18044625725388	8.593359187349625	21434.08965578688	9.015055929371908e-18	312.96132376607244	497.9157188499832	MTA1	4.1152060862781023e-17	0.181275500459094
fixed	ZNF660FALSE	379.17312234227694	44.14480455786279	8.589303455750402	21434.051046941036	9.337879428631777e-18	292.6460091881468	465.70023549640706	ZNF660	4.242925860198586e-17	0.19423085174199659
fixed	MEF2BFALSE	372.6875334890849	43.39755312629455	8.587754530871782	21434.058803478598	9.464156525440522e-18	287.62508893861525	457.74997803955455	MEF2B	4.280577217469888e-17	0.16364749548415775
fixed	MGAFALSE	385.82607820373084	44.94500500990903	8.584403942521927	21434.11445132892	9.743109063082403e-18	297.73051242864096	473.9216439788207	MGA	4.386623532511072e-17	0.2588597090378428
fixed	ZNF609FALSE	377.4416965162153	43.97298536339681	8.583490372486706	21434.066754940835	9.820567787522847e-18	291.2513618162652	463.6320312161654	ZNF609	4.4013999265897844e-17	0.20561959391196988
fixed	FOSFALSE	400.4818501519198	46.677468589533866	8.579767974857933	21434.104320328053	1.014250400259895e-17	308.9905263986542	491.9731739051854	FOS	4.5251171703903003e-17	0.24573706440003673
fixed	MNTFALSE	399.3137553109149	46.58931435311448	8.57093006959483	21434.1347684121	1.0949180535268375e-17	307.9952204506661	490.63229017116373	MNT	4.863014417916495e-17	0.24611561594493253
fixed	ZNF142FALSE	374.8557462903585	43.75441864381182	8.567266070700596	21434.062734208368	1.1301890407110688e-17	289.0938186798901	460.61767390082696	ZNF142	4.9971587181215865e-17	0.2242181889646615
fixed	CREMFALSE	407.96222513431195	47.64735640897855	8.56211668140809	21434.094234199965	1.181661073787896e-17	314.56984883277465	501.35460143584925	CREM	5.2014188337270776e-17	0.25391172865861206
fixed	POU2F1FALSE	430.88980319925315	50.328779265604496	8.561499195624842	21434.077912577974	1.1879866604679999e-17	332.2416378776037	529.5379685209026	POU2F1	5.2060215432064356e-17	0.2098574319926697
fixed	VDRFALSE	391.4985573453832	45.93836044625166	8.52225794613285	21434.07151574261	1.6665859191216133e-17	301.4559407329673	481.54117395779906	VDR	7.27103414271642e-17	0.2076130574757688
fixed	ARID4BFALSE	377.30851347527306	44.28651661355922	8.519715306752131	21434.05321909507	1.7034567440610185e-17	290.50363411106616	464.11339283947996	ARID4B	7.399155725304687e-17	0.18684043926084853
fixed	ZEB1FALSE	411.31796814236804	48.34370974674497	8.50820034906532	21434.068639195593	1.880767425566746e-17	316.56068729700337	506.0752489877327	ZEB1	8.133494217582509e-17	0.2061153333942895
fixed	KLF6FALSE	414.1022357388	48.7386698493353	8.49637950766618	21434.057844225557	2.0817230160809254e-17	318.570803598649	509.63366787895103	KLF6	8.963226610723984e-17	0.21257287775598038
fixed	ZNF524FALSE	372.11411182248736	43.816182747548744	8.492618217485067	21434.05776804808	2.1500020769417056e-17	286.2311219557494	457.9971016892253	ZNF524	9.21696542549792e-17	0.15218306469242093
fixed	SOX9FALSE	374.9296249933224	44.206899140065616	8.481246870661327	21434.080635257258	2.370151546365087e-17	288.2808018283282	461.57844815831663	SOX9	1.0116750756346216e-16	0.23683129567813832
fixed	ZFP64FALSE	406.56942942569015	47.96314900998811	8.47670425770051	21434.065820401185	2.4641868707654487e-17	312.5580760394871	500.5807828118932	ZFP64	1.0472794200753157e-16	0.2052671192646333
fixed	ATXN7L3FALSE	368.70745871497286	43.53986574187713	8.46827275262693	21434.050324321655	2.648584079014939e-17	283.3660708098091	454.0488466201366	ATXN7L3	1.1208171252827167e-16	0.21156795599125977
fixed	ZNF3FALSE	367.69374216868846	43.425922131865775	8.467148747058527	21434.077612613128	2.674172429289832e-17	282.575692253251	452.8117920841259	ZNF3	1.12680940823922e-16	0.17451994114598784
fixed	CHD8FALSE	371.0586307503044	43.858642555258115	8.460330943503381	21434.094948279337	2.834692884773211e-17	285.092416498474	457.02484500213484	CHD8	1.1893647593133558e-16	0.1814367855893939
fixed	SP7FALSE	375.46300332729845	44.44749842886835	8.44733711905455	21434.056263469403	3.167390141023835e-17	288.3425875855361	462.5834190690608	SP7	1.3177412147888192e-16	0.1573872520708252
fixed	RUVBL2FALSE	384.72866813119975	45.54258744180616	8.44766820995408	21434.07729645609	3.158452662508828e-17	295.461796160541	473.9955401018585	RUVBL2	1.3177412147888192e-16	0.20242524572258364
fixed	ATRXFALSE	382.04403068380003	45.24060298119749	8.444715709085086	21434.058709361605	3.239037421636345e-17	293.369070800239	470.71899056736106	ATRX	1.3418869318207717e-16	0.21917682712886916
fixed	MRTFBFALSE	377.0044209817593	44.651619018897456	8.443241908478246	21434.058035004804	3.2800184667196435e-17	289.4839136426016	464.52492832091707	MRTFB	1.3531791666048405e-16	0.19640217886298916
fixed	PMLFALSE	380.57827824134847	45.15007800957847	8.429183182377	21434.08768740337	3.6975705101077514e-17	292.0807540682661	469.0758024144308	PML	1.5190852179026012e-16	0.2731930212687208
fixed	BACH1FALSE	363.21721110662526	43.22004359278278	8.403906634820657	21434.05174977984	4.584268068213457e-17	278.5026984946052	447.9317237186453	BACH1	1.875555317534634e-16	0.1821476164146705
fixed	BAP1FALSE	367.0562150831166	43.70151313385189	8.399164897537359	21434.115379182665	4.772570115800815e-17	281.39798623441584	452.7144439318174	BAP1	1.9445265017271091e-16	0.2145090204420623
fixed	PCGF1FALSE	361.2870719022633	43.03731474870796	8.394740099650608	21434.055625915367	4.955159562560099e-17	276.93072146955615	445.6434223349704	PCGF1	2.01061206941739e-16	0.1630642703084415
fixed	SKILFALSE	361.6013418563961	43.10326709397988	8.389186394339468	21434.04229625368	5.1941100693965115e-17	277.11571989943616	446.0869638133561	SKIL	2.0989313641085904e-16	0.1739149495793447
fixed	TFDP2FALSE	385.29424756759596	45.98011401419456	8.3795844318405	21434.05868621767	5.634337859479587e-17	295.169790841299	475.4187042938929	TFDP2	2.2583159062792167e-16	0.2193186222093655
fixed	RB1FALSE	392.25527227247625	46.80936606498097	8.379845856659236	21434.089080404214	5.62187802143279e-17	300.5054196151168	484.0051249298357	RB1	2.2583159062792167e-16	0.22727005134740513
fixed	KLF9FALSE	417.22256373476466	49.81437862463072	8.375544877889313	21434.05243316361	5.830359075495829e-17	319.5826620722566	514.8624653972727	KLF9	2.327422691675663e-16	0.2256480141393309
fixed	SPDEFFALSE	359.7392195583153	42.97676831545382	8.37055073377768	21434.024973129257	6.082021590932907e-17	275.50154464888544	443.9768944677452	SPDEF	2.418094068008002e-16	0.14887632520117977
fixed	SKIFALSE	376.5097308577708	45.00599341649897	8.365768696036477	21434.05322782484	6.333024577052215e-17	288.29462323765006	464.7248384778916	SKI	2.507775997178106e-16	0.2064874366254843
fixed	MEDFALSE	361.2655798690195	43.2037495745099	8.36190338632472	21434.05571936035	6.543353929391571e-17	276.58300475034775	445.9481549876913	MED	2.5806987897520356e-16	0.18645732774469123
fixed	KLF4FALSE	381.71228708009056	45.68877597579088	8.354618370217414	21434.071024625275	6.958664033482197e-17	292.1588746657018	471.26569949447935	KLF4	2.7335628434316517e-16	0.19560556953292782
fixed	KLF16FALSE	362.4946374185988	43.39999242732812	8.352412457803634	21434.055215607525	7.089473033958087e-17	277.4274116551607	447.5618631820369	KLF16	2.7738969886836006e-16	0.18860384060408403
fixed	ZNF598FALSE	362.99894556110957	43.473699378755676	8.349851766663697	21434.026167446264	7.244364226595599e-17	277.78724866277537	448.21064245944376	ZNF598	2.8232976788234233e-16	0.14483265661935366
fixed	RCOR1FALSE	400.5963915456243	48.00601957237334	8.344711665621217	21434.093164406408	7.565419098981441e-17	306.5010086628532	494.6917744283953	RCOR1	2.9368122959038195e-16	0.23163636350160988
fixed	AFF4FALSE	399.7806705521449	47.94151004588024	8.338925289786513	21434.091490987026	7.943652845938841e-17	305.8117311576933	493.7496099465965	AFF4	3.071545767096352e-16	0.2328239027033038
fixed	CD74FALSE	435.9470177927236	52.30882899675292	8.334100115676172	21434.040569152286	8.273270066917396e-17	333.417807141119	538.4762284443282	CD74	3.1865016742111537e-16	0.23161093437384422
fixed	ASH2LFALSE	421.1771310920418	50.5525021621355	8.331479414039947	21434.09017023913	8.457908947923852e-17	322.09045219139807	520.2638099926855	ASH2L	3.244940942666505e-16	0.18349314510219317
fixed	PTBP1FALSE	363.5651336342312	43.64206791334822	8.33061197640986	21434.078427149045	8.519914650676488e-17	278.02342184804763	449.10684542041474	PTBP1	3.2458459581383333e-16	0.15271842434088256
fixed	FOXL2FALSE	361.29670954093365	43.37021725841987	8.330525701270073	21434.06227216599	8.526106522898868e-17	276.287845333399	446.3055737484683	FOXL2	3.2458459581383333e-16	0.20941518658014685
fixed	FOXO3FALSE	378.18394895284763	45.41581472458769	8.327142235501997	21434.02863078885	8.772451467945454e-17	289.16556096241845	467.2023369432768	FOXO3	3.3267835182285453e-16	0.21243206848863871
fixed	NCOA1FALSE	367.95163918686546	44.29745984849295	8.30638236245015	21434.083249504158	1.0445135654797958e-16	281.12531027194484	454.7779681017861	NCOA1	3.945940136257006e-16	0.15649345822993363
fixed	ZNF391FALSE	361.07142453960114	43.6007938940756	8.281303900493034	21434.06368147367	1.2889329881427016e-16	275.61061290972975	446.5322361694725	ZNF391	4.850717275987419e-16	0.17091912069867846
fixed	HMGN3FALSE	358.5674735936965	43.31555061627969	8.278031064874256	21434.050479078298	1.3247312705013705e-16	273.66576008398465	443.46918710340833	HMGN3	4.966483014123008e-16	0.20421429775390781
fixed	TFAP4FALSE	359.48057207036493	43.49371303567262	8.265115736969308	21434.107401813337	1.475819541486636e-16	274.2296469283299	444.7314972124	TFAP4	5.511962378431148e-16	0.1841430706156521
fixed	L3MBTL2FALSE	376.7545772664852	45.60308331312228	8.261603161338744	21434.065354313378	1.51977024788001e-16	287.3691288681144	466.14002566485607	L3MBTL2	5.654692318527131e-16	0.21441534526123468
fixed	GABPAFALSE	401.599134740899	48.62073299763304	8.25983299676806	21434.047632952505	1.5424057666101733e-16	306.2988676336691	496.8994018481289	GABPA	5.717338668712898e-16	0.21769574528824492
fixed	PBX3FALSE	360.8751376307191	43.72834695651147	8.252659035787817	21434.090318333874	1.6375936024976112e-16	275.16431248031734	446.5859627811209	PBX3	6.047443041433126e-16	0.25307440381140006
fixed	CHD2FALSE	415.8717930984568	50.49719912926791	8.235541777948228	21434.11032977541	1.8887417191324954e-16	316.89351227686694	514.8500739200466	CHD2	6.948878115912837e-16	0.25226093396278537
fixed	MED26FALSE	403.9426797164278	49.09132532132099	8.2283922275977	21434.050087688425	2.004555282857117e-16	307.72001651702055	500.165342915835	MED26	7.344440029263934e-16	0.22392703306220368
fixed	FOXP2FALSE	359.62288634076793	43.70722052422126	8.227997159908062	21434.0723012834	2.0111549775874872e-16	273.9534705710603	445.2923021104756	FOXP2	7.344440029263934e-16	0.2359341834172753
fixed	ZBED1FALSE	379.5339177821245	46.19340067332626	8.21619348759662	21434.061094694353	2.2185336192007562e-16	288.99140327874466	470.0764322855043	ZBED1	8.071860326686146e-16	0.2570761340774479
fixed	ZFYFALSE	371.9897183914185	45.326086859696645	8.20696742568763	21434.059106891513	2.3951798940038595e-16	283.14720372315344	460.8322330596835	ZFY	8.682527115763991e-16	0.19241496298498556
fixed	ZNF12FALSE	355.43129781736593	43.32364249195438	8.204095440113859	21434.064980339677	2.4529463860975413e-16	270.5137236303688	440.34887200436305	ZNF12	8.859359475062915e-16	0.20250527385298547
fixed	ARNTFALSE	420.40748735000176	51.29577704013413	8.1957523914897	21434.061310885547	2.6286604632823295e-16	319.8639341818604	520.9510405181431	ARNT	9.459340207286048e-16	0.22595573085868373
fixed	`PBX1-2-3`FALSE	512.147156919502	62.53209653531879	8.190148504460199	21434.05685699529	2.7535921059290277e-16	389.57957854226424	634.7147352967397	PBX1-2-3	9.872879332530986e-16	0.3614894371398675
fixed	GABPB1FALSE	353.9095168576176	43.21986914879475	8.188583719196357	21434.06137629109	2.789510303502628e-16	269.19534617098816	438.623687544247	GABPB1	9.965424490049243e-16	0.19091661728380513
fixed	ZBTB11FALSE	352.73589859000896	43.13509185224708	8.177469513644574	21434.048625412437	3.0582621613951064e-16	268.18789773195084	437.2838994480671	ZBTB11	1.0886088415651895e-15	0.17382353901188452
fixed	FOXK2FALSE	358.58761410586266	43.866785693745605	8.174467502801077	21434.10342900183	3.1351296376873017e-16	272.60543869648484	444.5697895152405	FOXK2	1.1119560513524028e-15	0.20504747395154554
fixed	RBBP4FALSE	353.31998385778644	43.29847599949253	8.160102075230718	21434.08258858897	3.530139524676931e-16	268.451737879091	438.18822983648187	RBBP4	1.2475690219826e-15	0.1921148896611065
fixed	YY2FALSE	373.54432171524684	45.82771358866205	8.1510573507569255	21434.06615025767	3.803602789899701e-16	283.7185812042459	463.3700622262478	YY2	1.3394115538718231e-15	0.19639746320555593
fixed	ZXDCFALSE	430.8747865862615	53.00707125972177	8.128628432894919	21434.037139699372	4.57507684135487e-16	326.97696896164786	534.7726042108751	ZXDC	1.605347247535908e-15	0.21037537563761724
fixed	IKZF1FALSE	347.60108552637837	42.764897459072436	8.128187045439434	21434.0396585399	4.59171156097759e-16	263.7786933187798	431.42347773397694	IKZF1	1.6054707798311716e-15	0.10456277486797086
fixed	MYOD1FALSE	407.2004078443075	50.1669124475487	8.116911884303226	21434.08206049225	5.037447117244605e-16	308.8695135734315	505.5313021151835	MYOD1	1.7550964161141981e-15	0.2055586327565611
fixed	ZFP37FALSE	352.8108713409268	43.478985174122656	8.114514861099124	21434.096739976525	5.137566112542391e-16	267.5888139048369	438.03292877701665	ZFP37	1.7836761221714076e-15	0.21977308486158204
fixed	YAP1FALSE	363.12924697597066	44.84453226538261	8.097514426664796	21434.07672301776	5.906157823063075e-16	275.2306152735187	451.0278786784226	YAP1	2.0433233731719975e-15	0.16228964666203066
fixed	ARID2FALSE	428.1994839761765	52.95528395390821	8.086057745415498	21434.072960163758	6.486930468627452e-16	324.4031733476309	531.995794604722	ARID2	2.2364033014219115e-15	0.22363725709445517
fixed	DLX6FALSE	364.54034063108384	45.106221446288	8.08181951275113	21434.085766798144	6.715744144434497e-16	276.12877859629333	452.95190266587434	DLX6	2.3072208105966604e-15	0.23881831678341278
fixed	ZNF101FALSE	391.88388117761014	48.50266009171376	8.079636878402056	21434.049904181076	6.836664837337007e-16	296.8150457828648	486.9527165723555	ZNF101	2.3406081700049615e-15	0.15462063697698247
fixed	ARNTLFALSE	383.8165345698041	47.507646658215094	8.079047512732016	21434.078691543087	6.869682034878154e-16	290.6979998078185	476.9350693317897	ARNTL	2.343773870723135e-15	0.22458327924912558
fixed	U2AF2FALSE	384.2750907967963	47.6037605438537	8.072368367679546	21434.057076538385	7.255022766779676e-16	290.9681656369916	477.58201595660097	U2AF2	2.46670774070509e-15	0.16254585773085178
fixed	TARDBPFALSE	387.8880813714925	48.061929228058936	8.07058908374074	21434.073873575395	7.361217877776876e-16	293.6831113841188	482.0930513588662	TARDBP	2.4942133427793815e-15	0.20974082003349476
fixed	`SMAD3-HIF1A`FALSE	353.14812995470373	43.83504880034438	8.05629603751985	21434.10392745583	8.271735939917726e-16	267.2281612262388	439.06809868316867	SMAD3-HIF1A	2.7931272728626293e-15	0.25950194192205084
fixed	ZBTB12FALSE	362.29147547283384	45.09116046526931	8.03464518842629	21434.098928368116	9.86622010640803e-16	273.909434088481	450.67351685718666	ZBTB12	3.320168267890211e-15	0.2229637719474522
fixed	KLF1FALSE	378.21678304687197	47.14530541227091	8.022363621138624	21434.09795007419	1.090154814525096e-15	285.8084641870053	470.6251019067386	KLF1	3.656097439189607e-15	0.2195855991166087
fixed	PATZ1FALSE	355.7617863819283	44.37909729748279	8.01642683259597	21434.04186206901	1.1439687308920393e-15	268.77544196178036	442.7481308020762	PATZ1	3.823570063252715e-15	0.1426803119758596
fixed	MEIS2FALSE	367.41361600243994	45.86718152702479	8.010381361365338	21434.071698397038	1.2014557040401716e-15	277.5105153865585	457.3167166183214	MEIS2	4.0021463654851664e-15	0.2283432443456903
fixed	ZNF501FALSE	369.41446098740204	46.153538294116906	8.00403337731726	21434.066654059432	1.2648826836251567e-15	278.9500797250545	459.8788422497496	ZNF501	4.199240155065335e-15	0.19304046161730157
fixed	ZNF324FALSE	344.6672520085644	43.229661194085764	7.972934380890272	21434.07927361683	1.626521571843907e-15	259.93388818600454	429.40061583112424	ZNF324	5.381712314892927e-15	0.18520164504112582
fixed	MYBL2FALSE	375.90259330927626	47.15954214627858	7.970870288420287	21434.050113261885	1.6538410294068715e-15	283.466369376074	468.3388172424785	MYBL2	5.453803528411958e-15	0.20329794352113573
fixed	SMARCB1FALSE	408.80022624798846	51.291567014286244	7.970125501022913	21434.051365845386	1.6638092347781554e-15	308.26492504223023	509.3355274537467	SMARCB1	5.4683863516375375e-15	0.1566358620110606
fixed	DPF2FALSE	378.92768769696687	47.56190867249016	7.967041236848825	21434.039526183904	1.705722753561556e-15	285.70279532573386	472.1525800681999	DPF2	5.587517059839516e-15	0.18732595819936929
fixed	ZNF550FALSE	344.2616285434139	43.22053536774228	7.965232860126813	21434.05870161973	1.7307793913317118e-15	259.54615201730485	428.97710506952296	ZNF550	5.650822780970424e-15	0.1524934750862973
fixed	MXD4FALSE	352.97454767991667	44.378759447807866	7.953682168494058	21434.038955111355	1.8995984437149643e-15	265.9888654696921	439.96022989014125	MXD4	6.181531569316683e-15	0.1735219312695327
fixed	GTF2BFALSE	361.84282224995127	45.5611227293854	7.941920667740146	21434.108426043495	2.088148385851063e-15	272.5396197389643	451.14602476093825	GTF2B	6.750538716226716e-15	0.26927528953773494
fixed	DIDO1FALSE	372.9784529710848	46.961895169281874	7.942150793246793	21434.065524920574	2.084288373441148e-15	280.9296318745128	465.0272740676568	DIDO1	6.750538716226716e-15	0.15867611081529875
fixed	MORC2FALSE	344.49948837228163	43.42876222002887	7.932519159235955	21434.11833595094	2.2520185705211875e-15	259.3758716811134	429.6231050634499	MORC2	7.256504282790493e-15	0.21381389202374235
fixed	ZMYND8FALSE	346.42439014511905	43.694325926193116	7.928361012601194	21434.081790024644	2.3284756025266346e-15	260.7802487525049	432.0685315377332	ZMYND8	7.478426527984565e-15	0.19630538547532464
fixed	TFAP2CFALSE	365.71271493561346	46.21365414943166	7.913520834190755	21434.063576017954	2.6227714494118087e-15	275.13050210736617	456.29492776386076	TFAP2C	8.396274834805336e-15	0.14488014794272835
fixed	ZNF572FALSE	347.4968799242746	43.91445625810522	7.913040705363115	21434.060586901152	2.6328807661645537e-15	261.42126663956554	433.57249320898364	ZNF572	8.401360632486245e-15	0.12522369165061115
fixed	STAT1FALSE	396.4372126280804	50.13670460742764	7.907125442970361	21434.06338837588	2.760622129185676e-15	298.16552797457257	494.7088972815882	STAT1	8.780559417345409e-15	0.22902208411647673
fixed	SP3FALSE	355.91214703329535	45.03438879376292	7.903119295416922	21434.081596034168	2.8505823278551817e-15	267.6413823600984	444.1829117064923	SP3	9.008571074567977e-15	0.20788358055333409
fixed	HNRNPUL1FALSE	416.62728502719716	52.715015079209586	7.9033892791488904	21434.04567980146	2.8444302405773297e-15	313.301919326093	519.9526507283014	HNRNPUL1	9.008571074567977e-15	0.219330829854968
fixed	ZNF687FALSE	342.40959284741166	43.367292577804186	7.895572273346396	21434.065526024602	3.027965744852565e-15	257.4064612329934	427.4127244618299	ZNF687	9.538575796883798e-15	0.20636267805850358
fixed	NFKB1FALSE	377.4099126958377	47.8365219652697	7.889576775039061	21434.04987019297	3.1765911398126617e-15	283.64675776836816	471.17306762330725	NFKB1	9.974900840303453e-15	0.208867121720892
fixed	SREBF1FALSE	353.7979809464762	44.86539878538142	7.885764765825615	21434.082300392372	3.27480035171905e-15	265.85844930805246	441.7375125848999	SREBF1	1.0250644910460265e-14	0.20937119811553248
fixed	EPAS1FALSE	362.0827030835213	45.92036462937612	7.885013675433453	21434.080868299137	3.2945004573058622e-15	272.07535961811584	452.0900465489268	EPAS1	1.0279675477542976e-14	0.20283285155816938
fixed	MYF5FALSE	404.1998783788991	51.26881160421332	7.883933052695951	21434.057261504808	3.3230487924352776e-15	303.70917947755413	504.69057728024404	MYF5	1.0336044508962726e-14	0.22568578563145514
fixed	GATAD1FALSE	386.46799782039454	49.02232315791154	7.883510468802085	21434.08083653849	3.3342786847809314e-15	290.38058402133385	482.55541161945524	GATAD1	1.0338360953440246e-14	0.21187257318410302
fixed	NR5A1FALSE	456.8964382230061	58.071315514296195	7.867850662183222	21434.02741431771	3.777851303551568e-15	343.0723237172689	570.7205527287433	NR5A1	1.16769949382503e-14	0.1531480086791956
fixed	PLAG1FALSE	340.14369440348906	43.237019114491744	7.866955247372342	21434.026375136116	3.804900309829834e-15	255.39590849571917	424.891480311259	PLAG1	1.1723849079663174e-14	0.14887396951093576
fixed	GTF2F1FALSE	385.98212518716593	49.107926871983516	7.859874154194279	21434.10788454932	4.025632036752273e-15	289.72692172350673	482.23732865082513	GTF2F1	1.2365337035008541e-14	0.23982308209552677
fixed	INSM2FALSE	350.37374105043455	44.67844234810087	7.842120777635564	21434.070152317003	4.63599486549036e-15	262.80065798598054	437.94682411488856	INSM2	1.4195934588116442e-14	0.18628230527664846
fixed	SPI1FALSE	357.7918288574008	45.71222602190521	7.827048909977555	21434.07189355185	5.225004273726322e-15	268.1924526018587	447.3912051129429	SPI1	1.5950013046111932e-14	0.2091807760693602
fixed	PHF20FALSE	361.18431249000304	46.169575545215274	7.822994000373346	21434.078951256717	5.3956658190282176e-15	270.68849702096054	451.68012795904554	PHF20	1.6420143510993282e-14	0.16504988536832507
fixed	RBM22FALSE	336.9090327155627	43.11245385574575	7.81465684701827	21434.045305219664	5.763980860959865e-15	252.40540402025061	421.4126614108748	RBM22	1.7487031165865927e-14	0.16946109149214028
fixed	ZBTB48FALSE	357.0086949953696	45.737192398444265	7.80565391695344	21434.082696631012	6.189519475778616e-15	267.36038278016656	446.6570072105726	ZBTB48	1.872044847582121e-14	0.12451320377948616
fixed	ZBTB2FALSE	337.13545221148513	43.20197198182706	7.80370517237735	21434.03467231519	6.285624286522143e-15	252.45636130250597	421.8145431204643	ZBTB2	1.89529833226631e-14	0.16465027511072483
fixed	JUNDFALSE	399.65808948908574	51.27748847842243	7.794026215953652	21434.073847488413	6.7851481493559114e-15	299.15038327079526	500.1657957073762	JUND	2.0396817302636975e-14	0.23906532197851937
fixed	ZNF76FALSE	339.8163325161925	43.609105697106024	7.792325182645131	21434.124610937204	6.876886567628085e-15	254.33922914547492	425.2934358869101	ZNF76	2.0603097861025768e-14	0.19668460777273317
fixed	LIN9FALSE	423.36305329171876	54.33316844426059	7.7919816829022075	21434.088262691632	6.895560136043107e-15	316.86598618213947	529.860120401298	LIN9	2.0603097861025768e-14	0.32388577729441625
fixed	RBPJFALSE	386.00165426174027	49.54686002177419	7.790638076602745	21434.09345265699	6.969080708310999e-15	288.8861090465035	483.117199476977	RBPJ	2.0759859753458142e-14	0.23823010050615134
fixed	MYBFALSE	376.31168648198326	48.30811126068896	7.789824041169031	21434.069539824024	7.013998950172719e-15	281.6241813275908	470.9991916363757	MYB	2.0830731821898497e-14	0.23762208728614037
fixed	KLF13FALSE	338.59997467512096	43.49988782180715	7.7839275370585135	21434.068452637413	7.34798254149475e-15	253.3369464824532	423.86300286778874	KLF13	2.175708944718866e-14	0.16972600776124958
fixed	NR4A1FALSE	345.47052452233834	44.479456529318014	7.766968202379592	21434.051913759344	8.398301955277538e-15	258.287468516437	432.6535805282397	NR4A1	2.4792591999711537e-14	0.16569235365309787
fixed	ATF4FALSE	418.3238231500305	53.983122837070546	7.7491593884369525	21434.04335482429	9.660284276210843e-15	312.51287155529286	524.1347747447682	ATF4	2.843295610848923e-14	0.19005485604007358
fixed	NR2C1FALSE	365.1739981949621	47.267117163974326	7.725751433668722	21434.049939169727	1.1606437758128069e-14	272.52691919458164	457.8210771953426	NR2C1	3.405936794498296e-14	0.14447732159727186
fixed	RELBFALSE	331.8829537997568	43.01057409630851	7.716310715979062	21434.052369258756	1.2496282629151833e-14	247.57901704170962	416.186890557804	RELB	3.656182395354216e-14	0.1562153893146262
fixed	BRD9FALSE	370.3275474540696	48.10131633514352	7.698906717517477	21434.065092100573	1.4316104769650744e-14	276.0453757936622	464.609719114477	BRD9	4.17623648014072e-14	0.2360552406537647
fixed	ZNF777FALSE	338.07754921482956	43.949494417622695	7.692410429169091	21434.046621088975	1.5060208655370186e-14	251.93325851805588	424.22183991160324	ZNF777	4.37318813341128e-14	0.19968016537883188
fixed	ZNF561FALSE	336.2925660096145	43.71840504885878	7.692242332120327	21434.064530414365	1.5079959080728552e-14	250.60122773473392	421.9839042844951	ZNF561	4.37318813341128e-14	0.1749452202284404
fixed	NFE2FALSE	354.4589443356992	46.093316552326556	7.690029072507865	21434.086114221936	1.534239969998946e-14	264.11260218854756	444.8052864828508	NFE2	4.436248124395779e-14	0.24844310307409762
fixed	HNRNPLLFALSE	383.81942082876685	49.926371392506894	7.687709122925999	21434.071795828844	1.5622316421252228e-14	285.96000498389685	481.67883667363685	HNRNPLL	4.503977775249911e-14	0.19349297838619842
fixed	GATA6FALSE	350.4995321363697	45.64372725715677	7.679029588483325	21434.038331623702	1.6714833657979197e-14	261.03441856650744	439.9646457062319	GATA6	4.8049055355007256e-14	0.18873681664063882
fixed	ZNF610FALSE	337.4473364316187	43.97226871321843	7.674094294119948	21434.06556710485	1.7369220549340108e-14	251.25840641925953	423.63626644397783	ZNF610	4.97850333187481e-14	0.17292163454609144
fixed	SP2FALSE	382.0115739159025	49.78317462611638	7.673507701847087	21434.094239910795	1.7448654530480655e-14	284.4328344311822	479.5903134006228	SP2	4.986774889001138e-14	0.2639950230904329
fixed	HDAC3FALSE	333.3184252168396	43.44741757566458	7.671766098326987	21434.10385861194	1.7686609956503415e-14	248.1582426324185	418.47860780126075	HDAC3	5.040172663905308e-14	0.18282289722998052
fixed	IRF3FALSE	422.04569416027266	55.05918024049096	7.6653101683830895	21434.089641182167	1.8596866113401267e-14	314.12558972049396	529.9657986000514	IRF3	5.284296826459265e-14	0.28890847474705345
fixed	ZNF2FALSE	330.7215201449959	43.29065273268075	7.63955956467548	21434.069563855628	2.2708986073320864e-14	245.8686083504891	415.5744319395027	ZNF2	6.434212720774245e-14	0.1482799813481524
fixed	ERFFALSE	364.9132591616828	47.78419363207002	7.636693881902693	21434.03295564461	2.321856314291914e-14	271.25267167038237	458.5738466529832	ERF	6.55974305413131e-14	0.15402272691868532
fixed	ZNF629FALSE	346.73801728823133	45.42608192766695	7.633016156672959	21434.09152920159	2.3889041959094172e-14	257.6995048278856	435.77652974857705	ZNF629	6.729884391904815e-14	0.20013255671104943
fixed	SS18FALSE	330.57372281156637	43.409123984127795	7.615305089603698	21434.044357396495	2.7394155683127108e-14	245.48859851252848	415.65884711060426	SS18	7.695338320103512e-14	0.14953103245532212
fixed	ZBTB33FALSE	331.9252239153036	43.654674401938244	7.603429150775347	21434.080469294324	3.002292549522686e-14	246.35880247063977	417.49164535996744	ZBTB33	8.409830834742525e-14	0.2189782932270392
fixed	INTS11FALSE	357.5055397823868	47.02213490504674	7.60292020990346	21434.10503014221	3.014095883749583e-14	265.33864431531026	449.6724352494633	INTS11	8.418976037895435e-14	0.2539328900456952
fixed	NELFAFALSE	361.1452224015783	47.53396522485396	7.597624576305013	21434.131854249743	3.139653913274173e-14	267.9751012968698	454.31534350628675	NELFA	8.744911747142187e-14	0.27681651940302043
fixed	PRDM15FALSE	364.42796236863916	47.980626071033114	7.595314863735214	21434.028256794398	3.1960153439154885e-14	270.38235262849787	458.47357210878044	PRDM15	8.876820081973723e-14	0.18127018108948934
fixed	KLF8FALSE	338.4942242995924	44.63786618112214	7.583118398315048	21434.07337140478	3.51053898615389e-14	251.00067355291117	425.98777504627367	KLF8	9.695774342710744e-14	0.1895323927078496
fixed	ZNF189FALSE	327.61239490032983	43.201019344346165	7.583441313942176	21434.07935279675	3.501832007735587e-14	242.9351712419134	412.28961855874627	ZNF189	9.695774342710744e-14	0.16114630751032358
fixed	KDM5BFALSE	422.6733420842065	55.74655435936496	7.582053221791652	21434.07519511392	3.539411098729978e-14	313.40593304230606	531.940751126107	KDM5B	9.748210456278655e-14	0.20952468643477012
fixed	UBTFFALSE	325.1759644440072	43.019746248119866	7.55876063444281	21434.02661552306	4.232505493121663e-14	240.85404957781864	409.4978793101958	UBTF	1.1624652969966461e-13	0.15345493016334427
fixed	CEBPBFALSE	334.0795103584396	44.207047972056614	7.557154926282617	21434.085065290015	4.2849233855457194e-14	247.43039547264135	420.7286252442379	CEBPB	1.1735929050411333e-13	0.20752071411882328
fixed	ZNF18FALSE	333.22137840891924	44.13519237834164	7.550015315497756	21434.08685306889	4.525831354460242e-14	246.7131058525374	419.72965096530106	ZNF18	1.236141195428753e-13	0.1973159829004807
fixed	HOXA3FALSE	347.2847663430706	46.011838599761454	7.547726344168979	21434.054884136036	4.605850206588386e-14	257.09812705933723	437.47140562680397	HOXA3	1.2545216308552896e-13	0.1762001327049656
fixed	PCBP1FALSE	341.99238574903484	45.33508429595888	7.543658318057207	21434.106865482434	4.751508588991666e-14	253.1322354450535	430.85253605301614	PCBP1	1.290630156679279e-13	0.2009265825597658
fixed	TP53FALSE	372.0042944887753	49.33658844581668	7.5401300780520035	21434.06683205897	4.881501416522339e-14	275.3008972562231	468.70769172132754	TP53	1.3210251915675173e-13	0.186671540100154
fixed	NFIBFALSE	360.26097600010075	47.780621980725265	7.539897160514785	21434.07533133796	4.890204816654603e-14	266.607389222582	453.9145627776195	NFIB	1.3210251915675173e-13	0.1944822329602158
fixed	CEBPAFALSE	345.31625142451367	45.89512066206703	7.5240297104158715	21434.092769780436	5.5204776816467016e-14	255.35838802277686	435.27411482625047	CEBPA	1.4872106541266798e-13	0.24081830700129264
fixed	TBL1XFALSE	326.1902834068484	43.38001669967421	7.519367400550082	21434.10027556341	5.720399084093477e-14	241.16221157126108	411.2183552424357	TBL1X	1.5368701626474574e-13	0.20435642514698366
fixed	NCOA3FALSE	417.7714988893496	55.65100333357129	7.5069895215587295	21434.03488584297	6.286352511239199e-14	308.69137698104777	526.8516207976513	NCOA3	1.6843324935005028e-13	0.13650443727121037
fixed	ATF3FALSE	369.58647770839946	49.25509874925918	7.5035171402221215	21434.088125155875	6.454774104673854e-14	273.0428063712125	466.1301490455864	ATF3	1.7247716171296533e-13	0.24635369618424052
fixed	RBBP5FALSE	374.21470457603954	49.92640544681149	7.495326395462312	21434.04948483629	6.869825758838701e-14	276.3552219764373	472.0741871756418	RBBP5	1.8307157292472862e-13	0.19631417524182448
fixed	PDX1FALSE	323.8548507632541	43.235668911466746	7.490455425274176	21434.096854937692	7.128978887924169e-14	239.10971136996739	408.5999901565408	PDX1	1.8946558446073396e-13	0.18379466169411773
fixed	STAG1FALSE	356.9629380683094	47.73194377908729	7.478491546885316	21434.063639907024	7.806992189513559e-14	263.40476419783516	450.5211119387837	STAG1	2.0692726609839701e-13	0.19822358978974308
fixed	MXI1FALSE	376.73521181488246	50.43312880269165	7.469994837892664	21434.10489098213	8.326618669127295e-14	277.882513615973	475.58791001379194	MXI1	2.201084720578958e-13	0.24375227610145717
fixed	ZIC2FALSE	389.40392305643616	52.23904170256408	7.454270031858621	21434.039174924226	9.379498181315532e-14	287.011500711973	491.7963454008993	ZIC2	2.472776793255913e-13	0.1621750070422728
fixed	ELF3FALSE	319.4455106606836	42.857603252080125	7.453648510901718	21434.03306776765	9.423697155812678e-14	235.4414081751351	403.44961314623214	ELF3	2.47780410550168e-13	0.12123824999836844
fixed	EHFFALSE	324.06255776635123	43.57207254958383	7.437391402430465	21434.06501387762	1.0655361337072979e-13	238.6580421165577	409.4670734161448	EHF	2.794198478285627e-13	0.14709335891536915
fixed	ZNF35FALSE	322.0151088369086	43.408721324789894	7.418212262636078	21434.076428759934	1.2312876864363413e-13	236.93077378742845	407.09944388638877	ZNF35	3.220290872218124e-13	0.19196616375299927
fixed	TEAD4FALSE	351.2448659742472	47.578957593951564	7.38235732215577	21434.058865866093	1.611863883424267e-13	257.9865564486855	444.5031754998089	TEAD4	4.204491505440019e-13	0.20494895968891047
fixed	TCF3FALSE	364.0148284518774	49.458135736672986	7.360059634879486	21434.04410531258	1.9045610628268603e-13	267.0731894477137	460.95646745604114	TCF3	4.954873899597056e-13	0.20702081341073303
fixed	EBF3FALSE	366.34512411519654	49.90093535825191	7.341448040705225	21434.043341947137	2.1883685473326944e-13	268.53556478939834	464.15468344099475	EBF3	5.678240493868517e-13	0.16111535293086976
fixed	RFX1FALSE	335.377858461683	45.68975523423398	7.340329505866872	21434.093386677094	2.2066895992720623e-13	245.82252663290257	424.9331902904634	RFX1	5.710750511501978e-13	0.18098321316009103
fixed	TRIM24FALSE	363.0636184508966	49.497092828444494	7.33504934742864	21434.05508142772	2.295231873900137e-13	266.0456206408023	460.0816162609909	TRIM24	5.924341957239621e-13	0.21540855576368168
fixed	KMT2BFALSE	351.3500987759753	47.954399462093086	7.326754223117943	21434.071036823258	2.4414266160397774e-13	257.35589515825217	445.34430239369846	KMT2B	6.285239277846529e-13	0.24129491652429938
fixed	ZNF891FALSE	335.2431337210517	45.771253572388154	7.324316193150751	21434.049616301123	2.486108039368804e-13	245.52805905381257	424.95820838829087	ZNF891	6.383600330254273e-13	0.18603895777552776
fixed	HNF4AFALSE	351.0559385282453	47.93370804810962	7.323780129338231	21434.041564375395	2.496039624332984e-13	257.1022916196262	445.00958543686437	HNF4A	6.392454726213824e-13	0.22127690294673194
fixed	CREB1FALSE	396.9223013126743	54.23296944726775	7.318837698876383	21434.057302539655	2.5894626223940886e-13	290.62163171020677	503.2229709151418	CREB1	6.614534056167283e-13	0.24294555076274305
fixed	L3MBTL4FALSE	391.33758238239096	53.47678952548861	7.317895966732781	21434.063116357225	2.607649072139512e-13	286.5190818909159	496.156082873866	L3MBTL4	6.643777739352865e-13	0.2142019909103554
fixed	HMGXB4FALSE	330.1604736024766	45.127948962130496	7.316097478295182	21434.040581487556	2.642730379805623e-13	241.70632400375	418.6146232012032	HMGXB4	6.698540242900628e-13	0.18575158777276712
fixed	JUNFALSE	423.0731496830594	57.826132441791486	7.316296833597339	21434.05747012292	2.6388189625213786e-13	309.7296123158579	536.416687050261	JUN	6.698540242900628e-13	0.19710221262948832
fixed	SOX2FALSE	319.09712125708216	43.68141112935113	7.305101025975536	21434.10922890937	2.8675328020649554e-13	233.47829383679277	404.71594867737156	SOX2	7.24971113547704e-13	0.2227872460188402
fixed	ZNF750FALSE	335.8645066247621	46.293009666830635	7.2551883975997375	21434.04565717064	4.147595926276081e-13	245.1267510527868	426.6022621967374	ZNF750	1.0459154944522292e-12	0.12353842780865296
fixed	ZNF274FALSE	321.18695497843436	44.27353240091766	7.254604219738678	21434.03909239201	4.165491062647218e-13	234.4075256372849	407.9663843195838	ZNF274	1.0477485172883054e-12	0.14897649089136122
fixed	RYBPFALSE	310.0190431305539	43.018101054290995	7.206711489642333	21434.029690953037	5.921932960528186e-13	225.70035296779727	394.3377332933105	RYBP	1.4857572262292091e-12	0.1477426846363447
fixed	ZBTB8AFALSE	311.57041274571986	43.254938161959124	7.203117747599343	21434.05915667524	6.07980673272584e-13	226.78750417424817	396.35332131719156	ZBTB8A	1.5214947813369743e-12	0.1522354241015405
fixed	FOXA2FALSE	338.0458152674405	46.95807681944016	7.198885434922518	21434.074953740743	6.271037402964474e-13	246.00447842395448	430.0871521109265	FOXA2	1.5653779441323977e-12	0.18937712519589417
fixed	RUVBL1FALSE	390.4089032132834	54.274801882318066	7.193188914070875	21434.042284900446	6.53777673360817e-13	284.0262389103495	496.7915675162173	RUVBL1	1.62784036851961e-12	0.22396457036220752
fixed	RUNX1T1FALSE	347.86893293403364	48.504031254964154	7.171959194596448	21434.085308712794	7.633594243736779e-13	252.79740996580324	442.94045590226403	RUNX1T1	1.895900232827321e-12	0.22842540362118036
fixed	ELF1FALSE	394.0609991816495	55.02494539818448	7.161497323260431	21434.068980359796	8.238030436253776e-13	286.20799758317366	501.9140007801253	ELF1	2.040878897021664e-12	0.21666186471890853
fixed	ZFP69BFALSE	309.0209941063846	43.18024287970433	7.156536728320055	21434.063334307826	8.540812205566701e-13	224.3844938664359	393.6574943463333	ZFP69B	2.1105866753605937e-12	0.16585501334920094
fixed	ETV1FALSE	307.8970761836324	43.04659742523993	7.15264607657701	21434.022964005453	8.785906922289108e-13	223.5225310045397	392.2716213627251	ETV1	2.165726056344265e-12	0.1484380807349338
fixed	ZNF692FALSE	317.006279389155	44.34183906811891	7.1491459545050215	21434.062031752594	9.012289396872518e-13	230.0929638851921	403.9195948931179	ZNF692	2.215989362921771e-12	0.18120259373011466
fixed	ARID4AFALSE	306.95860531033566	43.10636408411568	7.120957933528131	21434.039371983967	1.1056683126703012e-12	222.46691302081123	391.45029759986005	ARID4A	2.711912826599296e-12	0.14494485828915862
fixed	MYCNFALSE	394.9150056258719	55.55164483068505	7.108970523366624	21434.048040596277	1.2058190303240768e-12	286.029633805947	503.8003774457968	MYCN	2.9502172801477416e-12	0.21995223997737046
fixed	ZNF883FALSE	312.7249915375737	44.020553949152834	7.104067611207151	21434.043751571087	1.2492996533769214e-12	226.4414188524474	399.0085642227	ZNF883	3.049033312449615e-12	0.15089364540571498
fixed	ZNF503FALSE	327.14442707624744	46.10851092409704	7.095098508272939	21434.067926368632	1.3328575597023383e-12	236.76830282155862	417.52055133093626	ZNF503	3.2449322317691494e-12	0.20411066765548508
fixed	GLIS1FALSE	313.90349731481183	44.31331812107887	7.083728112102145	21434.061558353365	1.4467040433837367e-12	227.04608499655012	400.76090963307354	GLIS1	3.5134241053605033e-12	0.15315552570561222
fixed	SOX13FALSE	440.72337352282267	62.38438666995104	7.0646422454147135	21434.04021199508	1.6596117121493815e-12	318.44531750559406	563.0014295400513	SOX13	4.02058267365919e-12	0.24876300870362533
fixed	SAP30FALSE	309.3027262742706	43.78582773522209	7.0639917588097125	21434.05785136412	1.6673853010400955e-12	223.47923449827005	395.1262180502711	SAP30	4.029514477513564e-12	0.16461607377230253
fixed	KDM1AFALSE	361.4731144041778	51.18383801686215	7.062251062241426	21434.057483880988	1.6883636017100573e-12	261.1489700789367	461.7972587294189	KDM1A	4.070235968914711e-12	0.19185856431572507
fixed	ZNF143FALSE	373.8774544208334	52.95190840357674	7.06069839015621	21434.09966679166	1.7072941494754125e-12	270.087760130287	477.66714871137975	ZNF143	4.1058342228847725e-12	0.22460589824644087
fixed	ZNF24FALSE	309.0509760559573	43.85774284550031	7.046668524293769	21434.04543024578	1.888068513446898e-12	223.08652529121645	395.0154268206981	ZNF24	4.518532898686023e-12	0.16614302389170899
fixed	GRHL2FALSE	305.7084400856124	43.38264972545096	7.046790410920078	21434.05399811557	1.886419910574232e-12	220.6752073125317	390.74167285869305	GRHL2	4.518532898686023e-12	0.1659105220013285
fixed	INO80FALSE	315.68115222938445	44.82657396897237	7.042277030760585	21434.043353516037	1.94841788823801e-12	227.8177201210861	403.5445843376828	INO80	4.651670793711085e-12	0.14516692613095067
fixed	SREBF2FALSE	342.2611724103606	48.60700131493603	7.041396571509753	21434.03885850583	1.9607432210996663e-12	246.98782042433697	437.5345243963842	SREBF2	4.669789410638336e-12	0.15740155985125012
fixed	`PAX3-FOXO1`FALSE	325.3691057556142	46.21689347428838	7.040047075786805	21434.053677679625	1.9797830195321423e-12	234.7805436064104	415.95766790481804	PAX3-FOXO1	4.703773631948656e-12	0.15763581201554744
fixed	LDB1FALSE	310.04033299229275	44.128775911572596	7.025808592868444	21434.069906506713	2.192056538908881e-12	223.54463718602227	396.5360287985632	LDB1	5.195595546548453e-12	0.22061199467325243
fixed	CREB5FALSE	403.5227924927489	57.47560805877523	7.020765958319254	21434.052856659026	2.272463642910675e-12	290.86630908796354	516.1792758975344	CREB5	5.373259357098143e-12	0.14216467509914296
fixed	ZBTB26FALSE	313.45216202322706	44.69139638131447	7.013702578205451	21434.090860842607	2.38997593212245e-12	225.85368809119853	401.0506359552556	ZBTB26	5.63759872983908e-12	0.20780952222350024
fixed	NFRKBFALSE	327.87965708939345	46.75925599057583	7.012080285355192	21434.042696252774	2.4177963092860135e-12	236.22802390829537	419.5312902704915	NFRKB	5.689611362663506e-12	0.1661117151551501
fixed	ZNF75AFALSE	388.67874847960985	55.435700232826406	7.011343716182602	21434.05934721227	2.430532071368789e-12	280.02063673212103	497.33686022709867	ZNF75A	5.705963386594348e-12	0.1889862178113708
fixed	ZNF263FALSE	323.2279449625709	46.12447583046638	7.007731559933971	21434.07250005782	2.493947616433596e-12	232.82052830041545	413.6353616247264	ZNF263	5.840931947276783e-12	0.17137099277679763
fixed	ZNF800FALSE	303.0689649997404	43.25816650255917	7.00605202446134	21434.036420447927	2.5239839237221285e-12	218.27972863455864	387.85820136492214	ZNF800	5.897270494763077e-12	0.15130919206317342
fixed	BHLHE40FALSE	338.5880915987509	48.43666981711245	6.990325571043476	21434.070211720868	2.82300757728708e-12	243.64860207469056	433.5275811228113	BHLHE40	6.580343903558064e-12	0.2300037273199388
fixed	SUPT5HFALSE	380.3366911076994	54.412821395737424	6.9898358760256105	21434.07744958305	2.832855832922067e-12	273.683498262646	486.98988395275273	SUPT5H	6.587726064295184e-12	0.23254020332898487
fixed	CCNT2FALSE	304.2537585425001	43.53049224708062	6.989439880797693	21434.039125363324	2.840844494595479e-12	218.93074338452365	389.57677370047656	CCNT2	6.590759227461511e-12	0.2109059516824141
fixed	PALB2FALSE	707.934153061731	101.6308450174109	6.965741089139336	21434.017088953628	3.361370584684307e-12	508.73010819997046	907.1381979234915	PALB2	7.780073700701236e-12	0.2202650533551178
fixed	GATA2FALSE	344.72488362444864	49.51721207294285	6.961718343848621	21434.06260353631	3.4585641010743668e-12	247.66745059479024	441.78231665410703	GATA2	7.986286191239638e-12	0.19934039116529553
fixed	BRD3FALSE	346.93193803619596	49.965272707125	6.943461313015585	21434.072905708395	3.935440010515945e-12	248.99627271026716	444.8676033621248	BRD3	9.066223949459628e-12	0.20972283943217368
fixed	XRN2FALSE	320.03767716795653	46.251016939264346	6.919581413490255	21434.035242992475	4.657522169586472e-12	229.38223047505352	410.69312386085954	XRN2	1.0704701303525086e-11	0.2103273380291137
fixed	E2F6FALSE	347.5657664469484	50.389001137005316	6.897651443852468	21434.07819921551	5.434127731092145e-12	248.79956176076715	446.3319711331296	E2F6	1.2460581262457801e-11	0.24020232002041225
fixed	SUZ12FALSE	329.90479537797063	47.96838364463942	6.87754663200619	21434.081958563842	6.256793653505494e-12	235.88318172098747	423.9264090349538	SUZ12	1.4313685713123938e-11	0.20447488342472658
fixed	NR2F2FALSE	311.8520496052171	45.40152485048939	6.868757175715335	21434.01746154062	6.653700695152203e-12	222.86167083240514	400.842428378029	NR2F2	1.5186455753287205e-11	0.1589676873251117
fixed	MRTFAFALSE	343.1927539537657	50.03481600514353	6.8590789645051515	21434.042958628994	7.119307789870524e-12	245.1207785633055	441.2647293442259	MRTFA	1.6211633904878376e-11	0.1877469854858529
fixed	PARP1FALSE	316.1457179317169	46.10336141831197	6.8573246766806415	21434.045260564613	7.207057655140438e-12	225.77968708747514	406.5117487759586	PARP1	1.6373637898544864e-11	0.10714767189359659
fixed	E2F1FALSE	370.771956958171	54.39168957065283	6.816702328699529	21434.06342248625	9.562889442087445e-12	264.16018406421955	477.3837298521225	E2F1	2.1675882735398207e-11	0.23402684081162617
fixed	STAT5AFALSE	394.12081017572285	57.83131919674316	6.815006395322178	21434.024485151203	9.676137272355338e-12	280.76710637167855	507.47451397976715	STAT5A	2.1882273739776066e-11	0.15603767798475116
fixed	NR3C1FALSE	367.60208123236947	53.994997417627985	6.808076651789167	21434.058285332052	1.0152687213105054e-11	261.76785457724645	473.4363078874925	NR3C1	2.2907436137577993e-11	0.20958436931179902
fixed	RBP2FALSE	435.7653405746614	64.25953002073818	6.78133407502403	21434.035398090295	1.2217003100534951e-11	309.81186357428504	561.7188175750377	RBP2	2.7502203326775026e-11	0.19839479691534384
fixed	SNAI2FALSE	298.4923656425008	44.22299843449409	6.749708889247901	21434.08643620276	1.5192670903693906e-11	211.81198665964587	385.1727446253557	SNAI2	3.412294649440135e-11	0.15833175410520972
fixed	GATAD2BFALSE	291.4765110115266	43.2755110349754	6.735368434492996	21434.0405513791	1.6765736485302505e-11	206.65327806864292	376.2997439544103	GATAD2B	3.757049130570061e-11	0.13206548464435083
fixed	SRSF3FALSE	295.5823986145398	44.020224880649366	6.714695334154765	21434.01790681124	1.9317598061928945e-11	209.299470922376	381.86532630670354	SRSF3	4.319082015660304e-11	0.07468189239116392
fixed	NRF1FALSE	327.05521647422626	48.943958905122926	6.682238703007608	21434.08546296916	2.410964579628931e-11	231.12140246311975	422.98903048533276	NRF1	5.368128649695372e-11	0.2491796150829966
fixed	ZNF224FALSE	411.10585642747355	61.52266908095285	6.682184998939685	21434.030574112505	2.411846847682606e-11	290.51683122471763	531.6948816302295	ZNF224	5.368128649695372e-11	0.20567157003819525
fixed	EHMT2FALSE	288.8445151937952	43.32002749762324	6.667690024195915	21434.035276509017	2.6618573565543728e-11	203.93402665896747	373.7550037286229	EHMT2	5.91124178730318e-11	0.2020768977035368
fixed	BCLAF1FALSE	402.7055313235318	60.633197373511734	6.641667415999705	21434.018683894017	3.1758717087405026e-11	283.85993707913633	521.5511255679272	BCLAF1	7.036875291726147e-11	0.17220428126542975
fixed	RELFALSE	436.3392955971442	65.72696113028798	6.6386652918914955	21434.0003102921	3.241086240196432e-11	307.5095440393289	565.1690471549596	REL	7.165271374066552e-11	0.2725745006794592
fixed	NFATC2FALSE	357.3418731394442	53.83745983472152	6.63742075195351	21434.056772602406	3.268503567113637e-11	251.8164319094663	462.8673143694221	NFATC2	7.209719277794286e-11	0.171554974028636
fixed	ESR1FALSE	343.13250193980815	52.0022272167712	6.59841934287662	21434.077305193645	4.252694329226541e-11	241.20425368030573	445.0607501993106	ESR1	9.359724572806629e-11	0.12286793559358972
fixed	ARFALSE	356.6318196314632	54.200960979605554	6.579806209813414	21434.028398921335	4.8194064895345514e-11	250.39388900754244	462.86975025538396	AR	1.0583373716438904e-10	0.1673345583565743
fixed	ZNF579FALSE	336.73032445636863	51.27089732442349	6.567669809359144	21434.02210098365	5.228044533930289e-11	236.2355373783649	437.22511153437233	ZNF579	1.1455226467678366e-10	0.11097644233373846
fixed	KLF5FALSE	317.64464528735954	48.51561063796806	6.5472667685805135	21434.096194987538	5.992667172619337e-11	222.55042586655736	412.7388647081617	KLF5	1.3101485215526974e-10	0.2373166636792926
fixed	CEBPZFALSE	426.1242327501367	65.12882849452004	6.542789769141801	21434.05658948367	6.174538836784169e-11	298.4668658391027	553.7815996611706	CEBPZ	1.3469237374046882e-10	0.252314643794088
fixed	ETS1FALSE	354.7358312936971	54.33068411612456	6.529198685138895	21434.04842832689	6.760362198340176e-11	248.2436336415882	461.22802894580605	ETS1	1.47146073456146e-10	0.1898684093101214
fixed	FOXJ3FALSE	372.52658337621386	57.14786995947531	6.518643365717391	21434.063036467393	7.252515842095074e-11	260.5124911207281	484.5406756316996	FOXJ3	1.5751058635034676e-10	0.18915202553010646
fixed	SETDB1FALSE	288.3703952019583	44.28979675811017	6.510989354430782	21434.064220661487	7.631139073696857e-11	201.55908651202478	375.18170389189174	SETDB1	1.6536929948714508e-10	0.20621331283641886
fixed	HNF4GFALSE	304.4007294912619	46.96140911108344	6.481933469483986	21434.00896870568	9.252557652511458e-11	212.35286109133608	396.4485978911878	HNF4G	2.000662685389539e-10	0.13837378318336657
fixed	SFPQFALSE	332.8823554864742	51.40604980406313	6.475548242965037	21434.026161631624	9.651649576426978e-11	232.12265945781883	433.64205151512954	SFPQ	2.0823909151765864e-10	0.15172534097114732
fixed	BRD2FALSE	363.9565622118996	56.23453502402247	6.472118282056095	21434.050805365747	9.872928943350358e-11	253.7326746235262	474.180449800273	BRD2	2.1254820825640728e-10	0.21526885265797288
fixed	CBX7FALSE	399.5898701567554	61.75302069543551	6.47077447640211	21434.03230599466	9.960968747668586e-11	278.5493385901612	520.6304017233496	CBX7	2.1397636569065855e-10	0.1940853280520214
fixed	CC2D1AFALSE	394.5450255289491	61.019773838664086	6.465855258200789	21434.040700016925	1.0289847980563236e-10	274.9417125546926	514.1483385032057	CC2D1A	2.2056065453989891e-10	0.17995254924045115
fixed	DMAP1FALSE	277.9868454622445	43.08054610636376	6.4527233423622015	21434.02439669463	1.1220668239238833e-10	193.54575833357012	362.4279325909189	DMAP1	2.399908651602926e-10	0.13979207040298103
fixed	KLF14FALSE	287.6406942241282	44.778918028470684	6.423574014031439	21434.046754492472	1.3590701441584346e-10	199.87067131839305	375.4107171298633	KLF14	2.9005263249788235e-10	0.15550628089161853
fixed	SRSF7FALSE	286.5719765706318	44.63301265634837	6.420628129610948	21434.027286997	1.3855831374486943e-10	199.0879390842892	374.05601405697445	SRSF7	2.950723484933936e-10	0.15430709751936594
fixed	DDX20FALSE	352.73094181039454	55.0866121134132	6.403206301454633	21434.099776347564	1.553030097623367e-10	244.75706885428363	460.7048147665055	DDX20	3.300188957449655e-10	0.2597890184363637
fixed	SOX8FALSE	318.5068610192147	49.77993745421887	6.398297734145126	21434.026113728898	1.603675927103149e-10	220.9344666156137	416.07925542281566	SOX8	3.400482718545602e-10	0.12697195699258962
fixed	GATA3FALSE	303.5681295089734	47.57336400442867	6.381052420020452	21434.018564612146	1.7947330832815992e-10	210.3207838266394	396.8154751913074	GATA3	3.7974395281451863e-10	0.20539729554247277
fixed	ZNF394FALSE	275.2685529811208	43.23101191716636	6.367386299181582	21434.034966696046	1.961771267369624e-10	190.53254163057517	360.0045643316665	ZNF394	4.1419838750031033e-10	0.14425360682190083
fixed	NCOR2FALSE	304.2588276316612	47.826373784078065	6.361737333574563	21434.045195817307	2.0351709310508594e-10	210.51556389592093	398.0020913674014	NCOR2	4.287774653880657e-10	0.17132577096363932
fixed	TCF12FALSE	346.94600747575026	54.75939972716163	6.335825615408616	21434.057879568263	2.407698789049442e-10	239.61349521717858	454.27851973432195	TCF12	5.061814511732942e-10	0.20715406799933211
fixed	AFF1FALSE	273.23165074420183	43.135806763481725	6.334219091863991	21434.025260236776	2.4328699882483254e-10	188.68224860153765	357.781052886866	AFF1	5.103850656197551e-10	0.14094512483248656
fixed	BCORFALSE	347.0158235353766	54.79311030806606	6.333201776360789	21434.024914537345	2.4489420891468016e-10	239.6172360117913	454.41441105896195	BCOR	5.126572293355379e-10	0.18817404251737135
fixed	ZNF213FALSE	301.97076388139106	47.683032178324716	6.332876708680828	21434.024046266677	2.4540995156833053e-10	208.50846039080818	395.43306737197395	ZNF213	5.126572293355379e-10	0.12877286932516352
fixed	POU5F1FALSE	350.1210850844479	55.53609407413854	6.304388000658631	21434.044464729268	2.9497881538348165e-10	241.2661939074785	458.97597626141726	POU5F1	6.149029851334311e-10	0.21478524203014837
fixed	CBFBFALSE	325.4948417968941	51.64384421162428	6.302684216594975	21434.080818068047	2.9823481305038204e-10	224.26905098824375	426.72063260554444	CBFB	6.20378746134339e-10	0.23042452126106108
fixed	PAX6FALSE	457.84834431825954	72.6636669874238	6.300925390917874	21434.010297740973	3.016328382876933e-10	315.4221313298501	600.274557306669	PAX6	6.261262706350854e-10	0.30118960147852547
fixed	FLI1FALSE	317.5691366808744	50.54588623298993	6.282788973509097	21434.065915139072	3.3895217875794524e-10	218.495425489024	416.6428478727248	FLI1	7.021152274271724e-10	0.20783355998868785
fixed	ONECUT2FALSE	310.70493942780445	49.50151730346637	6.2766750668074405	21434.05366345473	3.525209204876255e-10	213.67826931593652	407.7316095396724	ONECUT2	7.286910431882573e-10	0.19387307071801307
fixed	WDHD1FALSE	390.26626980285664	62.4468741402543	6.249572539472948	21434.01738609637	4.1933453726030796e-10	267.86573367063136	512.6668059350819	WDHD1	8.649871417126855e-10	0.1795262962892979
fixed	ZNF528FALSE	270.4968036117877	43.37437599816722	6.236327264355746	21434.07491179624	4.5633592441735677e-10	185.47978796665333	355.51381925692203	ZNF528	9.393470176941832e-10	0.14007097152497033
fixed	EGR1FALSE	326.9004806445172	52.51907969298919	6.224413728410313	21434.05863660326	4.92326307704414e-10	223.95916293410102	429.84179835493336	EGR1	1.0113202904094838e-9	0.21244735937908338
fixed	SMC1FALSE	294.81390681721143	47.595172165096706	6.194197718091444	21434.031293333188	5.96487370684735e-10	201.52381551471316	388.1039981197097	SMC1	1.222737104979519e-9	0.15501845512147033
fixed	ZNF554FALSE	288.2397279989673	46.537061220742984	6.193767299394704	21434.060840983304	5.981164267321458e-10	197.0236131620337	379.45584283590085	ZNF554	1.22353277335663e-9	0.14163094114547653
fixed	HDAC1FALSE	324.7743160919393	52.614290538259816	6.172739625858329	21434.029193465427	6.832151532143931e-10	221.64637800755747	427.9022541763211	HDAC1	1.3947207889635436e-9	0.18946920013227442
fixed	ZBTB7AFALSE	325.87401163318594	52.877360374904804	6.162826762204327	21434.03868934569	7.273233220936371e-10	222.23043702854673	429.5175862378252	ZBTB7A	1.481695858645302e-9	0.17295947447223683
fixed	PHF8FALSE	322.9799165838828	52.557330600227644	6.145287686709185	21434.055184935027	8.122664433942752e-10	219.9636242382109	425.9962089295547	PHF8	1.6513293055397017e-9	0.2250625213704366
fixed	SMAD3FALSE	335.09252781748353	54.64063842862205	6.132661283876109	21434.054424466427	8.793313031617537e-10	227.99279657078318	442.1922590641839	SMAD3	1.7839931376903067e-9	0.22022923997116617
fixed	FOXA1FALSE	301.0293150934169	49.160699752421934	6.1233732759995245	21434.02650152835	9.320818443841154e-10	204.67067282298763	397.3879573638462	FOXA1	1.887130797870098e-9	0.1703475760318175
fixed	WT1FALSE	264.78455195045535	43.29789611146194	6.11541381292106	21434.03849740706	9.797324480793028e-10	179.91744258574036	349.6516613151704	WT1	1.9795413807503946e-9	0.1400049161278505
fixed	SMC1AFALSE	288.6238384151519	47.27788509656716	6.104838188629314	21434.040300637134	1.0467350398574372e-9	195.95565346051217	381.29202336979165	SMC1A	2.110594579344444e-9	0.1859084731661144
fixed	NR1H2FALSE	275.6190635062986	45.15039187066613	6.104466696453331	21434.024005879222	1.049168129141685e-9	187.12092412720062	364.1172028853965	NR1H2	2.111183214966738e-9	0.16799151690316808
fixed	ZBTB10FALSE	266.2796511608167	43.76273892797989	6.084620334185018	21434.02952577749	1.187485619337055e-9	180.50141516461213	352.05788715702124	ZBTB10	2.384645255939585e-9	0.09565695267129184
fixed	MECOMFALSE	263.5365144853845	43.40709374578099	6.071277566492211	21434.03742591284	1.29030862036987e-9	178.4553696035472	348.6176593672218	MECOM	2.585862397733113e-9	0.156911317036533
fixed	CDK8FALSE	305.8687051039275	50.44351464396253	6.063588297976303	21434.07440902136	1.3534537509595922e-9	206.99564987269554	404.7417603351594	CDK8	2.7069075019191845e-9	0.2313112338055266
fixed	TAL1FALSE	268.24414328463683	44.262156771215075	6.060349581949959	21434.071472930686	1.380943072887369e-9	181.4870110345064	355.0012755347673	TAL1	2.7562952831314694e-9	0.1896683798524906
fixed	RXRAFALSE	263.0753572224319	43.46406876592228	6.0527089315829175	21434.023894171358	1.447969071440911e-9	177.8825370438443	348.26817740101944	RXRA	2.8842373827085623e-9	0.1732819438491032
fixed	`SMAD2-3`FALSE	288.4811365402205	47.8571774172851	6.027959694004574	21434.074757434562	1.6875758599755827e-9	194.67749539064238	382.28477768979866	SMAD2-3	3.3547374958385573e-9	0.18904001595202263
fixed	HDAC8FALSE	271.07822808679543	45.02475640381104	6.020648410745216	21434.04134246377	1.7654691814193726e-9	182.82634360777791	359.33011256581295	HDAC8	3.5025203478460793e-9	0.13603718441844012
fixed	CTCFLFALSE	278.74654356633204	46.31092779670799	6.019023086515375	21434.026708276528	1.7832553132556037e-9	187.9736671173472	369.5194200153169	CTCFL	3.530702286887601e-9	0.1691717090021657
fixed	KLF3FALSE	260.0376788517168	43.218361954583926	6.016833287781193	21434.020416258878	1.807494880661961e-9	175.32646236913843	344.7488953342952	KLF3	3.57152295056652e-9	0.13432025755752305
fixed	BRD4FALSE	320.56537054969647	53.35214080887942	6.00848186576132	21434.047359484626	1.9029212430198177e-9	215.99119084574312	425.1395502536498	BRD4	3.7525606912350804e-9	0.1495696517641057
fixed	NRIP1FALSE	283.90462210317344	47.257634820554735	6.007592702876636	21434.023806194797	1.913365740418981e-9	191.27612919754887	376.533115008798	NRIP1	3.765625988129971e-9	0.09462268890864964
fixed	PRKDCFALSE	320.4369642294025	53.35694659330496	6.005534137322802	21434.061946784404	1.9377612371951913e-9	215.85336483315442	425.02056362565065	PRKDC	3.806040995765854e-9	0.1816930677281257
fixed	BRD1FALSE	261.119035815702	43.536555306238945	5.99769628026319	21434.050782480335	2.0334500312777775e-9	175.78413661167696	346.453935019727	BRD1	3.9860471786081286e-9	0.11500062102256317
fixed	CTNNB1FALSE	257.5899191947989	43.1878906644911	5.96440148457142	21434.031930498768	2.4938369315072582e-9	172.93842871861693	342.24140967098083	CTNNB1	4.878815901718565e-9	0.17829090116638696
fixed	EVI1FALSE	283.3356847462674	47.53808317656055	5.960183200781029	21434.02351818653	2.5589644277364084e-9	190.15749212213896	376.5138773703959	EVI1	4.99631470445168e-9	0.11165188019005878
fixed	NANOGFALSE	282.19672405524386	47.48432310360832	5.942945073461515	21434.06543018494	2.842757493464482e-9	189.12390519856422	375.2695429119235	NANOG	5.53944444378652e-9	0.22510402515401395
fixed	ZNF341FALSE	255.64883944412767	43.02001326410991	5.942556034900308	21434.045129955965	2.849503553036955e-9	171.32640121077418	339.97127767748117	ZNF341	5.541638073559049e-9	0.11918372745085454
fixed	NR2F1FALSE	255.047897097552	42.94363598619827	5.939131404232336	21434.034379866713	2.9095640101777486e-9	170.8751640294907	339.22063016561333	NR2F1	5.647303374085158e-9	0.13240700193977845
fixed	ZNF30FALSE	337.3135773280632	56.84782518561552	5.933623251666896	21434.030047144817	3.0087597748962366e-9	225.88759522349426	448.7395594326322	ZNF30	5.82836372897385e-9	0.1540334875780974
fixed	MLLT3FALSE	266.7013018466745	45.06971811619095	5.917527621519872	21434.042282006532	3.317871056320081e-9	178.36128905439088	355.04131463895806	MLLT3	6.41455070888549e-9	0.18278095758795615
fixed	ETV6FALSE	298.5692028238797	50.46408290787794	5.916469409915109	21434.01529303662	3.3392429625887574e-9	199.65583224417122	397.4825734035882	ETV6	6.4432359317270345e-9	0.10545219513756336
fixed	KDM6BFALSE	254.21858921091086	42.995072136701815	5.912737822665558	21434.047693057877	3.415681734559759e-9	169.9450374501605	338.49214097166123	KDM6B	6.577855840382661e-9	0.14889447069007455
fixed	MITFFALSE	255.26503202250765	43.23593942372485	5.904001056177725	21434.062791623266	3.6013720201452147e-9	170.5193623973908	340.0107016476245	MITF	6.921935305776182e-9	0.1857367286518888
fixed	EP300FALSE	321.6612774727737	54.50871074227255	5.901098615112157	21434.065023878993	3.6652075403219786e-9	214.82013434512538	428.502420600422	EP300	7.030923413925041e-9	0.1921860994000164
fixed	SAFB2FALSE	571.2758181570711	96.8262054660926	5.900012454346619	21434.00882649407	3.689378543250016e-9	381.4892255672221	761.06241074692	SAFB2	7.063548045911681e-9	0.1554889125994386
fixed	ZFXFALSE	269.5998400459542	45.88092762603965	5.876076487454085	21434.036033383065	4.2631941581324375e-9	179.66979604115585	359.5298840507525	ZFX	8.146336123873223e-9	0.13160622235422825
fixed	RELAFALSE	316.81339262410813	53.94645888492174	5.872737509980637	21434.047087884475	4.349844782288947e-9	211.07430511426125	422.552480133955	RELA	8.295835503553e-9	0.1902620226659405
fixed	FEZF1FALSE	268.8877996071147	45.831338916783	5.866898195912198	21434.0466521207	4.505519881848465e-9	179.05495317768475	358.7206460365446	FEZF1	8.576144022205766e-9	0.15287714581252868
fixed	KDM4AFALSE	286.6857306586563	48.96273393812147	5.855182249850803	21434.057953621053	4.834387647867741e-9	190.71511617401904	382.6563451432936	KDM4A	9.184405049706343e-9	0.20852993235066608
fixed	JDP2FALSE	476.03829485522385	81.62807728766819	5.831796002956209	21434.016442984444	5.562147185550639e-9	316.0411683211102	636.0354213893374	JDP2	1.0546686778755634e-8	0.3302581866943298
fixed	MAML1FALSE	290.8088430901839	49.888462992464355	5.829180248229146	21434.050989720326	5.649889111043753e-9	193.02373053459144	388.5939556457764	MAML1	1.0692496475027141e-8	0.1846344273366506
fixed	HDAC2FALSE	325.82326577790155	55.98486954940273	5.819845047426346	21434.030808930034	5.974140662089741e-9	216.08874115611655	435.55779039968655	HDAC2	1.1284487917280622e-8	0.16179376973892845
fixed	PBX1FALSE	270.70450965026356	46.83062211943786	5.780502103086582	21434.059086166668	7.551130844480795e-9	178.91299353176387	362.4960257687633	PBX1	1.423597516760624e-8	0.16877474800123826
fixed	SMARCC1FALSE	310.3391954573481	53.87265564906523	5.760606966898855	21434.040489246807	8.495921218412753e-9	204.7447677987132	415.93362311598304	SMARCC1	1.598659984991407e-8	0.18909377485275958
fixed	HDAC6FALSE	269.75522802072044	46.99847009174748	5.739659769650398	21434.030317255518	9.614710708096374e-9	177.63471733658344	361.87573870485744	HDAC6	1.8057342396539094e-8	0.1831809925110712
fixed	CCAR2FALSE	269.56740061026045	47.013649364057684	5.733811441073684	21434.03566186633	9.951834067333748e-9	177.41713742027986	361.71766380024104	CCAR2	1.86549589170933e-8	0.12682385562889636
fixed	GTF2A2FALSE	602.233581077705	105.04783091021011	5.732946371757697	21434.008641514145	1.000266619954504e-8	396.33198872010007	808.13517343531	GTF2A2	1.871466579269717e-8	0.38007232193815543
fixed	`SS18-SSX`FALSE	262.37137100812356	45.80633252561127	5.7278405963067724	21434.02633949938	1.0307864947376209e-8	172.58753896777228	352.15520304847485	SS18-SSX	1.9249156890365422e-8	0.11769672340291211
fixed	SUPT6HFALSE	251.5200398272739	43.995715303419345	5.716921252277623	21434.034142420835	1.0991254377959889e-8	165.2851527402642	337.7549269142836	SUPT6H	2.048653462508214e-8	0.150513126177066
fixed	TFIIICFALSE	253.2288333538103	44.30750025109848	5.715258859532076	21434.03342826723	1.1099084740063685e-8	166.3828244886842	340.0748422189364	TFIIIC	2.064848595038263e-8	0.17452866902944494
fixed	DDX5FALSE	269.90681219765673	47.242871192851375	5.713175456586095	21434.00512852511	1.1235676339523533e-8	177.30725710015201	362.50636729516145	DDX5	2.0863233278286637e-8	0.2013208364127903
fixed	BATFFALSE	358.93335775289137	62.951246598215995	5.701767274662093	21434.007294315765	1.2013076082504874e-8	235.54421393902203	482.3225015667607	BATF	2.226483649877783e-8	0.18908102263624707
fixed	NELFEFALSE	303.464196891541	53.29747069380421	5.693782330402754	21434.07830346488	1.2588040428661273e-8	198.99717470378164	407.9312190793004	NELFE	2.32866939261914e-8	0.23252149543412665
fixed	CHD1FALSE	265.3289216825781	46.61867294511185	5.691473071208452	21434.031017612808	1.2759247626624078e-8	173.95284176489105	356.7050016002651	CHD1	2.3559210037174797e-8	0.10785321043817614
fixed	IRF5FALSE	525.834466145788	92.43369790948198	5.688774527453448	21434.011970864172	1.2962183690860405e-8	344.65751635074594	707.0114159408301	IRF5	2.3889183400352073e-8	0.24086426384386078
fixed	MAZFALSE	318.6189979282198	56.01513291707855	5.688087867253378	21434.066877046866	1.3014319952871344e-8	208.82515485650418	428.41284099993544	MAZ	2.394052140584169e-8	0.2271651241302885
fixed	HDGFFALSE	262.99295193537	46.363357533305404	5.672431116457591	21434.014725978566	1.42599391685123e-8	172.11730928493563	353.8685945858044	HDGF	2.6183054041253497e-8	0.08509893823952938
fixed	CTBP2FALSE	244.29150133060816	43.24844533540657	5.648561455470677	21434.03075236194	1.6384695062982746e-8	159.52131917764405	329.06168348357227	CTBP2	3.002845600762265e-8	0.09216451103763418
fixed	SIN3AFALSE	320.24445013157117	56.769665415720816	5.64111921017044	21434.041037216706	1.7107893108766037e-8	208.97166701528909	431.51723324785326	SIN3A	3.129570056631412e-8	0.2054828181522686
fixed	IKZF3FALSE	243.69881811038323	43.28789695651988	5.6297218216714064	21434.02231582899	1.8275886828827967e-8	158.85130783235857	328.5463283884079	IKZF3	3.337041558004514e-8	0.11331173530156834
fixed	SMC3FALSE	276.90463957976044	49.36597352378714	5.609220680036485	21434.05440526605	2.0574662888847297e-8	180.14364539708453	373.66563376243636	SMC3	3.749836896192871e-8	0.17868588141716882
fixed	RBM25FALSE	283.07511818622123	50.562003422512106	5.598574008643525	21434.041011126385	2.187682337021028e-8	183.96981609296154	382.1804202794809	RBM25	3.979805875097294e-8	0.2706950327047831
fixed	PHF21AFALSE	248.46032567285113	44.46473515974097	5.587806264453157	21434.073086794207	2.327503613163454e-8	161.3061246554033	335.61452669029893	PHF21A	4.226369360182626e-8	0.1545465546583359
fixed	TFALSE	296.8227106201536	53.26705032996287	5.572351177350437	21434.04776081663	2.5434537322277098e-8	192.4153146085563	401.2301066317509	T	4.6100098896627237e-8	0.1414807348630289
fixed	TBX3FALSE	314.96667432526147	56.703939306380136	5.55458188933661	21434.044375279722	2.8158081710400927e-8	203.82271929192962	426.1106293585933	TBX3	5.094287810358773e-8	0.18701997206630322
fixed	CHAF1BFALSE	586.8950115478826	105.82768446853069	5.5457606815766995	21434.00276246049	2.961322104454252e-8	379.4648479821894	794.3251751135758	CHAF1B	5.347735521963173e-8	0.25116170716400893
fixed	SALL4FALSE	517.0055362314455	93.43699327258284	5.533199626010976	21434.01622328643	3.181186344862907e-8	333.86205261214303	700.1490198507479	SALL4	5.734277396772991e-8	0.2543526881605374
fixed	NUTM1FALSE	304.211154729823	55.150997619785564	5.515968302642027	21434.0084277054	3.508723072419358e-8	196.1110813476604	412.31122811198566	NUTM1	6.31314041862315e-8	0.1200701659413775
fixed	RNF2FALSE	281.4399665889445	51.092736557314	5.50841441568187	21434.052237742428	3.662412188232993e-8	181.29438792542828	381.58554525246075	RNF2	6.577665605824646e-8	0.21231296524960508
fixed	TAF3FALSE	236.49710784565062	43.117958846910106	5.484886441061167	21434.021723704005	4.1841105884430273e-8	151.98268895135658	321.01152673994466	TAF3	7.500969164008772e-8	0.1478424784172458
fixed	ARID1AFALSE	267.542471462244	49.00944079910773	5.458998656175544	21434.053471953077	4.8414012138744006e-8	171.48030804141573	363.6046348830723	ARID1A	8.663560066933138e-8	0.19576330078621024
fixed	ZBTB20FALSE	233.8436904243332	42.973966199863156	5.441519857319519	21434.03622687884	5.340676713482932e-8	149.6115078731883	318.0758729754781	ZBTB20	9.53968702806915e-8	0.13653677708405604
fixed	ZNF711FALSE	234.08583233660656	43.25231054934814	5.412100055776893	21434.038765646877	6.295814855721892e-8	149.30807407749722	318.8635905957159	ZNF711	1.1225449272589124e-7	0.15945841572091085
fixed	EZH2FALSE	282.7569471780932	52.48746619397548	5.387132732472197	21434.044854641656	7.234492889616065e-8	179.87759428253548	385.6363000736509	EZH2	1.287583030534556e-7	0.1710932536491962
fixed	RXRFALSE	231.20272527586985	43.3562034287064	5.332633094963041	21434.046300429065	9.77791916949641e-8	146.22132921738654	316.18412133435316	RXR	1.7371222164186415e-7	0.18562894227172647
fixed	TLE3FALSE	327.40278702644343	61.43727870682718	5.329057437403408	21434.010152659994	9.97210880269962e-8	206.9811333264639	447.82444072642295	TLE3	1.7684351222053643e-7	0.2051140286529038
fixed	FOXO1FALSE	235.2796568830228	44.17856151101259	5.325652281013577	21434.040882734895	1.0160505706260717e-7	148.6863775778234	321.8729361882222	FOXO1	1.7986101663147336e-7	0.17227813468551692
fixed	YY1FALSE	320.73162537983956	60.26715121762582	5.321831526790964	21434.03878843247	1.0375998731664049e-7	202.60350893936965	438.85974182030947	YY1	1.8334650088567657e-7	0.20165826181273083
fixed	NCAPH2FALSE	247.3214427345535	46.514477622159994	5.3170852469538845	21434.0379614874	1.0649858698374463e-7	156.1495934316261	338.4932920374809	NCAPH2	1.8784902820388589e-7	0.13451503151738017
fixed	RAD51FALSE	274.43149612332877	51.64496851116127	5.313808954380908	21434.01940368579	1.0842968325544826e-7	173.2035015872569	375.6594906594006	RAD51	1.9091369230334283e-7	0.12966728534560049
fixed	HAND2FALSE	242.86305870232917	45.91331773793071	5.2895994161992546	21434.07461976262	1.2378762036098122e-7	152.86952766885395	332.8565897358044	HAND2	2.1756612063445183e-7	0.15698728508933857
fixed	OVOL3FALSE	341.74506907113863	64.66171519737553	5.285122240076448	21434.026867086413	1.268496783555826e-7	215.0032790911592	468.4868590511181	OVOL3	2.225512150508976e-7	0.14408056356892485
fixed	E2F3FALSE	254.16475847431127	48.09832720499185	5.284274386322795	21434.021305178117	1.274377432805018e-7	159.8884457213182	348.44107122730435	E2F3	2.2318581682872962e-7	0.19939819387882526
fixed	HNRNPKFALSE	226.7664694449054	43.000532005382304	5.273573578497155	21434.023171385048	1.350902681343765e-7	142.48221592841628	311.0507229613945	HNRNPK	2.3616844748314757e-7	0.14793965195023873
fixed	PAF1FALSE	227.30852033753277	43.121116440722005	5.27139691872335	21434.043003327166	1.3670039173376383e-7	142.78791232833322	311.8291283467323	PAF1	2.3856032964511704e-7	0.12229838714525253
fixed	KMT2AFALSE	276.04505924980305	52.401991616059945	5.267835262299494	21434.03064215502	1.3937515174307705e-7	173.33324290536405	378.75687559424205	KMT2A	2.42798409220272e-7	0.15303877142783706
fixed	HNRNPCFALSE	226.46285978380752	43.08511273014296	5.256174242881134	21434.01917268608	1.4849134227747452e-7	142.01282173038055	310.9128978372345	HNRNPC	2.58223039657125e-7	0.1647438167802246
fixed	NFICFALSE	226.54507642566952	43.23079177713621	5.240363803502764	21434.046489238055	1.6177705443673248e-7	141.80949656859295	311.2806562827461	NFIC	2.808312952017927e-7	0.13648000908887276
fixed	ZNF737FALSE	305.6256525353162	58.837287326711774	5.194421198214623	21434.02011292649	2.0723593968375827e-7	190.30017608106368	420.9511289895687	ZNF737	3.5911183924109956e-7	0.11482103859096161
fixed	TBX5FALSE	249.30785600203313	48.01266889191507	5.192543171538095	21434.04115956473	2.0933534245054586e-7	155.1994399435734	343.4162720604929	TBX5	3.621134169407688e-7	0.10451923543111981
fixed	ZNF407FALSE	224.83057328187564	43.39482453056899	5.181045797834631	21434.039299415796	2.2264323803181258e-7	139.77347697839696	309.88766958535433	ZNF407	3.8445925166263956e-7	0.11118804106819902
fixed	POU2F3FALSE	328.56078173980603	63.53021616348491	5.171724599430091	21434.010629805325	2.3402887713122196e-7	204.03681434825785	453.0847491313542	POU2F3	4.0341341407584765e-7	0.17928450120655354
fixed	ZBTB44FALSE	249.1868048439712	48.28594591487993	5.160648717190836	21434.01365927355	2.482901188629721e-7	154.54274540847834	343.8308642794641	ZBTB44	4.272496635233691e-7	0.1255827006764897
fixed	KLF15FALSE	257.7190658991505	50.03606916000371	5.150665714267539	21434.03836581831	2.6186079059971034e-7	159.6446342304065	355.7934975678945	KLF15	4.498166193925338e-7	0.18212772589639045
fixed	ID3FALSE	228.09644311973614	44.54810727528439	5.1202274815003355	21434.02975246037	3.0780689431699404e-7	140.77882652060316	315.4140597188691	ID3	5.27821909211402e-7	0.12481062457744527
fixed	NRLFALSE	238.36245955150923	46.59056458658344	5.116110132310992	21434.027122585805	3.145904098715592e-7	147.04147411440903	329.68344498860944	NRL	5.385176113426344e-7	0.14578374374721353
fixed	RESTFALSE	281.0658712530812	54.96524660917251	5.11351969821195	21434.050789845955	3.189319968477638e-7	173.32988373351128	388.8018587726511	REST	5.450033776289343e-7	0.21809226080919075
fixed	OVOL1FALSE	344.77985129454544	67.79172305140379	5.085869421450056	21434.02563067037	3.6902953342743566e-7	211.9030122072539	477.65669038183694	OVOL1	6.295209687879785e-7	0.1798378367597332
fixed	E2F7FALSE	291.61552938298877	57.455967903787105	5.075461088242627	21434.040337403843	3.8978915732929116e-7	178.99754214476366	404.2335166212139	E2F7	6.637860261255286e-7	0.2608485586648396
fixed	MED1FALSE	277.5333120561847	54.75262951441739	5.068858144668741	21434.0388800916	4.0353835142145477e-7	170.21406991474004	384.85255419762933	MED1	6.860151974164731e-7	0.1657868392569497
fixed	ZZZ3FALSE	540.6440145445401	106.7251098673501	5.065762079950192	21434.017181166422	4.101452837061027e-7	331.4548301955898	749.8331988934905	ZZZ3	6.960469014358301e-7	0.27314788055343947
fixed	TFAP2AFALSE	228.22126901024805	45.06929810346682	5.063785739159155	21434.021046564692	4.1441719735922416e-7	139.8820794693229	316.5604585511732	TFAP2A	7.020882415742183e-7	0.13177071186996303
fixed	ZSCAN29FALSE	285.16193500642993	56.721993779293186	5.027360923101588	21434.00655197017	5.01282712284016e-7	173.98259184701038	396.3412781658495	ZSCAN29	8.477954619417491e-7	0.09051244725860125
fixed	WDR5FALSE	220.08211404878463	43.9003753562762	5.0132171368170475	21434.03421063543	5.395405552684471e-7	134.034100377078	306.13012772049126	WDR5	9.109366224224124e-7	0.16472700231999038
fixed	CHD4FALSE	214.9207346594317	42.88414995955193	5.011658966358052	21434.02289086832	5.439235243053377e-7	130.86459864278277	298.97687067608064	CHD4	9.167668290001076e-7	0.10840843259179528
fixed	BICRAFALSE	294.8708097450188	59.085114425046854	4.9906107928263514	21434.020972874892	6.066006251923986e-7	179.0595736734062	410.6820458166314	BICRA	1.0206624853919882e-6	0.1758448705271381
fixed	ZC3H11AFALSE	396.6757784056749	79.60132386454764	4.983281171060322	21434.024284085568	6.300184674837383e-7	240.651239918843	552.7003168925069	ZC3H11A	1.058259299725666e-6	0.14467053418760104
fixed	UBN1FALSE	233.83562670258047	47.06809024512405	4.968028774585864	21434.046642149373	6.815744790946801e-7	141.57865532336245	326.0925980817985	UBN1	1.1429123067812152e-6	0.1753864913415602
fixed	KLF7FALSE	232.77493177190144	46.882473973025405	4.965073556182898	21434.043836036584	6.920233057207909e-7	140.88178214498657	324.6680813988163	KLF7	1.1584634625478775e-6	0.1466240625850005
fixed	GTF3C2FALSE	226.57713435755176	45.95194283727215	4.930741125787013	21434.046966568745	8.253056155638202e-7	136.50789523873647	316.64637347636705	GTF3C2	1.3792395541456386e-6	0.10442060432047015
fixed	CBX2FALSE	253.806060552966	51.502860249700554	4.9279993251334355	21434.041064964997	8.369555352100435e-7	152.85660882613428	354.7555122797977	CBX2	1.3963420604350302e-6	0.15356087265123253
fixed	HIF3AFALSE	211.20040168010797	42.8783410326867	4.925573065410979	21434.031624054358	8.473966805756084e-7	127.15565159579263	295.2451517644233	HIF3A	1.4113735254181585e-6	0.12270959283196571
fixed	SND1FALSE	347.8397669717692	70.95620028303613	4.902175787095087	21434.02952430161	9.547371138360605e-7	208.76031622512443	486.919217718414	SND1	1.5874718284019486e-6	0.16718852159452346
fixed	HMBOX1FALSE	307.44003210632695	62.78638372622243	4.896603592379315	21434.0231405407	9.821680803504344e-7	184.37403183678265	430.50603237587126	HMBOX1	1.6303328741170512e-6	0.15791583889545244
fixed	TAF1FALSE	283.5141553195058	58.00986087131277	4.887344169785971	21434.031098175477	1.0294365621033002e-6	169.8104965038454	397.2178141351662	TAF1	1.7059234457711833e-6	0.22303089690412764
fixed	CSNK2A1FALSE	241.78301597444462	49.536175794186946	4.880938265783888	21434.01434359943	1.063411571650105e-6	144.6884126228131	338.8776193260761	CSNK2A1	1.7592681369916167e-6	0.10759086683483056
fixed	SREBP2FALSE	236.74450884453927	48.53632562100547	4.877676787755878	21434.04375236719	1.0811215391168327e-6	141.60968649708968	331.87933119198885	SREBP2	1.785570917201335e-6	0.1424922326677363
fixed	PHIPFALSE	212.56039617696868	43.90051777268277	4.841865357434008	21434.008525103956	1.2952215812412294e-6	126.51210335264793	298.60868900128946	PHIP	2.135599463384368e-6	0.08318721823586796
fixed	BRD7FALSE	-321.667872774173	66.60397323697558	-4.829559816644651	21434.006492176977	1.3777933710134256e-6	-452.2166335442664	-191.11911200407965	BRD7	2.2679536958584937e-6	-0.09054522722560772
fixed	TAF2FALSE	439.97620839674687	91.7968675947025	4.792932699395697	21434.023802981472	1.6546201256308598e-6	260.0474935754934	619.9049232180004	TAF2	2.7190924064533796e-6	0.32371006800106084
fixed	NCOA2FALSE	268.2623841430869	56.09862674642205	4.781977736383655	21434.01969723568	1.7473169472297792e-6	158.30488691784822	378.21988136832556	NCOA2	2.866646439215578e-6	0.061079013788564146
fixed	`RUNX1-RUNX1T1`FALSE	283.6262379411637	59.35217639183722	4.778699875615196	21434.019465932564	1.7760096378321132e-6	167.29154047305616	399.96093540927126	RUNX1-RUNX1T1	2.9088795729276805e-6	0.141535364584935
fixed	FANCLFALSE	277.4339292671229	58.32011091083999	4.757088505734582	21434.016578643426	1.9768348535379426e-6	163.12215720371861	391.74570133052714	FANCL	3.2324364271781283e-6	0.17073129665106762
fixed	MAXFALSE	297.13766189895085	62.51091213514218	4.753372679262298	21434.045060892673	2.0134933051845545e-6	174.61160652405528	419.66371727384643	MAX	3.2869278127681635e-6	0.21227080112240487
fixed	SMARCA4FALSE	247.65046182780517	52.41427077862756	4.724867066714722	21434.019899671704	2.3172602073407105e-6	144.9145774049595	350.38634625065083	SMARCA4	3.7765596106412245e-6	0.1368536259560697
fixed	ZNF558FALSE	292.2862550030254	61.87408486079608	4.723888129587842	21434.02291062634	2.3284369447031964e-6	171.00842862964646	413.5640813764044	ZNF558	3.788512916629293e-6	0.12299323562631843
fixed	ZNF281FALSE	238.08068263660047	50.550391728586625	4.70976929150015	21434.016639129375	2.495506103609778e-6	138.9981403240992	337.16322494910173	ZNF281	4.053655713606657e-6	0.09177078678615956
fixed	RUNX1FALSE	261.5551683938754	55.65453682636254	4.699619892802369	21434.04509788504	2.6226514710380086e-6	152.4681205787974	370.6422162089534	RUNX1	4.253181497439928e-6	0.21348314148276115
fixed	STAT3FALSE	251.54482341590443	53.616287021630605	4.691574843935442	21434.042213178873	2.7278296656103235e-6	146.45289741016094	356.6367494216479	STAT3	4.416486125273857e-6	0.1794117673837532
fixed	ZBTB16FALSE	319.9249296558998	68.37913238255415	4.678692438886861	21434.031641261383	2.904728888998947e-6	185.8967244207001	453.95313489109947	ZBTB16	4.695184728775348e-6	0.16328180841052745
fixed	TP63FALSE	218.89310738929504	46.81074262588438	4.676129775139613	21434.044163415514	2.9412080750712775e-6	127.14055655892136	310.6456582196687	TP63	4.746368513944811e-6	0.1529215356292733
fixed	VEZF1FALSE	200.9974518352915	43.10670707467448	4.662788356510281	21434.033323692267	3.1383342212472617e-6	116.50508725731484	285.48981641326816	VEZF1	5.056205134231699e-6	0.13999882427723845
fixed	SETXFALSE	335.43874601153817	71.95804435097979	4.661587860495694	21434.028639363758	3.1566808326323958e-6	194.39560608521737	476.481885937859	SETX	5.077467048899743e-6	0.18956975255089925
fixed	CDK9FALSE	233.9026591981541	50.27806044259042	4.652181431406525	21434.077448401695	3.304038928086077e-6	135.35390655657665	332.4514118397316	CDK9	5.3058345001512575e-6	0.2376416128516384
fixed	ZBTB1FALSE	219.853175432697	47.328734503916394	4.645236720083957	21434.01011447155	3.4170427215951464e-6	127.08532183542944	312.6210290299645	ZBTB1	5.469487213462361e-6	0.16136227911091885
fixed	TERF1FALSE	272.5278134902948	58.667802328384866	4.6452705346768965	21434.034156212445	3.416483596013932e-6	157.53454029221393	387.5210866883757	TERF1	5.469487213462361e-6	0.14049921483203812
fixed	THAP11FALSE	328.2679322464715	70.77858443998454	4.637955602585137	21434.009944586996	3.539496988498884e-6	189.53662180735682	466.9992426855862	THAP11	5.656311232836141e-6	0.09852006373008984
fixed	`SMAD3-EPAS1`FALSE	417.1526578525796	90.04195356876427	4.632869915844325	21434.01170087007	3.6275126157556895e-6	240.66370555335905	593.6416101518001	SMAD3-EPAS1	5.787584852969433e-6	0.17443650250510667
fixed	ZSCAN21FALSE	202.5781872239554	43.792274235485536	4.6258887157726845	21434.047902080692	3.751756555134603e-6	116.742059823839	288.41431462407184	ZSCAN21	5.976142105594052e-6	0.11445492059483506
fixed	ZSCAN23FALSE	277.64410959796356	60.09821635684262	4.619839429999186	21434.01994513639	3.862705268749435e-6	159.84711809288234	395.4411011030448	ZSCAN23	6.142947411269263e-6	0.14926745015337176
fixed	SP1FALSE	249.9600629803274	54.83920108100484	4.558054421892524	21434.08186885991	5.191478299569831e-6	142.4711341163824	357.4489918442724	SP1	8.242830279188169e-6	0.2317671518119641
fixed	SSRP1FALSE	243.47906351949416	53.444525168166734	4.555734432168144	21434.030598266625	5.249058250954769e-6	138.72380356852008	348.2343234704682	SSRP1	8.320854397815759e-6	0.12810751500540707
fixed	ZGPATFALSE	194.54609188764238	42.770888615236636	4.548563244447944	21434.012348517605	5.43093216800697e-6	110.71195656057954	278.3802272147052	ZGPAT	8.595343688049554e-6	0.09013990999086302
fixed	PRDM14FALSE	199.31435716744434	44.14980874853284	4.514501032217219	21434.026542776108	6.380382516506915e-6	112.77743542035923	285.8512789145295	PRDM14	1.0081822373839452e-5	0.08472205585353577
fixed	CBX3FALSE	280.1863071197533	62.12223764085926	4.510241706674586	21434.0206823729	6.509722336380263e-6	158.4220827675353	401.95053147197126	CBX3	1.0269737957873502e-5	0.15640370608147874
fixed	SNIP1FALSE	408.50543903523584	90.65630485857122	4.506089672114109	21434.01253499222	6.638216279934717e-6	230.81231233564827	586.1985657348234	SNIP1	1.0455720849865224e-5	0.09389506276605601
fixed	TERF2FALSE	306.5822400089388	68.2895225374266	4.489447701745374	21434.021616297567	7.178013721178269e-6	172.72967675768396	440.4348032601937	TERF2	1.1287913124532334e-5	0.15246215065499746
fixed	TCF7FALSE	201.48243666602463	45.081451946855644	4.4692978589851675	21434.01318176422	7.887868719322561e-6	113.1194246827168	289.84544864933247	TCF7	1.238445630135676e-5	0.12310487919559254
fixed	ZSCAN5AFALSE	232.86651332046137	52.389121706036484	4.4449402039437045	21434.044832583917	8.835723424906404e-6	130.17992296448415	335.5531036764386	ZSCAN5A	1.385059347688031e-5	0.1114087475350316
fixed	JARID2FALSE	-200.2022203654159	45.21312102229374	-4.427967276727036	21434.016146142738	9.559546368930214e-6	-288.8233135674316	-111.58112716340021	JARID2	1.4961448761532049e-5	-0.0693289961926262
fixed	TEAD1FALSE	192.27520754829405	43.87978342988256	4.381863184341807	21434.041618362313	1.1822741320627993e-5	106.267555591565	278.2828595050231	TEAD1	1.8474204345703962e-5	0.10358317292676779
fixed	TSHZ1FALSE	284.57527534772805	65.01824737436785	4.376852450500168	21434.015351277598	1.2097464005101716e-5	157.13465567525503	412.01589502020107	TSHZ1	1.8873575172516285e-5	0.11388252138729107
fixed	GLIS2FALSE	196.26491988260008	44.863482821835625	4.374714300760338	21434.032696801944	1.2216537223515952e-5	108.32914366429532	284.20069610090485	GLIS2	1.9029234916882666e-5	0.12327000116849111
fixed	SATB1FALSE	344.48764951335863	78.84917271685836	4.368944373714467	21434.00821767444	1.2543471441568565e-5	189.9373834314617	499.0379155952555	SATB1	1.95076700968243e-5	0.12584429508930806
fixed	RAD21FALSE	225.95167827289146	51.98736343613888	4.346280775528265	21434.01731938012	1.3910259233517249e-5	124.05256411717608	327.85079242860684	RAD21	2.1599237172044104e-5	0.13910224941388866
fixed	ERGFALSE	239.55892778716773	55.27539329764572	4.333916296121062	21434.04055438583	1.4714676254701304e-5	131.21502959711967	347.9028259772158	ERG	2.281237545147089e-5	0.20175355570822628
fixed	TRIM28FALSE	194.09078489133782	44.84576560403898	4.327962345543216	21434.027301541257	1.5117675598659166e-5	106.18973574158247	281.99183404109317	TRIM28	2.340035814800304e-5	0.13971049084190734
fixed	IKZF2FALSE	198.13566585244448	45.91073440819273	4.3156718882085086	21434.015677850486	1.5983101240791703e-5	108.14719832417371	288.12413338071525	IKZF2	2.470115646304172e-5	0.06662184548013711
fixed	ASH1LFALSE	261.17987953239725	60.68670546050856	4.303741281562206	21434.041021442154	1.6868219681771735e-5	142.22940544911785	380.13035361567665	ASH1L	2.602827011929097e-5	0.2121788871411449
fixed	ZNF184FALSE	209.14785082292755	48.91908362390238	4.275383660717956	21434.018694722236	1.91633158086026e-5	113.26279420353812	305.03290744231697	ZNF184	2.9523483417628378e-5	0.10619698637956254
fixed	ZSCAN30FALSE	184.0373126100181	43.05459356139225	4.274510508329297	21434.0269375059	1.9238500175259088e-5	99.64709440789066	268.4275308121455	ZSCAN30	2.9593075152582622e-5	0.12918301204623334
fixed	RPA2FALSE	388.5680288264772	90.97575762839296	4.271116162765624	21434.002588569274	1.9533454347128006e-5	210.248750840284	566.8873068126704	RPA2	2.9999978171757344e-5	0.043201282632679826
fixed	TRPS1FALSE	233.56147689111464	55.1195682176331	4.237360422870599	21434.002360445116	2.2710773283167115e-5	125.523007482233	341.5999462999963	TRPS1	3.482554036890012e-5	0.0891888409100198
fixed	TWIST1FALSE	187.03455833799478	44.14605705307038	4.236721710234514	21434.026800690517	2.277539079426907e-5	100.50499019420837	273.56412648178116	TWIST1	3.487039646451755e-5	0.1473304210656402
fixed	HLFFALSE	397.4945889573906	94.27661517920062	4.216258593945428	21434.009693645152	2.494070143615603e-5	212.70538370458578	582.2837942101954	HLF	3.812640560627883e-5	0.156268755746367
fixed	KDM4CFALSE	185.3102972086315	44.36872916265414	4.176596911966776	21434.020382954666	2.9707266915614857e-5	98.34427510199848	272.2763193152646	KDM4C	4.5342670555412155e-5	0.15548768448808664
fixed	KMT2CFALSE	193.66812683850023	46.47015794936212	4.1675805588941115	21434.02462511105	3.0905695923485136e-5	102.583147400337	284.75310627666346	KMT2C	4.709894309204999e-5	0.13779419588385208
fixed	ONECUT1FALSE	224.5971188685332	54.00897264996792	4.158514925365213	21434.016385216582	3.215690825362689e-5	118.73549970282998	330.4587380342364	ONECUT1	4.893011039826561e-5	0.139447824297821
fixed	`FOXO1-PAX3`FALSE	256.68479816731826	61.802335543355014	4.153318736429484	21434.027089661766	3.2895616929585125e-5	135.54760581487278	377.82199051976374	FOXO1-PAX3	4.997700815496292e-5	0.09185021132427533
fixed	TBPFALSE	221.7385000148921	53.4849614643868	4.145810222982729	21434.061019569563	3.399158685015265e-5	116.90398191241259	326.57301811737165	TBP	5.1562622514231554e-5	0.24732760324837696
fixed	HEXIM1FALSE	183.28931749461125	44.26185796067375	4.141021772232474	21434.03749717241	3.4708545083246626e-5	96.53277092768738	270.0458640615351	HEXIM1	5.256931713069305e-5	0.14145642609170284
fixed	OSR2FALSE	189.18450521285993	45.99844504431399	4.112845663165425	21434.020380956328	3.922690748432741e-5	99.0241182896822	279.34489213603763	OSR2	5.932167297476507e-5	0.10772924375321531
fixed	MYCFALSE	216.00734308578592	52.70295334845658	4.098581376599681	21434.051899923084	4.1721993265125736e-5	112.70561927928071	319.3090668922911	MYC	6.299829304657577e-5	0.1581114498901281
fixed	GTF3C5FALSE	449.73304294780445	109.94942317197493	4.090362913904192	21434.00001209037	4.3227176172735035e-5	234.22396375724944	665.2421221383595	GTF3C5	6.517124725736506e-5	0.14176982183401488
fixed	ZNF146FALSE	246.34026680382385	60.408797374962376	4.077887286428988	21434.026752294012	4.561085790895984e-5	127.93451331472241	364.7460202929253	ZNF146	6.866000900493803e-5	0.11184571376269598
fixed	HSF2FALSE	349.04988391058123	85.80429923857996	4.067976628304411	21434.001751199467	4.759276723526693e-5	180.867050513727	517.2327173074355	HSF2	7.153425075300791e-5	0.1849577314060118
fixed	CBFA2T3FALSE	201.56845640071035	49.570206693041754	4.066322693566756	21434.02893591821	4.793136632385085e-5	104.40714995002062	298.7297628514001	CBFA2T3	7.193352693351133e-5	0.14584740156900797
fixed	CERS6FALSE	377.59853479561474	93.23972398383656	4.049760323840864	21434.004556312946	5.1450409239237154e-5	194.84171370644944	560.35535588478	CERS6	7.70974217475499e-5	0.21625855371165237
fixed	NR2F6FALSE	214.68848037516815	53.10601630218436	4.0426395223009335	21434.014503401428	5.303746557221752e-5	110.59672307304739	318.78023767728894	NR2F6	7.935499401245291e-5	0.07012711785218312
fixed	SRSF4FALSE	244.17283264324274	60.469994412121856	4.037917235102236	21434.01306933437	5.411541530556753e-5	125.64712838754494	362.6985368989406	SRSF4	8.084515074437815e-5	0.20985055647670964
fixed	ZBTB14FALSE	174.58278407270146	43.368674576540755	4.025550371952981	21434.017053461503	5.7037602461444566e-5	89.57694362671188	259.58862451869106	ZBTB14	8.495328704982529e-5	0.18015470101812767
fixed	ZNF366FALSE	178.66040820534252	44.37948192341861	4.025743439584075	21434.01693061626	5.69908549935559e-5	91.67330988392705	265.647506526758	ZNF366	8.495328704982529e-5	0.06531545395965943
fixed	MED25FALSE	307.9290777074485	76.62675513315777	4.018558232987242	21434.02009893826	5.8755296602798544e-5	157.73491603910233	458.1232393757947	MED25	8.73796718708286e-5	0.1695819440909244
fixed	ZSCAN31FALSE	397.38630547847094	99.73900632946224	3.9842617257064616	21434.01823346765	6.791400083695664e-5	201.89040570652728	592.8822052504146	ZSCAN31	1.0084820003801092e-4	0.14210200294585634
fixed	CTCFFALSE	193.261082874732	48.53682586040706	3.981741274770521	21434.006592744394	6.863783556047597e-5	98.12528001138898	288.39688573807507	CTCF	1.0176978325207414e-4	0.0833557470914699
fixed	PREBFALSE	290.7090978053982	74.105262488427	3.922921099575056	21434.016685987808	8.775449981286301e-5	145.45724999557373	435.9609456152226	PREB	1.2991882404727166e-4	0.2237773460406055
fixed	ZNF280DFALSE	285.98105972943523	73.48550363973361	3.8916663228093507	21434.024619259762	9.98591965092742e-5	141.94398554255514	430.0181339163153	ZNF280D	1.476179426658836e-4	0.11775341244548096
fixed	NOTCH3FALSE	310.6847323106856	80.08515741847589	3.87942962623196	21434.006787517246	1.0501458883982222e-4	153.71184392378714	467.6576206975841	NOTCH3	1.5500656376656394e-4	0.09400759742615866
fixed	ZC3H8FALSE	277.14568670198133	71.62478855964854	3.8694101898978266	21434.026406224137	0.00010942183354741974	136.75575300954998	417.5356203944127	ZC3H8	1.6127044525822998e-4	0.1568009884478842
fixed	ARHGAP35FALSE	492.0577370735567	129.05535308724535	3.8127650291337445	21434.00870518643	1.378054230093025e-4	239.09960864113438	745.015865505979	ARHGAP35	2.0280021953309295e-4	0.34805907883107334
fixed	TOP1FALSE	225.04508110478181	59.499776549881815	3.7822844749024327	21434.012831783028	1.5581765758301909e-4	108.42107630378072	341.66908590578294	TOP1	2.289660363291458e-4	0.17234927345142317
fixed	ZIC5FALSE	242.77238740261865	64.55510733852987	3.760699926181044	21434.0036740897	1.6988895118681539e-4	116.23955677849334	369.30521802674394	ZIC5	2.49271586116369e-4	0.10797920567962144
fixed	SIRT6FALSE	159.13031108783125	43.085525637886434	3.6933589350921845	21434.019399569304	2.2186089360271759e-4	74.67946370444633	243.58115847121616	SIRT6	3.250443404045758e-4	0.11374021723780936
fixed	REPIN1FALSE	237.04405118371415	64.28966644619697	3.6871252300257713	21434.022452049492	2.2736142509528241e-4	111.03150453490011	363.05659783252815	REPIN1	3.326088503619413e-4	0.10774503507625405
fixed	HNF1AFALSE	251.50111678216126	68.46222748552259	3.673574845857084	21434.02436882596	2.3976268346460842e-4	117.31003893798777	385.69219462633475	HNF1A	3.5023111984607984e-4	0.1037515798607696
fixed	ZNF260FALSE	362.31512506770787	98.68377184297302	3.671476254922934	21434.016053945154	2.4173913914918966e-4	168.88756368099308	555.7426864544227	ZNF260	3.525958449720429e-4	0.09865606764923021
fixed	STAG2FALSE	156.52770598884007	43.013067711427006	3.6390732937017733	21434.020174819114	2.742636846318333e-4	72.21888155181514	240.836530425865	STAG2	3.9944459829687975e-4	0.12781757650446482
fixed	ZNF10FALSE	178.32467161555857	49.08913886400058	3.632670601731264	21434.032306383913	2.811575942787572e-4	82.10629403125087	274.5430491998663	ZNF10	4.088811031841513e-4	0.10522113073255038
fixed	ZNF282FALSE	202.1765302613999	55.87656651517044	3.618270464175875	21434.007111003117	2.972602519260275e-4	92.65428766669456	311.6987728561053	ZNF282	4.316621625906673e-4	0.10833062349365394
fixed	ZNF770FALSE	157.96398304252514	43.90863407532202	3.5975608526457368	21434.030450832885	3.2193817238795e-4	71.89978166397032	244.02818442107997	ZNF770	4.6643449458728253e-4	0.11330717100804139
fixed	RREB1FALSE	210.95717075691715	58.641762307450925	3.597387978398345	21434.012876027507	3.221520190810745e-4	96.01493793779055	325.89940357604377	RREB1	4.6643449458728253e-4	0.07732927208228993
fixed	LMO2FALSE	156.37944319532417	43.623381292213026	3.5847620831546734	21434.01937057702	3.38134757781769e-4	70.87435856855826	241.8845278220901	LMO2	4.888575823648449e-4	0.13546999302569918
fixed	ZBED2FALSE	238.78761954156928	66.63455191191449	3.583540561017463	21434.023360054493	3.397197899959638e-4	108.17892229113326	369.39631679200534	ZBED2	4.904300335812889e-4	0.15450509183611605
fixed	CEBPGFALSE	256.6393309864011	72.5656262939235	3.5366514986985176	21434.00661661292	4.0608945855932234e-4	114.40528507643242	398.8733768963698	CEBPG	5.853862662858067e-4	0.14031869485995604
fixed	ZNF449FALSE	157.08673104869166	44.44137769138137	3.5346953494458364	21434.058044481433	4.091055703210079e-4	69.97831240983786	244.19514968754547	ZNF449	5.888731274985603e-4	0.10207221885682236
fixed	SOX11FALSE	559.4245180520771	158.5967649582934	3.5273387713752578	21434.000030994448	4.206367441962294e-4	248.56301652968529	870.286019574469	SOX11	6.045886731450178e-4	0.25420243775712115
fixed	PRDM4FALSE	173.5116005598609	49.6744048332901	3.4929779459295975	21434.020137573425	4.786285939753513e-4	76.14605797170992	270.8771431480119	PRDM4	6.869400198831097e-4	0.10224925237282485
fixed	NR5A2FALSE	211.69643023391214	60.66229693401175	3.4897529591435488	21434.00972584588	4.844382294453727e-4	92.79379867530864	330.5990617925156	NR5A2	6.942675788272348e-4	0.08912857612977888
fixed	ZSCAN4FALSE	173.6108940189009	49.79792926040085	3.4863074950579462	21434.02327556855	4.907176702916246e-4	76.00323433103215	271.2185537067696	ZSCAN4	7.022461870936747e-4	0.08812856647712142
fixed	GSPT2FALSE	174.38821716747537	50.04956071576823	3.484310644759245	21434.065117843504	4.943916378858571e-4	76.28734104895403	272.4890932859967	GSPT2	7.064784854426886e-4	0.1567622354901263
fixed	SFMBT1FALSE	172.92205216313192	49.67983528287151	3.48072917670787	21434.03451056015	5.010454559577048e-4	75.54586549200518	270.29823883425865	SFMBT1	7.14950534839793e-4	0.12418522335787119
fixed	USP7FALSE	293.3904418301176	84.40146636674582	3.4761296747530612	21434.004128608914	5.097131199094244e-4	127.95726561069938	458.8236180495358	USP7	7.262675379056248e-4	0.11798959052614716
fixed	KLF12FALSE	161.30313075817335	46.43258133982609	3.473921244602885	21434.036242017646	5.139243454415699e-4	70.29180428327574	252.31445723307098	KLF12	7.312112620568368e-4	0.17749723212074267
fixed	MYOGFALSE	233.4985406087815	68.11563165757933	3.427972917913913	21434.013302602423	6.092487760645877e-4	99.98681646327833	367.01026475428466	MYOG	8.655897596537226e-4	0.07069573692506023
fixed	DEAF1FALSE	251.9735138656431	73.64759092896053	3.4213408841667796	21434.01300412873	6.242942353672701e-4	107.61873648464439	396.3282912466418	DEAF1	8.856893756433501e-4	0.17646675653599003
fixed	PAX8FALSE	329.450404953121	96.34261951173315	3.4195707634148214	21434.013255542537	6.283679916221489e-4	140.6116769447019	518.2891329615401	PAX8	8.901879881313776e-4	0.22820562591711396
fixed	SMARCA5FALSE	149.9830443570659	43.9065625860519	3.4159596088424387	21434.005350674328	6.367555102874789e-4	63.922903246464145	236.04318546766763	SMARCA5	9.007760877237505e-4	0.06676396703523024
fixed	ZNF764FALSE	285.86552413525226	83.80544299126475	3.4110615484133735	21434.00584653912	6.482985915543414e-4	121.60059823676036	450.1304500337442	ZNF764	9.157914201612903e-4	0.12151563554912576
fixed	PHF19FALSE	-489.9335343195682	143.88979082540922	-3.404922138736279	21434.000667626933	6.630419877764079e-4	-771.9682683913336	-207.89880024780274	PHF19	9.352781115129302e-4	-0.1773498041909346
fixed	SPIBFALSE	207.93738432057623	61.49714003136949	3.381252920290408	21434.010342741338	7.22849322119687e-4	87.39839795479378	328.4763706863587	SPIB	0.0010181849023000163	0.10124071391952039
fixed	BRF1FALSE	245.85989666002322	73.0485141912159	3.365707015154977	21434.011962068707	7.648176431302986e-4	102.67935441681368	389.04043890323277	BRF1	0.0010757634752160833	0.1160408291362409
fixed	PRDM1FALSE	219.04708696850923	65.16748142561514	3.3612943476807318	21434.000114304068	7.771361170954748e-4	91.31395740737241	346.78021652964605	PRDM1	0.0010915330647523335	0.0816205629723549
fixed	LEF1FALSE	201.06246699451535	59.88340715230995	3.357565585457165	21434.013555985257	7.876887088136275e-4	83.68651756783055	318.43841642120015	LEF1	0.001104781033983267	0.09215706600017448
fixed	DAXXFALSE	188.72170514975969	56.27738902752787	3.3534197021373395	21434.017709620537	7.995778508320929e-4	78.41382050505837	299.029589794461	DAXX	0.001119863296761994	0.0991918869950073
fixed	ZNF577FALSE	208.36786564695603	62.562622293329596	3.330548784704188	21434.023180892844	8.682129769434637e-4	85.74045449382902	330.99527680008305	ZNF577	0.0012142666599521351	0.12312573847835889
fixed	ZNF479FALSE	186.93771421018113	58.074809667874646	3.218912214766841	21434.009916274183	0.0012886936694111646	73.10675089727911	300.76867752308317	ZNF479	0.0017997903088376886	0.07704280267383194
fixed	GLI4FALSE	200.33361876386078	62.292444153676726	3.2160179534717512	21434.023815397515	0.0013017549565398341	78.23577693845841	322.43146058926317	GLI4	0.0018154602364190615	0.11907923132021518
fixed	PBX2FALSE	197.36078210507745	61.821414820502845	3.1924339272743962	21434.025436341068	0.0014128286836619566	76.18619294427343	318.53537126588145	PBX2	0.001964808296319731	0.1509166827459333
fixed	STAT2FALSE	272.64571344805546	85.39483316998883	3.1927659242020057	21434.007016893338	0.0014112062161008166	105.26546412223126	440.02596277387966	STAT2	0.001964808296319731	0.15855897222736526
fixed	ZNF778FALSE	211.58872049435215	66.52423621829229	3.1806260773899906	21434.023955068427	0.0014716643712520492	81.19625024072911	341.9811907479752	ZNF778	0.0020437479859922825	0.11252984260680651
fixed	ZNF121FALSE	153.67786269559386	48.724811177987135	3.153996064432618	21434.03665538969	0.0016127359703631491	58.17359458075752	249.18213081043018	ZNF121	0.002236508673386871	0.09298822179486801
fixed	KAT8FALSE	572.6808299506367	182.01253651679676	3.1463812378538427	21434.006947038877	0.0016553057100272888	215.92266775635244	929.438992144921	KAT8	0.0022923194242793635	0.1386045246507286
fixed	CBFA2T2FALSE	170.29703768657447	54.386534123872266	3.1312353403270974	21434.008728024306	0.0017430660580162647	63.695369837899705	276.89870553524923	CBFA2T2	0.002410467227495143	0.07017207532903794
fixed	ZBTB6FALSE	145.42742590926588	46.50168576639544	3.127358148688007	21434.032786817843	0.0017662094530203776	54.28064959754225	236.5742022209895	ZBTB6	0.002439051149409093	0.10419905830287134
fixed	MLXIPFALSE	621.9280006661766	199.98932131443573	3.109806046535567	21434.00517873693	0.001874556216349807	229.93399796533248	1013.9220033670206	MLXIP	0.002585052348700573	0.43525102674845256
fixed	`SMC1A-B`FALSE	182.49236372435357	58.84296374795896	3.101345549249013	21434.009138618843	0.0019289334263381131	67.15576105727168	297.8289663914355	SMC1A-B	0.002656324522862262	0.12285411186146214
fixed	MEF2CFALSE	291.4506912049481	94.24012231096813	3.092639144113543	21434.007072029613	0.001986400177673697	106.73301469747395	476.16836771242225	MEF2C	0.0027278420267218178	0.1479981844410964
fixed	ZNF343FALSE	224.4877539390796	72.58164218249712	3.0928999012537397	21434.000985839954	0.001984656462204959	82.22231568951204	366.7531921886472	ZNF343	0.0027278420267218178	0.11723940068791591
fixed	KAT2BFALSE	260.0603953430232	85.600318985189	3.0380774093612914	21434.01754200618	0.0023837929422448265	92.27737848072121	427.84341220532514	KAT2B	0.003269012296319053	0.1611050168538921
fixed	ZNF239FALSE	189.1123405248706	62.67320183663352	3.0174354426285483	21434.01955376135	0.00255222543232607	66.26818520888351	311.9564958408577	ZNF239	0.003495130939268757	0.09450655896532989
fixed	CARM1FALSE	224.93530811693233	74.5803775477556	3.016011925829966	21434.011994259974	0.002564232867434678	78.75219931286418	371.1184169210005	CARM1	0.00350670403230318	0.07988046616593475
fixed	FUSFALSE	138.4316994689261	46.03924444676585	3.0068195326053098	21434.004933115648	0.002643023340124323	48.19134266683845	228.67205627101373	FUS	0.0036094473869287846	0.15280414000213077
fixed	ZNF583FALSE	189.51490617828017	63.1233598021036	3.0022943451112774	21434.007793398825	0.0026826173014520118	65.78840763350208	313.2414047230583	ZNF583	0.0036584518108322044	0.09084782202887909
fixed	SIX2FALSE	-272.7988684991294	91.22060782971039	-2.990539911862759	21434.000875270394	0.002788010850115086	-451.5980711633392	-93.9996658349196	SIX2	0.003796931903609772	0.0037172010543469044
fixed	IFNA1FALSE	165.21965176497622	55.47949716646486	2.9780308078358884	21434.001141493547	0.0029043137592599418	56.47569474063569	273.96360878931677	IFNA1	0.003949866712593521	0.01311193785884452
fixed	PCBP2FALSE	203.24343062506415	68.73586277076669	2.956876111424958	21434.000525229683	0.0031111171273271406	68.51600718140938	337.97085406871895	PCBP2	0.004225291305157797	0.05456580553427242
fixed	ZNF488FALSE	608.5313904607607	205.91895149869302	2.9551985673578134	21434.003536397988	0.003128077713169851	204.91486983978484	1012.1479110817365	ZNF488	0.004242482290488959	0.08001786404394798
fixed	HCFC1R1FALSE	-468.0857034927496	161.08217396954583	-2.9058814638374932	21434.009904167688	0.003665948742478518	-783.8187922510842	-152.35261473441494	HCFC1R1	0.004965144862752498	-0.09292406905612555
fixed	HOXB8FALSE	155.3346896417847	53.746792319910675	2.8901201901911544	21434.013853362816	0.0038548089080878605	49.98696349891651	260.6824157846529	HOXB8	0.005213774462790988	0.08458936533771684
fixed	IRF9FALSE	349.90283666117676	124.14238401766782	2.818560634467749	21434.009480583252	0.004828369327902153	106.57449445010326	593.2311788722502	IRF9	0.006521605694947291	0.18602195745833972
fixed	MSX2FALSE	187.52969714189408	67.15827747410407	2.7923541846975555	21434.00293520721	0.005237239402381806	55.89445867667234	319.1649356071158	MSX2	0.007064183379956855	0.12306690903987755
fixed	NCOA6FALSE	300.0795811491122	107.81461672751844	2.7832921941141615	21434.008106510417	0.00538574286007205	88.75488199728454	511.40428030093983	NCOA6	0.007254566202228198	0.19426645529924477
fixed	ARID1BFALSE	118.57053252886097	43.02766254659171	2.755681473528083	21434.011034654806	0.005861946976717021	34.23310112310733	202.9079639346146	ARID1B	0.007885238361586607	0.10248917730189909
fixed	ETV2FALSE	201.65343849595578	73.72099879687721	2.7353595554445707	21434.003797491743	0.006236341467568651	57.15477620907484	346.1521007828367	ETV2	0.008377428728913746	0.10385728394453267
fixed	RBM34FALSE	460.18046557777535	169.3132731191575	2.7179231556991663	21434.00217930716	0.006574589106689115	128.31380787491963	792.047123280631	RBM34	0.008819788924075466	0.263865378715958
fixed	ZNF671FALSE	323.1954876872444	119.11263401048973	2.713360260833305	21434.002361508403	0.0066657861342724325	89.72583105018859	556.6651443243002	ZNF671	0.00892997979401171	0.10358060663233706
fixed	ZKSCAN5FALSE	268.6539062206376	99.21774693612352	2.707720287113527	21434.00404974524	0.006780081254351037	74.17971377404933	463.1280986672259	ZKSCAN5	0.009070773564165701	0.09046879722053724
fixed	HIC1FALSE	131.42813642158745	48.58035177904633	2.7053763838382703	21434.01719105321	0.006828096769807603	36.20701951035086	226.64925333282406	HIC1	0.0091226333536995885	0.07519626313996064
fixed	ASCL1FALSE	149.10405541168558	55.26202745649676	2.6981285753415927	21434.027276409626	0.0069785094955986645	40.78635526450647	257.4217555588647	ASCL1	0.009310974780325146	0.07332894618830185
fixed	ZSCAN18FALSE	235.43247161518127	87.27345851778206	2.697641134127985	21434.007405060485	0.006988731307998797	64.36997633353252	406.49496689683	ZSCAN18	0.009312012256333532	0.07915984147265204
fixed	ZNF383FALSE	-542.5780686413094	201.26343881795967	-2.6958600718934584	21434.002899674364	0.007026195225959038	-937.0694367880116	-148.08670049460727	ZNF383	0.009349296211600015	0.07764149391770123
fixed	DPF1FALSE	199.26986034584795	74.85990840947137	2.6619036087497547	21434.00393536671	0.00777580834931891	52.538850177530435	346.00087051416546	DPF1	0.010332812712167716	0.1631325095442007
fixed	MTF2FALSE	-132.85677260588065	50.003491121433306	-2.656949937420138	21434.00140551473	0.007890957750135924	-230.86734889601962	-34.84619631574168	MTF2	0.01047171513005925	-0.002653995207825945
fixed	ZNF791FALSE	556.054936454066	210.44318205827284	2.642304355101851	21434.00307950202	0.008240384440287667	143.57058611777353	968.5392867903586	ZNF791	0.010920724540488763	0.0066550040669234554
fixed	YBX3FALSE	410.9392018610516	156.6891991411088	2.6226389828629744	21434.0057145128	0.008731339175912954	103.81667178027845	718.0617319418247	YBX3	0.011555839499933118	0.05912308111624605
fixed	ZNF157FALSE	403.53056104820894	155.55283612993006	2.59417038665337	21434.0015381391	0.009488399819795462	98.63538731663408	708.4257347797839	ZNF157	0.012540968126432073	0.04047330471977527
fixed	`NKX2-5`FALSE	179.36958276443892	69.19847798501992	2.5921030055497583	21434.02070506712	0.009545592579241279	43.73539896521325	315.0037665636646	NKX2-5	0.012599671061756225	0.11418218328403892
fixed	RORCFALSE	-114.13913190296084	44.38324409610464	-2.571671679875659	21434.004737397903	0.010127558367080026	-201.13360436655165	-27.14465943937003	RORC	0.013349963302060034	0.001911904592485452
fixed	ZNF785FALSE	160.03499170434213	63.2095726990977	2.5318157499050233	21434.011798992728	0.01135444197474917	36.13950944536717	283.9304739633171	ZNF785	0.014947236030844703	0.0982269832138338
fixed	ZNF830FALSE	287.74497436437014	114.58286654488577	2.511239097440901	21434.01057873478	0.012038112865627587	63.15400019626469	512.3359485324756	ZNF830	0.015826105714011735	0.056130576665760074
fixed	ZNF592FALSE	126.81718759544461	50.62898681142838	2.5048336058508367	21434.00437741899	0.012258262731213563	27.580593048786668	226.05378214210253	ZNF592	0.01609407064311128	0.09178013586928566
fixed	ZNF596FALSE	-182.0759102738457	73.44151128891097	-2.479196125983556	21434.000608663242	0.013175518234859587	-326.0267561773766	-38.12506437031476	ZNF596	0.017275347047302596	0.029443500411539286
fixed	BCL6BFALSE	390.79527048769796	158.4262313188031	2.466733363752722	21434.000848175743	0.013642946884829789	80.26802763288993	701.322513342506	BCL6B	0.01786446962608522	0.04466817318682264
fixed	ZNF664FALSE	180.52535861209532	73.27934550201283	2.4635230756412345	21434.003224773627	0.013765700037931775	36.89236976057239	324.15834746361827	ZNF664	0.01800130004960309	0.07793991343757274
fixed	ZNF133FALSE	-300.1813096507667	122.02539038571955	-2.459990570010883	21434.005260784565	0.013901900246742253	-539.3601862729568	-61.002433028576604	ZNF133	0.018155329328858095	0.06528028235846342
fixed	ZNF534FALSE	-127.10848530114441	52.28774023615692	-2.4309424107268844	21434.000056474706	0.015067751509434341	-229.59636041825576	-24.620610184033083	ZNF534	0.01965185580463262	0.040293821990103826
fixed	ZNF513FALSE	170.11242287418787	70.3477158320544	2.418165548975437	21434.0015606773	0.015607258725964527	32.22564707591968	307.99919867245603	ZNF513	0.020328609119948514	0.08406828995129506
fixed	PAX7FALSE	354.974865160535	146.9486952934552	2.4156380868278786	21434.00625012137	0.015715973065363542	66.94444993142116	643.0052803896488	PAX7	0.02044320506919321	0.12664983420127413
fixed	GPS2FALSE	-411.8573234686346	171.02220773566523	-2.408209605767738	21434.00009241364	0.016039361890051517	-747.0736206254867	-76.64102631178247	GPS2	0.020836377896694066	0.006930186516504165
fixed	GFI1FALSE	157.23051322702784	65.44394594261057	2.4025218981280134	21434.039077870355	0.016290908718306983	28.955492582520066	285.5055338715356	GFI1	0.02113531052138248	0.14076952669129544
fixed	ZNF280AFALSE	164.0196587762605	68.78835648533403	2.3844101990026494	21434.028043845516	0.01711516721625401	29.18934374219546	298.84997381032554	ZNF280A	0.02217549917900979	0.10944829579878884
fixed	EEDFALSE	109.75332757410575	46.147889322639465	2.3782957180722546	21434.04000629058	0.01740158204074146	19.300018711302457	200.20663643690904	EED	0.02251700773250798	0.08858359888453815
fixed	TCF21FALSE	144.13749336562387	60.73334475579527	2.373284296216372	21434.014927782373	0.01763945283392834	25.09560277291581	263.1793839583319	TCF21	0.022794889245417223	0.09762931820023765
fixed	ZFP42FALSE	236.182686358452	99.97364703424483	2.3624494390761828	21434.003711089856	0.0181635003282531	40.226873277357384	432.13849943954665	ZFP42	0.02344137607808581	0.21397848847010048
fixed	ZNF846FALSE	-348.90783781541234	148.14604941065795	-2.355161269594484	21434.000025542726	0.018523630182250735	-639.2851565237662	-58.53051910705847	ZNF846	0.023874901123789836	0.05118269840753838
fixed	ZNF34FALSE	255.80103642114963	109.024136627753	2.3462789464184883	21434.002972688926	0.01897096840905721	42.1055879488209	469.4964848934784	ZNF34	0.024419549414269465	0.06741075712198101
fixed	MEIS1FALSE	173.02637509303605	74.49229084393706	2.3227420332062283	21434.01221381172	0.02020232842750861	27.01592280584532	319.0368273802268	MEIS1	0.025970659490904158	0.08734652381422178
fixed	JMJD6FALSE	172.889596689282	74.75093791541676	2.3128752830487893	21434.003128994318	0.020738917895461978	26.372176825676206	319.4070165528878	JMJD6	0.02662574615224676	0.11978805042755666
fixed	SMARCD3FALSE	118.32088925761113	51.35054013855998	2.3041800327385844	21434.00015964645	0.021222054659425844	17.66999631127011	218.97178220395216	SMARCD3	0.027210592840304137	0.03534113301204467
fixed	OGG1FALSE	101.34023134102074	43.993473991793955	2.3035287315551303	21434.02998879421	0.021258634639930354	15.109737391208427	187.57072529083305	OGG1	0.027222095785677053	0.05656125933709773
fixed	SMARCE1FALSE	99.41628662756857	43.287006619608555	2.2966773263211517	21434.000965344465	0.021646780226809086	14.570521471597473	184.26205178353968	SMARCE1	0.027683171600043785	0.05187483444867184
fixed	ZNF222FALSE	428.008072806833	187.0417295842643	2.288302582306965	21434.000995498947	0.022129593331551334	61.392316671755964	794.62382894191	ZNF222	0.028263962467499504	0.1232365983665358
fixed	HES1FALSE	188.65144278336032	82.72065906944273	2.2805843776581893	21434.01319505857	0.0225828231724796	26.51277437408217	350.7901111926385	HES1	0.028805515715478503	0.10322709065536403
fixed	ZNF350FALSE	165.73180711578541	75.40381758581158	2.1979232938329436	21434.032702289	0.02796522714510608	17.934694360097552	313.52891987147325	ZNF350	0.03562495344324883	0.2557490589737881
fixed	ZNF436FALSE	448.1123969873976	204.24138000201492	2.1940333392918556	21434.007390105093	0.0282437083365128	47.78404176592073	848.4407522088744	ZNF436	0.03593328570296983	0.13086300635302273
fixed	ZNF320FALSE	170.33722538012955	78.29634873191527	2.1755449409698517	21434.021927271682	0.029600193210309034	16.870535592854054	323.8039151674051	ZNF320	0.03761055477495452	0.10044080761858881
fixed	ZMYM2FALSE	421.2580325238051	194.33583545725736	2.1676806623575997	21434.00035674615	0.030193962561926566	40.34528423611948	802.1707808114908	ZMYM2	0.03831563331539201	0.1385384296493517
fixed	NSD2FALSE	360.38727426915744	167.04806051924803	2.1573867613244873	21434.002969259178	0.030986619106348035	32.96060240311601	687.8139461351989	NSD2	0.03927095943298093	0.16148418410757312
fixed	ZNF624FALSE	333.81781891160693	154.86052295017916	2.1556030714102707	21434.000039470662	0.031125768139640506	30.279630705220825	637.356007117993	ZNF624	0.03939667186865923	0.10706031362775158
fixed	EOMESFALSE	285.28730976046893	132.56106033196787	2.152120004517422	21434.00569465555	0.03139903540269374	25.457733360107852	545.1168861608301	EOMES	0.03969160116289234	0.05255865965602109
fixed	ZNF318FALSE	212.53198747322668	99.56800911824129	2.13454089677374	21434.010471542708	0.03280984063672659	17.371254999397422	407.69271994705593	ZNF318	0.04142189867837697	0.1633438655091855
fixed	ZNF626FALSE	258.90015259104257	121.59580559441018	2.1291865399915104	21434.00858638219	0.033250195320337364	20.563294238405973	497.23701094367914	ZNF626	0.04192415931694711	0.06505157892604871
fixed	ZNF784FALSE	258.38300497723105	122.68386608490707	2.106087892587354	21434.00805423447	0.03520831510192359	17.913466818938616	498.8525431355235	ZNF784	0.044336396795014894	0.09906544448372967
fixed	COBLL1FALSE	376.84598396405016	179.13020392990663	2.103754563420859	21434.001831602214	0.03541148204832124	25.737408855078627	727.9545590730218	COBLL1	0.04453535880056727	0.1672831549998281
fixed	ZNF362FALSE	137.94295826080457	65.73786562240596	2.0983790233339787	21434.00016363019	0.03588334986123793	9.091833084164648	266.7940834374445	ZNF362	0.04507131587666318	0.09738768973257786
fixed	ZNF680FALSE	204.52717021182505	98.42741419460687	2.077949236860392	21434.006348190152	0.03772590758710608	11.602088952829234	397.4522514708209	ZNF680	0.04729905766005621	0.09398455535953987
fixed	TASORFALSE	382.18844543730773	183.95171468312486	2.0776563354990487	21434.002272390288	0.037752898963959676	21.629349236859866	742.7475416377556	TASOR	0.04729905766005621	0.20658626502338126
fixed	ADNPFALSE	385.75404279279286	186.05248519975044	2.073361408629603	21434.003807656776	0.038150574613881987	21.077279519589013	750.4308060659966	ADNP	0.04773663270214167	0.09105131261141752
fixed	ZNF654FALSE	190.62148974919128	92.12563540045296	2.0691470829003804	21434.000011094362	0.03854424414752343	10.048365468744436	371.19461402963816	ZNF654	0.04816809217928784	0.04746751925396725
fixed	ZNF148FALSE	101.96615091601197	49.69184589292726	2.05196947474485	21434.00647192393	0.04018474986412864	4.566422545166944	199.365879286857	ZNF148	0.05015463717219094	0.05112355612947446
fixed	NFIAFALSE	163.19298547757046	80.23273573374854	2.0339950269067804	21434.005424922485	0.04196438515460775	5.930832572706635	320.45513838243426	NFIA	0.05230958756313937	0.07667231384662797
fixed	MAF1FALSE	-105.83314313591397	52.94368955730916	-1.9989755912525582	21434.005812135627	0.0456235989096524	-209.60672789975115	-2.0595583720767934	MAF1	0.05679907642035009	0.032414887595227496
fixed	ZNF623FALSE	143.14530830420924	72.35315846997892	1.9784251486906919	21434.005540050202	0.047893547150165264	1.3277151934451012	284.9629014149734	ZNF623	0.05954985812113865	0.12142483397155293
fixed	ZNF322FALSE	274.00818087832084	143.9043020686342	1.904099995201217	21434.003386048276	0.05691053912104112	-8.054996311680043	556.0713580683217	ZNF322	0.0706722815785221	0.09085041683133346
fixed	ZNF695FALSE	134.1644591546466	70.78208035952204	1.8954579813589496	21434.00598065513	0.05804519381112046	-4.57370354924592	272.90262185853913	ZNF695	0.07199064289027014	0.14662160908647057
fixed	HMGB1FALSE	-114.94444267454685	61.371777524240315	-1.8729202136787821	21434.02872260521	0.061093003841424486	-235.23770915989007	5.348823810796375	HMGB1	0.07567550475834742	0.03336644508545242
fixed	ZNF28FALSE	198.11474628834495	106.14858321738593	1.8663908672489564	21434.000927607365	0.06200034508750534	-9.94440278717778	406.1738953638677	ZNF28	0.07670306180210824	0.058335102722461535
fixed	BACH2FALSE	159.21038053516443	86.03718959587567	1.8504832768595736	21434.001502454885	0.06425767714485817	-9.42893535170316	327.849696422032	BACH2	0.07930202487638656	0.08449796910183474
fixed	TBX18FALSE	131.039030284265	70.81455453069479	1.8504533588143341	21434.016320240535	0.06426198567569255	-7.762784216145974	269.840844784676	TBX18	0.07930202487638656	0.09407123254885125
fixed	ZNF565FALSE	-306.7921323695182	168.62054122542511	-1.8194232454714665	21434.007817271384	0.06886082729069987	-637.3009838304108	23.7167190913745	ZNF565	0.08487096963578758	0.07027646081672335
fixed	ZNF548FALSE	327.9690717381153	181.09908221793896	1.810992456292128	21434.01016217138	0.07015601308036798	-26.998651821046792	682.9367952972774	ZNF548	0.08635933695036557	0.05434899792982431
fixed	ICE1FALSE	318.8769173931925	176.27788478295713	1.8089445410909657	21434.000378990593	0.07047362515487804	-26.64089921032638	664.3947339967115	ICE1	0.08664213765923907	0.08878931402269405
fixed	ZNF837FALSE	301.5485114848553	167.20848424164672	1.80342829403957	21434.001503540065	0.07133501416482592	-26.192602856971348	629.2896258266819	ZNF837	0.08759193520114365	0.07080178989868231
fixed	ZNF335FALSE	82.94067573927944	46.3706244311705	1.7886469452743972	21434.000882191507	0.07368581007700206	-7.9492105768944725	173.83056205545336	ZNF335	0.09036593126358711	0.0558913305482589
fixed	CHAMP1FALSE	165.0650248097163	92.64610498086992	1.7816725791526782	21434.01343218792	0.07481679545800335	-16.528258704680297	346.6583083241129	CHAMP1	0.09163895692123143	0.15913181036904328
fixed	KAT7FALSE	80.44532961132785	45.17303670253313	1.7808262513114772	21434.000803849918	0.07495499831315058	-8.09719533449801	168.9878545571537	KAT7	0.09169432796124874	0.04037571427398537
fixed	ZNF331FALSE	270.9567385869335	153.02818181030221	1.7706329342840827	21434.002876305887	0.07663597204819148	-28.989924164638182	570.9034013385052	ZNF331	0.09351864905880791	0.04390583138627616
fixed	ZNF425FALSE	250.25503296662228	141.30902476939872	1.7709770014690276	21434.00404677707	0.07657873505819578	-26.721206930623538	527.2312728638681	ZNF425	0.09351864905880791	-0.02588475148961642
fixed	ZSCAN16FALSE	110.97714357138378	62.88501208550497	1.7647630157164917	21434.008812831908	0.0776178421219218	-12.282175651440568	234.23646279420814	ZSCAN16	0.09459974330310865	0.08436501624357354
fixed	ZMYM3FALSE	110.25367169380404	62.62723577739247	1.7604748209820242	21434.005732657894	0.07834159289203094	-12.500386718322332	233.00773010593042	ZMYM3	0.09536396369326235	0.04082684929907596
fixed	ESR2FALSE	101.07359997412928	57.542585679684805	1.7565008381229719	21434.00714479595	0.07901720704643002	-11.71416458233206	213.8613645305906	ESR2	0.09606777576791614	0.03285157979271255
fixed	ZNF354BFALSE	-346.4345203187454	197.68117194711442	-1.752491230735049	21434.00009581102	0.07970367361834735	-733.9043779185248	41.035337281034	ZNF354B	0.09678303225085035	0.03134022388132927
fixed	SRCFALSE	190.27453433654512	110.3672954354974	1.7240119329348644	21434.012893224557	0.08472010816818211	-26.05360568512424	406.6026743582145	SRC	0.10274788026301053	0.08553125437634919
fixed	ZNF273FALSE	-115.64707386521559	68.53284313915306	-1.6874693733397148	21434.00007247849	0.0915276839957972	-249.9765636718694	18.682415941438222	ZNF273	0.11086768601947916	0.00901691142373531
fixed	ZNF547FALSE	133.17396483477455	79.00969001040052	1.6855396447859	21434.003343096454	0.0918990585622061	-21.69092713005452	288.03885679960365	ZNF547	0.11118094692311069	0.11445078379730637
fixed	CDC5LFALSE	234.7159414839884	139.41226783051854	1.6836103819021804	21434.000625481443	0.09227155288451593	-38.54251318730104	507.9743961552778	CDC5L	0.11149479306879007	0.025420451360273367
fixed	NR0B1FALSE	-307.89666243563744	183.20064980282714	-1.6806526765435414	21434.000954265975	0.09284496851582148	-666.9836153909673	51.19029051969238	NR0B1	0.11205035368004894	0.03305072714049197
fixed	BNC2FALSE	330.2469775874905	197.2918460797384	1.6739007929096894	21434.001373385792	0.09416468906563472	-56.459772240498864	716.9537274154799	BNC2	0.11350413620869906	-0.004652798351616845
fixed	ZNF701FALSE	324.6740351021279	195.39566285199956	1.6616235507133488	21434.004793934735	0.09660290234177808	-58.31605401063939	707.6641242148952	ZNF701	0.11630093004761073	0.001541320781669125
fixed	RBM14FALSE	105.00184822946822	64.09478272828787	1.63822769592019	21434.005374769415	0.10138888213834989	-20.628711786217693	230.63240824515412	RBM14	0.12191394852245487	0.14578804138776283
fixed	IRF2BP2FALSE	112.10529402091639	68.65940509490396	1.6327740367974302	21434.006972055322	0.10253121820867583	-22.472266666771375	246.68285470860417	IRF2BP2	0.1231373704674231	0.06627221367135269
fixed	CBX4FALSE	-73.28879764752736	45.596471721123436	-1.6073348415152686	21434.000928477148	0.10799566460291138	-162.6612868470745	16.083691552019786	CBX4	0.12954224488865038	0.0573062935766029
fixed	PRDM6FALSE	129.2075860598393	81.13954756294316	1.5924119611291625	21434.00045445808	0.11130691651610033	-29.831985742705996	288.2471578623846	PRDM6	0.13335190727202298	0.04653556983515136
fixed	ZNF8FALSE	190.6575294627535	121.30492019913558	1.5717213213591654	21434.013439200957	0.11602995553916089	-47.10917179210193	428.4242307176089	ZNF8	0.13884167009904447	0.10927111005959182
fixed	MYOCDFALSE	-158.25038760286034	100.74860226848841	-1.5707452415184227	21434.00095389622	0.11625659669397553	-355.72517080934256	39.22439560362187	MYOCD	0.13894424768516347	0.01271513622108678
fixed	E2F5FALSE	152.32243711358467	98.78115037942713	1.5420192671223276	21434.000006985116	0.12308367423790939	-41.295993483880665	345.94086771105003	E2F5	0.14662440906618407	0.1556133625772846
fixed	RING1FALSE	-221.64116178071805	143.75168092067307	-1.5418335309972966	21434.00763576219	0.12312881410426005	-503.40519012155	60.12286656011389	RING1	0.14662440906618407	-0.07046895453034557
fixed	ZNF445FALSE	230.33420867671109	149.28039893650006	1.542963512407876	21434.00177656619	0.1228543920081913	-62.26651980127545	522.93493715469765	ZNF445	0.14662440906618407	0.024856669568569807
fixed	ELF2FALSE	271.548446896006	176.80387551546423	1.535873838196804	21434.007908044165	0.12458408603559133	-75.0003508113619	618.0972446033738	ELF2	0.14817841837285048	0.02434722448445727
fixed	AATFFALSE	-151.27086310018146	98.72256309044414	-1.5322825741628636	21434.00431071942	0.12546747796143978	-344.774458234413	42.23273203405006	AATF	0.14904931719274653	0.011712902687692836
fixed	SPIN1FALSE	-158.97352505653114	104.01248581060166	-1.528408092716956	21434.000010644788	0.12642600316593905	-362.84576371577907	44.89871360271681	SPIN1	0.15000726729436328	0.03488755951744643
fixed	NFKB2FALSE	145.9270698913431	95.82106519511026	1.522912207187504	21434.000609961826	0.1277954238988965	-41.88937271903882	333.74351250172504	NFKB2	0.15144986534172108	0.06357063097983262
fixed	ZNF519FALSE	77.96297750205001	51.48469048130816	1.5142943809743785	21434.00333799693	0.12996593820987393	-22.95086013205541	178.87681513615541	ZNF519	0.15383723298311608	0.11231897508472635
fixed	HINFPFALSE	176.56500269955853	118.32240560196848	1.4922364179571843	21434.002643123633	0.13565189611600872	-55.355747251355524	408.4857526504726	HINFP	0.16037502346568897	0.10562633882084493
fixed	ZNF398FALSE	-68.14603742351791	45.705640266973205	-1.4909765408703854	21434.004483939792	0.1359823699204767	-157.7325051235573	21.440430276521496	ZNF398	0.160573193702503	0.015302876892604475
fixed	SHOX2FALSE	105.87652662217216	71.50613930169301	1.4806634459100967	21434.014445708985	0.13871097793879192	-34.28084566972096	246.03389891406528	SHOX2	0.16359931130101535	0.08193979775019798
fixed	ZSCAN2FALSE	201.08503879602455	136.35417437937312	1.4747259459512634	21434.00007918165	0.1403009250591973	-66.17932436774669	468.3494019597958	ZSCAN2	0.16527683644966373	0.056052926002508496
fixed	ZNF460FALSE	-289.30241140569785	196.91457455919775	-1.469177241213935	21434.0031347575	0.14179939786783977	-675.2696808812891	96.66485806989334	ZNF460	0.16684272827886634	-0.02718017867988281
fixed	DNMT1FALSE	302.6051001689359	206.81999849395947	1.463132687227894	21434.002086413802	0.14344573844644862	-102.77753984424487	707.9877401821167	DNMT1	0.16857866282264403	0.04979647783711349
fixed	CASZ1FALSE	-244.29338659133455	167.20215409749	-1.461066024597358	21434.001908326052	0.14401198165650725	-572.0220933776013	83.43532019493219	CASZ1	0.16904263561109065	-0.047037615147158485
fixed	ZNF585AFALSE	-253.43159365772686	174.6495623526065	-1.4510863367986253	21434.00068009652	0.14677045526933657	-595.7577767128748	88.89458939742104	ZNF585A	0.17207570617784287	0.05979081445700687
fixed	CBX5FALSE	108.1748525321086	75.53692802713857	1.4320790553362723	21434.021144264694	0.15213578004528916	-39.88316663224147	256.2328716964587	CBX5	0.17815425074187066	0.11770163549399285
fixed	RFX2FALSE	-180.07275813891707	128.86714854635864	-1.397351925375595	21434.00202326353	0.16232223202643312	-432.66199162268026	72.51647534484616	RFX2	0.1898573200214271	-0.01303944152569961
fixed	CBX8FALSE	-192.9739246427406	140.30071752044597	-1.3754307750751067	21434.00083155231	0.16901230745514603	-467.97380704546237	82.02595775998117	CBX8	0.19744802742982698	-0.11468733971555639
fixed	TP73FALSE	-192.2908342815531	141.03279895488285	-1.3634476214505815	21434.00146446241	0.17275580158465878	-468.7256509588295	84.1439823957233	TP73	0.20158250930470242	0.012979187796432319
fixed	ZNF266FALSE	246.5858366968956	182.0829002722538	1.3542503789658216	21434.006937021953	0.1756707877262381	-110.31024371205703	603.4819171058482	ZNF266	0.20474160366202218	0.1697444355434452
fixed	ZNF467FALSE	61.30515007320542	45.361570760595	1.3514776725161466	21434.016969953078	0.17655673041355757	-27.60691570021489	150.21721584662572	ZNF467	0.20553121155580611	0.08459504499698253
fixed	ZNF41FALSE	126.57916257039335	93.92156557399115	1.347711378071894	21434.009973416705	0.17776547537481305	-57.51411894501314	310.67244408579984	ZNF41	0.20669429094288405	0.11007190563184094
fixed	GATAD2AFALSE	133.39684116176727	100.33252578895572	1.3295473238893698	21434.00630911171	0.18368161324333976	-63.262401074194884	330.0560833977294	GATAD2A	0.21332163799520967	0.031118970050547368
fixed	ZNF22FALSE	-235.11100328692285	177.9126820542069	-1.3214965935665486	21434.00010815314	0.18634994276389744	-583.8331446104198	113.61113803657409	ZNF22	0.21616593360612102	0.0016400773114472258
fixed	ZNF182FALSE	-219.03459496774772	167.19601925430769	-1.3100467101109194	21434.000005213184	0.19019407381552342	-546.7512770049401	108.68208706944463	ZNF182	0.2203658716593491	-0.029133725224594828
fixed	IRF8FALSE	109.256666012015	83.48169000337873	1.3087500505511218	21434.008266108656	0.19063306350224538	-54.3736798549928	272.8870118790228	IRF8	0.2206152589356971	0.02660539541149113
fixed	NCOA4FALSE	267.67207733208966	206.06087588572404	1.2989951449130672	21434.00720483975	0.19395956861733726	-136.22262568086114	671.5667803450405	NCOA4	0.22420179912859856	0.21354477512473663
fixed	AHRRFALSE	142.71944842378258	111.90345018716832	1.2753802334518891	21434.00964326254	0.20218851426977957	-76.61966961551809	362.05856646308325	AHRR	0.23344013474239186	0.12146533380298866
fixed	MIER1FALSE	-94.77867658054114	74.43293477646385	-1.273343270222777	21434.001575174923	0.20291006768118608	-240.67278654754094	51.11543338645865	MIER1	0.233999212553976	-0.04766356086262625
fixed	RBFOX2FALSE	55.763952565806704	43.95121758011249	1.2687692318002894	21434.007028954074	0.20453716033361335	-30.383715667099153	141.91162079871256	RBFOX2	0.23560004683287705	-0.004829556239166556
fixed	ZNF141FALSE	-191.84391698971854	153.23057801919373	-1.2519949964927242	21434.003396835946	0.21058534892910205	-492.18729142295155	108.49945744351447	ZNF141	0.24180279553678768	0.08356892602237365
fixed	ZNF223FALSE	137.20597135187532	109.563015108131	1.2523018941790043	21434.00003275716	0.21047354288485567	-77.54571918097074	351.95766188472135	ZNF223	0.24180279553678768	0.01742924827065601
fixed	CRY1FALSE	145.63408880918055	116.34009886314539	1.2517961582660733	21434.005758513267	0.21065781071612638	-82.40119191565464	373.66936953401574	CRY1	0.24180279553678768	0.025737730874007728
fixed	ZNF202FALSE	55.98906378023354	45.38767440746904	1.233574191918058	21434.00011015398	0.217375141647293	-32.97416709413313	144.95229465460022	ZNF202	0.24922312751654754	0.04235431243812411
fixed	ZNF169FALSE	185.31223161422471	150.49315483209355	1.2313665151147843	21434.01005163364	0.2181993249784875	-109.66558896751158	480.29005219596104	ZNF169	0.2498775080473736	0.10562150692684816
fixed	ZNF316FALSE	120.02853176799121	98.96646913339957	1.212820188686347	21434.015786567998	0.2252119415009761	-73.953137416694	314.0102009526764	ZNF316	0.2576090189326711	0.09717550674453063
fixed	ZNF645FALSE	142.17215169179593	117.83978372579216	1.2064868688373027	21434.01074842608	0.22764313510153544	-88.80262334016928	373.1469267237611	ZNF645	0.2600882169294484	0.08528808725684872
fixed	ZNF589FALSE	143.78516639148876	123.7206442223913	1.1621760240193295	21434.000498564274	0.24517691176245224	-98.71653433586681	386.2868671188443	ZNF589	0.2797967997659467	0.14035264058450894
fixed	ZNF92FALSE	-213.12682419763368	183.53749187953665	-1.1612168283171145	21434.009646368457	0.24556666451651388	-572.8740127666123	146.62036437134495	ZNF92	0.2799176083390551	-0.07025921847565718
fixed	ESRRGFALSE	79.4082406170845	68.65012985105749	1.156709255894602	21434.00002786238	0.24740405815057567	-55.15113990255658	213.9676211367256	ESRRG	0.28168637567721433	0.06088446303675398
fixed	SMARCA2FALSE	75.42047813014142	66.10456903940131	1.1409268561328552	21434.006076817943	0.25391310966646724	-54.14941312303452	204.99036938331736	SMARCA2	0.28876392864029604	0.08199160225956428
fixed	ZFP3FALSE	72.85085416287721	63.927566024520296	1.139584356065336	21434.003946204142	0.25447224069788804	-52.451948628057266	198.1536569538117	ZFP3	0.28906639323515854	0.0297865079640195
fixed	ZNF462FALSE	186.7322462677884	166.12148944965898	1.124070382985431	21434.00318818315	0.26099575719250456	-138.8782771158867	512.3427696514635	ZNF462	0.29613557720576467	-0.11729176817179149
fixed	ZNF37AFALSE	-230.62995794487463	208.63670680513218	-1.10541410222835	21434.00096649084	0.26899260350265103	-639.5734819002732	178.31356601052394	ZNF37A	0.3048582839696712	0.07337702916082545
fixed	ZNF215FALSE	123.39944271387851	111.88002264737838	1.1029622607675622	21434.000016099322	0.2700559377895806	-95.89375560369494	342.69264103145196	ZNF215	0.3057120030545654	0.0176919825302084
fixed	ZNF573FALSE	-179.87882052407855	163.40908742985235	-1.1007883548783435	21434.000111092664	0.2710011430186455	-500.172833420214	140.41519237205688	ZNF573	0.30643019153255097	-0.06888398512555102
fixed	ZNF736FALSE	-98.49700643690707	90.76862223832282	-1.085143786564178	21434.00370103561	0.2778701813452403	-276.410283591527	79.41627071771282	ZNF736	0.3138373411299048	0.03205539434016926
fixed	CSDC2FALSE	-106.78490087200537	98.50076362493594	-1.0841022642079523	21434.000457279533	0.27833165310848057	-299.8537524943423	86.28395075033158	CSDC2	0.31399886723679843	-0.002041967947883739
fixed	ZNF221FALSE	224.40591242509424	210.09943712970414	1.0680938297162503	21434.00386635842	0.2854902180564489	-187.4046721833903	636.2164970335788	ZNF221	0.3217066914327527	0.17292333636844037
fixed	MZF1FALSE	54.43233066043119	51.280937456296236	1.0614535022262552	21434.0051739721	0.28849581313416683	-46.08213583020766	154.94679715107003	MZF1	0.32472245633594576	0.036804249178489984
fixed	ATOH8FALSE	-135.97370203883318	129.45556134604567	-1.0503504107897224	21434.000005081958	0.29356887813714677	-389.71626854730744	117.76886446964104	ATOH8	0.3300557740515698	0.11437953104423751
fixed	ZNF468FALSE	-75.0860620499454	73.39283043991055	-1.0230708040538259	21434.000024020013	0.30628591629130264	-218.9414898547247	68.76936575483388	ZNF468	0.34396117706517587	0.012753895090445234
fixed	ZNF605FALSE	161.65053916024857	159.04547525585522	1.0163793650853796	21434.00056077135	0.3094602404060518	-150.09046804951527	473.3915463700124	ZNF605	0.34713059959086134	0.06681939923650666
fixed	ZNF783FALSE	72.83016935710786	74.63523368299654	0.9758148499466692	21434.00058481894	0.32916723719337415	-73.46046157245955	219.12080028667526	ZNF783	0.36881692712803055	0.059987116421039884
fixed	SALL3FALSE	-47.026852016258374	49.24187964284156	-0.9550174030185464	21434.000033370994	0.3395796666976084	-143.5446129402215	49.490908907704735	SALL3	0.37962080653496816	0.012888302928002455
fixed	ZBTB24FALSE	56.56051633907705	59.196865986750524	0.9554647090901139	21434.006669329276	0.33935351957554927	-59.469761142172025	172.59079382032613	ZBTB24	0.37962080653496816	0.08736516368943292
fixed	ZKSCAN2FALSE	134.3184306654306	142.11558471463198	0.9451351231825978	21434.00445038118	0.34460054972110987	-144.2387269488905	412.8755882797517	ZKSCAN2	0.38479744283693584	0.1569532674971647
fixed	TRIM25FALSE	39.95957858768394	42.87264701671094	0.9320529840881637	21434.00002593804	0.3513196422875663	-44.07401080715139	123.99316798251928	TRIM25	0.3918565240899778	0.07218665810951272
fixed	ZNF700FALSE	156.84943270171794	170.82254655650243	0.9182009978398101	21434.000770809533	0.3585239783073404	-177.9755136349488	491.6743790383847	ZNF700	0.39944027413676564	0.08521801264859918
fixed	ZNF180FALSE	-174.96987231481137	191.07302526596456	-0.9157225205978794	21434.00099331344	0.35982275198859504	-549.4872689973536	199.54752436773077	ZNF180	0.4004348007457728	0.041466900238301345
fixed	ZNF140FALSE	127.23012584108255	139.766552089453	0.910304532372331	21434.01413177735	0.36267216541592306	-146.72275242189107	401.1830041040562	ZNF140	0.4026967962838966	0.13203181724213933
fixed	ETS2FALSE	-164.36890083602773	180.54095347609564	-0.9104244642077336	21434.002135409257	0.36260893867328947	-518.2426503939779	189.5048487219224	ETS2	0.4026967962838966	0.09801190277952515
fixed	ZNF333FALSE	169.1443850880583	186.10422252072055	0.9088691422314505	21434.00381605597	0.36342942304047654	-195.63378719739308	533.9225573735097	ZNF333	0.403083702044893	0.1368610457885592
fixed	FOXJ2FALSE	-182.23700949471157	204.20317883954021	-0.8924298364518148	21434.00369420877	0.3721726034999969	-582.4904875892082	218.01646859978513	FOXJ2	0.41231706410224384	-0.00640998296735933
fixed	BMI1FALSE	50.48934441612178	56.70255840158989	0.8904244506665171	21434.02003982878	0.37324801249342343	-60.651903947837226	161.6305927800808	BMI1	0.41304437746185807	0.06026767415588184
fixed	ZNF543FALSE	-154.6957764039995	177.10239708381565	-0.8734821151561717	21434.00018458159	0.3824101361611082	-501.82969868258635	192.43814587458735	ZNF543	0.42270896216911735	0.07740856937974731
fixed	ZNF319FALSE	121.37228735773951	142.73320819044403	0.8503437209636361	21434.00614872655	0.39514351425099037	-158.3954583850099	401.14003310048895	ZNF319	0.43629507844510246	0.056807962757847094
fixed	LCORLFALSE	86.54947194363204	103.25807460317226	0.8381859944246248	21434.000471073286	0.401935598383951	-115.84406441795271	288.9430083052168	LCORL	0.4432980984413598	0.11360257765419163
fixed	ZNF423FALSE	49.830492843778984	61.205408803234015	0.8141517852446074	21434.00672497625	0.41556704721186255	-70.13667853284403	169.797664220402	ZNF423	0.4578202330177614	-0.002419973486649285
fixed	SMAD2FALSE	54.11565305697408	69.06008690041453	0.7836024465913213	21434.00099827287	0.4332820783243211	-81.24727388999449	189.47858000394265	SMAD2	0.47680371565600516	0.04913866024160253
fixed	ZNF23FALSE	143.9111446068377	192.52979530989836	0.747474666844145	21434.00365219932	0.45478528904136606	-233.46163013419618	521.2839193478716	ZNF23	0.49990891303766666	0.11395586396756088
fixed	TFEBFALSE	-78.2787894914014	108.21169415490421	-0.7233856756677879	21434.001442107343	0.46945086313609585	-290.38179005384285	133.82421107104005	TFEB	0.5154549566282746	0.08446663682994546
fixed	ISL1FALSE	43.39806413184651	60.56192699040439	0.7165898822658439	21434.008266970977	0.4736349969171456	-75.30783484326106	162.1039631069541	ISL1	0.5194706417800952	0.12194523041337596
fixed	ZNF506FALSE	120.18865629508078	170.07030020492203	0.7066998538266964	21434.00750064632	0.4797607025926972	-213.1618310173714	453.53914360753294	ZNF506	0.525604503062666	0.05688841334717462
fixed	SNAPC4FALSE	149.0439362709018	213.8713442354777	0.6968859563850719	21434.003463091867	0.4858817249496572	-270.15986790842874	568.2477404502324	SNAPC4	0.5317196235298135	0.10392288437123853
fixed	ZNF740FALSE	64.19220456404959	92.4844451207995	0.6940864972504759	21434.00043112048	0.4876354882698022	-117.08421355990835	245.46862268800754	ZNF740	0.5330472188847283	0.037671473341812214
fixed	ZNF512FALSE	113.74808904304389	166.2772140219951	0.6840870513262107	21434.001737301798	0.49392759370198347	-212.1676661313947	439.66384421748245	ZNF512	0.5393273614508922	-0.011258795839417152
fixed	NAB2FALSE	-60.92008074625142	89.3826991690586	-0.681564568004677	21433.99999910238	0.49552168972671173	-236.11684520186313	114.2766837093603	NAB2	0.5404694536178515	0.09926447161030419
fixed	PYGO2FALSE	-88.11821666227186	131.48865976497385	-0.6701582997330461	21434.000466527057	0.5027641033989066	-345.84580788021833	169.60937455567458	PYGO2	0.5477628795042232	0.10263840581498943
fixed	MAFGFALSE	63.63078362316212	97.49885936057038	0.6526310568192669	21434.00007312288	0.5140011579449797	-127.47426083038899	254.73582807671323	MAFG	0.5589634394443251	0.07395993630322906
fixed	NFXL1FALSE	-89.27687815375985	136.85293829445666	-0.6523563123041553	21434.000012884593	0.5141783362839787	-357.51885583316295	178.9650995256432	NFXL1	0.5589634394443251	-0.04203778102203231
fixed	SALL2FALSE	48.80276472951441	75.54079801519204	0.646045130734516	21434.00268213731	0.5182570447576595	-99.26283990758903	196.86836936661786	SALL2	0.5627769230518197	0.08389357236136302
fixed	ZNF597FALSE	86.7733373994062	136.40544339402894	0.6361427758329815	21434.000682514972	0.5246901595036833	-180.59151686085283	354.13819165966527	ZNF597	0.5685104365611336	0.11609454249817963
fixed	FOXF1FALSE	-76.00529977335236	119.31623906900012	-0.637007169907516	21434.000857256673	0.5241269766560245	-309.874037528925	157.86343798222023	FOXF1	0.5685104365611336	0.02258585235472721
fixed	SCRT1FALSE	42.635703072531236	68.73658138686879	0.6202767465633113	21434.003013928774	0.5350821960140699	-92.09312891145831	177.3645350565208	SCRT1	0.5791339684630878	0.05378085339130536
fixed	CIITAFALSE	99.14353090974029	164.44293472508318	0.6029053852358517	21434.004763789075	0.5465780121338516	-223.1768998770635	421.46396169654406	CIITA	0.590927543820151	0.23160329306938537
fixed	`MYC-DAXX`FALSE	26.410900682819534	44.01466180726721	0.600047793130126	21434.000563947964	0.5484807277929783	-59.861122974070696	112.68292433970976	MYC-DAXX	0.592335156192636	0.07910853683526897
fixed	ZNF311FALSE	-67.96376815489617	114.43312467096847	-0.5939169130469308	21434.002211777886	0.5525739541031736	-292.26123707405486	156.33370076426252	ZNF311	0.5959744597952932	0.01720423435031994
fixed	ZNF675FALSE	83.51100298280025	140.78260707697237	0.5931911953949036	21434.005405282383	0.5530594631974577	-192.433418929422	359.4554248950225	ZNF675	0.5959744597952932	0.05965109963129042
fixed	ZNF429FALSE	107.7924679136138	185.77906855463831	0.5802185830311214	21434.00459369114	0.5617733228200541	-256.34837831877354	471.9333141460011	ZNF429	0.604703598581412	0.1234163724972927
fixed	ZNF585BFALSE	116.34587126611791	209.11907318473038	0.5563618348831385	21434.000142595418	0.5779693317435358	-293.54312681182023	526.234869344056	ZNF585B	0.6214588452553177	0.10657067433669759
fixed	RBAKFALSE	81.59454051772985	146.92873175000176	0.5553341374821258	21434.01126010723	0.5786719287005868	-206.39674467176388	369.5858257072236	RBAK	0.6215365160117414	0.08833001583661547
fixed	HOMEZFALSE	105.70025566658221	192.1878096275372	0.5499841840719807	21434.00183964428	0.582335952336748	-271.0022016032246	482.40271293638904	HOMEZ	0.6247913482089592	0.13664495492013679
fixed	ZNF549FALSE	-42.84703274714072	78.25862897247565	-0.5475055378520681	21434.00376868797	0.5840371676887017	-196.23978899677456	110.5457235024931	ZNF549	0.6259354862402825	0.0728503852353353
fixed	ZNF395FALSE	58.80753165135468	108.77543550213855	0.5406324633855271	21434.00025013814	0.5887665551961301	-154.40044404612902	272.01550734883836	ZNF395	0.6303190265183326	0.14726873897722353
fixed	ZNF197FALSE	93.24847990650382	180.50354768971891	0.516601923341671	21434.000381232236	0.6054394026187133	-260.55195151874454	447.04891133175215	ZNF197	0.6460641244394495	0.002371434474615311
fixed	ZNF563FALSE	-84.82734963611077	164.16017109826768	-0.516735265738316	21434.000231581365	0.6053463059316075	-406.593542604631	236.9388433324095	ZNF563	0.6460641244394495	0.17531417777358324
fixed	ZNF667FALSE	-84.82734963611077	164.16017109826768	-0.516735265738316	21434.000231581365	0.6053463059316075	-406.593542604631	236.9388433324095	ZNF667	0.6460641244394495	0.17531417777358324
fixed	ZNF557FALSE	84.49877019923372	166.3470973492408	0.5079666044417418	21434.0065919795	0.61148199082823	-241.55396151052815	410.5515019089956	ZNF557	0.6518067491423079	0.12985927713382822
fixed	ZNF441FALSE	-32.17686258788029	63.70024487809678	-0.5051293389759675	21434.003499809205	0.613473189524572	-157.03409895821616	92.6803737824556	ZNF441	0.653223072215149	0.12630031782667292
fixed	ZNF765FALSE	82.39605857940353	164.35903118950242	0.5013174997630806	21434.002389882993	0.6161528397500977	-239.7599150147164	404.55203217352346	ZNF765	0.6553686084073316	0.16263228321837178
fixed	ZNF768FALSE	71.59656738272459	143.76653831090096	0.4980057823183731	21434.00074099985	0.6184850760357488	-210.1965825574535	353.38971732290264	ZNF768	0.657140393287983	0.08902802539285633
fixed	ZNF283FALSE	-38.06655853791146	78.30159109210517	-0.4861530654355957	21434.002182404034	0.6268636155515666	-191.54352375058266	115.41040667475973	ZNF283	0.6653256457845474	0.07202020721088945
fixed	HHEXFALSE	74.63878449646886	156.2001593929586	0.47784064233057066	21434.010148477115	0.632768504570959	-231.52519115843654	380.8027601513743	HHEX	0.6708706940935114	0.1213051990823742
fixed	ARID3BFALSE	57.95373944425377	127.37468654264646	0.4549863164911516	21434.001428778167	0.6491236913206949	-191.71015707253764	307.6176359610452	ARID3B	0.6874714926339475	0.07495086646607418
fixed	HOXC5FALSE	59.767310865809534	136.23573469651407	0.4387050945109986	21434.00025621664	0.6608796569749499	-207.26490167570392	326.79952340732297	HOXC5	0.6991709675722109	0.16639673287346873
fixed	ZNF677FALSE	66.11416571287171	157.85945554660614	0.4188166333397259	21434.00053217455	0.6753543442919957	-243.30215430831637	375.53048573405977	ZNF677	0.7137185246215517	0.0450221592248205
fixed	SAFBFALSE	23.546664239085246	58.538230055864915	0.4022442123141391	21434.001116802272	0.6875083181664279	-91.1926376398825	138.285966118053	SAFB	0.7257027031446918	0.08887472134906284
fixed	SOX21FALSE	-53.99839804736449	134.54187024276027	-0.4013501369494316	21434.000069720605	0.6881663564303112	-317.7105097811035	209.7137136863745	SOX21	0.7257027031446918	0.05145727822625345
fixed	SMARCC2FALSE	25.10813882117936	63.93235721610266	0.39272975242113184	21434.005251632447	0.6945229988814877	-100.2040550625772	150.42033270493593	SMARCC2	0.7316235864285757	0.01766893821972656
fixed	ZNF512BFALSE	23.73127229049735	60.99183815024315	0.3890893111310951	21434.00091154474	0.6972139454088309	-95.81728466107265	143.27982924206736	ZNF512B	0.7328922709734619	0.05589917407707941
fixed	PHOX2BFALSE	-69.35344320171181	178.2306424849388	-0.38912188294205613	21434.010876731212	0.6971898519730111	-418.6988107012032	279.9919242977796	PHOX2B	0.7328922709734619	0.07979050937540463
fixed	LYL1FALSE	38.99626916464863	100.71400526884135	0.3871980769760251	21434.000787897614	0.6986134180095369	-158.4107013393011	236.40323966859836	LYL1	0.7335812887725276	0.0332750759276421
fixed	RLFFALSE	29.177837947146028	75.61076894898218	0.3858952679985778	21434.007720450107	0.699578065265192	-119.02491494285204	177.3805908371441	RLF	0.7338127365441269	0.04622111931663858
fixed	ZBTB5FALSE	41.999309364159146	111.99599497978771	0.3750072435334755	21434.01241051508	0.7076587899732906	-177.52120337726387	261.5198221055822	ZBTB5	0.7415000711091015	0.0870873562785611
fixed	ZNF85FALSE	-67.39106956607075	185.72641612981502	-0.3628512893877584	21434.00821171256	0.7167195536431672	-431.4287131108507	296.64657397870917	ZNF85	0.7501969000978375	0.040697260105415994
fixed	`SMAD1-5`FALSE	73.18174492797517	209.54539066354673	0.3492405377958339	21434.00186269059	0.7269121658650155	-337.54286723912617	483.9063570950765	SMAD1-5	0.7600587439479378	0.013574219846065251
fixed	HMGB2FALSE	-40.67751607757896	118.9152677175158	-0.3420714333689155	21434.00014669785	0.7323004887769483	-273.7603200446964	192.4052878895385	HMGB2	0.764881654591177	-0.030757121454757584
fixed	ZNF79FALSE	-43.21286793581524	126.89576643658883	-0.34053829492735027	21434.001859689517	0.7334545263609886	-291.93804528414364	205.51230941251316	ZNF79	0.7652763629544282	0.09584158374517777
fixed	ZSCAN5CFALSE	-27.953385502454367	82.81909208825135	-0.33752344776573334	21434.003320381176	0.735725644520548	-190.28498998267338	134.37821897776462	ZSCAN5C	0.766834551265603	0.05253613454501457
fixed	ZNF792FALSE	-24.804214224553707	76.33557091117974	-0.32493651293202025	21434.011961486685	0.745232293016381	-174.42763307873227	124.81920462962486	ZNF792	0.7759229576706987	0.06417165871176218
fixed	TOX2FALSE	-62.361816526006685	202.53268201213754	-0.30790989338831454	21434.002555565083	0.7581538893762003	-459.3409961062969	334.61736305428354	TOX2	0.7885440241824194	0.06738315151841073
fixed	ZNF134FALSE	25.050070913136615	86.81122223900317	0.2885579797986295	21434.012187563883	0.7729224457623834	-145.1064067454265	195.20654857169973	ZNF134	0.8028260614730841	0.07529358165030252
fixed	ZNF704FALSE	43.60294777360714	151.51213000982136	0.28778519429949734	21434.013675543323	0.7735139537519573	-253.37214023907427	340.5780357862885	ZNF704	0.8028260614730841	0.09790393574167695
fixed	ZFP91FALSE	18.56329512889723	66.42588056343916	0.27945877377069317	21434.006257647445	0.7798954683490393	-111.63639070321409	148.76298096100857	ZFP91	0.8085982458382258	0.05789769767730913
fixed	GRHL1FALSE	34.778399178657025	125.77681744615855	0.2765088184358351	21434.00036499772	0.7821599535538891	-211.75355459901442	281.3103529563285	GRHL1	0.8100942376093853	0.017359347435091377
fixed	MBD3FALSE	-16.845013958161626	62.11163049451698	-0.2712054702806208	21434.002095146945	0.786235617628041	-138.58844751749072	104.89841960116746	MBD3	0.8134609852898724	-0.027517687171514288
fixed	PCGF2FALSE	-21.847794696491633	82.12889859570858	-0.26601835736335117	21434.000930323193	0.7902276297912171	-182.82656839654544	139.13097900356217	PCGF2	0.8167342169540251	-0.017500916974847007
fixed	ZNF90FALSE	-30.678532002492382	132.13046343893006	-0.2321836403508251	21434.007169789227	0.8163976003796141	-289.66410633942263	228.30704233443788	ZNF90	0.8428984648945544	0.06259364586345088
fixed	ZNF397FALSE	29.58054827561523	129.48760280367583	0.22844309134723986	21434.005090041173	0.8193039721730155	-224.22482187890571	283.38591843013614	ZNF397	0.8450143478688216	0.13442945514173002
fixed	BHLHE22FALSE	-20.711581295191724	93.42861138438718	-0.22168349703903262	21434.002253139493	0.8245623898310466	-203.83863579450767	162.4154732041242	BHLHE22	0.848784117021534	0.010967109138371555
fixed	ZNF507FALSE	17.610602337792425	79.49479624988773	0.22153151109959976	21434.006028492426	0.8246807141040868	-138.20513407754217	173.426338753127	ZNF507	0.848784117021534	0.09312181440317195
fixed	DACH1FALSE	17.501901172291195	83.08117019423726	0.21066026310622638	21434.00660395349	0.8331543866930278	-145.34339596326163	180.347198307844	DACH1	0.8566112880910589	0.06153107122064837
fixed	ZNF83FALSE	-27.060578286637536	144.7863551158383	-0.18690005881415658	21434.003519562986	0.8517407620110838	-310.8526453107414	256.7314887374663	ZNF83	0.8748087409822174	0.07747837922324982
fixed	CREB3FALSE	15.171800923773624	82.62816314216616	0.18361537213007786	21434.002192384865	0.8543169397960024	-146.78556856619895	177.12917041374618	CREB3	0.8765416260550034	0.08547867282116031
fixed	SUPT16HFALSE	12.751530431735183	70.91903986778237	0.179804047763597	21434.000850371067	0.8573081054522272	-126.255083136802	151.75814400027235	SUPT16H	0.8786962494551934	0.005716752517121315
fixed	ZBTB42FALSE	8.996393069413392	54.09924106519641	0.1662942564863637	21434.026629334407	0.8679269543072322	-97.04215892748745	115.03494506631422	ZBTB42	0.8882935388003291	0.0810624290950624
fixed	ICE2FALSE	-29.19825275325307	176.3183474266671	-0.16559962805570744	21434.00088151818	0.8684736018291251	-374.79537915927625	316.3988736527701	ICE2	0.8882935388003291	0.1285233304661184
fixed	ZNF611FALSE	-25.177014539256273	153.5631671158786	-0.16395217038118082	21434.000069976657	0.8697703425736134	-326.1722884385984	275.81825936008585	ZNF611	0.8886979873342826	0.01359344305497832
fixed	ZNF674FALSE	11.745928912833028	97.82075117237575	0.12007604492971874	21434.00119787535	0.9044240338756551	-179.99004752651092	203.48190535217697	ZNF674	0.9231491691525837	0.09092377640404543
fixed	ZNF644FALSE	11.895834250665478	101.78374066422208	0.11687362021709401	21434.000222069015	0.9069612978875247	-187.60789750420673	211.39956600553768	ZNF644	0.9247816336267832	0.04519299382407359
fixed	HOXB5FALSE	-11.058649756478221	96.71351947431388	-0.11434440413902304	21434.000061739236	0.9089658548966639	-200.62436939271421	178.50706987975778	HOXB5	0.92586811252904	0.042836136060801194
fixed	PROX1FALSE	8.706025737631059	79.56586767087975	0.10941910133680814	21434.00178014842	0.9128711083554366	-147.24901597139743	164.66106744665953	PROX1	0.9288863909581636	0.04737216145454131
fixed	CHD7FALSE	5.926131759668199	55.895097832099964	0.10602238817918097	21434.005427638604	0.9155655812682346	-103.63243360041241	115.4846971197488	CHD7	0.9289346395889087	0.005596634234562085
fixed	ZNF816FALSE	-14.3116732537268	135.2756409952376	-0.10579638099242601	21434.00534218314	0.9157448982560032	-279.4620304482992	250.83868394084558	ZNF816	0.9289346395889087	0.06777618446302404
fixed	POU2AF1FALSE	-12.384504536072775	116.67881997925132	-0.10614183909534805	21434.00672778823	0.9154708091211599	-241.08370393972527	216.31469486757973	POU2AF1	0.9289346395889087	0.07876317848995315
fixed	ZNF410FALSE	-14.977663448277978	144.31835882248515	-0.10378210762984662	21434.002765236935	0.9173432368086956	-297.85242279333534	267.89709589677943	ZNF410	0.9295996212675991	0.028073354245992964
fixed	ZNF165FALSE	-12.148923184631983	121.41365677400624	-0.10006224594030164	21434.001669116617	0.9202958440608342	-250.1287562528181	225.8309098835541	ZNF165	0.9316341912155879	0.030196979154425582
fixed	GLIS3FALSE	-4.301668883789186	45.23471395910086	-0.09509663060273923	21434.003821836126	0.9242389633048844	-92.96508585713916	84.36174808956078	GLIS3	0.93466627468576	0.023856627122811492
fixed	ZNF257FALSE	5.092832457185888	54.867158654959056	0.09282114441560539	21434.001743853998	0.9260465202270124	-102.45089536195457	112.63656027632635	ZNF257	0.9355347017867155	0.046598611292348366
fixed	ZNF329FALSE	9.19942750996552	119.10152495510265	0.07724021597064691	21434.006065616173	0.9384331704229374	-224.24845454675543	242.64730956668646	ZNF329	0.9470778976837423	0.06902063772067071
fixed	TSC22D4FALSE	-8.088622371840593	122.38162974720592	-0.06609343566145198	21434.001158680483	0.9473040534294997	-247.9657547450342	231.78851000135302	TSC22D4	0.955052961842011	0.048553557469987726
fixed	ZBTB18FALSE	6.84153973900113	118.0514659581124	0.05795387362177	21434.009843764616	0.9537859104869115	-224.54814827487513	238.23122775287737	ZBTB18	0.9606056258836514	0.05003419420956254
fixed	NEUROG2FALSE	-2.814970608391456	52.40274495906778	-0.05371799913516464	21434.0080822727	0.9571603429023232	-105.52826356748194	99.89832235069902	NEUROG2	0.9626173812775125	0.04625418879636878
fixed	ZNF317FALSE	5.552065141597063	104.76476020666249	0.05299554096859357	21434.001117533488	0.9577359543947666	-199.7946875046345	210.89881778782865	ZNF317	0.9626173812775125	0.03505353989412802
fixed	ZNF93FALSE	-6.690517815982608	176.37739382425104	-0.03793296675337707	21434.000189961884	0.9697414815550498	-352.4033795708139	339.0223439388487	ZNF93	0.9736915486896937	0.18251314481032202
fixed	ZIM3FALSE	-4.921858138051101	156.70159550397523	-0.03140911311222892	21434.005737424737	0.9749435659704414	-312.0686860156431	302.2249697395409	ZIM3	0.9779189786844916	0.02483824225638699
fixed	ZNF707FALSE	-3.9871580884769156	217.9453912959614	-0.018294298699175104	21434.009124279644	0.9854042459653007	-431.1763987034493	423.2020825264955	ZNF707	0.9874071001237668	0.12277092568158327
fixed	ZNF714FALSE	2.9015478868279536	186.0523378613681	0.015595331508223046	21434.00254096899	0.9875573752993061	-361.77492659336207	367.5780223670179	ZNF714	0.988559971619407	0.05526435547582623
fixed	TSHZ2FALSE	-0.7046574056617556	63.03293630243498	-0.011179193719943116	21434.00005397548	0.9910805837570361	-124.25391914181287	122.84460433048937	TSHZ2	0.9910805837570361	0.028208023944269946
