effect	term	estimate	std.error	statistic	df	p_value	conf.low	conf.high	variable	p_adj
fixed	LIN9FALSE	0.11471195375140802	0.006973028845758284	-16.45080728745123	12016.088590295913	3.7552552030199795e-60	0.1010436915669585	0.12838021593585755	LIN9	3.5825134636810607e-57
fixed	KAT2AFALSE	0.1060466752043247	0.00691142388973663	-15.343679811305247	12016.727835194219	1.2305021735699047e-52	0.09249916875108352	0.11959418165756588	KAT2A	5.869495367928445e-50
fixed	JARID2FALSE	-0.09171869293799888	0.006859278979746422	13.371477265878694	12015.958651520983	1.7275915446662853e-40	-0.10516398703722263	-0.07827339883877513	JARID2	5.493741112038787e-38
fixed	KDM5AFALSE	0.0896471372815029	0.006868081056168252	-13.052719755104002	12016.498859336658	1.123205051378833e-38	0.07618458975253525	0.10310968481047056	KDM5A	2.678844047538517e-36
fixed	`NKX3-1`FALSE	0.08437981630281577	0.006520292065870213	-12.941109915074676	12016.39621232153	4.735254273049489e-38	0.07159899132460329	0.09716064128102825	NKX3-1	9.034865152978425e-36
fixed	TET2FALSE	0.082203392486187	0.006483384373699782	-12.679086684980415	12015.897931000052	1.3246437222792339e-36	0.06949491248931361	0.09491187248306038	TET2	2.1061835184239817e-34
fixed	OGTFALSE	0.0835870778676309	0.006610404964579561	-12.64477415763699	12016.765747246951	2.0390601528302068e-36	0.07062961710173786	0.09654453863352393	OGT	2.7789476940000243e-34
fixed	DDX21FALSE	0.08465592489795377	0.0067010653248044645	-12.633203945138979	12016.693624333357	2.357735878291312e-36	0.07152075518390612	0.09779109461200143	DDX21	2.8116000348623897e-34
fixed	OTX2FALSE	0.08161073317601109	0.006478932959703871	-12.596323142034985	12016.947932833842	3.742308370399527e-36	0.06891097878095703	0.09431048757106514	OTX2	3.966846872623499e-34
fixed	ARID5BFALSE	0.08587943784753688	0.006877091763237617	-12.48775511570407	12016.311945892165	1.447231125106987e-35	0.07239922785706501	0.09935964783800874	ARID5B	1.3806584933520657e-33
fixed	E2F8FALSE	0.08166018050050522	0.0066411115944082074	-12.296161469303241	12016.080526823755	1.5317456522520548e-34	0.06864252970878183	0.0946778312922286	E2F8	1.3284412293167823e-32
fixed	NFYAFALSE	0.12384334142195264	0.010395574893369744	-11.913082507917808	12016.621940422076	1.5422157715175885e-32	0.1034663365782426	0.14422034626566266	NFYA	1.2260615383564828e-30
fixed	SETDB1FALSE	0.07617165692105894	0.006473030658422985	-11.767541502671722	12015.300539004467	8.573041652235217e-32	0.06348347181399538	0.0888598420281225	SETDB1	6.29129364325569e-30
fixed	TFDP1FALSE	0.07865170018193779	0.006933567588913716	-11.343611953490766	12015.630101364264	1.12919370346267e-29	0.065060788378839	0.09224261198503658	TFDP1	7.694648522167051e-28
fixed	RORBFALSE	0.08489236887231195	0.007778803476247347	-10.913293944439095	12016.895431543526	1.3416264570368552e-27	0.06964465844011057	0.10014007930451334	RORB	8.5327442667544e-26
fixed	LMO1FALSE	0.09199465996102259	0.008454852261516653	-10.880693963127909	12015.717111167578	1.9128440768585334e-27	0.07542178462129018	0.108567535300755	LMO1	1.1405332808269005e-25
fixed	EP400FALSE	0.07221603755458166	0.0067438380409009105	-10.708447788424987	12016.519167131924	1.2250645257629815e-26	0.058997026393335344	0.08543504871582797	EP400	6.874773868105202e-25
fixed	ZNF202FALSE	-0.06911921891690698	0.006511324162128113	10.615232354568654	12015.446462184023	3.3070782567754433e-26	-0.08188246545778187	-0.056355972376032085	ZNF202	1.752751476090985e-24
fixed	ATF7FALSE	0.09684490633750649	0.009209959705267076	-10.515236704252022	12016.013176419032	9.506930293604026e-26	0.07879189855223519	0.11489791412277779	ATF7	4.773479736893811e-24
fixed	RUNX2FALSE	0.07712449290584793	0.007343508336519703	-10.502404214931335	12016.184753557614	1.0878979444455654e-25	0.06273003112509974	0.09151895468659611	RUNX2	5.189273195005347e-24
fixed	HCFC1FALSE	0.12695556791338686	0.012175763284859593	-10.426908354177227	12015.953289509207	2.3969052743623574e-25	0.10308910633073241	0.15082202949604132	HCFC1	1.0888798246388996e-23
fixed	EZH1FALSE	0.0748913267365864	0.007185685350852488	-10.42229419740756	12016.92381794727	2.514965202518053e-25	0.060806223571916174	0.08897642990125662	EZH1	1.0905803650919196e-23
fixed	RBM25FALSE	0.07076871694462306	0.006804573955058265	-10.400168682422247	12015.275926599785	3.166591675685904e-25	0.057430653448514946	0.08410678044073117	RBM25	1.313447155914936e-23
fixed	GMEB2FALSE	0.069865079315519	0.006746235112260039	-10.356158383592664	12016.736406690326	5.000022165392294e-25	0.05664136953155132	0.08308878909948667	GMEB2	1.987508810743437e-23
fixed	BRD7FALSE	-0.10079031060839436	0.009736387545481283	10.35192058015108	12015.045024850062	5.2245306167147725e-25	-0.1198752020966027	-0.08170541912018602	BRD7	1.993680883338357e-23
fixed	IRF3FALSE	0.07335555459479977	0.0071656907005361965	-10.237052876048738	12015.83963472828	1.705381762538501e-24	0.059309644044522256	0.08740146514507728	IRF3	6.25743923639127e-23
fixed	CREB3L1FALSE	0.0675897257946667	0.00667124160147735	-10.131506222124965	12015.918465451077	5.0007556345381244e-24	0.05451301530746976	0.08066643628186362	CREB3L1	1.766933657536804e-22
fixed	BRCA1FALSE	0.09334475979775016	0.009253328447760112	-10.087695505971743	12015.867316293854	7.791079451816032e-24	0.075206742254	0.11148277734150032	BRCA1	2.6545320703687477e-22
fixed	POU4F2FALSE	0.06535256544128913	0.006486875115934681	-10.074583566554852	12016.957253531938	8.893314397978772e-24	0.052637243139036574	0.07806788774354169	POU4F2	2.9255937709212924e-22
fixed	XRCC5FALSE	0.08320859832581115	0.00832084803733793	-10.000014175530104	12016.037275077646	1.8817645847069413e-23	0.06689839294219098	0.09951880370943132	XRCC5	5.984011379368073e-22
fixed	CRXFALSE	0.07195324323010087	0.007219531485631392	-9.966469898123606	12016.718274892306	2.6316005414364835e-23	0.057801796153609274	0.08610469030659246	CRX	8.098538440420662e-22
fixed	MEIS2FALSE	0.06445333826617466	0.006487111854018524	-9.935598416766657	12015.693985938296	3.5798443269530084e-23	0.05173755178440016	0.07716912474794917	MEIS2	1.0672410899728656e-21
fixed	ATF2FALSE	0.07448892117699056	0.007539450636925033	-9.879887111691588	12015.921291812061	6.22320008655529e-23	0.05971038082441033	0.0892674615295708	ATF2	1.799070570476893e-21
fixed	ZNF574FALSE	0.06970324831809885	0.007078674793351734	-9.846934680989143	12016.327236072935	8.618742454313501e-23	0.0558279030498416	0.0835785935863561	ZNF574	2.4183177357103177e-21
fixed	NOTCH1FALSE	0.0999188637982769	0.01020137703801705	-9.794644725502586	12015.74335789926	1.4419265621892187e-22	0.07992251795117233	0.11991520964538147	NOTCH1	3.930279829510042e-21
fixed	PAX5FALSE	0.11746443373655603	0.01209173420341695	-9.714440605497455	12015.829384214687	3.158760811600521e-22	0.09376268269379712	0.14116618477931495	PAX5	8.370716150741381e-21
fixed	CXXC5FALSE	0.0645715685267011	0.006685933399727855	-9.657824071255245	12015.937205384489	5.473980365628902e-22	0.05146605974527371	0.07767707730812848	CXXC5	1.411399261840533e-20
fixed	XBP1FALSE	0.07813429523505888	0.00813519617784143	-9.604475851225363	12016.961474976746	9.163632803702272e-22	0.062187997589286836	0.09408059288083093	XBP1	2.2637214993921643e-20
fixed	MGAFALSE	0.08320210100743941	0.008663766685158274	-9.60345586752368	12016.2144466579	9.254207387452245e-22	0.06621971974212588	0.10018448227275294	MGA	2.2637214993921643e-20
fixed	E2F3FALSE	0.06203372605351891	0.006614632149956	-9.37825787544838	12015.023883959233	7.900918674327376e-21	0.04906797913259942	0.0749994729744384	E2F3	1.884369103827079e-19
fixed	ZNF35FALSE	0.0630893500592973	0.006736415097682541	-9.365419016562873	12016.161414346585	8.915083818150397e-21	0.049884889025380255	0.07629381109321436	ZNF35	2.0743877957354827e-19
fixed	HNF1BFALSE	0.08855170806283284	0.009494376261805864	-9.326753608771556	12016.670026841104	1.2813735551814978e-20	0.06994119801588689	0.1071622181097788	HNF1B	2.9105485039122595e-19
fixed	E4F1FALSE	0.07178048234904878	0.007725364115606344	-9.291533871399267	12016.513814787828	1.7809132766691557e-20	0.05663752164119767	0.0869234430568999	E4F1	3.9511424789357546e-19
fixed	GABPB1FALSE	0.06439883322740358	0.006941217885458374	-9.277742651230852	12015.494337169219	2.025296683986719e-20	0.05079292559255487	0.0780047408622523	GABPB1	4.339805578068491e-19
fixed	PCGF1FALSE	0.06301199286796137	0.0067925781674835276	-9.276594440915455	12015.439568434444	2.0470781028624955e-20	0.0496974430703926	0.07632654266553014	PCGF1	4.339805578068491e-19
fixed	MAFFALSE	0.09681169929252481	0.010454196648360937	-9.260558467465165	12015.875736145712	2.3765814964884268e-20	0.07631978621812195	0.11730361236692767	MAF	4.928823364456433e-19
fixed	RORCFALSE	-0.05989320803859393	0.006614543495817313	9.054775749296565	12016.044777405772	1.5782433887919717e-19	-0.07285878107210879	-0.04692763500507908	RORC	3.203498282782002e-18
fixed	SALL3FALSE	-0.06394819410740886	0.007078855539434847	9.033691074943773	12015.13658548163	1.9116947777619306e-19	-0.07782389380568104	-0.05007249440913667	SALL3	3.7219526897650644e-18
fixed	DDX20FALSE	0.06558432402415283	0.007258334279790106	-9.035726586300097	12016.43497403248	1.8766536610256734e-19	0.051356817173839386	0.07981183087446628	DDX20	3.7219526897650644e-18
fixed	MBD2FALSE	0.07992230048621432	0.008866080736143402	-9.014388980285691	12016.484172451688	2.2774577766176553e-19	0.06254335106139747	0.09730124991103117	MBD2	4.345389437786486e-18
fixed	GATA1FALSE	0.07081394963825723	0.00789995222994297	-8.963845296412437	12016.233089925892	3.596010033196458e-19	0.05532876800755685	0.0862991312689576	GATA1	6.726654062096904e-18
fixed	MNTFALSE	0.09519845383754984	0.010643013005040022	-8.944690173024162	12016.770728348867	4.272831842988408e-19	0.07433643037955004	0.11606047729554964	MNT	7.691097317379134e-18
fixed	PITX3FALSE	0.0627460585015058	0.007013246337438768	-8.946792324483017	12016.988259621585	4.192786528806461e-19	0.04899896364478606	0.07649315335822555	PITX3	7.691097317379134e-18
fixed	`MYC-DAXX`FALSE	-0.057661420983114275	0.006460948416040905	8.924606307017637	12015.097045706141	5.117845432434605e-19	-0.07032592296614118	-0.044996919000087364	MYC-DAXX	9.04152693063447e-18
fixed	JUNBFALSE	0.07245786295821965	0.008175946951585293	-8.862320583448781	12016.615259719976	8.933615026161086e-19	0.05643168717163975	0.08848403874479956	JUNB	1.5495761336286682e-17
fixed	CDK7FALSE	0.08134432965405054	0.0092239476078111865	-8.818819567574852	12015.355405158609	1.3153574103147684e-18	0.06326390322201551	0.09942475608608557	CDK7	2.2408053025719445e-17
fixed	E2F7FALSE	0.06669440433201372	0.007571743959303057	-8.808328000852345	12015.275119191267	1.443596266988726e-18	0.05185256377400686	0.08153624489002058	E2F7	2.4161242784337625e-17
fixed	BCL6FALSE	0.10592742645013596	0.012065219475880233	-8.779568963655997	12015.59971517011	1.861889786648719e-18	0.08227764850815956	0.12957720439211237	BCL6	3.062487683556686e-17
fixed	ILF3FALSE	0.0694177293124489	0.007923404647086959	-8.761098593894273	12015.99578000655	2.1915080012257367e-18	0.05388657712741012	0.08494888149748767	ILF3	3.5435570053717846e-17
fixed	CREMFALSE	0.10676463676597278	0.01233929207560844	-8.652411833010955	12016.147870038276	5.6806173525566694e-18	0.08257763239430832	0.13095164113763724	CREM	9.032181590565105e-17
fixed	GFI1BFALSE	0.08394385450769115	0.009840225522841368	-8.5306840084954	12016.167550458604	1.6284707222081138e-17	0.06465542400118468	0.10323228501419762	GFI1B	2.546821424568099e-16
fixed	MEF2DFALSE	0.08052120541946417	0.009455476630973025	-8.515827235583581	12016.38767761629	1.8500156149711775e-17	0.06198694488422506	0.09905546595470327	MEF2D	2.84663693013307e-16
fixed	CEBPZFALSE	0.06894122425376929	0.008140419031308762	-8.469001901329074	12015.696571933931	2.7616426565812355e-17	0.052984688802953865	0.08489775970458471	CEBPZ	4.1819160228230136e-16
fixed	SIN3BFALSE	0.06841005581453431	0.008084240526736642	-8.462149980358062	12015.953524855915	2.92784986540454e-17	0.052563639336001194	0.08425647229306743	SIN3B	4.364326205618642e-16
fixed	CC2D1AFALSE	0.06823981668846378	0.008101907593836959	-8.422685139037272	12015.658137484064	4.0959930641604774e-17	0.05235876986707373	0.08412086350985383	CC2D1A	6.011657512629378e-16
fixed	ASXL3FALSE	0.06022844158346095	0.007162530908603684	-8.408821176759476	12016.164498319466	4.60706457052297e-17	0.046188724773703324	0.07426815839321857	ASXL3	6.659302424665021e-16
fixed	EBF1FALSE	0.05638900781189377	0.006761140914650249	-8.340161597535754	12016.650675352139	8.224946308332142e-17	0.043136080239651674	0.06964193538413588	EBF1	1.1711341459923679e-15
fixed	SRFFALSE	0.07000187514293116	0.008413089714613119	-8.320590593648536	12016.347001748762	9.694363628280436e-17	0.05351086122414307	0.08649288906171924	SRF	1.3600621913793435e-15
fixed	SIX5FALSE	0.05880175332598563	0.007121950860136761	-8.256410986365115	12016.814090430238	1.6576038825813387e-16	0.04484158003797699	0.07276192661399428	SIX5	2.2918175420037638e-15
fixed	GMEB1FALSE	0.08795573746868467	0.010831205660390758	-8.120586038757894	12015.949055603927	5.0908483532217375e-16	0.06672482588237238	0.10918664905499695	GMEB1	6.938099041390768e-15
fixed	PKNOX1FALSE	0.0625569672887044	0.0077064999177923	-8.11742917745015	12016.446703001378	5.224228418518546e-16	0.04745098344516065	0.07766295113224815	PKNOX1	7.019597058122104e-15
fixed	ZNF44FALSE	0.06685209920023895	0.008323046463294903	-8.032167007004036	12016.356826350837	1.046742016553831e-15	0.05053758459055809	0.0831666138099198	ZNF44	1.386933171933826e-14
fixed	ELF4FALSE	0.052458229787207857	0.00654439707965984	-8.01574677524526	12016.56021241466	1.1956744658819271e-15	0.039630155108485665	0.06528630446593005	ELF4	1.5537471563695867e-14
fixed	`PBX1-2-3`FALSE	0.06458143472699193	0.008057806820575083	-8.014765824627052	12015.6488381581	1.2052126789449625e-15	0.04878683253940477	0.08037603691457909	PBX1-2-3	1.5537471563695867e-14
fixed	ZBTB12FALSE	0.05186971089873221	0.006485219020728476	-7.9981432751835975	12016.007840459424	1.3785604192982086e-15	0.0391576347092259	0.06458178708823853	ZBTB12	1.7535288533473214e-14
fixed	NEUROG2FALSE	-0.05889291536119386	0.007394616859927769	7.964295713594162	12015.054471688602	1.8109682395096187e-15	-0.07338755823548204	-0.04439827248690568	NEUROG2	2.273241711173916e-14
fixed	CHD7FALSE	-0.06357276171784988	0.008025946254388334	7.920905486140067	12014.999405434688	2.5650214281831667e-15	-0.07930491213793824	-0.04784061129776153	CHD7	3.1779616136191444e-14
fixed	NBNFALSE	0.06197406831911785	0.00785748972516868	-7.887260497535989	12015.96103166604	3.3555831135511242e-15	0.04657212001721059	0.07737601662102511	NBN	4.10413626965099e-14
fixed	STAT5BFALSE	0.054504562029929295	0.007006934697050247	-7.778659911426664	12016.058859937424	7.927538954164452e-15	0.04076983890014772	0.06823928515971087	STAT5B	9.57325590161125e-14
fixed	ZHX1FALSE	0.06714726916028693	0.008650015514515837	-7.7626761533092274	12016.56645639536	8.988144068082509e-15	0.05019184245927231	0.08410269586130156	ZHX1	1.0718361801188393e-13
fixed	HMGB1FALSE	-0.06414236302506036	0.00838614806219398	7.648608461162737	12016.37311635471	2.1863526985559245e-14	-0.08058056695246751	-0.04770415909765321	HMGB1	2.5750376227436444e-13
fixed	ZNF398FALSE	-0.05092645595804621	0.006681420065559083	7.622100610102087	12015.06149397528	2.6831921980233394e-14	-0.0640231179720705	-0.037829793944021924	ZNF398	3.1216650694076415e-13
fixed	ZNF518AFALSE	0.04926926126946306	0.006468077224015034	-7.617296387021081	12016.047416613477	2.7844194728776368e-14	0.03659078577292192	0.061947736766004194	ZNF518A	3.200405032681043e-13
fixed	ZNF786FALSE	0.060122800585303844	0.007926893985630165	-7.584660611620915	12016.066310143913	3.578887553368318e-14	0.044584808742623466	0.07566079242798422	ZNF786	4.0645937213254474e-13
fixed	MAFKFALSE	0.04939691487646901	0.006542549769182831	-7.550101507693799	12016.336911425333	4.6633310766664426e-14	0.03657246120046942	0.0622213685524686	MAFK	5.233903349576219e-13
fixed	DIDO1FALSE	0.04915455095962639	0.006513959561880704	-7.546032561711902	12015.962757662654	4.81058646679339e-14	0.03638613866505028	0.061922963254202504	DIDO1	5.336394755024296e-13
fixed	RFX5FALSE	0.05628675645601137	0.007469129418253895	-7.535919289127792	12016.859600223846	5.196627659096019e-14	0.041646057159244916	0.07092745575277781	RFX5	5.6983710192846e-13
fixed	`KMT2B-D`FALSE	0.05065136974338228	0.006726023972509891	-7.530655547824513	12016.738806551697	5.4094651379642556e-14	0.03746727705603235	0.06383546243073221	KMT2B-D	5.86435197911125e-13
fixed	HDAC3FALSE	0.04944921269290568	0.006653682107339758	-7.431856811788115	12016.787406722151	1.1433783545545574e-13	0.03640692174388069	0.062491503641930665	HDAC3	1.2255988205000535e-12
fixed	FOXM1FALSE	0.051941841967987706	0.007000881970194297	-7.419328334504995	12016.297767293867	1.2563612575374778e-13	0.03821898318741565	0.06566470074855976	FOXM1	1.3317429329897264e-12
fixed	USF2FALSE	0.0538475679577191	0.007274982890722425	-7.40174496168085	12015.816067502332	1.4336364473716374e-13	0.039587427068519046	0.06810770884691915	USF2	1.5029551327390573e-12
fixed	CBX4FALSE	-0.0486399202316616	0.006590319126985776	7.380510608734075	12015.743323258723	1.6807050389328935e-13	-0.06155800962439029	-0.03572183083893291	CBX4	1.727037020417058e-12
fixed	PHIPFALSE	-0.054826442392618045	0.007428773564553797	7.380281807783322	12014.9985989527	1.6835895482053083e-13	-0.06938803792924719	-0.04026484685598889	PHIP	1.727037020417058e-12
fixed	E2F4FALSE	0.10242181051695042	0.01392834464833433	-7.353480481917777	12015.914492543843	2.0564399613714755e-13	0.07512000653223201	0.1297236145016688	E2F4	2.087067790583391e-12
fixed	CLOCKFALSE	0.048163469066153354	0.006658218519024322	-7.23368704835045	12015.999979298962	4.986000857467426e-13	0.03511228593181877	0.06121465220048794	CLOCK	5.006994545288341e-12
fixed	AHRFALSE	0.07179220765185682	0.009968739797195062	-7.201733530255973	12016.735050513029	6.299804922039962e-13	0.05225186851485733	0.0913325467888563	AHR	6.260431141277212e-12
fixed	BAP1FALSE	0.04824569443948417	0.006720024890580399	-7.1793922232507175	12016.140067053813	7.414693053613513e-13	0.035073360854959615	0.061418028024008725	BAP1	7.292388838296177e-12
fixed	SMAD5FALSE	0.06826745005426346	0.009521876713144284	-7.169537278299879	12015.555484146882	7.966041222166827e-13	0.04960303450919765	0.08693186559932928	SMAD5	7.754697271374646e-12
fixed	SOX2FALSE	0.052465985219476464	0.00735557542323521	-7.13281860366001	12015.90709715595	1.0397696464041933e-12	0.03804786996724892	0.06688410047170401	SOX2	1.0019598410804044e-11
fixed	NEUROD1FALSE	0.09946271965995741	0.014079652061246735	-7.064288181788359	12016.04970243367	1.703522071172837e-12	0.07186432875142829	0.12706111056848654	NEUROD1	1.6242325588004645e-11
fixed	ZHX2FALSE	0.05594646695497644	0.007921085069927716	-7.062980192874886	12015.8541255589	1.7195753505120221e-12	0.04041986149717999	0.07147307241277288	ZHX2	1.6242325588004645e-11
fixed	MTA3FALSE	0.06544505560773477	0.009321606628423231	-7.020791395356803	12015.84644537951	2.3249331371465274e-12	0.047173201804383585	0.08371690941108595	MTA3	2.17449628709587e-11
fixed	ATF1FALSE	0.06587410454482782	0.009426869134981876	-6.987909092784332	12015.82580854158	2.9375476499785854e-12	0.04739591923261945	0.08435228985703619	ATF1	2.7207965612423016e-11
fixed	ZBTB40FALSE	0.05224075423164662	0.007493390840245776	-6.971577400056337	12015.420182087466	3.298113098064923e-12	0.03755249845434461	0.06692901000894863	ZBTB40	3.025384514955708e-11
fixed	ASXL1FALSE	0.04674156692968903	0.006712092991031834	-6.963784171664696	12016.051860539068	3.4851187160004656e-12	0.03358478113897963	0.05989835272039844	ASXL1	3.166479290537566e-11
fixed	ZNF423FALSE	-0.059929658646405565	0.008615512294141228	6.956018005703421	12015.065283653406	3.681831863812483e-12	-0.07681745367849527	-0.04304186361431586	ZNF423	3.313648677431235e-11
fixed	TRIM25FALSE	-0.04510708484051573	0.006503578774237536	6.935732833620359	12015.823382461867	4.248392655769927e-12	-0.05785514913042927	-0.03235902055060219	TRIM25	3.787819246359355e-11
fixed	ZNF350FALSE	0.0643007440388392	0.009539138242900697	-6.740728816535778	12015.620002210038	1.648012248071145e-11	0.04560249311890847	0.08299899495876994	ZNF350	1.455744152462845e-10
fixed	ELK1FALSE	0.04402778968699045	0.006545050207401899	-6.726883414461624	12015.971465085435	1.8119736177933976e-11	0.03119843470914354	0.05685714466483736	ELK1	1.5858925058485333e-10
fixed	IRF1FALSE	0.06667493476433978	0.009935075557798522	-6.711064689588937	12016.271311734463	2.0189035041316927e-11	0.047200582894865784	0.08614928663381377	IRF1	1.7509399481287587e-10
fixed	ZNF30FALSE	0.04937040187778249	0.007475601544242643	-6.604204569437659	12015.369044394674	4.1650021410446334e-11	0.03471701598626148	0.0640237877693035	ZNF30	3.579650488789712e-10
fixed	TRIM22FALSE	0.04557813792590913	0.006947791148897779	-6.560090386876382	12015.57935573595	5.598161602118314e-11	0.031959345643249704	0.05919693020856856	TRIM22	4.768434078947207e-10
fixed	PRKDCFALSE	0.04621886588049692	0.007062927146640556	-6.543868416153873	12015.652854588741	6.238307556378067e-11	0.032374388463578735	0.06006334329741511	PRKDC	5.266677352906793e-10
fixed	KLF10FALSE	0.05936215070279638	0.009076387998202708	-6.540283504247634	12015.583014408716	6.389152760547969e-11	0.04157096496167581	0.07715333644391695	KLF10	5.346712046984879e-10
fixed	STAG2FALSE	-0.04554966268911743	0.00700604270199	6.501482309860812	12015.009396628488	8.268118733374301e-11	-0.0592826374854251	-0.03181668789280975	STAG2	6.858943714468767e-10
fixed	L3MBTL2FALSE	0.05815395353343385	0.008968141985378871	-6.484504106675008	12015.24970881589	9.251210412198432e-11	0.04057494740323039	0.0757329596636373	L3MBTL2	7.608323045894228e-10
fixed	TBL1XFALSE	0.04672176164637498	0.00720679722349371	-6.483013216198862	12016.02334502797	9.342782479126886e-11	0.032595275696918904	0.06084824759583106	TBL1X	7.617961098364998e-10
fixed	`PAX3-FOXO1`FALSE	0.04206243813736726	0.006523259310601916	-6.448070839220718	12016.417119736068	1.1762242615548974e-10	0.029275796882738396	0.05484907939199612	PAX3-FOXO1	9.50947411460485e-10
fixed	NFATC3FALSE	0.045686033813626896	0.007102028074563763	-6.4328151527946655	12015.823767535181	1.3001568262006703e-10	0.03176491228563683	0.05960715534161696	NFATC3	1.0423105984835625e-9
fixed	ZMIZ1FALSE	0.04681301709975936	0.007286966904100147	-6.424211570580779	12016.179990861096	1.3755837093954314e-10	0.03252938565330199	0.06109664854621673	ZMIZ1	1.0845511229448277e-9
fixed	CHD1FALSE	-0.05611458878824292	0.008734542114325568	6.424445386348197	12015.125571710989	1.3734828559267556e-10	-0.07323570147606615	-0.0389934761004197	CHD1	1.0845511229448277e-9
fixed	IKZF1FALSE	0.04291260885399793	0.00670176254572468	-6.403182530150011	12015.637257368204	1.578410414538445e-10	0.029776072358063926	0.05604914534993194	IKZF1	1.2342651930079315e-9
fixed	SUPT6HFALSE	0.04147337820956309	0.006483671388317546	-6.396588556954157	12015.299083118027	1.6478285059412977e-10	0.028764335553894373	0.0541824208652318	SUPT6H	1.278071865583738e-9
fixed	NFATC2FALSE	0.0456400181521952	0.007148988576875351	-6.3841224057660115	12015.761107524451	1.7873049756905408e-10	0.03162684645133694	0.05965318985305346	NFATC2	1.3750717312973999e-9
fixed	HNRNPKFALSE	-0.04309413769136768	0.006763137683505506	6.3719148874448015	12015.151252777026	1.935045960159932e-10	-0.05635097941953515	-0.02983729596320021	HNRNPK	1.47682707679406e-9
fixed	CDX2FALSE	0.045225166773246006	0.00712565098767607	-6.3468119406161865	12016.187894308994	2.277300565090755e-10	0.031257740564676624	0.05919259298181539	CDX2	1.7242418564258573e-9
fixed	BMPR1AFALSE	0.04388210622028257	0.006929481863895901	-6.332667735075233	12016.191835339889	2.495494119171776e-10	0.030299203161771454	0.05746500927879368	BMPR1A	1.8745680233778536e-9
fixed	FOXK2FALSE	0.04169978407755205	0.006601061324085683	-6.317133265434087	12016.413694611168	2.7586798781839974e-10	0.028760638317068047	0.05463892983803606	FOXK2	2.0560785967090104e-9
fixed	RELBFALSE	0.042792956597306656	0.0067939692627576485	-6.298667971885576	12015.704610392017	3.1069245362086034e-10	0.02947568005801684	0.05611023313659647	RELB	2.2976790756147346e-9
fixed	KDM4CFALSE	-0.05260412454239477	0.00842804106558472	6.241560065149635	12014.99903931796	4.4781299064289864e-10	-0.06912444570930651	-0.036083803375483024	KDM4C	3.2862584082563483e-9
fixed	ARID4AFALSE	0.04422357991472488	0.007110179290757525	-6.219755945143439	12015.151501573513	5.144608039333615e-10	0.030286480608561803	0.058160679220887954	ARID4A	3.7181485375183855e-9
fixed	MLXFALSE	0.05124980967630449	0.008239157054988285	-6.220273425334937	12016.225321347667	5.12770796063013e-10	0.03509973183088563	0.06739988752172335	MLX	3.7181485375183855e-9
fixed	SP140LFALSE	0.0528806028678028	0.008641645955997078	-6.119274399468429	12016.108948259092	9.692826946002074e-10	0.03594158178753762	0.06981962394806798	SP140L	6.952599177809006e-9
fixed	PRDM10FALSE	0.06072982042848942	0.009945141327606101	-6.106481389049071	12015.21758798948	1.0499576893760085e-9	0.04123573785309774	0.0802239030038811	PRDM10	7.475071907945613e-9
fixed	NR2C2FALSE	0.051275789686351075	0.008433651978348887	-6.079903441354677	12016.095715115334	1.239035784086126e-9	0.03474447037656367	0.06780710899613848	NR2C2	8.715250518344895e-9
fixed	CXXC4FALSE	0.057551599020230416	0.009466558471698389	-6.07946374517086	12016.697349181954	1.2424256504139473e-9	0.03899561633646816	0.07610758170399268	CXXC4	8.715250518344895e-9
fixed	PBX1FALSE	0.04017893504093556	0.006613494446240392	-6.0752958012652885	12015.574644703396	1.2750326394937386e-9	0.027215418262841864	0.053142451819029254	PBX1	8.878694438518443e-9
fixed	RBBP4FALSE	0.04325395594157686	0.007138883041012491	-6.058924861646459	12015.926160974517	1.4113575568894248e-9	0.029260592741751468	0.057247319141402256	RBBP4	9.756776154148632e-9
fixed	OLIG2FALSE	0.06749415369623817	0.011142166382259207	-6.057543154597277	12015.550331901519	1.4234941971084856e-9	0.04565370882336399	0.08933459856911234	OLIG2	9.76988103626975e-9
fixed	NFIBFALSE	0.0398498233824542	0.006601339291561658	-6.0366270573902066	12015.99703958311	1.6201067443025854e-9	0.026910132715648315	0.052789514049260085	NFIB	1.1039870243319047e-8
fixed	SMARCD3FALSE	-0.0433442477634211	0.007218629987184519	6.004497784257072	12014.99897517303	1.9746853174028793e-9	-0.05749392796139944	-0.02919456756544276	SMARCD3	1.3360636828385439e-8
fixed	NFYBFALSE	0.06471312146014649	0.010788317740735333	-5.998444151843792	12016.15943893531	2.0494769366745328e-9	0.043566277157095476	0.0858599657631975	NFYB	1.3769021109771158e-8
fixed	ZBTB2FALSE	0.0392358156877855	0.006633320647201043	-5.91495840086386	12015.102453918977	3.4099571501237135e-9	0.026233436303645642	0.05223819507192536	ZBTB2	2.2748944903622536e-8
fixed	ZNF596FALSE	-0.05878083433801287	0.00994186493585039	5.912455531964534	12015.044093780272	3.4620427815866906e-9	-0.07826849468496246	-0.03929317399106329	ZNF596	2.2936033428011825e-8
fixed	SIX1FALSE	0.05069572931225073	0.008600866599278	-5.894258296775163	12015.80088442709	3.864719381239613e-9	0.033836642310555734	0.06755481631394572	SIX1	2.5427188204845456e-8
fixed	ZNF337FALSE	0.03917510625420427	0.006649854297467854	-5.891122497093124	12015.855413972839	3.938569730132455e-9	0.02614031832855933	0.05220989417984921	ZNF337	2.5735585770865494e-8
fixed	DR1FALSE	0.03884958645578093	0.0066095441498165404	-5.87780118797743	12016.03001890676	4.267904703199329e-9	0.02589381294586593	0.051805359965695935	DR1	2.7697830522803806e-8
fixed	GSPT2FALSE	0.03985470619083984	0.00682002595448655	-5.843776322379162	12015.605565097505	5.235486907652957e-9	0.02648635431819856	0.05322305806348112	GSPT2	3.374766560743865e-8
fixed	MTA2FALSE	0.05494001358805128	0.009413900927393795	-5.83605181441624	12016.469901828254	5.4832151622363076e-9	0.036487248155853066	0.07339277902024949	MTA2	3.510729707901636e-8
fixed	CHD8FALSE	0.03825672633447679	0.006563040067193301	-5.82911668111107	12016.190694152612	5.715330212775828e-9	0.025392108350969368	0.051121344317984214	CHD8	3.634950015325427e-8
fixed	FOSFALSE	0.05902777336114453	0.010221582175765697	-5.774817669723696	12016.665823048006	7.89442672368425e-9	0.038991822337196724	0.07906372438509233	FOS	4.987604698274685e-8
fixed	MAF1FALSE	-0.04323786770236761	0.007499076779116211	5.765758769503267	12015.422306310158	8.329226172491262e-9	-0.057937268837529865	-0.02853846656720535	MAF1	5.227685374050437e-8
fixed	JMJD1CFALSE	0.05211421751571676	0.00910753688290409	-5.722097882858013	12015.251903891023	1.0773036710796935e-8	0.03426197488243794	0.06996646014899557	JMJD1C	6.717305243202796e-8
fixed	RFX1FALSE	0.037062205945449636	0.006500090322473063	-5.701798606907469	12015.921758298113	1.213426634359443e-8	0.02432097959465446	0.049803432296244815	RFX1	7.516941618044861e-8
fixed	PCBP2FALSE	-0.05272686625943604	0.009388122580451986	5.616337644464111	12014.9991713372	1.993781652287275e-8	-0.07112910219733974	-0.03432463032153234	PCBP2	1.2271404492142327e-7
fixed	FOXK1FALSE	0.0561968576324378	0.010018449039663174	-5.609337075025654	12015.317963574855	2.0759065894105386e-8	0.03655908012292622	0.07583463514194938	FOXK1	1.2694967219856753e-7
fixed	ZNF580FALSE	0.03771782130653708	0.006738614239154595	-5.59726673288083	12015.561053169731	2.2252832673828553e-8	0.024509049533847943	0.050926593079226215	ZNF580	1.3521784949574802e-7
fixed	TFEBFALSE	-0.07792094167251941	0.013925768258316696	5.595450120030811	12015.012303004032	2.248652011921247e-8	-0.1052176957233766	-0.05062418762166222	TFEB	1.3577303920081453e-7
fixed	ARRB1FALSE	0.036594538808767285	0.006544509426594819	-5.5916397125288935	12016.546689202469	2.2984341706596028e-8	0.023766243910463107	0.04942283370707146	ARRB1	1.3790605023957616e-7
fixed	ESR2FALSE	-0.044548582922647045	0.007977046660670636	5.584596006224416	12014.99862282172	2.3933090389708668e-8	-0.06018488224447968	-0.028912283600814406	ESR2	1.4270105144863794e-7
fixed	SMC1FALSE	-0.05339422116094662	0.009569897518308411	5.579393202361551	12015.015855132078	2.4658127978235372e-8	-0.07215276532136546	-0.03463567700052779	SMC1	1.461108949766245e-7
fixed	RBFOX2FALSE	0.03671545516535266	0.006603268359591488	-5.560194310749483	12015.105288708155	2.7522669274074323e-8	0.02377198311702302	0.049658927213682307	RBFOX2	1.6207794128065992e-7
fixed	ZNF639FALSE	0.04499366839158245	0.008106152587764875	-5.550557789831666	12015.663297239005	2.907966101030061e-8	0.029104300697487314	0.06088303608567758	ZNF639	1.701962981829864e-7
fixed	BCL11AFALSE	0.06465590592431299	0.011732235995203729	-5.510961930082642	12015.780514681956	3.642346245253552e-8	0.04165882939507805	0.08765298245354793	BCL11A	2.1187794621779811e-7
fixed	ZNF468FALSE	-0.05596151813901192	0.0101697040943556	5.502767594788893	12015.026253733418	3.8153793898548626e-8	-0.0758957800232968	-0.03602725625472704	ZNF468	2.2059829926797208e-7
fixed	TBL1XR1FALSE	0.045107000396442144	0.008216066821913824	-5.490096584430537	12015.777854457321	4.0987291317773104e-8	0.029002183074806474	0.061211817718077814	TBL1XR1	2.355534693804551e-7
fixed	ZNF207FALSE	0.03675570341162514	0.006710036027879647	-5.47772072443549	12015.479151127813	4.395131257452334e-8	0.023602949537593242	0.04990845728565703	ZNF207	2.5107516285086987e-7
fixed	NCOR1FALSE	0.04257345072077429	0.007789966787110974	-5.465164600087248	12015.735775089393	4.71704688947396e-8	0.027303858248902378	0.05784304319264621	NCOR1	2.6786087693798556e-7
fixed	BCL11BFALSE	0.05999667906769225	0.010988783844267838	-5.459810650383187	12015.127886683713	4.861165898402185e-8	0.038456888654681456	0.08153646948070305	BCL11B	2.7441137675004047e-7
fixed	ARID3AFALSE	0.04205646106357884	0.007704403708431692	-5.458756141964924	12015.452056138514	4.890046793788632e-8	0.026954586002824087	0.05715833612433359	ARID3A	2.74417920074962e-7
fixed	NCAPH2FALSE	-0.047734526051821345	0.008775939656440685	5.439249575604004	12015.026738697505	5.455338383463444e-8	-0.06493678461985133	-0.03053226748379135	NCAPH2	3.043504571826974e-7
fixed	MRTFAFALSE	0.036698899400676714	0.00674879917254923	-5.437841379241162	12015.374514396579	5.4985092051459404e-8	0.023470163493615363	0.04992763530773807	MRTFA	3.049754524249551e-7
fixed	INTS13FALSE	0.05133645932615373	0.009474924215090585	-5.418139307583151	12015.781229989285	6.13840955189136e-8	0.03276407829231577	0.06990884035999169	INTS13	3.3849957875747734e-7
fixed	MAFFFALSE	0.037576912767803984	0.006954333412830183	-5.403380962218121	12016.214790209644	6.664434509122477e-8	0.023945296664294673	0.051208528871313296	MAFF	3.6539485756912886e-7
fixed	USF1FALSE	0.04966945928261401	0.009214166339532167	-5.390553789930374	12015.538159298794	7.156900420293929e-8	0.031608205743176215	0.0677307128220518	USF1	3.901533143405947e-7
fixed	SMARCE1FALSE	-0.034784240211081605	0.006473308183121224	5.373487439046931	12015.056107737753	7.867050152239593e-8	-0.04747296933736371	-0.0220955110847995	SMARCE1	4.264298775702598e-7
fixed	HOXA3FALSE	0.048534439612291216	0.009191011091474246	-5.280642045717111	12015.519625052557	1.3097797728788714e-7	0.030518574094377637	0.0665503051302048	HOXA3	7.059490979245442e-7
fixed	MTF2FALSE	-0.03850708017090194	0.007342614325416523	5.244328309279346	12015.14116369311	1.595167589365998e-7	-0.05289978967150209	-0.024114370670301782	MTF2	8.549381349748102e-7
fixed	ARID1AFALSE	-0.06121532218918402	0.011699533320375264	5.232287520612021	12015.145448622096	1.702433369321122e-7	-0.0841482963185519	-0.03828234805981613	ARID1A	9.073304102415365e-7
fixed	ZNF407FALSE	0.03803074174974836	0.007273167219517187	-5.228910679751007	12015.052634699057	1.7337476414400888e-7	0.023774159777963176	0.052287323721533545	ZNF407	9.18886249963247e-7
fixed	TFE3FALSE	0.051287694255599335	0.009828102990107564	-5.218473423327244	12015.605866317092	1.834093799354188e-7	0.03202302577944022	0.07055236273175845	TFE3	9.666991627535333e-7
fixed	HMGXB4FALSE	0.04577783834035525	0.008785934767663489	-5.210354908260866	12015.182272834569	1.916009210276022e-7	0.028555987763116596	0.06299968891759392	HMGXB4	1.004325706924904e-6
fixed	CEBPAFALSE	0.050471281091239446	0.009713135275799355	-5.196188425069149	12015.723824557603	2.067489386618162e-7	0.031431967913951184	0.06951059426852771	CEBPA	1.077805942532091e-6
fixed	ZNF75AFALSE	0.03711588628484279	0.00714743954911589	-5.192892647750183	12015.70109773939	2.1043564258888247e-7	0.023105750921409977	0.0511260216482756	ZNF75A	1.091063059944532e-6
fixed	NFXL1FALSE	-0.10494864404565987	0.02032159705752484	5.164389577678329	12015.17254614136	2.45084011042248e-7	-0.14478225507270376	-0.06511503301861599	NFXL1	1.26383862991516e-6
fixed	ARHGAP35FALSE	0.0856410509457538	0.016592830276402418	-5.1613286895092685	12015.120569428715	2.49117024969125e-7	0.05311642478152789	0.11816567710997972	ARHGAP35	1.2777292570997057e-6
fixed	ZBTB33FALSE	0.03746617567902002	0.007261418809928461	-5.159621922342906	12015.51495583874	2.513934811317125e-7	0.02323262254193454	0.051699728816105496	ZBTB33	1.2825100588216777e-6
fixed	ZGPATFALSE	0.034167933843603025	0.006632823919111675	-5.151340403467109	12015.184271103826	2.627283836447187e-7	0.021166528135631923	0.047169339551574124	ZGPAT	1.3332067978567107e-6
fixed	TP63FALSE	-0.04662150814837936	0.009077881446418683	5.135725601128226	12015.088662935419	2.854576424497804e-7	-0.06441562136285728	-0.028827394933901455	TP63	1.4408814333179392e-6
fixed	RING1FALSE	-0.11146455345617644	0.021767495524375895	5.120688015364702	12015.056575891938	3.0913484971162555e-7	-0.1541323589509712	-0.06879674796138169	RING1	1.5521823506573199e-6
fixed	NFYCFALSE	0.04780161926354828	0.009339957818757225	-5.117969501698324	12016.066951148843	3.1361259105554455e-7	0.029493794198506527	0.06610944432859003	NFYC	1.566421004539212e-6
fixed	BRD4FALSE	0.053555926013479256	0.01048776097941749	-5.106516645314875	12015.460809782995	3.331763115892516e-7	0.032998221360326034	0.07411363066663249	BRD4	1.6554697982090939e-6
fixed	IRF8FALSE	-0.058363114052178804	0.01143877134398923	5.102218787059422	12015.016285858585	3.4081782277338496e-7	-0.08078495263361316	-0.035941275470744445	IRF8	1.6846642638642965e-6
fixed	ATXN7L3FALSE	-0.038478704627620555	0.0075588989412562185	5.090517141009132	12015.030625736004	3.6248986205106035e-7	-0.05329536690690481	-0.0236620423483363	ATXN7L3	1.7825532391583073e-6
fixed	UBTFFALSE	-0.035849869897088826	0.007054152735806447	5.082094369054002	12015.017315767085	3.7890638673485997e-7	-0.04967714812595057	-0.022022591668227086	UBTF	1.853726630487469e-6
fixed	SAFB2FALSE	0.0631333051032576	0.012444835683749825	-5.073052526173213	12015.127448931602	3.973276495497556e-7	0.03873941801327331	0.08752719219324188	SAFB2	1.9339315187268716e-6
fixed	SMARCC1FALSE	-0.08191791323099408	0.016165266343805416	5.067526354886525	12015.329302078102	4.090086283407153e-7	-0.11360444500399389	-0.05023138145799427	SMARCC1	1.9779320278781275e-6
fixed	HDAC6FALSE	-0.03374350684695384	0.006659694208209383	5.066825261339828	12015.063150819029	4.1051419446527176e-7	-0.0467975826728484	-0.02068943102105928	HDAC6	1.9779320278781275e-6
fixed	MYBFALSE	0.06524689171433246	0.01291191658582254	-5.0532305781757	12015.241761475334	4.407848291451684e-7	0.03993745067291853	0.09055633275574637	MYB	2.1078631851067553e-6
fixed	JDP2FALSE	0.05090359104559313	0.010074438583147672	-5.052747170521609	12015.02694863514	4.419000388064477e-7	0.03115606494363875	0.07065111714754752	JDP2	2.1078631851067553e-6
fixed	PBX2FALSE	0.041812797155833484	0.008344132613525432	-5.0110417813898325	12015.641289640773	5.4906476262945e-7	0.0254569501897677	0.05816864412189927	PBX2	2.6060088733755986e-6
fixed	ZNF324FALSE	0.03418811133079147	0.006854879287120931	-4.987412600397604	12015.907785597923	6.204818214661544e-7	0.0207514413336295	0.04762478132795344	ZNF324	2.930394344944115e-6
fixed	GLIS3FALSE	-0.03328507101398686	0.006683066712475315	4.980508566801143	12015.00168270684	6.429868066091895e-7	-0.046384960728380685	-0.020185181299593034	GLIS3	3.021721248793925e-6
fixed	ELK4FALSE	0.03214224594937425	0.006507562412147403	-4.9392143960656645	12016.017779439264	7.949324294191761e-7	0.019386373106856154	0.04489811879189235	ELK4	3.717478125813206e-6
fixed	NFKBIZFALSE	0.04757691694987016	0.0096398325722526	-4.935450547846243	12016.118167026552	8.103862448097574e-7	0.028681288967601914	0.0664725449321384	NFKBIZ	3.7712608660902856e-6
fixed	TBX21FALSE	0.04375849774966633	0.008965253149694185	-4.880899291857585	12015.432094627899	1.0696014150276468e-6	0.026185154230659542	0.061331841268673117	TBX21	4.9533968443513356e-6
fixed	SPI1FALSE	0.044940102963167965	0.009242595224924868	-4.86228184503593	12016.148169775293	1.1750934798484917e-6	0.026823124311522097	0.06305708161481383	SPI1	5.415648211475657e-6
fixed	ZNF534FALSE	-0.0361467701901523	0.007438978565690509	4.859103957748404	12015.014217684038	1.194074649814127e-6	-0.05072836917466228	-0.021565171205642317	ZNF534	5.476669307320563e-6
fixed	MZF1FALSE	-0.03470776495861545	0.007144666170837403	4.857856774370113	12015.001951823357	1.2016037154646222e-6	-0.04871246413499898	-0.020703065782231925	MZF1	5.484832270589711e-6
fixed	FOSL2FALSE	0.039349472243695234	0.008101783580548614	-4.856890072720343	12015.929271857609	1.2074697793854602e-6	0.023468668544470796	0.05523027594291967	FOSL2	5.485362712065376e-6
fixed	HBP1FALSE	0.04257171543587144	0.008776099029861541	-4.850869992580643	12015.629187594248	1.2446330902916246e-6	0.02536914455710255	0.059774286314640324	HBP1	5.627393213925165e-6
fixed	OVOL1FALSE	0.04308291999996327	0.008920688614587304	-4.829550930576496	12015.175439739354	1.3852922800572038e-6	0.025596930126610823	0.060568909873315716	OVOL1	6.233815260257417e-6
fixed	FEZF1FALSE	0.031265707825848345	0.006506204012518302	-4.805522200916443	12015.544614449882	1.5621554845504329e-6	0.018512497615296955	0.044018918036399735	FEZF1	6.99669639559208e-6
fixed	ZNF273FALSE	-0.045799036816568016	0.009537404602406402	4.802044028310633	12015.00173026147	1.589491036740548e-6	-0.0644938896181721	-0.02710418401496393	ZNF273	7.085861911450854e-6
fixed	ID3FALSE	0.031062281368916696	0.006482510390911867	-4.791705604122804	12015.20027154787	1.673481359221368e-6	0.01835551444506869	0.043769048292764706	ID3	7.425587054405512e-6
fixed	ZKSCAN1FALSE	0.040719801794570284	0.00853655850372228	-4.770048934452312	12015.715124454198	1.8634663413940702e-6	0.023986769029607426	0.05745283455953314	ZKSCAN1	8.230309674490477e-6
fixed	IRF2FALSE	0.0413295530471991	0.00866775787484144	-4.768194225540148	12015.653366593018	1.8806675498755836e-6	0.024339348325900283	0.05831975776849791	IRF2	8.268003882863165e-6
fixed	ZNF280DFALSE	0.04520126624890577	0.009557080312355167	-4.7296103801147975	12015.178874098581	2.2751051758501406e-6	0.026467845907052784	0.06393468659075875	ZNF280D	9.956194209913001e-6
fixed	CBX8FALSE	-0.11077799377343915	0.023427549076468105	4.7285353415270635	12015.018115181372	2.2871602251839657e-6	-0.15669977225353504	-0.06485621529334328	CBX8	9.96324591244522e-6
fixed	ZNF750FALSE	0.030956180027064163	0.006554367009579776	-4.7229854510464575	12015.723486631397	2.3503732306781774e-6	0.018108562586220952	0.04380379746790737	ZNF750	1.0192073009395369e-5
fixed	KAT7FALSE	-0.031140552223739553	0.006597730824081971	4.719888254621626	12015.394260953193	2.386377634347704e-6	-0.04407316977712865	-0.018207934670350454	KAT7	1.0301376756414976e-5
fixed	FIP1L1FALSE	0.039143998126378955	0.008329106063058787	-4.6996637850477425	12015.760953636931	2.6348311173404372e-6	0.0228176056414343	0.05547039061132361	FIP1L1	1.132265263938188e-5
fixed	ZNF18FALSE	0.030766485695765566	0.006558560091626799	-4.691042738945796	12016.036245068146	2.748123988510403e-6	0.017910649170911223	0.04362232222061991	ZNF18	1.175654836340325e-5
fixed	GABPAFALSE	0.054960625107053185	0.011754657001545366	-4.675646860629587	12015.858109706305	2.962178884500205e-6	0.03191959980087142	0.07800165041323495	GABPA	1.2615708284880337e-5
fixed	PBX3FALSE	0.03318523684930389	0.007124967474791423	-4.657598363321	12015.530908219354	3.2335024271123357e-6	0.01921915035939871	0.04715132333920907	PBX3	1.3710050290956305e-5
fixed	ZNF519FALSE	-0.03291579093211504	0.007076772644376571	4.651243241263512	12015.036991070641	3.334595778108502e-6	-0.04678740783138566	-0.01904417403284442	ZNF519	1.4076125541219073e-5
fixed	SIRT6FALSE	-0.0324667928603799	0.006983666291776013	4.64896109062555	12015.000665610361	3.371632769540735e-6	-0.046155906281079365	-0.018777679439680433	SIRT6	1.4169769436748288e-5
fixed	NCOA1FALSE	0.030085840449218887	0.006485437472339861	-4.6389839663914465	12016.144229008898	3.5382311814738385e-6	0.017373336073825525	0.04279834482461225	NCOA1	1.4804704154061586e-5
fixed	YAP1FALSE	0.030029496142514673	0.006476371428018471	-4.6367779359595165	12015.853287458316	3.576120596380022e-6	0.017334762646537622	0.04272422963849172	YAP1	1.489789977705913e-5
fixed	DRAP1FALSE	0.04719637095442216	0.010216276595675864	-4.619723292769742	12015.45809405197	3.882451155012688e-6	0.02717081952111009	0.06722192238773422	DRAP1	1.6103732182096106e-5
fixed	RARAFALSE	0.03803553766256334	0.008337729184165548	-4.56185812976486	12015.311210171521	5.120484120662671e-6	0.021692242406556237	0.054378832918570444	RARA	2.1146934420399083e-5
fixed	SMARCA5FALSE	-0.02955551481342161	0.006480882683937417	4.560415032148885	12015.012691517719	5.15574147744446e-6	-0.042259091188798295	-0.01685193843804492	SMARCA5	2.1200764523629375e-5
fixed	GTF3C2FALSE	0.029973390464193193	0.006579825916530056	-4.5553470326461145	12015.570603815026	5.2814055837011844e-6	0.017075869439245085	0.0428709114891413	GTF3C2	2.1624295823394547e-5
fixed	ZNF512BFALSE	-0.03771636995671216	0.008347491819993802	4.518287740800705	12015.083143218339	6.293654100338428e-6	-0.05407880158632677	-0.021353938327097553	ZNF512B	2.565874363984128e-5
fixed	SP3FALSE	0.04022414122281231	0.008940684615596066	-4.49900012719894	12015.982256143954	6.891456412481288e-6	0.02269895607780612	0.0577493263678185	SP3	2.797638050003042e-5
fixed	ZNF148FALSE	-0.031459292007142516	0.0070100725446431335	4.487727025190726	12015.005825250228	7.265625635738684e-6	-0.045200165946065435	-0.0177184180682196	ZNF148	2.9370368035994514e-5
fixed	MEF2AFALSE	0.04013072726867541	0.008989177332124468	-4.464338146413123	12015.936954788409	8.104835274061427e-6	0.022510488564382015	0.05775096597296881	MEF2A	3.26245267993865e-5
fixed	NONOFALSE	0.0495715683874873	0.011126336868295115	-4.455335927203787	12015.407027460893	8.451918514465564e-6	0.02776215189125538	0.07138098488371922	NONO	3.38786985831939e-5
fixed	PHF5AFALSE	0.04189870689686713	0.00940654477912805	-4.454207988233377	12015.412158995774	8.496394709724662e-6	0.02346036053920665	0.06033705325452761	PHF5A	3.3914479301578774e-5
fixed	SMAD2FALSE	-0.04190792225918219	0.009443958882792248	4.437537560179581	12015.223861969143	9.180395456107436e-6	-0.0604196063293759	-0.02339623818898848	SMAD2	3.649207193802706e-5
fixed	E2F6FALSE	0.06036931213042078	0.013631331982711282	-4.428717032714603	12015.635294098696	9.56328030455886e-6	0.03364970085498672	0.08708892340585483	E2F6	3.769987359731055e-5
fixed	ZSCAN22FALSE	0.04742185699048462	0.010705993552641157	-4.429468106562207	12016.460077352682	9.530086187861425e-6	0.02643638143837716	0.06840733254259208	ZSCAN22	3.769987359731055e-5
fixed	SUPT5HFALSE	-0.12102696774154324	0.027361549440209312	4.423249787297769	12015.49248056252	9.808216325030705e-6	-0.17466002185090085	-0.06739391363218565	SUPT5H	3.8506330757527955e-5
fixed	MRTFBFALSE	0.03827770960116987	0.008664216085647995	-4.417908004923343	12015.246026304514	1.0053312933071491e-5	0.02129444730045799	0.055260971901881756	MRTFB	3.930680548422214e-5
fixed	ZBTB21FALSE	0.0381327041920788	0.008664721182335768	-4.400915319677867	12015.945582308184	1.0872480783474681e-5	0.021148451919932573	0.05511695646422503	ZBTB21	4.233610884667284e-5
fixed	DMAP1FALSE	0.03132529441189442	0.007136888614168329	-4.389208814287316	12015.070428149125	1.1473499257000545e-5	0.017335840510274272	0.04531474831351456	DMAP1	4.4494789801538695e-5
fixed	ZSCAN30FALSE	-0.029313971488532015	0.006681776616618947	4.38715227558224	12014.999795990427	1.1582306004173273e-5	-0.04241133240697306	-0.016216610570090963	ZSCAN30	4.4734898493851425e-5
fixed	NFE2FALSE	0.04724001213060705	0.01077267856311384	-4.385168633208744	12015.467549236346	1.1688184369969816e-5	0.026123823017796467	0.06835620124341764	NFE2	4.4961806003835504e-5
fixed	CSNK2A1FALSE	0.030149215482701688	0.00689507957187224	-4.372569622791922	12015.099535246098	1.2382577326543804e-5	0.016633746346238515	0.04366468461916486	CSNK2A1	4.744168180531241e-5
fixed	ZNF276FALSE	0.03918719533621896	0.009052040982105412	-4.3291005214941505	12015.615504541178	1.5093195424386852e-5	0.021443733681991227	0.0569306569904467	ZNF276	5.759563373946022e-5
fixed	SPIN1FALSE	-0.05870738482085991	0.013598716136285483	4.317127016440241	12015.003096511567	1.5933978949466458e-5	-0.08536306391321996	-0.03205170572849986	SPIN1	6.0561816405541835e-5
fixed	SNAPC1FALSE	0.033218052212999095	0.007702778295486229	-4.3124767374474	12015.567044628273	1.6272401873174837e-5	0.018119363238579565	0.048316741187418626	SNAPC1	6.160266423416188e-5
fixed	LDB1FALSE	0.03495926457262528	0.00813058992352704	-4.299720549362055	12015.601510622399	1.723628078994569e-5	0.01902199574712285	0.050896533398127705	LDB1	6.499372282058573e-5
fixed	ZBTB7BFALSE	0.04013301750403644	0.00938379832744289	-4.276841434951511	12015.253808970607	1.91029119907819e-5	0.02173925783943947	0.0585267771686334	ZBTB7B	7.174873243781863e-5
fixed	SRSF7FALSE	-0.027817472696168518	0.006508120912386793	4.274271033167809	12015.014056017017	1.932426839336322e-5	-0.04057444039667261	-0.015060504995664427	SRSF7	7.22954982245824e-5
fixed	ZNF320FALSE	0.04413928698071666	0.010345086859298653	-4.266690805118005	12015.200561388561	1.9991362130676495e-5	0.023861246591912837	0.06441732736952048	ZNF320	7.449906044009913e-5
fixed	ARID1BFALSE	-0.027917970158834213	0.006545448249505195	4.265249543596144	12014.998877135402	2.0120659517317288e-5	-0.04074810546808488	-0.015087834849583545	ARID1B	7.46891407763451e-5
fixed	MEDFALSE	0.029187995662778885	0.0068691194339156915	-4.24916118340666	12015.257292781407	2.1619057235212532e-5	0.015723412605653738	0.042652578719904036	MED	7.994023489299517e-5
fixed	MBD3FALSE	-0.038355503312221005	0.009051295217563808	4.23757068908692	12015.156499410105	2.276375189028732e-5	-0.05609750321583515	-0.020613503408606865	MBD3	8.384795097812396e-5
fixed	RB1FALSE	0.04653537695529622	0.010990681821494036	-4.23407552971726	12016.028652225072	2.3120096369403833e-5	0.02499186636320786	0.06807888754738459	RB1	8.483296898619714e-5
fixed	MYNNFALSE	0.04293354601491769	0.010156079456761618	-4.227373978088937	12016.05343410029	2.381826960467846e-5	0.02302599079141163	0.06284110123842375	MYNN	8.705988200330749e-5
fixed	MYF5FALSE	0.02937493059609558	0.006956867768628999	-4.222436241861263	12015.727052673745	2.434548029131149e-5	0.015738346690346905	0.043011514501844254	MYF5	8.864728319813421e-5
fixed	MEF2BFALSE	0.02782478523084557	0.006597075295700112	-4.217745589319164	12015.553683242344	2.485657702288087e-5	0.014893452636198453	0.04075611782549268	MEF2B	9.016416152025988e-5
fixed	ZNF883FALSE	0.03315174903704984	0.007865700117199935	-4.214723234179354	12015.404172473147	2.519128584824218e-5	0.017733706969367404	0.048569791104732266	ZNF883	9.068862905367186e-5
fixed	`NKX2-1`FALSE	0.028274801516166445	0.006707749753478306	-4.215243942501662	12015.750527231025	2.513331136008309e-5	0.015126529138970536	0.041423073893362354	NKX2-1	9.068862905367186e-5
fixed	RFXAPFALSE	0.03800323124975777	0.009034189194243208	-4.2066012159646045	12016.117915857381	2.6112110185646418e-5	0.020294762056260487	0.05571170044325505	RFXAP	9.365019968837098e-5
fixed	TCF12FALSE	-0.08555856294377169	0.020360879805281132	4.2021053982932415	12015.574568000855	2.6635508451759677e-5	-0.12546917436384009	-0.04564795152370328	TCF12	9.516956952426492e-5
fixed	MYBL2FALSE	0.04599782130765668	0.010962784359526688	-4.195815570127898	12015.320786074026	2.7384523343752917e-5	0.024508994116967928	0.06748664849834543	MYBL2	9.748072861918016e-5
fixed	HDGFFALSE	0.028215374506344718	0.006730205620339297	-4.192349550372618	12015.204528613784	2.780578499970124e-5	0.0150230849445626	0.041407664068126834	HDGF	9.861233787998136e-5
fixed	PHF20FALSE	0.02706111433109082	0.006484574202320966	-4.1731520816594365	12015.897732878355	3.0252881117003284e-5	0.01435030207802262	0.03977192658415902	PHF20	1.0689351328007827e-4
fixed	RCOR1FALSE	0.04841420068218335	0.011631504839434668	-4.162333365330607	12016.389421033202	3.1720738424977856e-5	0.025614573596050804	0.07121382776831589	RCOR1	1.1163495327539788e-4
fixed	BRD1FALSE	-0.03020025455279044	0.007256962671257032	4.161555725290679	12015.328976900955	3.182883363826858e-5	-0.04442507296087088	-0.015975436144710004	BRD1	1.1163495327539788e-4
fixed	CTCFLFALSE	-0.039506093662751804	0.009506554716238416	4.155668887622381	12015.034205423668	3.265841167748025e-5	-0.05814047570178524	-0.02087171162371837	CTCFL	1.1412499904877714e-4
fixed	EBF3FALSE	0.02806223545367725	0.006782630346793377	-4.137367661049702	12015.675710975649	3.537059826348048e-5	0.0147671850169537	0.0413572858904008	EBF3	1.231516450487605e-4
fixed	`SS18-SSX`FALSE	-0.02679606449648444	0.006532363709274646	4.102047235740931	12015.269753018807	4.122106290653399e-5	-0.03960055196534635	-0.013991577027622527	SS18-SSX	1.4299961459212154e-4
fixed	SUPT16HFALSE	-0.04279583690452514	0.010437525996188373	4.100189730799572	12015.268598789626	4.1552861961543995e-5	-0.06325507291363708	-0.022336600895413197	SUPT16H	1.4362837069316293e-4
fixed	HMBOX1FALSE	0.03457714191137894	0.008440111942558856	-4.096763425260438	12015.679123034466	4.2171540083964306e-5	0.018033159971134628	0.05112112385162326	HMBOX1	1.452406109750973e-4
fixed	SS18FALSE	-0.029791719512024462	0.007274227433829322	4.09551664187401	12015.021431445133	4.239884798092609e-5	-0.04405037967875913	-0.015533059345289788	SS18	1.4549820494173915e-4
fixed	TAF1FALSE	-0.12879676976513268	0.03151678778119963	4.086608402457894	12015.000613711145	4.4056998423112286e-5	-0.19057476209291702	-0.06701877743734835	TAF1	1.5064651073709362e-4
fixed	ZNF76FALSE	0.0316307524107801	0.007742845410584098	-4.085158715366108	12015.846235863432	4.433257114927144e-5	0.016453525457970918	0.04680797936358928	ZNF76	1.510474031300177e-4
fixed	RUNX1T1FALSE	0.05228077268012343	0.012838384652337104	-4.072223577645045	12015.774290836765	4.6865053982399496e-5	0.02711546621188859	0.07744607914835827	RUNX1T1	1.5910769216800398e-4
fixed	SMARCA2FALSE	-0.036899485424832346	0.009071241983833725	4.067743478852466	12015.004672425875	4.7773749309290124e-5	-0.054680584233257674	-0.019118386616407017	SMARCA2	1.6161757745057723e-4
fixed	TGIF2FALSE	0.026724971098604094	0.006601978587159851	-4.048024504438916	12016.370240593451	5.197552077886718e-5	0.013784027349712883	0.03966591484749531	TGIF2	1.752107661591494e-4
fixed	ARID4BFALSE	0.026343132649538862	0.006515440298262799	-4.04318533262636	12015.45389994691	5.305897342437526e-5	0.01357181781813062	0.039114447480947105	ARID4B	1.7823331213680986e-4
fixed	MEN1FALSE	0.027831318383022073	0.006892256735322974	-4.038055959289202	12015.064728687958	5.423073383797681e-5	0.014321382457985163	0.04134125430805898	MEN1	1.8153024589975396e-4
fixed	SKIFALSE	-0.036379804655450154	0.009012264150162853	4.0366997736959105	12015.111233185151	5.454461270174042e-5	-0.05404529737233231	-0.018714311938567995	SKI	1.8194251929181947e-4
fixed	ZXDBFALSE	0.03299627017297946	0.008184776861605264	-4.031419638055712	12015.982387386855	5.5783114382287256e-5	0.01695278625231617	0.04903975409364275	ZXDB	1.8542540460174926e-4
fixed	ASH1LFALSE	0.031203519154689677	0.007782285693255029	-4.009557138429655	12015.5366980108	6.120051139082712e-5	0.01594898284130713	0.046458055468072225	ASH1L	2.0272669398211483e-4
fixed	RLFFALSE	-0.040068754380345406	0.010004982043668209	4.004880189235669	12014.999293121351	6.242241291164617e-5	-0.05968013445597926	-0.020457374304711555	RLF	2.0605876096093577e-4
fixed	GATA3FALSE	-0.04572588682435729	0.011475096302157694	3.984793296746392	12015.006198565156	6.793774567618635e-5	-0.06821892819023417	-0.023232845458480415	GATA3	2.2349175646579924e-4
fixed	SRSF1FALSE	0.03442392697351636	0.00865404526611494	-3.977784482859574	12016.250914837688	6.996839251049045e-5	0.017460601264009567	0.051387252683023146	SRSF1	2.2859536457194482e-4
fixed	PPARGFALSE	0.0409067256018722	0.010283145125518265	-3.978036398646132	12015.520356729974	6.989444442457141e-5	0.020750101065400962	0.06106335013834344	PPARG	2.2859536457194482e-4
fixed	ESRRGFALSE	-0.03762013913460929	0.009479281374535102	3.968669949567176	12015.334293639207	7.269520373118745e-5	-0.05620106097397891	-0.019039217295239674	ESRRG	2.3669359849676731e-4
fixed	GTF2A2FALSE	-0.05188358947207601	0.013178163494752076	3.9370880087151408	12014.999085533786	8.29416994702895e-5	-0.07771491749114373	-0.026052261453008284	GTF2A2	2.69137351342368e-4
fixed	ZNF319FALSE	-0.07614749348060679	0.01936697811028784	3.9318211156626877	12015.102241782106	8.477803100893002e-5	-0.11410989727620767	-0.038185089685005905	ZNF319	2.7416353078820084e-4
fixed	SP2FALSE	0.06526932589692017	0.01663674910077647	-3.923201912919028	12015.855757595602	8.786627350961829e-5	0.032658611947482846	0.09788003984635749	SP2	2.8319062475735084e-4
fixed	TOP1FALSE	0.030472110976173993	0.007823499375164664	-3.8949464318877935	12015.078141851343	9.875247323129033e-5	0.015136789133842695	0.045807432818505286	TOP1	3.1720491401565984e-4
fixed	ZNF501FALSE	0.03832006550757146	0.009848940337639698	-3.890780550383035	12015.76011805809	1.0046131265152466e-4	0.01901455249130617	0.05762557852383675	ZNF501	3.216110478844112e-4
fixed	ZBTB20FALSE	0.02576795398836332	0.006654416244093092	-3.87230871096119	12015.410077775237	1.0838051236689051e-4	0.012724223862183543	0.038811684114543096	ZBTB20	3.458027050100788e-4
fixed	TFIIICFALSE	-0.030715731458898915	0.007955058177626541	3.8611573634101584	12015.024628799069	1.1344267021681849e-4	-0.04630892980059939	-0.015122533117198442	TFIIIC	3.607476912894828e-4
fixed	ELF3FALSE	0.025840573393983945	0.006702540029516808	-3.8553404053070333	12015.525331634271	1.1617096440409809e-4	0.012702512891974362	0.03897863389599353	ELF3	3.681963456528558e-4
fixed	PAXIP1FALSE	0.033437950409576	0.008698537663876323	-3.844088707971987	12015.323048213866	1.2162488953363235e-4	0.016387412285586066	0.05048848853356593	PAXIP1	3.8420577687114325e-4
fixed	ZXDCFALSE	0.0269851144528655	0.007061966344527897	-3.8211898975949445	12015.22142672335	1.3347858751421948e-4	0.013142520313122847	0.040827708592608154	ZXDC	4.202593151437802e-4
fixed	CIITAFALSE	0.07928848996844964	0.020896036805876376	-3.7944271779877496	12015.050311207979	1.487109223100832e-4	0.038328884252963755	0.12024809568393553	CIITA	4.666783548809848e-4
fixed	ZFYFALSE	0.03403931421323138	0.008984537068277374	-3.7886553257615767	12015.176116273593	1.5220391444392006e-4	0.016428171062817236	0.05165045736364552	ZFY	4.760738832114746e-4
fixed	ZNF217FALSE	0.04415913942569198	0.011663250898615612	-3.7861776111610115	12015.71396639383	1.5372691256058225e-4	0.021297284809535574	0.06702099404184839	ZNF217	4.7926625680652115e-4
fixed	FOXL2FALSE	0.026345112490891578	0.007002144233895078	-3.762434992893113	12015.706945139218	1.690668183434056e-4	0.01261977940171899	0.040070445580064167	FOXL2	5.253737612365112e-4
fixed	ZBED4FALSE	0.037074141545021706	0.009856117192822799	-3.7615361931795017	12015.347049585538	1.696749254617315e-4	0.017754560667098674	0.05639372242294474	ZBED4	5.255515548392593e-4
fixed	KDM3AFALSE	0.03829267201443711	0.01020602908628081	-3.751965793034143	12015.710042627035	1.7627862090283908e-4	0.018287207396147306	0.05829813663272691	KDM3A	5.442388490009984e-4
fixed	NR2C1FALSE	0.024472894607397568	0.006558767409420179	-3.7313252749667285	12015.424406307646	1.9135256533334816e-4	0.011616651640251835	0.0373291375745433	NR2C1	5.888720881548844e-4
fixed	NRF1FALSE	0.050273234808168414	0.013511861362823037	-3.720674262281271	12015.404521031209	1.9959710971917936e-4	0.023787805183341764	0.07675866443299506	NRF1	6.122689474987045e-4
fixed	ATF4FALSE	0.02689282959281939	0.0072640401661082125	-3.702186245925938	12015.556489568442	2.147056683157553e-4	0.012654138179393266	0.041131521006245515	ATF4	6.56503870427021e-4
fixed	SOX8FALSE	0.025235757226373105	0.0068357505238003154	-3.6917317474516844	12015.635195464749	2.2371800790041112e-4	0.011836582662684484	0.03863493179006173	SOX8	6.818753339840006e-4
fixed	ZNF384FALSE	0.024583961451762358	0.0066816993596061835	-3.6792977547573056	12015.7439926994	2.3489903893333052e-4	0.01148675205126339	0.037681170852261324	ZNF384	7.132472187619093e-4
fixed	SMARCC2FALSE	-0.032433591931855237	0.008816737597782247	3.6786386769652246	12015.05802886621	2.3550615713836628e-4	-0.04971582104704968	-0.0151513628166608	SMARCC2	7.132472187619093e-4
fixed	SALL4FALSE	0.042345863094530485	0.011542510174614402	-3.6686875258435823	12015.18498347285	2.448527038777437e-4	0.019720679688825314	0.06497104650023566	SALL4	7.392072136055933e-4
fixed	THAP11FALSE	0.03317293989427382	0.009095666672715995	-3.6471147292349353	12015.050172027944	2.663228173263709e-4	0.015343964759161232	0.051001915029386405	THAP11	8.014888571904032e-4
fixed	SREBF1FALSE	0.02367862093982895	0.0065115418726315105	-3.6364076900667626	12015.795546816433	2.7762267114795985e-4	0.010914947688577429	0.03644229419108047	SREBF1	8.328680134438795e-4
fixed	ETV4FALSE	0.027398941871963716	0.0075588636494927424	-3.624743498819746	12015.600933500173	2.904433776719367e-4	0.01258234884108455	0.04221553490284288	ETV4	8.685986905925629e-4
fixed	BCL3FALSE	0.026576767146429554	0.007338222786102162	-3.621689872480189	12015.662456148853	2.938902367206311e-4	0.012192665834744649	0.04096086845811446	BCL3	8.761602682233815e-4
fixed	KLF16FALSE	0.02685023272304682	0.007421879746610965	-3.6177132532101957	12015.128108068748	2.9843647256197156e-4	0.01230215019836734	0.041398315247726296	KLF16	8.869420399505323e-4
fixed	CDKN1BFALSE	0.04632618870763162	0.012829955194233474	-3.6107833586553206	12015.590694339715	3.0651665980526474e-4	0.021177405299367864	0.07147497211589537	CDKN1B	9.081269983050391e-4
fixed	ZNF652FALSE	0.026654830086812995	0.007386247146207963	-3.608710832333489	12016.043839755761	3.089726879897802e-4	0.01217659332277013	0.04113306685085586	ZNF652	9.125694871277099e-4
fixed	MLXIPFALSE	0.08991818805939575	0.024933400578240592	-3.6063347146424727	12015.137297277364	3.118113054962026e-4	0.0410446975705718	0.1387916785482197	MLXIP	9.181110661832633e-4
fixed	ZNF513FALSE	-0.03359136368404373	0.009347321863778204	3.5936885638028135	12015.066001150912	0.00032733375671628243	-0.0519136236198636	-0.015269103748223864	ZNF513	9.608504735610259e-4
fixed	SREBF2FALSE	0.024204350856563642	0.006763128175641401	-3.578869160537262	12015.142441374219	3.464434318962725e-4	0.010947527764365347	0.03746117394876194	SREBF2	0.0010138252577578035
fixed	CEBPGFALSE	0.03464825610281329	0.009728296053134475	-3.561595567565972	12015.136184832725	3.7003374914528376e-4	0.015579225260518269	0.05371728694510831	CEBPG	0.0010795480020935801
fixed	IRF5FALSE	0.04138214347772672	0.011631069719961437	-3.5578966057357557	12015.089987673091	3.7527687889355897e-4	0.018583369047616673	0.06418091790783677	IRF5	0.001091506531903827
fixed	SMC1AFALSE	-0.03624601256185684	0.010198519541265863	3.5540464883354925	12015.204519606521	3.8080795996412755e-4	-0.05623675734434685	-0.016255267779366832	SMC1A	0.0011042273367956768
fixed	ZEB1FALSE	0.040558556181229166	0.011493753758902676	-3.5287476164881184	12015.183487082975	4.190912096970788e-4	0.018028943221443623	0.06308816914101471	ZEB1	0.0012115545880333732
fixed	NCOA6FALSE	0.049710009832021756	0.014127807106435936	-3.5185934701342516	12015.062548178188	4.3544463201688897e-4	0.02201722703208209	0.07740279263196143	NCOA6	0.0012550277309489792
fixed	EP300FALSE	-0.0540654614305096	0.015446165363447173	3.5002513671421442	12015.343917238053	4.665045501081341e-4	-0.08434243918580989	-0.023788483675209325	EP300	0.0013396836812988833
fixed	U2AF1FALSE	0.029496216517129747	0.00842842739008974	-3.499610918142547	12016.058929563453	4.6762543592508194e-4	0.01297513823863293	0.046017294795626565	U2AF1	0.0013396836812988833
fixed	VEZF1FALSE	-0.02309056557427081	0.006628168065245046	3.483702487169378	12015.011284058606	4.962901118528654e-4	-0.03608284507585112	-0.010098286072690496	VEZF1	0.001417547205711478
fixed	NOTCH3FALSE	0.036723841487011834	0.010550787104452402	-3.4806731595896268	12015.009200827151	5.019309067102023e-4	0.0160425953756036	0.05740508759842007	NOTCH3	0.0014293793582135313
fixed	ZC3H8FALSE	0.032015292674911384	0.009215671675287033	-3.4740053468662913	12015.345721677006	5.145579989594818e-4	0.013951088405229503	0.050079496944593266	ZC3H8	0.0014609771756171
fixed	ZNF391FALSE	0.022866158292288025	0.006588996117862635	-3.4703554051729264	12015.485913273971	5.215948437138522e-4	0.009950662183145562	0.03578165440143049	ZNF391	0.0014765622578724478
fixed	NAB2FALSE	-0.04033243018056038	0.011632654591301663	3.4671733664918603	12015.038661039609	5.278027740066693e-4	-0.06313431122418037	-0.017530549136940403	NAB2	0.0014897155219004807
fixed	CUX1FALSE	0.024207839317525032	0.006999973211126783	-3.4582759944060277	12015.525880499266	5.455280317858949e-4	0.010486761762627283	0.03792891687242278	CUX1	0.0015333680275544377
fixed	CBX2FALSE	0.024161963692933164	0.006987661150622774	-3.4578041453512287	12015.516139069365	5.464833641179338e-4	0.010465019763137953	0.03785890762272837	CBX2	0.0015333680275544377
fixed	ZNF846FALSE	-0.0652363851100234	0.018972799596287674	3.438416390735921	12015.0064334052	5.871118575352635e-4	-0.10242613540995826	-0.028046634810088546	ZNF846	0.001642535812576661
fixed	TP73FALSE	-0.0677153538931634	0.01970289651143406	3.4368222892439477	12015.007201815937	5.905745738941523e-4	-0.10633621201809411	-0.029094495768232684	TP73	0.0016473922324415826
fixed	SOX11FALSE	0.06864333183543826	0.019979214460168152	-3.4357372744704264	12015.00467778237	5.929423144866937e-4	0.029480845919610463	0.10780581775126606	SOX11	0.0016491748338784426
fixed	MAZFALSE	-0.08937358766881431	0.026046270068310184	3.431339206512829	12015.199612592738	6.026306339458107e-4	-0.14042848199793695	-0.03831869333969167	MAZ	0.001671248909256696
fixed	CTBP2FALSE	-0.022172979096405372	0.006492179641474462	3.4153366543889394	12015.008216303419	6.391394396280597e-4	-0.034898699332884774	-0.00944725885992597	CTBP2	0.001767359493928026
fixed	RBP2FALSE	0.027215902043965998	0.007972936171456791	-3.413535673520034	12015.418746451487	6.433745656096138e-4	0.011587659999670197	0.0428441440882618	RBP2	0.0017688165290823386
fixed	ZIC2FALSE	0.02403336067766352	0.007040081264137809	-3.4137902356453633	12015.351177865336	6.427743675213545e-4	0.010233664843689845	0.037833056511637195	ZIC2	0.0017688165290823386
fixed	TSHZ2FALSE	-0.029817475867077836	0.00874074433799819	3.411319987641539	12015.072143248015	6.48620861846078e-4	-0.04695074592228995	-0.012684205811865724	TSHZ2	0.001778115810922869
fixed	ZNF843FALSE	0.02297846902344948	0.006743838805355453	-3.407327738201823	12015.838331422909	6.581740211270466e-4	0.009759456288297497	0.03619748175860146	ZNF843	0.0017939943318720068
fixed	MED12FALSE	0.027019125239920085	0.007929648703048263	-3.407354632183589	12015.840859857264	6.581092289129167e-4	0.011475733677029759	0.04256251680281041	MED12	0.0017939943318720068
fixed	ZFP3FALSE	-0.029921803370530735	0.008794906886365472	3.402173980592992	12015.087351844137	6.707004356874005e-4	-0.04716124076263713	-0.012682365978424346	ZFP3	0.001822929389304217
fixed	SP5FALSE	0.035717862777021894	0.01052262955588706	-3.3943856511644412	12015.752039524363	6.900511570331067e-4	0.01509181013520455	0.056343915418839235	SP5	0.0018701954653681358
fixed	TARDBPFALSE	0.038082051542149074	0.01122601909931649	-3.3923024008098963	12015.35841904732	6.953145424827227e-4	0.01607724177146053	0.06008686131283762	TARDBP	0.001879122021327245
fixed	THRBFALSE	0.022921170648029583	0.00678547818083509	-3.3779742616766724	12015.54034535743	7.32537656867238e-4	0.009620537981747388	0.036221803314311775	THRB	0.00197412690579476
fixed	CHAMP1FALSE	0.039811982987487525	0.011817702744793592	-3.3688428154978847	12015.239457637403	7.572173920767849e-4	0.016647377726754817	0.06297658824822024	CHAMP1	0.0020348884282852192
fixed	RBM39FALSE	0.0365258792313559	0.011011318071908378	-3.317121437490687	12015.468085700246	9.12200074019216e-4	0.014941918155711283	0.05810984030700051	RBM39	0.002430834834118246
fixed	ZNF800FALSE	-0.021909334544408233	0.006604723193626206	3.317222221447755	12015.147733205786	9.118714386778003e-4	-0.03485565829771381	-0.008963010791102658	ZNF800	0.002430834834118246
fixed	U2AF2FALSE	0.021907895087369584	0.00660300339569807	-3.3178682145829	12015.494176470762	9.097670567172883e-4	0.008964942453251442	0.03485084772148773	U2AF2	0.002430834834118246
fixed	SETXFALSE	0.030380775189863082	0.009169504395303354	-3.3132407031097775	12015.294148934261	9.249409914958988e-4	0.012407066234463155	0.04835448414526301	SETX	0.002457921186315007
fixed	KLF3FALSE	0.023510756276400775	0.007142436428191227	-3.2916997599871833	12014.998772088247	9.987112548862928e-4	0.009510427755214674	0.03751108479758687	KLF3	0.002646584825448676
fixed	ZNF654FALSE	0.04150717210836246	0.012629568271676985	-3.286507599903178	12015.001254991712	0.0010172894038246068	0.016751179295791774	0.06626316492093315	ZNF654	0.0026883492832373264
fixed	ZNF410FALSE	-0.06078190399421472	0.018603429623482635	3.2672418593984025	12015.07299201967	0.0010890559691988187	-0.09724762949362796	-0.024316178494801485	ZNF410	0.0028700535762863893
fixed	KLF6FALSE	0.042027751975691405	0.012877879032070582	-3.2635616370542917	12015.397439358956	0.0011032868225560955	0.016785030067691675	0.06727047388369113	KLF6	0.0028995471865523835
fixed	MYOGFALSE	0.03012521231628256	0.00925613826072781	-3.2546199578822863	12015.307134920205	0.0011385827290224173	0.01198168700030558	0.04826873763225954	MYOG	0.002984087701888423
fixed	POU2F2FALSE	0.021363248644385095	0.006590026893407887	-3.2417543949259304	12016.275272104296	0.0011912015628137273	0.008445732134254147	0.034280765154516044	POU2F2	0.0031134418929432764
fixed	ZFXFALSE	-0.02789857450826588	0.008617459617309177	3.2374476640689243	12015.063510516089	0.0012093121034154777	-0.04479018660840244	-0.011006962408129317	ZFX	0.003152141384312475
fixed	GLIS2FALSE	-0.025948025831135115	0.008019743481851015	3.235518179584732	12015.056290572855	0.0012175079933722413	-0.04166801780813573	-0.010228033854134504	GLIS2	0.003164639828998531
fixed	RESTFALSE	-0.05544747642847671	0.01714113953608933	3.234760227681268	12015.045661756089	0.001220741569257295	-0.08904687728434976	-0.021848075572603654	REST	0.003164639828998531
fixed	ZNF783FALSE	-0.0313536675380298	0.00972753082959951	3.2231887091660503	12015.147909260224	0.0012711032545590511	-0.05042119841678079	-0.012286136659278815	ZNF783	0.003281086657528722
fixed	CHAF1BFALSE	-0.044804173328959904	0.013901969764489533	3.2228651110582436	12014.999629601734	0.0012725388504042214	-0.07205427849263153	-0.017554068165288275	CHAF1B	0.003281086657528722
fixed	RUVBL2FALSE	0.031479579385174386	0.00978287798007461	-3.2178239828086155	12015.187485726581	0.0012950965446941712	0.012303559162383213	0.05065559960796556	RUVBL2	0.0033302482577850117
fixed	CBX7FALSE	0.026210965368158364	0.008149526407138655	-3.2162562655418383	12015.56651931314	0.0013021864545114754	0.010236577973047705	0.04218535276326903	CBX7	0.0033394781656020094
fixed	ZNF572FALSE	0.020777895730000377	0.0064802204057143485	-3.2063563319047206	12015.629424656645	0.001347792813600939	0.008075617592548373	0.03348017386745238	ZNF572	0.0034471698235262623
fixed	ELL2FALSE	0.02818133138374854	0.008800957316776733	-3.20207567988407	12016.188196417172	0.0013679651489891522	0.010930034330449093	0.045432628437047984	ELL2	0.0034894084281701905
fixed	TFDP2FALSE	0.03293628849777533	0.010299144120070523	-3.197963647638499	12015.553678930597	0.00138760514718203	0.012748303354776124	0.05312427364077453	TFDP2	0.0035206790170522785
fixed	ZBTB48FALSE	0.026329518741525584	0.008232088219882217	-3.198400944967315	12015.716418726923	0.001385504197532172	0.010193296885165598	0.04246574059788557	ZBTB48	0.0035206790170522785
fixed	ZBTB8AFALSE	0.023391276114254338	0.007320396120486007	-3.1953566076560036	12015.54960637186	0.0014001912045808371	0.009042117931460134	0.03774043429704854	ZBTB8A	0.0035431894142443463
fixed	PMLFALSE	0.03035098023049265	0.009510988365618337	-3.1911489178358847	12015.492540977424	0.0014207270290644198	0.011707907594525797	0.0489940528664595	PML	0.0035856444066863927
fixed	ESRRAFALSE	0.022248780224149823	0.006994156786820613	-3.1810525417551614	12016.48159934917	0.001471140280676876	0.008539103909732499	0.03595845653856715	ESRRA	0.003703081339751292
fixed	ZNF561FALSE	0.024898974385557937	0.007833985791549588	-3.1783277437669235	12015.73774473455	0.001485025810066209	0.009543097559055412	0.04025485121206046	ZNF561	0.0037184110834728697
fixed	E2F5FALSE	0.03981364964319527	0.012526090100059008	-3.1784578687493004	12015.056819285866	0.0014843601824544275	0.015260490764628099	0.06436680852176244	E2F5	0.0037184110834728697
fixed	ZNF554FALSE	0.02071954376828471	0.006546538274524396	-3.164961831646815	12015.93884172295	0.0015549028813061298	0.007887271935148418	0.033551815601421	ZNF554	0.0038831867768744704
fixed	NFE2L2FALSE	0.03502053272103279	0.011094435083853741	-3.156585482391964	12016.196135084732	0.0016002249705768469	0.013273649016401195	0.05676741642566438	NFE2L2	0.0039859389606535555
fixed	KMT2CFALSE	-0.02070422437161246	0.006571726267446032	3.1505001165635487	12015.000963498987	0.0016339109708918957	-0.03358586883829788	-0.007822579904927037	KMT2C	0.004059247568309553
fixed	SMARCB1FALSE	-0.03894261243399191	0.01236383992707933	3.149718264202018	12015.19541059344	0.0016382858557075389	-0.06317773475077498	-0.01470749011720885	SMARCB1	0.004059544691805175
fixed	TRIM28FALSE	-0.024847738592214275	0.007891952179403708	3.1484907697567546	12015.018540510991	0.001645176263724355	-0.040317238989966975	-0.009378238194461572	TRIM28	0.004066057397909416
fixed	NFICFALSE	-0.020654441906773402	0.00656611366881028	3.145611384232372	12015.19220540302	0.0016614439728902032	-0.03352508475335916	-0.0077837990601876406	NFIC	0.004075641086953995
fixed	ZNF12FALSE	-0.02196151879565097	0.006983473225010017	3.144784563217033	12015.164543277027	0.001666142582717042	-0.035650253755509155	-0.008272783835792788	ZNF12	0.004075641086953995
fixed	TCF4FALSE	0.02074119753175401	0.006595372567042632	-3.1448105957499184	12015.291150188687	0.0016659944179244755	0.007813202531702316	0.0336691925318057	TCF4	0.004075641086953995
fixed	MIER1FALSE	-0.03326004023900129	0.010570769861168004	3.146416077147125	12015.038639962213	0.0016568828825619588	-0.05398045577460155	-0.012539624703401024	MIER1	0.004075641086953995
fixed	ZMYND11FALSE	0.02264122908391375	0.007207067593218134	-3.1415313913829803	12015.470348718656	0.001684748313648086	0.008514213100653844	0.036768245067173654	ZMYND11	0.004110613532532671
fixed	SMAD1FALSE	0.03602553852337752	0.01147735042359458	-3.1388375534233024	12015.425624824855	0.0017002996454864511	0.013528078794684088	0.05852299825207095	SMAD1	0.004137974137229781
fixed	ZNF692FALSE	0.02554580054139451	0.008161967322921156	-3.129858222986821	12015.47034786334	0.0017530952417735754	0.009547026930022441	0.04154457415276658	ZNF692	0.00425560524338929
fixed	AGO1FALSE	0.027586707291794476	0.00882513003679725	-3.12592643697815	12015.045026412397	0.0017766841651576562	0.010288027639322222	0.044885386944266734	AGO1	0.004301920542031482
fixed	KLF8FALSE	0.02717129095692828	0.008716002094301279	-3.117402986249107	12015.723539590439	0.0018288256206676638	0.010086519787194721	0.04425606212666184	KLF8	0.004416961119283421
fixed	TSC22D4FALSE	-0.056704465766101546	0.01827306290100469	3.103172471593901	12015.01339788598	0.0019190235532931458	-0.09252261917118208	-0.02088631236102101	TSC22D4	0.004623102196569851
fixed	ZNF444FALSE	0.02109071578759368	0.006821950197298393	-3.09159627051308	12015.954362225477	0.0019953910959490035	0.007718592127502559	0.0344628394476848	ZNF444	0.004794970039131863
fixed	PROX1FALSE	-0.034464797442972296	0.011161472797548148	3.0878359933415966	12015.116864930282	0.0020207918419253667	-0.0563430860861088	-0.012586508799835791	PROX1	0.004843807580896482
fixed	DAXXFALSE	-0.023730010202644952	0.007708335755490265	3.0784868427329783	12015.065096317394	0.0020852361528983523	-0.03883959275944497	-0.008620427645844931	DAXX	0.004985752606178015
fixed	ZNF558FALSE	0.02487146466652195	0.008101872219555726	-3.0698416356763776	12015.377948470083	0.0021465002380934932	0.0089904871471258	0.0407524421859181	ZNF558	0.005119403067852981
fixed	INSM2FALSE	0.01991221305866728	0.006501599611844448	-3.062663690085086	12015.40917476221	0.0021986160596757717	0.007168028202287881	0.03265639791504668	INSM2	0.0052306227454630575
fixed	TAL1FALSE	-0.02470206634995574	0.008089426470864232	3.0536239421824796	12015.206284103117	0.0022658993635190504	-0.04055864821549393	-0.008845484484417552	TAL1	0.005377283564172075
fixed	FOXF1FALSE	-0.050490080417574225	0.016590860082088862	3.0432467134167585	12015.085114019465	0.002345460456367614	-0.08301084469253661	-0.017969316142611845	FOXF1	0.005552281080334252
fixed	TERF2FALSE	0.02650837347754023	0.00875496953057236	-3.0278087644934653	12015.574797058187	0.0024685632420918878	0.009347219820618646	0.043669527134461816	TERF2	0.005829231022167477
fixed	NIPBLFALSE	0.037097523441942955	0.0122600715208926	-3.025881486802456	12015.953105861228	0.0024843395789013265	0.01306580410667305	0.061129242777212864	NIPBL	0.005851999896967569
fixed	HNF1AFALSE	-0.026954990853277336	0.008930974962607413	3.018146503168315	12015.259936946935	0.0025485902232792322	-0.04446114361701199	-0.009448838089542683	HNF1A	0.005988559293124107
fixed	POU2F3FALSE	0.025215606211861027	0.008360167920388994	-3.0161602556289036	12015.064394909848	0.0025653324535794618	0.0088283273764002	0.041602885047321854	POU2F3	0.006013088846965126
fixed	SMC3FALSE	-0.03528843272340249	0.011721537943026102	3.010563365910346	12015.13221718775	0.0026130512971568633	-0.05826453946823312	-0.012312325978571861	SMC3	0.006109928768352078
fixed	MLLT3FALSE	0.019509730376967703	0.0064912751960708795	-3.005531238111242	12015.389224701781	0.0026566463563660364	0.006785783040148093	0.03223367771378731	MLLT3	0.00619667634223276
fixed	PGRFALSE	0.04446226355162959	0.01481600915490577	-3.000960858404138	12016.307564437917	0.0026968158988005288	0.015420493932695022	0.07350403317056416	PGR	0.006275030164526108
fixed	FOXP4FALSE	0.02691711687282245	0.009005435686546229	-2.9889855204935367	12015.749510196758	0.002804716483869255	0.009265009141516543	0.04456922460412836	FOXP4	0.006510217823871701
fixed	ZNF197FALSE	-0.07018938078498947	0.02353974090370848	2.9817397341842344	12015.01830695071	0.0028719029482566134	-0.11633107335935337	-0.02404768821062557	ZNF197	0.006649988865623324
fixed	KDM4AFALSE	-0.036582764008083093	0.012376358107101013	2.955858556411155	12015.019246113965	0.003124057359031722	-0.06084242401452046	-0.01232310400164573	KDM4A	0.007216345570257295
fixed	BRF1FALSE	0.028320846507680554	0.009590361197145262	-2.953053167185272	12015.176597848602	0.0031525686987399558	0.009522190258293692	0.047119502757067416	BRF1	0.007264614827531202
fixed	VDRFALSE	0.028168337771508477	0.009572523579174782	-2.942624015342126	12016.063559401013	0.0032606529879117565	0.009404646272650974	0.04693202927036598	VDR	0.007495573374621242
fixed	TAF3FALSE	0.021457059610101508	0.007324553680063068	-2.9294699100241632	12015.009509005922	0.003401790791441023	0.007099751874331799	0.03581436734587122	TAF3	0.0078012221515258075
fixed	TLE3FALSE	0.02347542724691125	0.008044358752290532	-2.9182471803892276	12015.047113259774	0.003526578457213604	0.007707185364607828	0.03924366912921467	TLE3	0.008067999635927525
fixed	SNAI2FALSE	0.023391644170118037	0.008030759908340773	-2.912756007787433	12016.031920671527	0.0035891405780813356	0.007650058347410754	0.03913322999282532	SNAI2	0.008191483520310034
fixed	ZNF605FALSE	0.06672926780052658	0.02296607446122737	-2.905558279591174	12015.02268904662	0.00367267603870412	0.02171205407138055	0.11174648152967262	ZNF605	0.008362131123922985
fixed	PCGF2FALSE	-0.03497889641988035	0.012063245751900714	2.8996256181193183	12015.071685726305	0.003742853856486836	-0.058624805648914355	-0.011332987190846345	PCGF2	0.008501625188305812
fixed	FUSFALSE	-0.018865644458113798	0.006518616455295951	2.8941178833718144	12015.2359784552	0.003809094022907522	-0.03164318509341007	-0.006088103822817525	FUS	0.008631447671002523
fixed	ZNF101FALSE	0.019228710773323762	0.0066457709928741514	-2.8933754704971806	12015.564810903657	0.0038181036867537366	0.006201926752121275	0.032255494794526246	ZNF101	0.008631447671002523
fixed	TBX2FALSE	0.029504066551414725	0.010202588996087315	-2.891821533017699	12015.565201263691	0.0038370248437828392	0.00950534504096854	0.04950278806186091	TBX2	0.008653715605127255
fixed	AFF4FALSE	0.03593819827028404	0.0124646354927318	-2.8832129340035504	12015.57811117762	0.003943397472835357	0.011505500450448135	0.060370896090119947	AFF4	0.008872644313879553
fixed	APCFALSE	0.021797164572920046	0.007568225341231696	-2.8800892666566202	12016.255466300632	0.00398265235460314	0.006962221196318962	0.036632107949521125	APC	0.00893988316774446
fixed	FOXO3FALSE	-0.01883342983982152	0.006546672452837117	2.8767942760997185	12015.01041948447	0.004024445681411033	-0.03166596478400421	-0.006000894895638835	FOXO3	0.009012491033019075
fixed	ZNF263FALSE	-0.02592934209226251	0.009020959085415196	2.874344273901459	12015.327135502153	0.004055778203468891	-0.04361187825397991	-0.008246805930545109	ZNF263	0.009061387367937523
fixed	ISL2FALSE	0.025791465500346746	0.008998015627671807	-2.866350378524533	12015.278180100706	0.004159557128350828	0.00815390221258551	0.04342902878810798	ISL2	0.00925684933268974
fixed	NR1H2FALSE	-0.01865514439087576	0.0065088648948418565	2.866113322717696	12015.06377767344	0.004162671240800732	-0.03141357041178576	-0.005896718369965763	NR1H2	0.00925684933268974
fixed	EHFFALSE	0.018706491887037872	0.006548527301517215	-2.856595235191858	12015.887546536087	0.0042894621775800765	0.005870321234384553	0.031542662539691194	EHF	0.00951662073816603
fixed	DEKFALSE	0.0208316284463335	0.007299632965358002	-2.853791217338533	12016.204837422603	0.004327476859318523	0.006523169478144819	0.03514008741452218	DEK	0.009578684277934736
fixed	IFNA1FALSE	0.023471927436346966	0.00823412004724724	-2.850569010612603	12015.109704569395	0.004371538965777605	0.00733172278823804	0.039612132084455895	IFNA1	0.009653815216092211
fixed	SRCFALSE	-0.03937240564656996	0.013866947761091363	2.839298620352721	12015.247156722404	0.004528871328015968	-0.06655386197298363	-0.012190949320156297	SRC	0.009978159923619476
fixed	LIN54FALSE	0.022469051855840628	0.007936687610824316	-2.8310364421042093	12016.351270595944	0.00464744889679378	0.006911862963969697	0.03802624074771156	LIN54	0.010215820846869278
fixed	HOXB13FALSE	0.03029816074434852	0.010717432860287151	-2.8269979517778614	12016.070281300521	0.004706426152690297	0.009290262234042692	0.051306059254654354	HOXB13	0.010321679424520789
fixed	ZNF598FALSE	0.021289087567297447	0.00753586390830215	-2.8250360975658775	12015.195958657047	0.004735320963732154	0.006517577691996358	0.036060597442598534	ZNF598	0.010361229815138704
fixed	DDX5FALSE	-0.01875312785711577	0.006654959711868419	2.817917563598701	12015.116513834424	0.004841516406542162	-0.031797923299981906	-0.005708332414249629	DDX5	0.010560076911692067
fixed	ZNF687FALSE	0.01922711182005602	0.006824258880111621	-2.817465186745895	12015.284961254283	0.004848337198449818	0.005850462693882508	0.032603760946229535	ZNF687	0.010560076911692067
fixed	ZNF449FALSE	-0.018185834862094283	0.00647893800361187	2.80691601801963	12015.403767514545	0.005009882475872329	-0.03088559930842733	-0.005486070415761237	ZNF449	0.010887079457818227
fixed	DNMT3BFALSE	0.018669751440165135	0.006688804484855284	-2.79119407398392	12015.66629355017	0.005259683893369652	0.005558614838625631	0.03178088804170464	DNMT3B	0.011378091687697616
fixed	DEAF1FALSE	0.02592364637663356	0.00928634534223893	-2.7915875859925094	12015.07512004634	0.0052532970330639705	0.007720910268805958	0.04412638248446116	DEAF1	0.011378091687697616
fixed	CTBP1FALSE	0.028062388080390726	0.01006466674646935	-2.7882083716517405	12015.514466291417	0.005308375283349641	0.008334016436595114	0.04779075972418634	CTBP1	0.011457443484876827
fixed	RYBPFALSE	0.019229389076439694	0.006947191928388343	-2.7679369268412684	12015.03378163069	0.0056498747615345134	0.005611771300421505	0.03284700685245788	RYBP	0.012166998922130757
fixed	CEBPBFALSE	0.022005551534440133	0.007996608686287139	-2.7518604945839122	12015.463543050775	0.005934660453619703	0.0063309075452810774	0.03768019552359919	CEBPB	0.01275150016385855
fixed	FLI1FALSE	0.037508760962475414	0.013650807934566926	-2.747731939550242	12015.393714553811	0.006009853659082186	0.010750973623084123	0.0642665483018667	FLI1	0.012884045821942483
fixed	HNRNPCFALSE	-0.019033406369792862	0.006937629494192676	2.7435028615646413	12015.114641116585	0.006087766869411052	-0.03263228022175057	-0.0054345325178351556	HNRNPC	0.013021815231879248
fixed	SOX6FALSE	0.02464285084488078	0.009006524607397162	-2.7361109772177077	12016.191188318853	0.006226135780667783	0.0069886087182905385	0.04229709297147102	SOX6	0.013287994484915133
fixed	KDM4BFALSE	0.019891285373992672	0.007301818314353658	-2.724155069003988	12015.715096209233	0.00645594302088726	0.005578542710232035	0.03420402803775331	KDM4B	0.013747700093585816
fixed	MORC2FALSE	0.01853875576854194	0.006848540957095931	-2.706964284025126	12016.017841152014	0.006799752043482367	0.005114509933822325	0.03196300160326156	MORC2	0.01441547433218262
fixed	ZNF28FALSE	0.039204773093081666	0.01448082042823552	-2.707358556607607	12014.998468697928	0.006791686668861597	0.01082002717473999	0.06758951901142335	ZNF28	0.01441547433218262
fixed	ZNF695FALSE	0.02495282545431209	0.009246729261142752	-2.698556943715286	12015.152189147195	0.006973815391697595	0.006827743272976933	0.04307790763564724	ZNF695	0.014751707059156332
fixed	EEDFALSE	0.017851764528909117	0.0066345740568389015	-2.6907175013756257	12015.640338142513	0.007139715200109744	0.004846928318173809	0.030856600739644427	EED	0.015069221904656406
fixed	TFAP2CFALSE	-0.02376321679849796	0.00883578599903806	2.6894287391167047	12015.159605526434	0.007167325296851281	-0.041082783840683035	-0.006443649756312883	TFAP2C	0.015094102280786142
fixed	SMAD3FALSE	-0.061880550218904116	0.02310858968796812	2.6778159573763727	12015.268764590319	0.0074204667995215025	-0.10717711670754008	-0.016583983730268148	SMAD3	0.01556259998350137
fixed	ZNF740FALSE	-0.03331417242959207	0.012441208431268794	2.6777280208458487	12015.10738269895	0.0074224140382527495	-0.0577009495232169	-0.008927395335967248	ZNF740	0.01556259998350137
fixed	HDAC8FALSE	0.017370605720045455	0.006490467778220419	-2.6763257000265384	12015.356173776523	0.007453526210822819	0.004648241049036795	0.030092970391054116	HDAC8	0.015593561414747738
fixed	BAF155FALSE	-0.03056429442790056	0.011429086716526954	2.6742551864361364	12015.278830725783	0.0074996772972176365	-0.05296714952664347	-0.008161439329157652	BAF155	0.015655781491347102
fixed	ZNF547FALSE	0.02751148037274287	0.01029792388972936	-2.6715560017084083	12014.998672483714	0.00756022617417415	0.007325886984267553	0.047697073761218185	ZNF547	0.015747720022188074
fixed	AFF1FALSE	-0.01776042846452688	0.0066532571434803536	2.6694336445316327	12014.998547283734	0.00760814274774834	-0.030801886611381925	-0.0047189703176718344	AFF1	0.015813002573751452
fixed	ZBTB42FALSE	-0.01976676688631921	0.007416883878769927	2.665103999120111	12015.423901149983	0.007706738196811911	-0.03430505666741787	-0.00522847710522055	ZBTB42	0.01598310486904035
fixed	ZNF557FALSE	0.055836349532859014	0.020968706655134305	-2.6628418457648255	12015.119242419814	0.007758706969890984	0.014734299204347136	0.0969383998613709	ZNF557	0.01605597928259436
fixed	HAND2FALSE	0.01739603328579865	0.006540294914006606	-2.6598239856957435	12016.029427274267	0.007828524451444194	0.00457599945688613	0.03021606711471117	HAND2	0.01616539464648866
fixed	NRLFALSE	-0.017369103828060475	0.006537981711397362	2.6566461325184982	12015.11764065678	0.007902652938439166	-0.03018460350441057	-0.00455360415171038	NRL	0.016283220093457805
fixed	ZNF711FALSE	0.018982457641013202	0.007208380931687563	-2.633387139346033	12015.022442214935	0.008464618533249368	0.004852867249264155	0.03311204803276225	ZNF711	0.0174035475877584
fixed	ELF2FALSE	-0.05788072476788238	0.022018588259060567	2.628720973701149	12015.135441462166	0.008581571431545015	-0.10104071253194248	-0.014720737003822273	ELF2	0.01760606267891171
fixed	ZBTB26FALSE	0.022752559246438007	0.008658533641739536	-2.62776125702815	12015.579613490854	0.008605803790766104	0.00578043550064556	0.039724682992230455	ZBTB26	0.01761789016392889
fixed	ZNF274FALSE	0.021192079720188342	0.008070028915514954	-2.626022774149634	12015.335399264444	0.008649856383660098	0.005373520211862735	0.03701063922851395	ZNF274	0.01763239955130712
fixed	ONECUT1FALSE	-0.01923400755932695	0.007323656000109298	2.6262849537225534	12015.06648768579	0.008643200235223275	-0.033589555690601396	-0.0048784594280525066	ONECUT1	0.01763239955130712
fixed	`FOXO1-PAX3`FALSE	0.021192802149001776	0.008178150340099373	-2.591393073943449	12015.368258078683	0.0095703832686091575	0.005162307197671301	0.03722329710033225	FOXO1-PAX3	0.019467261488812657
fixed	ARID2FALSE	-0.047684102392085266	0.01840750275957406	2.5904710168946705	12015.142895016053	0.0095960449061006	-0.08376577958560588	-0.01160242519856465	ARID2	0.019477929447702068
fixed	ZNF766FALSE	0.018889578957342733	0.007313375743300699	-2.5828809595413214	12015.242935139468	0.009809622865056726	0.004554181810323231	0.03322497610436224	ZNF766	0.01986917242731235
fixed	RPA2FALSE	0.037533709102896474	0.014542583853803756	-2.5809518776183067	12015.013291686464	0.009864576677673964	0.009027896902490017	0.06603952130330293	RPA2	0.019938148623942716
fixed	BHLHE22FALSE	-0.03429150170069461	0.013293160559976687	2.5796349593444425	12014.99937689995	0.009902249020182774	-0.060348242533421165	-0.008234760867968056	BHLHE22	0.019971977939226993
fixed	RAD21FALSE	-0.028737875847256136	0.011171343094916063	2.5724638123713506	12015.01295882875	0.010109648208995065	-0.05063551188581886	-0.006840239808693412	RAD21	0.020347266648483738
fixed	IRF4FALSE	0.026025197022349882	0.010128707035104321	-2.5694490848783675	12015.66526463065	0.010197986401847402	0.006171296099389097	0.04587909794531067	IRF4	0.020481850583920887
fixed	ZBED2FALSE	0.022448619968799103	0.00875441584499976	-2.5642624666523046	12015.32399484974	0.01035157660115391	0.005288551588900039	0.03960868834869817	ZBED2	0.0207466472216404
fixed	PAX6FALSE	-0.023788132438659588	0.009349604420699329	2.54429293136664	12015.01957685697	0.010962327924138633	-0.04211486656168743	-0.005461398315631749	PAX6	0.021924655848277266
fixed	MXI1FALSE	0.04225270906815155	0.01661659089868627	-2.5428025114039556	12015.718398298848	0.011009169447222725	0.00968150841148998	0.07482390972481312	MXI1	0.021972275423954978
fixed	ZNF609FALSE	-0.01680678785485272	0.006618239139338984	2.5394651811465594	12015.17092274982	0.01111470419018671	-0.029779605041302983	-0.0038339706684024574	ZNF609	0.02213659247899399
fixed	PARP1FALSE	-0.016617584049907014	0.00657699143496834	2.526623945647119	12015.526795298003	0.011529204156746967	-0.029509549038138762	-0.003725619061675265	PARP1	0.0229142932615346
fixed	GATAD2AFALSE	-0.03453545756999281	0.013758383239794308	2.5101392342454565	12015.059884212831	0.012081391681021784	-0.06150410995008485	-0.007566805189900765	GATAD2A	0.023961845454666907
fixed	KLF5FALSE	-0.032907066855198536	0.013142075687541915	2.503947446170389	12015.173200305855	0.01229477751063913	-0.05866765690827211	-0.0071464768021249625	KLF5	0.024334476649688238
fixed	HNRNPLLFALSE	0.03274962255320194	0.013091840538697639	-2.5015292889031655	12015.461186285158	0.01237901602531479	0.007087501563977864	0.05841174354242602	HNRNPLL	0.024450478857454057
fixed	CBX3FALSE	0.020079689923507418	0.008035492216494087	-2.498874914257369	12015.346446749998	0.012472072123142367	0.004328827922362555	0.03583055192465228	CBX3	0.024583381829499623
fixed	CREB5FALSE	0.019098006352958306	0.007669906541785415	-2.489992055172114	12015.767857052606	0.012788004902051358	0.004063751347830061	0.03413226135808655	CREB5	0.025154137477437104
fixed	ZBTB11FALSE	0.018015998320743097	0.007240802888091734	-2.4881216350154083	12015.27298555196	0.012855425715660354	0.003822855689857371	0.03220914095162882	ZBTB11	0.02523472455296292
fixed	SOX9FALSE	0.016582587215758168	0.006669948904557576	-2.4861640550840334	12015.499679054305	0.012926324134086897	0.0035084105773002493	0.029656763854216086	SOX9	0.02532179306759528
fixed	MEF2CFALSE	-0.029660710876875176	0.011947683219955714	2.4825491545786997	12015.01595307025	0.01305815715033353	-0.053080098897204386	-0.006241322856545963	MEF2C	0.025527626888152022
fixed	MAML1FALSE	-0.017059621175316987	0.006875204296778604	2.4813257088680727	12015.378805737217	0.01310304341454888	-0.03053613153227733	-0.0035831108183566433	MAML1	0.025562992673782477
fixed	ZNF528FALSE	0.01627337200153378	0.006567543156189142	-2.4778477452710805	12016.0363409984	0.013231391008274659	0.0033999272200157214	0.02914681678305184	ZNF528	0.02576070820794699
fixed	ZNF445FALSE	0.05442272127562495	0.02197805738679621	-2.4762298285889712	12014.998487488472	0.01329147658547582	0.011342180515210368	0.09750326203603953	ZNF445	0.0258249870927575
fixed	SKILFALSE	0.01711485872644784	0.006918217385906719	-2.4738827607980296	12015.159434757523	0.013379067989821932	0.0035540357458054735	0.030675681707090206	SKIL	0.025942339150996186
fixed	ZNF394FALSE	0.01627616297661481	0.006611355605912309	-2.461849573188832	12015.210195042933	0.01383620291156192	0.0033168386312517027	0.029235487321977918	ZNF394	0.02677431557328615
fixed	NELFCDFALSE	-0.026192075189734307	0.010647006408439895	2.460041272161893	12015.28039488058	0.01390607841541011	-0.04706192662376209	-0.0053222237557065295	NELFCD	0.02685505831639928
fixed	MCRS1FALSE	0.019674321519114343	0.008040470449764801	-2.4469117375700145	12015.097112838503	0.014422835846329562	0.003913701344119037	0.03543494169410965	MCRS1	0.02779673817656243
fixed	BICRAFALSE	-0.019015849066195415	0.007823735042040224	2.430533365971016	12015.013228863154	0.015091154202927734	-0.0343516328619974	-0.0036800652703934313	BICRA	0.029026131269340845
fixed	KLF12FALSE	0.015791943298427702	0.006507664873432034	-2.4266681836828043	12015.128390342203	0.015252795795840579	0.003035869520129993	0.028548017076725413	KLF12	0.02927800239282075
fixed	ZNF175FALSE	0.023251104881333605	0.009602336380413886	-2.4214007883289153	12015.176269519274	0.015475531658734948	0.004428975339371043	0.04207323442329616	ZNF175	0.029645897996853694
fixed	RUVBL1FALSE	0.017277331324431128	0.007143002558439661	-2.418777143516135	12015.167311882627	0.015587538913318204	0.003275893116345312	0.031278769532516945	RUVBL1	0.029800625497606346
fixed	OSR2FALSE	-0.01583130511442111	0.006551165948632029	2.4165629810868854	12015.069495271382	0.0156826193066793	-0.02867264802945945	-0.0029899621993827678	OSR2	0.0299224376371441
fixed	HNF4GFALSE	-0.016011978655849708	0.00663752353206179	2.4123422807475854	12015.00335789827	0.01586527845090208	-0.029022596383661742	-0.0030013609280376725	HNF4G	0.03021053022387342
fixed	ZNF737FALSE	-0.019136892863715057	0.007946841927740547	2.408112938161345	12015.046298560585	0.016050185761413236	-0.034713986026326624	-0.0035597997011034884	ZNF737	0.030501747443004438
fixed	MLLT1FALSE	0.019446108877570586	0.008088122619503528	-2.4042796817494643	12015.300027533112	0.01621941003505289	0.0035920827836588495	0.03530013497148232	MLLT1	0.03076140785383255
fixed	RFX3FALSE	0.015673653182197676	0.006521013228131758	-2.4035610163434846	12015.874572718913	0.016251309809571915	0.0028914145536406474	0.028455891810754703	RFX3	0.03076140785383255
fixed	USP7FALSE	0.025717404382531114	0.010745938518903828	-2.393220874778883	12015.058856242511	0.016716436310360693	0.004653630001073404	0.04678117876398882	USP7	0.031579168792245746
fixed	WDR5FALSE	-0.01808490034870229	0.00756750505145815	2.3898101455799607	12014.998472194937	0.016872402811450738	-0.03291843199740418	-0.0032513687000004007	WDR5	0.031810814786806335
fixed	`SMAD2-3`FALSE	-0.024005571699014065	0.010105790458989137	2.3754274142564498	12015.610246436656	0.017544234958201992	-0.04381455244237491	-0.00419659095565322	SMAD2-3	0.033012229092948125
fixed	RBPJFALSE	0.03439591477445737	0.014493353593632722	-2.3732198729746252	12016.104825683207	0.01764940067957356	0.005986602092028632	0.06280522745688612	RBPJ	0.03314474064628578
fixed	ZBTB16FALSE	0.02120744417832957	0.008964370332027244	-2.3657483339974443	12015.689553680035	0.01800945357824961	0.00363583116240224	0.038779057194256894	ZBTB16	0.033754457197740916
fixed	ZNF362FALSE	0.02086848839653851	0.008832076616733213	-2.3628065405367034	12014.99846956776	0.018152974955444285	0.0035561923191370186	0.03818078447394001	ZNF362	0.03395674138724284
fixed	SP4FALSE	0.030622870375840952	0.013021148632886049	-2.351779496510793	12016.103928166505	0.018699899151838985	0.005099317071977711	0.0561464236797042	SP4	0.03491135771204382
fixed	CHD4FALSE	0.01546971537134765	0.006598296296891163	-2.344501470574506	12015.113527206027	0.019068729743867627	0.002535989369517917	0.028403441373177386	CHD4	0.035530406593065854
fixed	CBX1FALSE	0.02459862080047956	0.010497149492994202	-2.3433619590629515	12015.924759503445	0.01912704802387273	0.00402251322508165	0.045174728375877465	CBX1	0.03556959807948262
fixed	SP1FALSE	-0.057906340248235676	0.024834769406139677	2.3316640996843727	12015.724242113363	0.019734810989114164	-0.10658649747673288	-0.00922618301973848	SP1	0.036561566422610936
fixed	XRN2FALSE	-0.015296846148387151	0.006560607463497512	2.3316203923946217	12015.081972490558	0.01973711394931303	-0.02815669595550572	-0.002436996341268583	XRN2	0.036561566422610936
fixed	FOXA1FALSE	-0.024582265178434145	0.01061176676554869	2.3165101270639448	12015.010960935251	0.020547168732376837	-0.045383041270231364	-0.0037814890866369223	FOXA1	0.0379883700982316
fixed	BHLHE40FALSE	0.027976267682213857	0.012080954594595447	-2.315733203295819	12015.672412413227	0.020589591028070103	0.004295646381763597	0.051656888982664115	BHLHE40	0.03799317183903071
fixed	SMAD4FALSE	0.02011458810673004	0.008699865431312244	-2.312057383592893	12015.830274793661	0.02079134286893925	0.0030614474167322513	0.037167728796727834	SMAD4	0.038291392079088896
fixed	YY1FALSE	-0.058232907092995445	0.02519958523569963	2.310867680889379	12015.131546748815	0.020857010340617727	-0.10762816248681728	-0.008837651699173603	YY1	0.03833831958564415
fixed	DACH1FALSE	-0.02522215148095461	0.010948466939351899	2.303715362221083	12015.061162535054	0.021255611020835233	-0.04668291426339627	-0.0037613886985129567	DACH1	0.03892102286732593
fixed	ATOH8FALSE	0.041264884060802844	0.017912089507985375	-2.303744855808507	12015.019048205371	0.021253953863560212	0.0061542967855365074	0.07637547133606917	ATOH8	0.03892102286732593
fixed	CSDC2FALSE	-0.03157096451273331	0.01372281774222898	2.3006182189231112	12015.042740039733	0.021430264340820068	-0.05846990277957196	-0.004672026245894655	CSDC2	0.03916565551942978
fixed	ZNF169FALSE	0.04553864132592983	0.01988194176571518	-2.2904524046266737	12015.291906447144	0.02201234475249951	0.006566825689423815	0.08451045696243584	ZNF169	0.040152537081997196
fixed	ZNF366FALSE	-0.014853443961716768	0.006516375222841309	2.2794028050521438	12015.18746574808	0.02266058520288197	-0.027626591424767127	-0.002080296498666409	ZNF366	0.041256103594559924
fixed	RELAFALSE	-0.032779506674339126	0.014452380821077415	2.268104271549041	12015.236442763615	0.0233405230725105	-0.06110850631464551	-0.004450507034032741	RELA	0.042413064783190506
fixed	SIX2FALSE	-0.029803276075375466	0.0131494554440616	2.2665026853895203	12015.075918277413	0.023438324948144844	-0.055578331663667824	-0.0040282204870831055	SIX2	0.042509813689220875
fixed	BRD2FALSE	-0.0487611683442594	0.02154113000594582	2.263630939082595	12015.44461034123	0.02361457998293077	-0.0909852607398276	-0.006537075948691198	BRD2	0.04270900430277736
fixed	JUNFALSE	-0.04723811472290948	0.020871752151838355	2.263255829182928	12015.065836755064	0.023637687916002563	-0.08815011859050106	-0.006326110855317903	JUN	0.04270900430277736
fixed	BRD3FALSE	0.030271275082421018	0.013382270536628941	-2.262043275807702	12015.545484226606	0.023712516724249892	0.004039864429069243	0.056502685735772794	BRD3	0.042763215415755
fixed	CD74FALSE	0.015929819117100192	0.007044635304367322	-2.261269523381076	12015.234619787087	0.023760374619905378	0.002121196615573532	0.029738441618626852	CD74	0.04276867431582968
fixed	ZFP42FALSE	0.0280298749683229	0.012410586594226568	-2.258545537352961	12015.021409274232	0.023929523888849266	0.0037031216015000444	0.05235662833514576	ZFP42	0.04299202596979699
fixed	ASH2LFALSE	0.025880702513140313	0.011493089905114018	-2.25184895679136	12016.297910123258	0.024349800200953866	0.0033523910244477144	0.04840901400183291	ASH2L	0.043606637954347535
fixed	SRSF3FALSE	-0.014624060892798676	0.006496932521210941	2.2509177746659046	12014.99940724057	0.02440874703104988	-0.02735909754183769	-0.0018890242437596596	SRSF3	0.043606637954347535
fixed	ZNF266FALSE	0.05403426179587872	0.024005366871908837	-2.250924223912187	12015.089239229786	0.024408338226889308	0.006979867178258339	0.1010886564134991	ZNF266	0.043606637954347535
fixed	ZNF770FALSE	-0.014581229409821466	0.006485199236100628	2.2483857286378077	12015.063248988141	0.024569654104150237	-0.02729326691894064	-0.0018691919007022932	ZNF770	0.043812056103475376
fixed	SND1FALSE	0.020388332823119974	0.009083796064807517	-2.2444727598089242	12015.448087843452	0.0248201236560182	0.002582626055374803	0.03819403959086515	SND1	0.044176115611644334
fixed	ZNF680FALSE	0.02864979800694151	0.012790217616395106	-2.2399773691275464	12015.231984069655	0.025110602339994556	0.0035789065909463194	0.0537206894229367	ZNF680	0.04460989689451547
fixed	HNRNPH1FALSE	0.014779241539928519	0.0066078448607928735	-2.23662053987072	12016.320604252742	0.025329423954101996	0.001826798942369286	0.02773168413748775	HNRNPH1	0.04491500084054518
fixed	CDK6FALSE	0.017832140428394698	0.007979150654600023	-2.2348419274568245	12015.557075329918	0.025446035908312976	0.0021917170120140037	0.03347256384477539	CDK6	0.0450380672662905
fixed	ZNF524FALSE	0.01458677227392577	0.006531734043903262	-2.233215892729298	12015.110227471789	0.025553050178932984	0.0017835190337206104	0.02739002551413093	ZNF524	0.045143721982781604
fixed	TCF7FALSE	-0.01451210195386387	0.006504921714912621	2.230941829875474	12015.002374621035	0.025703365335718733	-0.027262798712068832	-0.001761405195658908	TCF7	0.045241716845527066
fixed	MAFBFALSE	-0.015286288927078874	0.006851413004405021	2.2311147959188515	12015.386790338953	0.025691904919130412	-0.028716164509213722	-0.001856413344944026	MAFB	0.045241716845527066
fixed	SAP30FALSE	0.016988767663930825	0.007624869339638606	-2.2280732832513084	12015.364321418043	0.025894065475470095	0.0020427927949752487	0.031934742532886404	SAP30	0.045493441001102156
fixed	TERF1FALSE	0.01712455164190414	0.00770614926242803	-2.2221930900555367	12015.917444958372	0.026288807064866478	0.002019255072455378	0.0322298482113529	TERF1	0.046102062389490106
fixed	ZNF700FALSE	0.052272338775657776	0.023745345248034525	-2.2013720259546243	12015.032641660977	0.027728640530756812	0.005727628497957285	0.09881704905335827	ZNF700	0.04853784048870091
fixed	ZNF260FALSE	0.027046071556259557	0.012293205922485425	-2.200082852821147	12015.438881084496	0.027819983671600094	0.0029494033410623482	0.051142739771456766	ZNF260	0.04860854289872984
fixed	ZKSCAN5FALSE	-0.02916896482238584	0.01331859325039006	2.1900935236933954	12015.079160594081	0.028536609334845104	-0.055275557816878075	-0.003062371827893602	ZKSCAN5	0.049769516097700604
fixed	GATAD2BFALSE	-0.01599872901400063	0.007319906038249549	2.185646773387613	12015.102936396132	0.028860695447972415	-0.030346926610230474	-0.0016505314177707887	GATAD2B	0.0502428895207403
fixed	ZNF256FALSE	0.015272821994553253	0.007001078995134937	-2.1814954530817845	12016.141653162103	0.029166103849709555	0.001549576995332107	0.028996066993774397	ZNF256	0.05068208209949529
fixed	PALB2FALSE	0.028096421668920412	0.01288413902002622	-2.1806984250363386	12015.228582653646	0.029225059389834905	0.002841429138158602	0.05335141419968222	PALB2	0.05069219392345909
fixed	ZSCAN31FALSE	0.027303059003463893	0.012548097976567092	-2.175872315824351	12015.501039620158	0.029584228544444643	0.0027067612254788806	0.051899356781448906	ZSCAN31	0.051222058133212685
fixed	YY2FALSE	0.014099863849128655	0.0064975604012782245	-2.1700242827069185	12015.596581727854	0.03002453395470881	0.0013635965175610911	0.02683613118069622	YY2	0.051890227160855444
fixed	ZNF213FALSE	-0.014350632417531555	0.006618556477057085	2.1682420430009697	12015.211165090452	0.03015983665403452	-0.027324071632763895	-0.0013771932022992144	ZNF213	0.05202980862196913
fixed	RREB1FALSE	-0.017098162872036506	0.00789079422060007	2.1668494189595333	12015.092419158904	0.03026592492072066	-0.03256539347400436	-0.0016309322700686479	RREB1	0.05211857829308215
fixed	GTF2F1FALSE	0.029662269118650147	0.013725408230422348	-2.161121084391776	12015.539920987912	0.030705679396508846	0.0027582531888846427	0.056566285048415654	GTF2F1	0.05271226356450059
fixed	ETV2FALSE	-0.020472688489626877	0.00947405997999484	2.1609202952964655	12015.08018978584	0.03072119344010726	-0.03904337559231727	-0.0019020013869364798	ETV2	0.05271226356450059
fixed	ZZZ3FALSE	0.028224109778474688	0.013111878048965471	-2.152560424454342	12015.08666147402	0.03137309187064266	0.002522711953580236	0.053925507603369144	ZZZ3	0.05373416453248312
fixed	BCORFALSE	-0.03769733368361824	0.017536352725997902	2.149667851270543	12015.025496698649	0.03160140045900048	-0.07207141620303742	-0.0033232511641990634	BCOR	0.054028200784742755
fixed	HIF3AFALSE	-0.014523776766306477	0.006762451940577898	2.1477086852413656	12015.001945528618	0.031756844143632994	-0.0277792743442219	-0.0012682791883910551	HIF3A	0.054196832402550764
fixed	NANOGFALSE	-0.023151179769197127	0.010861651614246315	2.131460351649621	12015.286682567654	0.03307146944307372	-0.0444417704582238	-0.001860589080170453	NANOG	0.05633961044409345
fixed	TBX3FALSE	0.015861561561614827	0.00747835842390747	-2.12099509845733	12015.371692931663	0.03394263709819872	0.0012027717412042681	0.030520351382025385	TBX3	0.057617928454949424
fixed	ZNF548FALSE	0.05173248778503189	0.024387333567096294	-2.1212851188795003	12015.29464602948	0.03391823302523681	0.003929376860527481	0.0995355987095363	ZNF548	0.057617928454949424
fixed	PRDM6FALSE	-0.02270499994274385	0.010710970581104576	2.1197892171226913	12015.04234815569	0.03404426941100475	-0.0437002315236018	-0.0017097683618858966	PRDM6	0.05768780287406489
fixed	ZNF563FALSE	0.04500975711030431	0.02125395524922312	-2.117712048535038	12015.020760079235	0.034219943405161615	0.003348573451130349	0.08667094076947827	ZNF563	0.0577802230239366
fixed	ZNF667FALSE	0.04500975711030431	0.02125395524922312	-2.117712048535038	12015.020760079235	0.034219943405161615	0.003348573451130349	0.08667094076947827	ZNF667	0.0577802230239366
fixed	TAF15FALSE	0.017695507687468272	0.008389188619213322	-2.1093229024486555	12015.051324683458	0.03493735025233325	0.0012513435952483075	0.03413967177968824	TAF15	0.0588873359376783
fixed	NR5A2FALSE	0.017553335159324536	0.008367214437292925	-2.097870837526142	12015.103682639405	0.03593739009708355	0.0011522440185065472	0.033954426300142525	NR5A2	0.060466084925251684
fixed	PRDM4FALSE	-0.014394574837923361	0.0068651729870035354	2.096753405219904	12015.109207533653	0.036036263184129357	-0.02785142223868619	-9.377274371605345e-4	PRDM4	0.06052569555925952
fixed	RAD51FALSE	0.014811480233921221	0.007106628431335352	-2.0841782255862373	12015.305479800425	0.03716503088734415	8.813412034757509e-4	0.02874161926436669	RAD51	0.06231184440514291
fixed	MXD4FALSE	0.017175640127347003	0.008270012424841065	-2.076857838297273	12015.047883133802	0.037835881498913135	9.650806161148745e-4	0.03338619963857913	MXD4	0.06332531745607567
fixed	SNIP1FALSE	0.024453587869736195	0.011788541573821256	-2.074352261185568	12015.091089570864	0.03806784996203229	0.0013461431832182957	0.047561032556254094	SNIP1	0.06360197699435867
fixed	GTF3C5FALSE	0.02892927412357174	0.014002209422044049	-2.066050667548767	12014.999946640479	0.038845080475285836	0.001482683047817783	0.0563758651993257	GTF3C5	0.064787074778711
fixed	ZNF626FALSE	0.03146100302879003	0.01525301502684261	-2.062608800517421	12015.255977321436	0.039171253904748154	0.0015626310935545479	0.061359374964025507	ZNF626	0.06521706147492101
fixed	CHD2FALSE	0.035137558692786564	0.017120479058843455	-2.052370063478832	12015.821883396578	0.04015532657669545	0.0015786559262731745	0.06869646145929995	CHD2	0.06673899225464715
fixed	FOXJ3FALSE	0.015354195821397505	0.007491477240507053	-2.049555158277204	12015.637503926824	0.040429522585413775	6.69691035271142e-4	0.030038700607523866	FOXJ3	0.06707785138519086
fixed	BACH2FALSE	-0.023723256374332695	0.011665052857531251	2.0337032899954983	12015.009765135894	0.04200344701607914	-0.04658864325587087	-8.578694927945177e-4	BACH2	0.06944764030041507
fixed	ZNF223FALSE	-0.030410844125957126	0.014950182635249807	2.034145325706851	12015.019091683052	0.04195886463416569	-0.059715615741904475	-0.001106072510009777	ZNF223	0.06944764030041507
fixed	PLAG1FALSE	0.014458157824672037	0.007153084677244742	-2.0212479618291193	12014.999815968418	0.04327623304411148	4.369570163403891e-4	0.028479358633003684	PLAG1	0.0714282462354366
fixed	STAT2FALSE	-0.022264206711731436	0.011025148512584683	2.0194019777890433	12015.102322847186	0.04346761578774887	-0.04387527775014979	-6.53135673313085e-4	STAT2	0.07162021668654996
fixed	`SMAD3-HIF1A`FALSE	0.015147518390049419	0.007506755657503269	-2.017851530162559	12015.474118675043	0.043628910263284436	4.3306541996561074e-4	0.029861971360133226	SMAD3-HIF1A	0.07176203515719544
fixed	ZMYM3FALSE	-0.017592012823496067	0.008762196764587367	2.007717162275403	12014.999119326201	0.04469570286794928	-0.034767333108734665	-4.166925382574696e-4	ZMYM3	0.07339019025133152
fixed	ETV6FALSE	-0.013859510734966333	0.00691539843787418	2.0041521626665375	12015.152510781005	0.0450761664143363	-0.02741480812314983	-3.042133467828379e-4	ETV6	0.07388773669978838
fixed	POU2AF1FALSE	-0.03017725771008658	0.015080059524265655	2.0011365115321786	12015.091536596035	0.04540013156369015	-0.059736608978685116	-6.17906441488042e-4	POU2AF1	0.07429112437694753
fixed	TAF9BFALSE	-0.014015205373200428	0.007021835167364542	1.9959462219134745	12015.731103910826	0.04596230799249343	-0.02777913586798994	-2.5127487841091443e-4	TAF9B	0.07508226339869646
fixed	ZNF41FALSE	0.024189547480878593	0.012245804667119447	-1.97533344181364	12015.145855034853	0.04825317015797176	1.8579331965038956e-4	0.04819330164210679	ZNF41	0.0786897851806924
fixed	ZNF341FALSE	-0.013824975223662087	0.0070039802636255736	1.9738740977698959	12015.200219664532	0.04841893228696328	-0.027553907285835212	-9.604316148895987e-5	ZNF341	0.07882536075386172
fixed	SP7FALSE	0.016322498659594117	0.00830216011775615	-1.9660544277729068	12015.981481373867	0.04931531133519374	4.8924607523846e-5	0.032596072711664384	SP7	0.08014788247661811
fixed	ZNF2FALSE	0.014446779667798716	0.007373000824355941	-1.9594165268604449	12015.839883990782	0.050087113027086426	-5.49219178074857e-6	0.028899051527378178	ZNF2	0.0811598902530294
fixed	RBAKFALSE	0.037647420416276195	0.019215349693611442	-1.9592368089347285	12015.274186642584	0.050108150271524446	-1.7767148704203595e-5	0.0753126079812566	RBAK	0.0811598902530294
fixed	ZNF8FALSE	0.02970868273369595	0.01521699737634949	-1.9523354048722963	12015.683606516091	0.050921587043487385	-1.1908868485264665e-4	0.05953645415224455	ZNF8	0.0823376170160796
fixed	ZNF624FALSE	0.04105701326024791	0.02111766587861026	-1.94420223789192	12015.010083835556	0.05189437743850545	-3.3702123282704916e-4	0.08245104775332288	ZNF624	0.08376858896164839
fixed	KMT2AFALSE	-0.023922388401537428	0.012319370748417985	1.9418514865793342	12015.136573140531	0.052178424691719044	-0.048070343960804514	2.2556715772965863e-4	KMT2A	0.08394303061703198
fixed	NFATC1FALSE	0.01605824453824081	0.008268590061102058	-1.942077720575801	12016.5797626521	0.05215102900160321	-1.4952670226693263e-4	0.03226601577874855	NFATC1	0.08394303061703198
fixed	PRDM14FALSE	-0.012591460907582196	0.0064959867997567595	1.9383445957823806	12015.010031931497	0.052604588097394905	-0.02532464378875314	1.4172197358874698e-4	PRDM14	0.0844861566412706
fixed	CBX5FALSE	0.018703162918129956	0.009698597950403011	-1.9284398645840117	12015.44553102679	0.053823968978135024	-3.0765479891130265e-4	0.037713980635171215	CBX5	0.08629927126914423
fixed	ZNF133FALSE	0.03151566699879398	0.01638419218393268	-1.92354109650277	12015.055685618045	0.05443573083030524	-5.999948381751191e-4	0.06363132883576308	ZNF133	0.08713370337602551
fixed	TAF2FALSE	0.021407394645977008	0.011191650389977244	-1.912800516458997	12015.2111449226	0.05579734175019291	-5.30046932988814e-4	0.043344836224942826	TAF2	0.08916359133950424
fixed	LYL1FALSE	-0.027125360002403655	0.014201566391650416	1.9100259263197599	12015.029903395673	0.056153659692078986	-0.0549627229170906	7.120029122832904e-4	LYL1	0.08958292867264775
fixed	ZNF316FALSE	0.02544928659681257	0.013343266368138642	-1.907275617129323	12015.328135618376	0.056508726599344423	-7.05669637223072e-4	0.05160424283084821	ZNF316	0.0899988734153165
fixed	TRPS1FALSE	-0.014269793956814977	0.007536577879576066	1.8934049624148057	12014.998483599233	0.05832803967270355	-0.0290427033555403	5.031154419103453e-4	TRPS1	0.09274158307959865
fixed	NFRKBFALSE	0.012356445108934811	0.006560312557429905	-1.8835146954912196	12015.404366300201	0.05965477959770922	-5.028265999187428e-4	0.025215716817788364	NFRKB	0.09469327743130548
fixed	HEXIM1FALSE	-0.014294225124983382	0.007657402131071592	1.8667199241086507	12015.004334282465	0.06196504817267299	-0.029303969562566277	7.155193125995152e-4	HEXIM1	0.0981971029181562
fixed	SRSF4FALSE	-0.01483443873732845	0.007968033490423639	1.8617440244393029	12014.99874625231	0.06266357816348482	-0.030453070790315277	7.841933156583769e-4	SRSF4	0.09913939231834912
fixed	CREB3FALSE	0.02045204993399771	0.010996628813371271	-1.859847256927431	12015.05497008897	0.0629315600328435	-0.001103117898161584	0.042007217766157	CREB3	0.09939852362803427
fixed	E2F1FALSE	0.04580962038885987	0.02471415552477036	-1.8535782192899963	12015.487035493928	0.06382402003180455	-0.002634114257238522	0.09425335503495827	E2F1	0.10064151257907693
fixed	TCF25FALSE	0.01295173370554501	0.006995333890750259	-1.8514818460160618	12015.585998992734	0.06412478231272993	-7.602500255409293e-4	0.02666371743663095	TCF25	0.10094891472994118
fixed	POU2F1FALSE	0.026243143816395736	0.014191437417076338	-1.8492237991916003	12015.738614435082	0.06445004772306559	-0.0015743645075437553	0.05406065214033523	POU2F1	0.10129381470808002
fixed	ZNF764FALSE	0.020588700367499876	0.01113983833686113	-1.8482045919259857	12015.007085155115	0.06459730882478427	-0.0012471812600225486	0.042424581995022304	ZNF764	0.10135827733362532
fixed	ZNF577FALSE	0.014863594945511906	0.008066816270939038	-1.8425602426397734	12015.385203770067	0.06541786445877974	-9.48667254189104e-4	0.030675857145212915	ZNF577	0.10247724580242344
fixed	ZNF134FALSE	-0.021085045236749037	0.011448195075356575	1.841778996423356	12015.133660004041	0.06553211419197766	-0.04352535583100439	0.001355265357506321	ZNF134	0.10248792940843719
fixed	ZNF660FALSE	0.015283123468738051	0.008336884366596783	-1.8331936484536855	12015.220881477224	0.06679850465076748	-0.0010585158208226385	0.031624762758298744	ZNF660	0.10429750153327688
fixed	DPF2FALSE	0.019407055260836626	0.010593424420078452	-1.8319907228538006	12015.073573942025	0.06697754288523416	-0.001357766861631804	0.040171877383305056	DPF2	0.10433028813597979
fixed	CREB1FALSE	0.040472950066892346	0.022106090139204112	-1.8308506756296752	12015.510467533719	0.06714758586529516	-0.002858555372676666	0.08380445550646136	CREB1	0.10433028813597979
fixed	SOX4FALSE	0.013004711577633315	0.007100320499324021	-1.8315668396759577	12015.452490076193	0.06704072499925022	-9.130628705522909e-4	0.02692248602581892	SOX4	0.10433028813597979
fixed	ZNF792FALSE	-0.018414465408094303	0.010117215210209517	1.820112059048802	12015.051988325413	0.06876681006898731	-0.03824584060104641	0.0014169097848578047	ZNF792	0.1066724175704291
fixed	MITFFALSE	0.012292056260052035	0.00678835969845636	-1.8107549991564513	12015.303547932603	0.07020375080716851	-0.0010142246723722284	0.025598337192476298	MITF	0.10872464004876421
fixed	HDAC2FALSE	-0.026403706267135053	0.014817721357850186	1.7819005790081754	12015.149072404842	0.07479069437902895	-0.05544883236234715	0.0026414198280770435	HDAC2	0.1156407170787579
fixed	HIVEP1FALSE	0.015412545066844802	0.008677651418290652	-1.776119404192524	12015.677058614694	0.07573853872111956	-0.0015970525934080031	0.032422142727097605	HIVEP1	0.11691677336561175
fixed	ZNF623FALSE	0.016540474252772372	0.009359657357514097	-1.7672093775413038	12015.001424245103	0.07721855058867401	-0.0018059652522137912	0.034886913757758535	ZNF623	0.11900888087495155
fixed	NR2F6FALSE	-0.013139016098240938	0.007465762147638811	1.7599028523024138	12015.010061705043	0.0784497232180198	-0.02777311522799046	0.0014950830315085869	NR2F6	0.12052595478474042
fixed	TCF21FALSE	-0.014444371984069743	0.008207643471965046	1.7598683511786997	12015.060218674187	0.07845557434101028	-0.030532678276797023	0.0016439343086575367	TCF21	0.12052595478474042
fixed	NFKB1FALSE	-0.018874533379023405	0.01073089655587134	1.7588962190392494	12015.050148512839	0.07862058949568117	-0.03990882308601463	0.0021597563279678184	NFKB1	0.12058527713646275
fixed	STAT1FALSE	0.025777120465987725	0.014784949073951233	-1.7434703587449603	12015.528103204948	0.08127706400855486	-0.0032037665697874744	0.05475800750176292	STAT1	0.12445958116237775
fixed	MYOCDFALSE	-0.027446092098695925	0.015865549241725833	1.729917551578591	12015.257682196041	0.08367068674683555	-0.05854512998362241	0.003652945786230561	MYOCD	0.12791960762256588
fixed	ZNF467FALSE	-0.011325641134694375	0.006566689321685951	1.7247109738072086	12015.019915794466	0.08460529031919496	-0.024197412372447002	0.0015461301030582526	ZNF467	0.1291415151432192
fixed	ZNF610FALSE	0.011257096866721213	0.006535171116749013	-1.7225404913836704	12015.612551824046	0.08499738639261276	-0.0015528935372056962	0.024067087270648123	ZNF610	0.12953275817660154
fixed	ZNF714FALSE	-0.04195195674213195	0.024386468469217267	1.7202965158767198	12015.1055052924	0.08540430525842402	-0.08975337201093984	0.005849458526675941	ZNF714	0.12994530656544898
fixed	ATF3FALSE	0.023461943405649346	0.013661708387694258	-1.7173506226192488	12015.759460748895	0.08594089548083257	-0.0033172104995221954	0.05024109731082089	ATF3	0.1305535259374431
fixed	SPDEFFALSE	-0.011693972732629348	0.006837837229421148	1.710185887770729	12015.121987443825	0.08725732150271333	-0.025097237633879464	0.0017092921686207695	SPDEF	0.1323425830104746
fixed	HIC1FALSE	-0.011773440642289437	0.006929192488606328	1.699107170373533	12014.999121803286	0.08932488009811476	-0.02535577661434464	0.0018088953297657664	HIC1	0.1352633898628595
fixed	GATAD1FALSE	0.011273567012172874	0.006682536377458716	-1.6870191758626936	12015.895600066433	0.09162562132326256	-0.001825283061790823	0.02437241708613657	GATAD1	0.1385274845362797
fixed	TFALSE	0.012095431151780097	0.007192732564307861	-1.6816183618171283	12015.713147139562	0.09266885445652907	-0.002003485831884212	0.026194348135444405	T	0.13988304929039358
fixed	SHOX2FALSE	-0.015734411567155514	0.009420711323774098	1.6701935794856773	12015.15244120469	0.09490711704979776	-0.0342005266795793	0.00273170354526827	SHOX2	0.14303537071960043
fixed	PDX1FALSE	0.011918537775576776	0.007174458677853176	-1.6612455811290807	12015.862209819643	0.09669022272333808	-0.002144559423019091	0.025981634974172642	PDX1	0.14549285879820903
fixed	SOX13FALSE	0.013535204916930478	0.008183487399552051	-1.6539653886033197	12015.24845634422	0.09816066713285689	-0.0025057515486580396	0.029576161382518996	SOX13	0.14747287629093775
fixed	OVOL3FALSE	0.013725420889720463	0.008314562297024021	-1.650768903930531	12015.40387465868	0.09881190690527877	-0.0025724635147307273	0.030023305294171652	OVOL3	0.14821786035791817
fixed	ETV1FALSE	-0.011864920566362576	0.007210826147967015	1.6454315112988422	12015.003072686535	0.09990701300999887	-0.025999303979085855	0.002269462846360702	ETV1	0.14962525967274556
fixed	NUTM1FALSE	-0.012134881905048753	0.007411013338834771	1.6374119638214972	12014.998500022035	0.10157060752572877	-0.02666166453195292	0.0023919007218554146	NUTM1	0.15187830655101137
fixed	ZNF318FALSE	-0.021615194939074787	0.013215912021348718	1.6355431924908426	12015.062308583918	0.10196142182986705	-0.04752051615090899	0.004290126272759421	ZNF318	0.1522240945629001
fixed	MNX1FALSE	0.015319077786365305	0.00946540030238844	-1.6184289408763606	12015.21935449238	0.10559643665437835	-0.0032346349285026967	0.033872790501233305	MNX1	0.1571591272516021
fixed	ZNF777FALSE	-0.012883042105180358	0.007957635908914415	1.618953449572672	12015.07105200789	0.1054835256195945	-0.028481293210298048	0.002715208999937333	ZNF777	0.1571591272516021
fixed	ICE1FALSE	-0.03506190374717108	0.021704799835737983	1.6153986220798955	12015.072478252801	0.10625065449160151	-0.07760681556461757	0.007483008070275403	ICE1	0.15788648658097795
fixed	ZNF90FALSE	-0.0317353539136226	0.01966067993901187	1.6141534276569682	12015.081058037322	0.10652041025783765	-0.07027346071702414	0.006802752889778933	ZNF90	0.15804116856295042
fixed	ZNF579FALSE	0.011386276206120613	0.007065506581929127	-1.6115300543689772	12015.158152197298	0.1070905078613816	-0.0024632573778225805	0.025235809790063804	ZNF579	0.15864028649030754
fixed	AATFFALSE	-0.023551616869659415	0.014635142912127965	1.6092508977238942	12015.001512468696	0.10758776282579202	-0.05223885977053605	0.005135626031217224	AATF	0.15912980734233426
fixed	SREBP2FALSE	-0.01582876585554501	0.009928640777836334	1.5942530513219395	12015.013352480246	0.11090567132411493	-0.03529050472281845	0.0036329730117284284	SREBP2	0.16378329789969912
fixed	ZSCAN5AFALSE	-0.011191133715692143	0.007068814069738595	1.5831699073259105	12015.471311651083	0.11340906195119427	-0.025047150473333356	0.002664883041949071	ZSCAN5A	0.1672213989203081
fixed	NR2F2FALSE	-0.013185683110941987	0.008348735333745852	1.5793629314903588	12015.00337655047	0.1142791588780282	-0.029550552239215586	0.003179186017331614	NR2F2	0.16798508100098444
fixed	CDC5LFALSE	-0.030601021599933317	0.019374414502912246	1.5794552963308157	12014.998558594545	0.11425798659714739	-0.06857800195866243	0.007375958758795792	CDC5L	0.16798508100098444
fixed	EPAS1FALSE	0.010281396496532308	0.006526096166477309	-1.5754282858019935	12015.425253160725	0.1151839469194328	-0.0025108055599227	0.023073598552987316	EPAS1	0.1690545928632906
fixed	SIN3AFALSE	-0.03201042968093527	0.02033734844854104	1.573972622927235	12015.022115306494	0.11552010826514075	-0.07187491602761781	0.007854056665747261	SIN3A	0.16928753192771778
fixed	NCBP1FALSE	-0.014214751381373018	0.009100543491965962	1.5619673038123407	12015.374258960821	0.11832202766064026	-0.032053285821082377	0.003623783058336341	NCBP1	0.17312762942983254
fixed	MSX2FALSE	-0.014170326406494705	0.0090992996649357	1.5572985755266737	12014.998469196762	0.11942595158254375	-0.032006422800621576	0.003665769987632168	MSX2	0.17447527995367035
fixed	NR3C1FALSE	-0.02677931471233248	0.01730461740159861	1.5475242295653755	12015.333255560809	0.12176322327103585	-0.060699158495624225	0.007140529070959269	NR3C1	0.1776179128449055
fixed	CRY1FALSE	-0.024135729162293198	0.015666976024912477	1.540548037088608	12015.025245157116	0.1234531574455079	-0.054845531543996476	0.00657407321941008	CRY1	0.17980811023360999
fixed	NR4A1FALSE	0.009999837341021146	0.0064975074811409505	-1.5390266760054878	12015.259756111425	0.12382411698245781	-0.002736326294502725	0.022736000976545018	NR4A1	0.18007348719704994
fixed	KLF17FALSE	0.012320403421758186	0.008019055645126458	-1.5363908129563675	12015.63516013427	0.12446888896456779	-0.0033982402079215743	0.02803904705143795	KLF17	0.1807356469896464
fixed	BATFFALSE	0.012682411406418981	0.008265907484802023	-1.5343035752259861	12015.021625518955	0.12498131661796881	-0.003520101763178766	0.028884924576016727	BATF	0.1812039149749882
fixed	ZNF479FALSE	0.012111055742844922	0.007903288896782512	-1.5324070650859571	12015.069562369212	0.12544834331883664	-0.0033806664446130886	0.027602777930302934	ZNF479	0.18160503721725366
fixed	`NKX2-5`FALSE	0.01390284902356643	0.009112541172965479	-1.5256829856431857	12015.319200976746	0.12711515420946976	-0.003959202816058391	0.03176490086319125	NKX2-5	0.18373917744823356
fixed	ZNF644FALSE	-0.0200082008109871	0.013153245317602077	1.52116077271147	12015.006346051636	0.1282458118071864	-0.04579068517831683	0.005774283556342633	ZNF644	0.18509304760068956
fixed	ZNF157FALSE	0.03110159345043813	0.020574017691308174	-1.5116927533107694	12015.026260160681	0.1306383425179857	-0.009226802820015301	0.07142998972089157	ZNF157	0.1882612972238042
fixed	GRHL2FALSE	-0.011122636251397798	0.007374614590363767	1.5082328866286085	12015.458223312584	0.13152122505378797	-0.025578071399123777	0.0033327988963281797	GRHL2	0.18924773559775826
fixed	`SMC1A-B`FALSE	-0.011913460087809968	0.00794720608690093	1.4990752671491006	12015.007014084826	0.13388037982964843	-0.027491267066299254	0.0036643468906793174	SMC1A-B	0.1921425185220171
fixed	HMGB2FALSE	-0.024593438024227067	0.016408078423956102	1.4988615600666673	12015.010462554217	0.13393582265947734	-0.05675592076016751	0.007569044711713373	HMGB2	0.1921425185220171
fixed	MYCNFALSE	0.03232787552917404	0.02198355261477902	-1.470548281966072	12015.550014952543	0.14143950449842915	-0.010763436565999845	0.07541918762434792	MYCN	0.20230651476563163
fixed	HLFFALSE	0.01822110195351678	0.012390854279463744	-1.4705283060035599	12015.13272318293	0.1414449112669563	-0.006066972867993743	0.0425091767750273	HLF	0.20230651476563163
fixed	ERFFALSE	-0.009647653154314095	0.006581484318916178	1.4658780127433086	12015.33500904378	0.14270769113445814	-0.02254842494115034	0.0032531186325221485	ERF	0.2038070918297501
fixed	KDM5BFALSE	-0.03410168997295467	0.023447790441055768	1.4543668862395036	12015.256410672402	0.14587073654368274	-0.0800631447036995	0.011859764757790159	KDM5B	0.20801297856901843
fixed	ZNF629FALSE	0.013531272108257737	0.009346541954042324	-1.4477303129640948	12015.649790067166	0.14771857908733055	-0.004789458988889356	0.03185200320540483	ZNF629	0.21026715242854674
fixed	MED25FALSE	0.0141943782761868	0.009810192015859559	-1.4469011669944467	12015.350889474097	0.14795069330934799	-0.005035181840069312	0.03342393839244291	MED25	0.21026715242854674
fixed	STAT5AFALSE	0.011282477499863027	0.007801756016558999	-1.4461459030398154	12015.408621298644	0.14816236647717662	-0.004010223806862456	0.02657517880658851	STAT5A	0.21026715242854674
fixed	ZNF239FALSE	-0.011919216329053732	0.008245526896939276	1.4455372565066913	12015.187716333328	0.1483331169647924	-0.02808178023356279	0.004243347575455327	ZNF239	0.21026715242854674
fixed	HSF1FALSE	0.014218876233982755	0.009857852263902813	-1.4423908832605463	12015.175973861096	0.14921820012177134	-0.005104105691085999	0.03354185815905151	HSF1	0.2112079568489167
fixed	NELFAFALSE	0.019547833292929064	0.013578578317442799	-1.4396082443931753	12015.865302286582	0.15000431639028494	-0.007068372230904795	0.046164038816762926	NELFA	0.21200610049826937
fixed	ZNF503FALSE	-0.009362219104756292	0.006525595371645819	1.4346919432724572	12015.264952453797	0.151400927826723	-0.02215343953968575	0.0034290013301731693	ZNF503	0.21366343956611497
fixed	ELF1FALSE	0.029699665034034265	0.020720302879220245	-1.433360564618925	12015.242809517662	0.15178084188854038	-0.010915473748156674	0.07031480381622521	ELF1	0.2138831952166433
fixed	JMJD6FALSE	0.013839321043653253	0.009701059581609542	-1.4265782956213033	12015.00464136589	0.15372746752833671	-0.0051763219382534795	0.032854964025559985	JMJD6	0.21630679059296937
fixed	ZFP64FALSE	0.016421038659024487	0.01157156668645365	-1.4190851683245203	12015.978180891161	0.1559001258877739	-0.00626110005002499	0.03910317736807396	ZFP64	0.21904082488503138
fixed	KAT2BFALSE	0.01560746792382815	0.011041184432089545	-1.413568265236779	12015.147072943028	0.15751461159502175	-0.0060350360976159055	0.0372499719452722	KAT2B	0.22098373450242756
fixed	ZBTB1FALSE	0.009285349783774913	0.0065879634745851946	-1.4094416005182173	12015.002869310238	0.15873051202765703	-0.0036281222301378733	0.0221988217976877	ZBTB1	0.2220365226897138
fixed	HNF4AFALSE	-0.016323712886972368	0.011576888101448884	1.4100259710491114	12015.015173536938	0.1585578997238388	-0.03901628261167762	0.006368856837732882	HNF4A	0.2220365226897138
fixed	ZNF146FALSE	-0.011134776765786988	0.00790564398198653	1.40845917058221	12015.32189543722	0.15902102357738845	-0.026631115267675705	0.004361561736101728	ZNF146	0.22211721302024684
fixed	BCL6BFALSE	-0.028502349546930587	0.020248093157280888	1.4076559864444125	12015.023105244569	0.15925883090098683	-0.06819188111248653	0.011187182018625355	BCL6B	0.22212415888821846
fixed	IRF2BP2FALSE	-0.012945950965150306	0.009203192546624363	1.4066804426360446	12015.098642645537	0.15954803144495566	-0.03098569416538515	0.005093792235084537	IRF2BP2	0.22220265985180687
fixed	CREBBPFALSE	-0.02085049786616043	0.014872856613346452	1.4019161488755176	12015.227909687836	0.16096611999776425	-0.05000369794413593	0.008302702211815068	CREBBP	0.22385084326219695
fixed	MAXFALSE	-0.04237166832437315	0.030409689111141842	1.3933607860807937	12015.192524958602	0.16353649178425964	-0.10197956842566436	0.01723623177691807	MAX	0.22676426331712746
fixed	ZNF222FALSE	0.033538905076968197	0.02406052657013989	-1.3939389472294994	12015.006088401467	0.1633618204904531	-0.0136236114873306	0.080701421641267	ZNF222	0.22676426331712746
fixed	ZNF257FALSE	-0.010692557736947108	0.007719428461188539	1.3851488864372226	12015.011615634057	0.1660326618301144	-0.02582388379456855	0.0044387683206743335	ZNF257	0.2298913779186199
fixed	RXRAFALSE	-0.009123097491192089	0.006630140381054052	1.3760036691322228	12014.999701356985	0.168846143911272	-0.02211924305144351	0.0038730480690593316	RXRA	0.23344814679906303
fixed	ISL1FALSE	0.011176356472736581	0.008135101884239344	-1.3738434541783988	12015.0479356911	0.1695159171186745	-0.004769756598172716	0.027122469543645878	ISL1	0.23403499990045654
fixed	NR2F1FALSE	-0.009413262345227219	0.00691366878482919	1.3615437242065949	12015.074519951351	0.17336745572681977	-0.02296516934306264	0.004138644652608204	NR2F1	0.2386616922992584
fixed	SMARCA4FALSE	-0.014143349843691817	0.010383918106234345	1.3620436620354668	12015.13856756725	0.17320964035575398	-0.03449750575611316	0.006210806068729528	SMARCA4	0.2386616922992584
fixed	RXRFALSE	0.009730580705031503	0.007153943339840283	-1.3601702226018393	12015.133332142286	0.17380158169241888	-0.004292303204916336	0.02375346461497934	RXR	0.23891456618813775
fixed	NCOA3FALSE	0.01015092802903012	0.007487578569618812	-1.3557023722219048	12015.358267991569	0.175219364316021	-0.00452593476713122	0.02482779082519146	NCOA3	0.24051694037048063
fixed	ZBTB7AFALSE	-0.017702825924789917	0.013171266917958691	1.344048832588197	12014.999518104014	0.17895797417451637	-0.04352063553982026	0.00811498369024043	ZBTB7A	0.24529584391162154
fixed	ETS1FALSE	-0.020998141447208993	0.015656895686728532	1.3411433445908396	12015.370863854107	0.17989926711211485	-0.05168818464970118	0.009691901755283193	ETS1	0.24591412835155793
fixed	ZBTB18FALSE	-0.02027959795025322	0.01512200599139715	1.3410653296784967	12015.109801098706	0.17992459286099313	-0.04992117106193962	0.009361975161433181	ZBTB18	0.24591412835155793
fixed	ZNF343FALSE	-0.012735064219727728	0.009534616373553228	1.3356661370300946	12015.033381877674	0.18168372243303757	-0.03142445163766949	0.005954323198214038	ZNF343	0.2479631919901543
fixed	TBPFALSE	-0.027195556119926294	0.02045991902660534	1.3292113270126913	12015.900195021217	0.18380349570128698	-0.06730030029290658	0.012909188053053994	TBP	0.2504979069986111
fixed	ZNF335FALSE	-0.009014409411163375	0.006794995608401185	1.3266247589649882	12015.28375462536	0.18465805416500009	-0.02233369780060171	0.004304878978274959	ZNF335	0.251303543043381
fixed	ZNF573FALSE	-0.03195651196045255	0.024228290817234127	1.3189750858414315	12014.998809386312	0.18720257891484562	-0.07944787353689842	0.015534849615993322	ZNF573	0.2544035046791492
fixed	ZBTB5FALSE	-0.019222245038010254	0.014820961764882831	1.2969634051385206	12015.18604907791	0.19466868301522827	-0.048273722845143655	0.009829232769123144	ZBTB5	0.2641734332809783
fixed	ZNF143FALSE	0.02164809583924602	0.016798464846262816	-1.2886948919062748	12015.637640539424	0.19752899043973574	-0.011279607137736278	0.054575798816228316	ZNF143	0.26729454876525943
fixed	KLF13FALSE	0.008528019900217699	0.006616139096915755	-1.2889722805545616	12015.283503964445	0.19743253876279973	-0.0044406808518021815	0.02149672065223758	KLF13	0.26729454876525943
fixed	ZNF816FALSE	-0.021918097789284118	0.017214693836715114	1.2732203080218418	12015.204662731789	0.20296450874555297	-0.05566167690442966	0.01182548132586143	ZNF816	0.2742608234323761
fixed	RUNX1FALSE	-0.024096371885494433	0.01893766933764774	1.2724042993818299	12015.319020742223	0.2032541298706299	-0.061217261109544695	0.013024517338555829	RUNX1	0.2742637056528726
fixed	ZNF165FALSE	-0.020307970375463832	0.016001806113555637	1.26910488924499	12015.017901141966	0.2044282403108236	-0.05167409378986611	0.011058153038938447	ZNF165	0.2754583916052623
fixed	ZBTB44FALSE	-0.008444422147264081	0.006677515668092849	1.2646053662762688	12015.022857426044	0.20603735730457737	-0.021533430916147418	0.004644586621619255	ZBTB44	0.27723503366511537
fixed	ZNF280AFALSE	0.0111443933496922	0.008831617058721205	-1.2618746120436837	12015.49402316843	0.20701840307432035	-0.006167001847880721	0.028455788547265118	ZNF280A	0.2781627556801431
fixed	HINFPFALSE	-0.01928307547741608	0.015294223214526233	1.260807770812531	12015.006338883375	0.20740259550772844	-0.049262222176010874	0.010696071221178716	HINFP	0.27828702688378754
fixed	RBM34FALSE	0.026016977553499007	0.020746811469968148	-1.2540229418462514	12015.007698128786	0.2098580639840529	-0.01465012242634408	0.0666840775333421	RBM34	0.28118622618087985
fixed	MBD1FALSE	0.00840046808921892	0.006726341413973291	-1.2488911240466922	12015.737093991498	0.21172922878363026	-0.0047842469453623915	0.02158518312380023	MBD1	0.2832954898451378
fixed	ZNF565FALSE	-0.02651440235349832	0.021515379073591356	1.232346511897758	12015.108468392624	0.217843786341025	-0.06868801888330567	0.01565921417630902	ZNF565	0.291068588472462
fixed	ZSCAN21FALSE	-0.007944145426557126	0.00649203942311678	1.2236748591312776	12015.458635870214	0.2210989028260171	-0.02066959076435766	0.004781299911243406	ZSCAN21	0.29500468992450396
fixed	SFMBT1FALSE	-0.008296359561913767	0.006820411813911207	1.2164015587727641	12015.033344014251	0.2238558857148673	-0.021665467845462933	0.005072748721635399	SFMBT1	0.29826608236310537
fixed	PRPF4FALSE	0.007983896150869996	0.006573304377489372	-1.2145940142694853	12014.999011136317	0.2245448428669049	-0.004900841666491719	0.02086863396823171	PRPF4	0.29876677837521237
fixed	NCOR2FALSE	0.008060181033183884	0.006673852944632855	-1.2077252975233626	12015.342437459727	0.22717671563169065	-0.005021648171330469	0.02114201023769824	NCOR2	0.30184761380589537
fixed	LMO2FALSE	-0.007837719938202812	0.0065157155620822445	1.202894734050989	12015.01630818148	0.2290407610642978	-0.020609574377997104	0.00493413450159148	LMO2	0.3034790084101946
fixed	REPIN1FALSE	0.01012177298411428	0.008412644842873135	-1.203161808582595	12015.318547541994	0.22893741675519663	-0.006368369056437343	0.026611915024665905	REPIN1	0.3034790084101946
fixed	SATB1FALSE	-0.012006511020372233	0.010047018450487106	1.1950322455902453	12015.122588714315	0.23209801927386703	-0.031700289219644615	0.007687267178900146	SATB1	0.30710334311687815
fixed	STAG1FALSE	-0.013373716020466563	0.011207073731501463	1.1933281015966712	12015.341999112417	0.23276446271735518	-0.03534138981470922	0.008593957773776091	STAG1	0.30755858370132527
fixed	ZNF583FALSE	-0.009967262139063945	0.008456915124384989	1.1785931385694015	12015.035447648595	0.23858356535797984	-0.02654418111778138	0.006609656839653488	ZNF583	0.31472726463872003
fixed	`RUNX1-RUNX1T1`FALSE	0.009403280466302823	0.007982915856725465	-1.1779255393730257	12015.114299302804	0.23884962222057998	-0.006244523412181246	0.02505108434478689	RUNX1-RUNX1T1	0.31472726463872003
fixed	ZNF282FALSE	0.008944203595360465	0.007600474638571393	-1.176795400378001	12015.002817426941	0.23930049161535658	-0.005953953766367792	0.02384236095708872	ZNF282	0.3148864400014485
fixed	IRF9FALSE	0.01935114866072098	0.01648128275440074	-1.174128795014693	12015.268480942672	0.24036671236622464	-0.01295482631157253	0.05165712363301449	IRF9	0.31585377905974976
fixed	SOX21FALSE	-0.021369860327321126	0.018262431964158596	1.1701541376997924	12014.999259877784	0.24196215504758314	-0.057167175384101224	0.014427454729458972	SOX21	0.3175129242302535
fixed	INO80FALSE	-0.009765047740290297	0.008456760613039167	1.1547031052568675	12015.205383961558	0.24823499194852372	-0.02634166382820444	0.006811568347623847	INO80	0.32529695373474127
fixed	ZNF645FALSE	0.0182221857651417	0.015794173807837646	-1.1537283296261551	12015.125127369412	0.24863451445009488	-0.01273694478075775	0.04918131631104115	ZNF645	0.3253735621198773
fixed	ZEB2FALSE	0.009910312713311201	0.008609156808707124	-1.151136276584963	12015.616686566398	0.2496990819572195	-0.0069650244632428835	0.026785649889865287	ZEB2	0.32631907422902384
fixed	LEF1FALSE	-0.009360442258644725	0.008144190377043392	1.1493398146769345	12015.218007959678	0.25043876435234297	-0.02532437021998333	0.006603485702693876	LEF1	0.326838004366806
fixed	ZNF142FALSE	-0.008929984232655976	0.007795303848847563	1.1455594811709824	12015.432096054623	0.25200028627299204	-0.024210038246022594	0.00635006978071064	ZNF142	0.3284266026016863
fixed	FOXA2FALSE	0.011396455110279752	0.009968225810653613	-1.143278184779854	12015.711364931698	0.2529458870400359	-0.008142876697818562	0.030935786918378068	FOXA2	0.3292092445241395
fixed	ZNF184FALSE	0.007759228522287836	0.006828849339418332	-1.136242452663153	12015.19967286711	0.2558777698194608	-0.005626418654791632	0.021144875699367304	ZNF184	0.332571379302133
fixed	ZBTB6FALSE	-0.007403089830643852	0.006569680402131206	1.126856921113284	12015.258506316359	0.2598254836387527	-0.02028072404320522	0.005474544381917516	ZBTB6	0.3372428726413198
fixed	ZFP69BFALSE	0.008054912020855464	0.007179726069889452	-1.1218968443150488	12015.32398473662	0.2619287220058924	-0.006018510179967669	0.0221283342216786	ZFP69B	0.33933426055578375
fixed	SUZ12FALSE	0.011968204280510496	0.010672737593338697	-1.1213809180486507	12015.31729636947	0.2621481656494891	-0.00895208442353869	0.03288849298455968	SUZ12	0.33933426055578375
fixed	ZNF891FALSE	-0.010216494935014593	0.009143001097490932	1.117411539829986	12015.209967390734	0.26384074592445905	-0.02813825316061405	0.007705263290584862	ZNF891	0.3410624276584471
fixed	ASCL1FALSE	-0.008456731245284194	0.007604577148056779	1.1120580514388192	12015.39747640764	0.26613544095255	-0.02336293013861258	0.006449467648044192	ASCL1	0.3435632079414515
fixed	PCBP1FALSE	0.009485517406126697	0.008738715681241559	-1.085458979571588	12015.428437469345	0.27774019938381617	-0.0076437761031521445	0.02661481091540554	PCBP1	0.35805966244886567
fixed	TCF3FALSE	0.01333392704397081	0.012365816544006427	-1.0782892497652017	12015.193253762498	0.2809263398773191	-0.010905069761539375	0.037572923849480994	TCF3	0.361678445672014
fixed	KLF4FALSE	0.010028015590315152	0.009335069622816678	-1.0742304016463662	12015.750490434224	0.2827410009720703	-0.008270227870134778	0.028326259050765083	KLF4	0.3635241441069475
fixed	PRDM15FALSE	0.007118466880087158	0.006635737607696484	-1.0727468897852106	12015.06165803282	0.2834062409791169	-0.005888650141279067	0.020125583901453383	PRDM15	0.36388903619660495
fixed	NR5A1FALSE	-0.008095729850936638	0.007725224507500124	1.047960462906522	12015.379011124523	0.2946779023616972	-0.023238417048431353	0.007046957346558075	NR5A1	0.3778531167379827
fixed	TSHZ1FALSE	-0.008951858199753807	0.008592101176128594	1.041870668914459	12015.257144413139	0.29749260722500415	-0.025793763633825195	0.00789004723431758	TSHZ1	0.38095026482235433
fixed	SPIBFALSE	-0.008581159504855005	0.008262107548004188	1.0386162919082174	12015.16979137302	0.2990041259498369	-0.024776224164723304	0.007613905155013296	SPIB	0.3823725685739201
fixed	RNF2FALSE	0.0136655475391779	0.01332720376650644	-1.0253874540075525	12015.154348211156	0.30520104849221363	-0.012457923440559963	0.03978901851891577	RNF2	0.38977483301415233
fixed	PAX8FALSE	0.012398765996940543	0.012121533773693384	-1.0228710515041273	12015.096535626304	0.30638941195605435	-0.01136139716018815	0.036158929154069236	PAX8	0.3907693836979624
fixed	INTS11FALSE	-0.012563029851452608	0.012422411855479768	1.0113197016496285	12015.695995142292	0.3118838035633158	-0.03691296250174802	0.011786902798842801	INTS11	0.397245859278242
fixed	ZNF3FALSE	-0.0074274326650591105	0.007380661962502426	1.0063369251693552	12015.432252533614	0.31427378888826896	-0.02189472164160904	0.007039856311490817	ZNF3	0.3997562594658781
fixed	KLF14FALSE	0.006470893008229589	0.006487169255007877	-0.9974910093850684	12015.33272182648	0.31854632311685305	-0.00624500602726699	0.01918679204372617	KLF14	0.40465138782087595
fixed	ZNF429FALSE	0.02383647304084447	0.023957119224383136	-0.9949640780091843	12015.064114236187	0.31977377258191597	-0.02312334840817283	0.07079629448986177	ZNF429	0.4056704508552498
fixed	HOXB8FALSE	-0.007284442192540627	0.007367358841179064	0.9887454038243687	12015.239179064762	0.32280763257661416	-0.021725654927026408	0.007156770541945153	HOXB8	0.40897540700941554
fixed	ZNF830FALSE	0.014652082695019459	0.014868926038772498	-0.9854163412214443	12015.358587588596	0.3244394483308727	-0.014493412790293338	0.04379757818033225	ZNF830	0.41049765743720495
fixed	CEBPDFALSE	0.009222782099859246	0.009377521084624058	-0.9834989456842139	12015.486473329198	0.32538173679529037	-0.00915867311954109	0.02760423731925958	CEBPD	0.41114460516914836
fixed	ZNF311FALSE	-0.015517619380744266	0.015894933749990216	0.9762619728285321	12014.999036796182	0.3289543143967588	-0.04667425571334273	0.015639016951854202	ZNF311	0.4151090157863861
fixed	BMI1FALSE	-0.007598324908248861	0.007803347042370802	0.9737263852281967	12015.252036368087	0.33021201523589727	-0.022894144902502564	0.007697495086004843	BMI1	0.4161456572457675
fixed	ZFP37FALSE	0.0070605403794338556	0.007260986942409956	-0.9723940334053855	12016.029586868784	0.3308741327394308	-0.007172166166185555	0.021293246925053265	ZFP37	0.41642997708894064
fixed	ZNF671FALSE	0.01563189079301316	0.016212384315154846	-0.9641944385935227	12015.082768243608	0.3349678572465927	-0.016146999876302703	0.04741078146232902	ZNF671	0.421026792902832
fixed	NSD2FALSE	0.021399016712333078	0.022538175761265933	-0.9494564661754652	12015.0380572469	0.3424076000297669	-0.022779446476582203	0.06557747990124836	NSD2	0.4298116453005232
fixed	GATA4FALSE	0.007520896156915798	0.008035878208420073	-0.9359146519960106	12015.046341535455	0.34933594285048375	-0.008230722490355384	0.023272514804186982	GATA4	0.4379323120622359
fixed	ZSCAN18FALSE	-0.010392460827530862	0.011209221889325627	0.927134901078856	12015.066863201057	0.35387512021923606	-0.03236434540859815	0.011579423753536426	ZSCAN18	0.4430405048414058
fixed	MED1FALSE	-0.011921742183519785	0.012898145300230696	0.9242989519823872	12015.53506887926	0.35534924974878945	-0.03720418921972542	0.013360704852685847	MED1	0.44430299378813254
fixed	KMT2BFALSE	0.012203637106620487	0.013260867488618315	-0.9202744177252928	12015.286117235297	0.3574478496491009	-0.013789804030141923	0.03819707824338289	KMT2B	0.44575849485652586
fixed	ZNF224FALSE	0.007294966331597171	0.00792208278092159	-0.9208394475712023	12015.195514267096	0.3571527441060447	-0.00823359488656012	0.022823527549754464	ZNF224	0.44575849485652586
fixed	ZSCAN2FALSE	-0.01548925862418989	0.01688948355105088	0.9170948642314248	12015.099560220831	0.35911133945487417	-0.04859537310562148	0.017616855857241705	ZSCAN2	0.44724832616181454
fixed	NCOA2FALSE	-0.007047293976302319	0.007718447788046068	0.9130454943566247	12015.12774109865	0.36123693499823073	-0.022176697741506622	0.008082109788901982	NCOA2	0.4493090430095334
fixed	CARM1FALSE	0.008893535347822345	0.009820243004028239	-0.905632920099252	12015.114841094834	0.3651483380695447	-0.01035572636598249	0.02814279706162718	CARM1	0.4535827011957626
fixed	KLF7FALSE	-0.005931860249637201	0.0065722440872905755	0.9025623776067979	12015.197618550104	0.36677629457961247	-0.018814519705575225	0.006950799206300822	KLF7	0.4550124642769185
fixed	ARFALSE	-0.010735732519672804	0.012048873601445024	0.8910154488121832	12015.026046599538	0.3729387241147415	-0.03435347002253457	0.012882004983188962	AR	0.4620565490980044
fixed	NELFEFALSE	-0.018978388507774918	0.021544637699829654	0.8808868718142786	12015.35568405935	0.37839667319941095	-0.06120935658112278	0.023252579565572945	NELFE	0.46787149954960344
fixed	EVI1FALSE	-0.005859674924063236	0.006655036320681696	0.8804872943898541	12015.591594465659	0.37861299544265603	-0.01890462048060839	0.00718527063248192	EVI1	0.46787149954960344
fixed	BRD9FALSE	-0.011622419443972009	0.013266841504975362	0.8760502218718255	12015.106013905484	0.3810202454976208	-0.03762757065652206	0.014382731768578043	BRD9	0.4702371464485514
fixed	GLIS1FALSE	0.006954737598786513	0.007960635627849358	-0.8736409909852139	12015.538551692087	0.3823312554390953	-0.008649393378568498	0.022558868576141526	GLIS1	0.4706374421792218
fixed	TCF7L2FALSE	0.010633606576576006	0.012171098514979788	-0.8736768142570297	12015.977872595993	0.38231174092096776	-0.013223711299159075	0.034490924452311084	TCF7L2	0.4706374421792218
fixed	ZNF232FALSE	0.006405857253807324	0.00734258478526263	-0.8724253707855821	12015.621396469358	0.38299379762069485	-0.007986794285369105	0.020798508792983752	ZNF232	0.4708454676934831
fixed	CBFA2T2FALSE	-0.006737566331059453	0.0077622877684036615	0.8679871878088146	12015.220899392807	0.3854186820602019	-0.021952903523601526	0.008477770861482619	CBFA2T2	0.473216760212912
fixed	JUNDFALSE	0.014272801688675547	0.016469237813714344	-0.8666340148898833	12015.25820402371	0.38615987561921206	-0.018009563258093303	0.0465551666354444	JUND	0.473517379615332
fixed	GTF2BFALSE	-0.009459369726028531	0.010972090518751126	0.8621301209521213	12015.287013832942	0.38863312369306635	-0.030966438497285684	0.012047699045228621	GTF2B	0.4759383825458091
fixed	RBM14FALSE	-0.00743386530075967	0.008686924052737112	0.8557534583737241	12015.003151272045	0.3921512286848131	-0.024461638917674645	0.009593908316155307	RBM14	0.47963111816065607
fixed	ZNF10FALSE	-0.005726320096789875	0.006780879850517814	0.8444803953210571	12015.453329321395	0.39841782747431864	-0.019017939303003766	0.007565299109424018	ZNF10	0.48667171243341867
fixed	ZC3H11AFALSE	0.008399775642732293	0.010033952962045803	-0.8371352421627936	12015.514779027886	0.402533202267522	-0.011268392025166475	0.02806794331063106	ZC3H11A	0.491069916832757
fixed	WDHD1FALSE	0.006635052644283406	0.008043182970982969	-0.8249287214054919	12015.108217921535	0.4094284359811138	-0.009130884508754333	0.022400989797321146	WDHD1	0.4988438415402076
fixed	PHF21AFALSE	0.005276385205478834	0.0064875153026600855	-0.8133137201719355	12015.545017135819	0.41605432817886856	-0.007440192116646893	0.017992962527604562	PHF21A	0.5062701901564294
fixed	EHMT2FALSE	0.0056884556120207225	0.007075447422116138	-0.8039711515967153	12015.016775253094	0.42142954185554815	-0.008180563640018648	0.019557474864060093	EHMT2	0.5111713700646737
fixed	ATRXFALSE	0.0076023088322969955	0.009446420924033352	-0.8047819267671408	12015.012347096015	0.4209614570042858	-0.010914201269048249	0.026118818933642242	ATRX	0.5111713700646737
fixed	ZKSCAN2FALSE	0.015014896290725069	0.018686378146385293	-0.8035209484203637	12015.110271906713	0.4216895893510464	-0.021613421693781748	0.051643214275231886	ZKSCAN2	0.5111713700646737
fixed	ZNF778FALSE	0.006894334381708925	0.008609238061638696	-0.8008065675903318	12015.603820508348	0.4232594701300135	-0.009981162065528635	0.023769830828946487	ZNF778	0.5124232671370975
fixed	TEAD4FALSE	-0.008783896490604157	0.011045289002573908	0.7952618069619751	12015.17685074028	0.42647693472434933	-0.03043444612745061	0.012866653146242295	TEAD4	0.5150877952238048
fixed	ZNF597FALSE	-0.014885440868412035	0.018720221952244112	0.7951530118812306	12015.123536018185	0.42654020778491175	-0.051580098172225655	0.021809216435401582	ZNF597	0.5150877952238048
fixed	STAT3FALSE	-0.01046420055114362	0.013265308733540312	0.7888395785833235	12015.247464656752	0.43022133800089646	-0.03646634725338309	0.015537946151095848	STAT3	0.5184972663858577
fixed	KMT2DFALSE	0.006389716190962143	0.008123314537486872	-0.7865897795136889	12015.569130552922	0.43153755713875364	-0.0095332917077103	0.022312724089634584	KMT2D	0.5184972663858577
fixed	CBFA2T3FALSE	0.005446424182454832	0.006914386059881548	-0.7876945451536063	12015.403942538507	0.4308909351927853	-0.008106888752847659	0.018999737117757324	CBFA2T3	0.5184972663858577
fixed	ZNF93FALSE	-0.017880948281950606	0.022709600834110777	0.7873739574978644	12014.999471179137	0.43107851857627244	-0.062395432303925386	0.02663353574002417	ZNF93	0.5184972663858577
fixed	ZIC5FALSE	0.006730639463315731	0.008632496239757093	-0.7796863475384639	12015.108688463528	0.43559087425209664	-0.010190446838003986	0.02365172576463545	ZIC5	0.5227090491025159
fixed	MAFGFALSE	-0.010655714948173673	0.013723886943020342	0.7764356404577443	12015.00036097559	0.4375070918705445	-0.03755674903074081	0.01624531913439347	MAFG	0.5243489518146978
fixed	ZSCAN23FALSE	0.006096646080579771	0.007898655914838952	-0.771858673970871	12015.093957573266	0.44021331642322326	-0.009385994711128116	0.02157928687228766	ZSCAN23	0.5269303687173839
fixed	RELFALSE	0.006600119945707079	0.008621979992092792	-0.7654993344637824	12015.032569832096	0.4439892991074246	-0.010300352823184266	0.023500592714598426	REL	0.5301198890469124
fixed	ZNF83FALSE	-0.01421993873015123	0.018563669617276686	0.7660090393397829	12015.375931828423	0.44368597128208376	-0.050607728105903624	0.02216785064560116	ZNF83	0.5301198890469124
fixed	TFAP2AFALSE	-0.004951129741729312	0.0064906135470086295	0.7628138242818617	12015.003500447167	0.44558941108962347	-0.017673780180718426	0.007771520697259801	TFAP2A	0.5313653727243759
fixed	PAF1FALSE	0.005003850639534232	0.006593542964541335	-0.7589016506670043	12015.322043066522	0.447926278147707	-0.007920558040892858	0.017928259319961323	PAF1	0.5334852301534488
fixed	ZNF140FALSE	0.013406319643584408	0.017725356451678918	-0.756335686683163	12015.326753553903	0.44946278551332264	-0.02133824060432645	0.04815087989149527	ZNF140	0.5346477523437778
fixed	MECOMFALSE	-0.004938953301566122	0.00660157486079122	0.7481477383374203	12015.26629284438	0.4543856930584075	-0.01787910580137138	0.008001199198239134	MECOM	0.5398305743184567
fixed	HHEXFALSE	-0.01470778993991829	0.019856633554047404	0.74069906663107965	12015.116554970231	0.4588903998338726	-0.05362999745298047	0.024214417573143895	HHEX	0.5445042803998936
fixed	YY1AP1FALSE	0.00536137943650064	0.007262947507547918	-0.7381823193584836	12015.28879608479	0.4604180826473001	-0.00887517022170517	0.01959792909470645	YY1AP1	0.5456383240317073
fixed	ZNF397FALSE	0.01227111388106167	0.01680040106324206	-0.7304060084559463	12015.09265002149	0.46515628792041763	-0.02066038454425738	0.045202612306380716	ZNF397	0.5505696013350849
fixed	L3MBTL4FALSE	-0.005117629612777322	0.007145559785826931	0.7161971582587601	12015.533474600963	0.4738835363003242	-0.019124080356388802	0.008888821130834156	L3MBTL4	0.5602043291580041
fixed	CCAR2FALSE	-0.004605567354456669	0.006590898089925966	0.6987769028770406	12015.119093941626	0.48470499020524016	-0.01752479167563033	0.00831365696671699	CCAR2	0.5722878225938107
fixed	SAFBFALSE	0.005525395780514391	0.007933975263335015	-0.6964221083532611	12015.126921938967	0.4861779934344014	-0.010026476632079898	0.02107726819310868	SAFB	0.573317436015351
fixed	HES1FALSE	-0.007631387899807192	0.011044202241799441	0.6909858885890706	12015.163526108292	0.4895877581372996	-0.029279807312503757	0.01401703151288937	HES1	0.5766255818061529
fixed	IKZF3FALSE	-0.005024398328600162	0.007284793270499486	0.6897104889643164	12015.052078509583	0.4903895887515701	-0.01930376923735312	0.009254972580152796	IKZF3	0.5768577899741035
fixed	EZH2FALSE	0.008429142104503433	0.01225624102847841	-0.6877428474943997	12015.263133162836	0.4916280081647415	-0.015595068986253473	0.03245335319526034	EZH2	0.5770488106295573
fixed	GATA6FALSE	0.0063117218672502405	0.009180278308677289	-0.6875305579008797	12015.032967867854	0.4917617222660692	-0.01168310573713013	0.02430654947163061	GATA6	0.5770488106295573
fixed	ZNF549FALSE	0.006792566963956015	0.01015222469736914	-0.6690717716005882	12015.077735690313	0.5034625510392883	-0.013107432471664009	0.02669256639957604	ZNF549	0.5900531617831462
fixed	MYOD1FALSE	0.008439587903353477	0.012685745590784898	-0.6652811884769398	12015.43374599507	0.5058834297769985	-0.01642652143412869	0.033305697240835645	MYOD1	0.5921629349782289
fixed	GFI1FALSE	0.005765700427544999	0.008712944963547109	-0.6617395670083215	12015.57419430092	0.5081508321548251	-0.01131307829376866	0.022844479148858655	GFI1	0.5936891325098451
fixed	ZNF543FALSE	-0.015433738706024611	0.023351843708888844	0.6609216342155365	12015.052590581223	0.5086752431642303	-0.061207122430084394	0.030339645018035176	ZNF543	0.5936891325098451
fixed	ZNF395FALSE	0.0091421135771862	0.013844747296512484	-0.6603308374930841	12015.008524565068	0.5090542037663032	-0.017995826308855392	0.03628005346322779	ZNF395	0.5936891325098451
fixed	ZNF317FALSE	0.00927819403929821	0.014103871776728328	-0.6578473050646573	12015.058592770587	0.5106488568690648	-0.018367671651079436	0.03692405972967586	ZNF317	0.5940963529915705
fixed	ZNF425FALSE	-0.012670003500639135	0.0192544317448682	0.6580305079123415	12015.19916575235	0.5105311347209085	-0.050411798219310355	0.02507179121803209	ZNF425	0.5940963529915705
fixed	THAP1FALSE	0.004331173080526114	0.006632203570731187	-0.6530518905722629	12015.170057400193	0.5137353214216618	-0.008669016646017368	0.017331362807069595	THAP1	0.5962329642776951
fixed	ZFP36FALSE	0.004823848898946343	0.007383836827836901	-0.6532984153659165	12015.659073466664	0.5135764141627406	-0.009649663298682602	0.01929736109657529	ZFP36	0.5962329642776951
fixed	ZNF697FALSE	0.005228671057509185	0.00809620715154108	-0.6458173512166038	12015.539221809646	0.518409982550518	-0.010641201992548494	0.021098544107566865	ZNF697	0.6009272458726539
fixed	PATZ1FALSE	0.005178258432290175	0.00805613988046513	-0.6427716634919207	12015.195007315246	0.5203845376910176	-0.010613076343666279	0.020969593208246626	PATZ1	0.6024840399966392
fixed	CDK8FALSE	-0.010572350481178943	0.01657727499599044	0.6377616637074602	12015.144147143923	0.523640991610276	-0.04306648577805766	0.02192178481569977	CDK8	0.6055194012075191
fixed	ZNF585AFALSE	0.015045956219437023	0.023647980334753644	-0.6362469862732896	12015.009605928108	0.524627572172413	-0.031307903118008504	0.06139981555688255	ZNF585A	0.6059257915889612
fixed	ZNF264FALSE	0.004122273720618455	0.006513354836482268	-0.6328956158704862	12015.707226438497	0.5268138551405466	-0.008644953241907592	0.0168895006831445	ZNF264	0.607391634663154
fixed	GRHL1FALSE	0.011505715725421379	0.018195164106421195	-0.6323502035005518	12015.0227912377	0.52717009800953	-0.02415974346299112	0.04717117491383388	GRHL1	0.607391634663154
fixed	CTCFFALSE	0.005266178050566932	0.008341970610529204	-0.6312870539150525	12015.023180757013	0.5278648592263848	-0.011085431125345761	0.021617787226479626	CTCF	0.6074584749119072
fixed	RBBP5FALSE	0.007631672507244322	0.012375536966223968	-0.6166740504329731	12015.144642415027	0.5374614246280989	-0.016626377904997724	0.03188972291948637	RBBP5	0.6173917677154185
fixed	AHRRFALSE	-0.008689269889097196	0.014101959798950115	0.6161746319645662	12015.097096133051	0.5377909423181475	-0.03633138778542483	0.01895284800723044	AHRR	0.6173917677154185
fixed	POU5F1FALSE	-0.011966407216986115	0.019478134033191687	0.6143507995475734	12015.224493733747	0.5389951728335511	-0.050146694527895455	0.026213880093923225	POU5F1	0.6180305226961632
fixed	KDM6BFALSE	0.004158639594942877	0.006828965372974127	-0.6089706665376926	12015.005775880434	0.5425553957463147	-0.009227235048401915	0.017544514238287668	KDM6B	0.6213659634357555
fixed	ZNF24FALSE	0.004641558334609258	0.00772203128040244	-0.6010799705498422	12015.299985877642	0.5477980621359694	-0.010494869632287775	0.019777986301506293	ZNF24	0.6266179271915046
fixed	IKZF2FALSE	0.003949547673220743	0.006636453188328877	-0.5951292898692588	12015.153723866735	0.5517682592427812	-0.009058971991670061	0.016958067338111546	IKZF2	0.63040349618875835
fixed	KLF1FALSE	-0.006446168828741018	0.010874900751898462	0.5927565663176919	12015.432517223524	0.5533552344310457	-0.027762729940465858	0.01487039228298382	KLF1	0.6309519951075261
fixed	TBX5FALSE	-0.003969784776103973	0.006700804053105014	0.5924340936763338	12015.37144901689	0.5535710900471691	-0.01710444250104078	0.009164872948832833	TBX5	0.6309519951075261
fixed	ZNF736FALSE	0.007358708698501138	0.012556636497891401	-0.5860413893272187	12015.029093108133	0.5578587096129948	-0.01725432605712203	0.031971743454124305	ZNF736	0.6350802016357959
fixed	ZNF507FALSE	-0.005971370663243456	0.010247705968710073	0.5827031612222477	12015.233056447032	0.5601040796795966	-0.026058528779531867	0.014115787453044953	ZNF507	0.6368763909586832
fixed	ZSCAN4FALSE	-0.003919356735488346	0.006917426332839774	0.5665917563706607	12015.311618643545	0.5710021600813338	-0.017478629107106666	0.009639915636129976	ZSCAN4	0.6484953103780862
fixed	HNRNPLFALSE	0.004067605912150715	0.007665884660759866	-0.5306114156624321	12015.535704816744	0.5956978896483662	-0.010958765586146994	0.019093977410448423	HNRNPL	0.674985877308337
fixed	NRIP1FALSE	-0.003540157238049915	0.006685509947443846	0.5295268821495759	12015.191336005066	0.5964497846655431	-0.016644836066594202	0.009564521590494373	NRIP1	0.674985877308337
fixed	ZNF784FALSE	-0.00812541643344119	0.01532086308813268	0.5303497842582394	12015.154763829452	0.5958792364656476	-0.03815678154784228	0.0219059486809599	ZNF784	0.674985877308337
fixed	ZNF182FALSE	-0.012143964948573241	0.02349983332025868	0.5167681312064542	12014.998471963767	0.6053275407209495	-0.058207432224106744	0.03391950232696026	ZNF182	0.6842209405779452
fixed	DLX6FALSE	-0.0033838413819073537	0.006572676697606212	0.5148346005121108	12015.672289759459	0.6066780745135081	-0.016267348772630964	0.009499666008816257	DLX6	0.6849359563146589
fixed	KDM1AFALSE	-0.006860010510072075	0.013448735424685167	0.5100859146563712	12015.750440265821	0.6100006419125679	-0.033221703028645674	0.01950168200850153	KDM1A	0.687873064284385
fixed	ZNF322FALSE	0.00915516009535578	0.018469272749279713	-0.49569683764147254	12015.116367442099	0.6201173847770475	-0.027047596258447833	0.045357916449159395	ZNF322	0.6984557084737937
fixed	CDK9FALSE	-0.007584951879333977	0.015653370375395756	0.484557107985903	12015.125206412209	0.6279993782966959	-0.03826808496568684	0.023098181207018884	CDK9	0.706499300583783
fixed	WT1FALSE	0.0031614148001915194	0.006556424440217738	-0.4821858055435058	12015.151828711962	0.6296827427429506	-0.009690235598441843	0.01601306519882488	WT1	0.707558700326001
fixed	ZNF592FALSE	-0.003404447871143715	0.007095583106112719	0.4797981815209582	12015.023670781906	0.6313796397420468	-0.017312936313843546	0.010504040571556118	ZNF592	0.7086307956634267
fixed	MYCFALSE	-0.0054233827347533545	0.011484321614667087	0.4722423245119621	12015.195765989203	0.6367624091464434	-0.027934507166760672	0.017087741697253966	MYC	0.7138323599597028
fixed	FOXO1FALSE	0.0037541080618692458	0.007994815787425695	-0.46956780014540606	12015.202352326767	0.6386723555295997	-0.011917021590397502	0.01942523771413599	FOXO1	0.7151331304873687
fixed	ONECUT2FALSE	-0.0031441793141967285	0.006767578605358165	0.4645944284573739	12015.633855416127	0.6422303409652734	-0.01640972591247779	0.010121367284084335	ONECUT2	0.7176069986608198
fixed	ZNF34FALSE	0.006481527647324934	0.013957471647700927	-0.4643769166024113	12015.080160383404	0.6423861392624111	-0.020877370149555128	0.033840425444205	ZNF34	0.7176069986608198
fixed	CBFBFALSE	0.007342316894634835	0.0160119562510366	-0.45855214562927	12015.54627262713	0.6465641016325232	-0.024043702288883452	0.03872833607815312	CBFB	0.7189069381788195
fixed	FOSL1FALSE	-0.0031580752439055314	0.0068730973609447115	0.4594835600395819	12015.1628932918	0.6458952681130166	-0.016630455690877115	0.010314305203066051	FOSL1	0.7189069381788195
fixed	ZNF674FALSE	-0.006013045712797434	0.01308202272953592	0.4596418946147745	12015.002047209297	0.6457815991480675	-0.03165592230980746	0.019629830884212596	ZNF674	0.7189069381788195
fixed	ZBTB24FALSE	0.003637822228188938	0.007917759628283848	-0.4594509556963433	12015.080618408525	0.6459186759959066	-0.011882264927806162	0.019157909384184036	ZBTB24	0.7189069381788195
fixed	KAT8FALSE	-0.010329215504276321	0.0226224023830347	0.45659233397875315	12015.080298321094	0.6479723439395064	-0.054672776454197755	0.03401434544564512	KAT8	0.7196340117791491
fixed	MTA1FALSE	-0.004424584062398516	0.009782077261998411	0.45231538699732204	12015.429924541742	0.6510499582690674	-0.023599034709512152	0.01474986658471512	MTA1	0.7213724276291409
fixed	COBLL1FALSE	0.010384215043669813	0.022932612360085026	-0.4528143100584513	12014.998702171491	0.6506906345191404	-0.03456740757394987	0.055335837661289494	COBLL1	0.7213724276291409
fixed	ZNF333FALSE	0.01092637149292294	0.024334689224024812	-0.4490039462733596	12015.136207296	0.6534369079284547	-0.036773548083536875	0.05862629106938276	ZNF333	0.7231772739718628
fixed	PAX7FALSE	0.008176411662534869	0.01844725022870815	-0.4432320026651179	12015.049102985598	0.6576059134852668	-0.02798317701592498	0.04433600034099472	PAX7	0.726947904362624
fixed	GATA2FALSE	0.005376706665264644	0.01233119473411064	-0.4360247957476139	12015.368607803157	0.6628265728551247	-0.018794425767848833	0.02954783909837812	GATA2	0.7318710075275335
fixed	ARNTLFALSE	-0.00484162832624415	0.011135447120501818	0.4347942452467919	12015.143198156577	0.6637195910868526	-0.02666890243584429	0.01698564578335599	ARNTL	0.7320098149096618
fixed	ZBTB14FALSE	0.0028478072725174487	0.0066720008083902185	-0.4268295754605208	12015.101361642834	0.6695111107401583	-0.010230391472386784	0.01592600601742168	ZBTB14	0.7375445723396201
fixed	ZFP91FALSE	-0.003715283001198547	0.008908310478345133	0.4170580953851894	12015.067130166946	0.6766433658565609	-0.021177009745002813	0.013746443742605717	ZFP91	0.7445418350947626
fixed	PRDM1FALSE	-0.003589133249680797	0.008806419367604889	0.4075587477566317	12014.999747151032	0.6836049166210398	-0.02085113697633061	0.013672870476969015	PRDM1	0.7513353576687466
fixed	FOXP1FALSE	-0.004764852259684909	0.01197294787633367	0.3979681786724684	12015.3078904266	0.6906607127522112	-0.028233763027951216	0.0187040585085814	FOXP1	0.7582167088211847
fixed	`SMAD3-EPAS1`FALSE	-0.004475110260973096	0.01133424695405866	0.3948308413529504	12015.1466503082	0.6929747406329875	-0.02669206413878279	0.0177418436168366	SMAD3-EPAS1	0.7598826466251379
fixed	HIF1AFALSE	-0.005340127449226008	0.014228489881589312	0.37531231308923135	12015.45386738526	0.707434834629247	-0.033230264651739255	0.022550009753287237	HIF1A	0.7739596699957587
fixed	MED26FALSE	0.005675731087128417	0.015105690494846474	-0.3757346338497254	12015.486914045161	0.7071208202998664	-0.02393386092364202	0.03528532309789885	MED26	0.7739596699957587
fixed	CCNT2FALSE	0.0025325342486844267	0.006771582532625681	-0.3739944446490319	12015.00231334945	0.7084150486298033	-0.010740860763706093	0.015805929261074946	CCNT2	0.7741442799459706
fixed	LCORLFALSE	0.004876565301912603	0.013175714001370405	-0.3701177257950037	12015.009837322457	0.7113012990050187	-0.020949961312336333	0.030703091916161537	LCORL	0.776408969394494
fixed	PREBFALSE	-0.0034037855903374836	0.009399733058233713	0.3621151334032759	12015.189888304343	0.7172723635497482	-0.021828779909700603	0.015021208729025636	PREB	0.7820318112302398
fixed	NFAT5FALSE	0.002908929465523332	0.008159747706432772	-0.356497476414628	12015.280895206184	0.7214743014300533	-0.013085493364606196	0.01890335229565286	NFAT5	0.7857151638861539
fixed	ZNF675FALSE	0.006324492289026079	0.01837669529103526	-0.34415830424697574	12015.124723743715	0.7307332602618403	-0.02969679729795945	0.04234578187601161	ZNF675	0.794891140581295
fixed	FANCLFALSE	0.002568642652856769	0.007593587152668944	-0.3382647227475304	12015.01746959141	0.7351696159091634	-0.012316014122713367	0.017453299428426907	FANCL	0.7988061658056285
fixed	ZSCAN16FALSE	0.0027578078314538256	0.008335203941226013	-0.33086267005581915	12015.17712226525	0.7407539897989808	-0.013580537559082154	0.019096153221989806	ZSCAN16	0.8033651770974276
fixed	HOXC5FALSE	0.005773237371418065	0.01746970893453054	-0.33047129709223216	12015.000144668234	0.741049639251296	-0.02847021256462165	0.04001668730745778	HOXC5	0.8033651770974276
fixed	ESR1FALSE	0.0033385277772107987	0.010233961750132428	-0.3262204665917965	12015.436877447388	0.7442632390004738	-0.016721689417478865	0.023398744971900465	ESR1	0.8059331782139069
fixed	SFPQFALSE	0.0022057834185014286	0.00701423754692312	-0.3144723006236112	12015.108065198201	0.7531678112725384	-0.011543254585528243	0.0159548214225311	SFPQ	0.8146508979070314
fixed	ZMYND8FALSE	0.0020904068290612415	0.006678676903420461	-0.31299714887998953	12015.601538209501	0.7542882605972697	-0.01100087808502134	0.015181691743143821	ZMYND8	0.814938845537707
fixed	ZNF589FALSE	0.005017888659926276	0.016411643963911197	-0.3057517376662868	12015.012202844155	0.7597989744866864	-0.02715158310950026	0.03718736042935281	ZNF589	0.8199640516519218
fixed	ZBED1FALSE	0.002006159489048712	0.006597515003215938	-0.3040780487912215	12015.211600459872	0.7610736957376438	-0.01092603504040724	0.014938354018504664	ZBED1	0.8201317782491376
fixed	ZSCAN5CFALSE	-0.0033740104092466697	0.011124682695220605	0.3032904849228837	12015.094030212014	0.7616737479336855	-0.025180184516431628	0.018432163697938285	ZSCAN5C	0.8201317782491376
fixed	ZNF79FALSE	-0.004784120305191575	0.01636793844965548	0.2922860639967933	12015.06109233889	0.7700729598580953	-0.036867922197428224	0.02729968158704507	ZNF79	0.8273081122799808
fixed	ZNF215FALSE	-0.004518809033934032	0.015425668201792489	0.2929408940229208	12014.99855928188	0.7695723892137031	-0.034755609130870384	0.02571799106300232	ZNF215	0.8273081122799808
fixed	ZNF664FALSE	0.002738463429127237	0.00952692450911414	-0.28744464454477686	12015.029343307544	0.7737768386421557	-0.015935846693325477	0.02141277355157995	ZNF664	0.8303521980479377
fixed	KLF9FALSE	-0.004006546814758268	0.014354024164681019	0.2791235941079596	12015.021017953175	0.7801547810363356	-0.03214275158038948	0.02412965795087294	KLF9	0.836255798998499
fixed	BACH1FALSE	0.0019443334299376394	0.007050132024135992	-0.2757868112655552	12015.102095767017	0.782716556980898	-0.011875063545097068	0.015763730404972347	BACH1	0.8380601519189413
fixed	KLF15FALSE	0.001867460119615756	0.006813804432706706	-0.2740701084187015	12015.201575639621	0.784035456040932	-0.011488696611196782	0.015223616850428294	KLF15	0.8385311940168714
fixed	ZNF85FALSE	-0.006291211179127743	0.023607457564619877	0.2664925336371792	12015.289846617261	0.789864481871192	-0.05256563923611992	0.03998321687786443	ZNF85	0.8438193904872532
fixed	ZNF611FALSE	-0.0055369439766766336	0.02104406437693418	0.2631119102042629	12015.001016139515	0.7924688358597917	-0.04678670764690584	0.035712819693552576	ZNF611	0.8456546637698448
fixed	TRIM24FALSE	0.0034336866533432216	0.013707767727637288	-0.25049203645465196	12015.019043478866	0.8022111454441208	-0.023435751160472123	0.030303124467158566	TRIM24	0.8550943382722808
fixed	TAF7FALSE	-0.0016994721556242835	0.006853691236540523	0.24796450510690224	12015.773015380108	0.8041661072543288	-0.015133813397039305	0.01173486908579074	TAF7	0.8562215025899884
fixed	PTBP1FALSE	0.0017964129326365741	0.007495101563326807	-0.23967826419142088	12015.480350184242	0.8105837748579359	-0.012895196130671164	0.01648802199594431	PTBP1	0.8611324289693439
fixed	ZNF121FALSE	0.0016299396162222609	0.00678802981615039	-0.24011969015578488	12015.506753045145	0.8102415663961463	-0.01167569467095556	0.014935573903400083	ZNF121	0.8611324289693439
fixed	ZSCAN29FALSE	0.0017998670179378813	0.007742447742203359	-0.23246744154655052	12015.129434747174	0.8161789318895084	-0.013376580531858827	0.016976314567734588	ZSCAN29	0.8661120144856407
fixed	ERGFALSE	-0.003666497389216366	0.015929641190776073	0.23016823450734225	12015.114416598397	0.8179649628086001	-0.03489116587894369	0.027558171100510957	ERG	0.8670428605771161
fixed	OGG1FALSE	-0.0014883784408264958	0.006538453382493987	0.22763463372109843	12015.131374551147	0.8199341661268946	-0.01430480266719882	0.01132804578554583	OGG1	0.8681655876637708
fixed	ZBTB10FALSE	-0.0014404216849532396	0.006481309827461673	0.222242374350026	12015.29211933713	0.8241289861476405	-0.014144835300831977	0.011263991930925499	ZBTB10	0.8716397480985022
fixed	HMGN3FALSE	0.0015101138997786593	0.0069611995805351915	-0.21693299873217523	12014.999524698636	0.8282642438645118	-0.01213496113984635	0.01515518893940367	HMGN3	0.8740753192994958
fixed	CERS6FALSE	0.002616231047660832	0.01200057636112959	-0.2180087829893673	12014.998475141461	0.8274259704696711	-0.02090683607221839	0.026139298167540057	CERS6	0.8740753192994958
fixed	TASORFALSE	-0.004710553219286384	0.021987467697423456	0.2142380961786872	12015.000357760831	0.8303650247870571	-0.04780953970711698	0.03838843326854421	TASOR	0.8753240150793951
fixed	ZIM3FALSE	-0.00430556366089572	0.020803390631813787	0.20696451540507033	12015.100356280023	0.8360410782575669	-0.04508356790077782	0.03647244057898638	ZIM3	0.8803346453175704
fixed	FOXP2FALSE	-0.0015163930800351617	0.007603694709855263	0.19942845391592876	12015.293351502838	0.841930979145911	-0.01642086226504012	0.013388076104969797	FOXP2	0.8836005812545402
fixed	NFIAFALSE	0.002162806033243747	0.011040946265911913	-0.1958895534091355	12015.051157565267	0.8446999267339002	-0.01947923116144726	0.023804843227934757	NFIA	0.8836005812545402
fixed	ZNF329FALSE	0.0029982071321733427	0.015271718450004015	-0.19632414924284794	12015.220095031367	0.8443597810755131	-0.02693682654098957	0.03293324080533626	ZNF329	0.8836005812545402
fixed	ZNF141FALSE	0.004289319735558625	0.02129558491294949	-0.20141826360215923	12015.317599983819	0.8403749451305078	-0.03745346468157393	0.04603210415269118	ZNF141	0.8836005812545402
fixed	SALL2FALSE	0.002006003843814076	0.010102973620027851	-0.19855578359993242	12015.003612465764	0.842613603846254	-0.017797455541171417	0.02180946322879957	SALL2	0.8836005812545402
fixed	EOMESFALSE	0.0036039221789620404	0.01821777336931041	-0.19782451487914507	12015.108918145894	0.8431857116813686	-0.032105854789103695	0.03931369914702778	EOMES	0.8836005812545402
fixed	NFKB2FALSE	0.0026642798652112107	0.013846228786504773	-0.19241917104590608	12015.023903296511	0.8474171286448404	-0.02447656397689664	0.02980512370731906	NFKB2	0.8854720051776318
fixed	ICE2FALSE	0.004229473583719705	0.022440475024863644	-0.18847522519169152	12015.027809710487	0.850507318013722	-0.03975748039224011	0.04821642755967952	ICE2	0.8877286448414561
fixed	HOXB5FALSE	0.0024111046508262387	0.012977045408507306	-0.18579765847514113	12015.00227899281	0.8526065772538931	-0.023025999448694507	0.027848208750346982	HOXB5	0.8889471854647147
fixed	MEIS1FALSE	0.0018136881250468313	0.009874676654544006	-0.18367063434043998	12015.178458156275	0.854274946692398	-0.017542272321466785	0.021169648571560448	MEIS1	0.8897143003761437
fixed	ARID3BFALSE	-0.003050897572135973	0.016994428284006595	0.17952340150254795	12014.999818586284	0.8575297713277497	-0.036362720700815185	0.030260925556543236	ARID3B	0.892130209211203
fixed	HSF2FALSE	-0.0019541906321311475	0.011055859112282261	0.17675610843848244	12014.999026538422	0.8597029457251507	-0.02362545942279629	0.019717078158533994	HSF2	0.8932176225380632
fixed	RFX2FALSE	0.0029990001394106175	0.017058362502948995	-0.1758082077861905	12015.000170394422	0.860447583975346	-0.03043814438025693	0.036436144659078164	RFX2	0.8932176225380632
fixed	GLI4FALSE	-0.0012415970294994024	0.008194816344677742	0.15151004943579705	12015.308586200304	0.8795759276767161	-0.01730476004840858	0.014821565989409776	GLI4	0.9120819945691164
fixed	ARNTFALSE	-0.0022739210763760686	0.01581616777062237	0.14377193700485064	12015.594189161699	0.8856829746608498	-0.03327616321820865	0.028728321065456516	ARNT	0.9154296401153312
fixed	YBX3FALSE	0.0027980655626787163	0.019277730053683214	-0.14514497064160914	12015.221862286373	0.8845988473538389	-0.03498939759543423	0.040585528720791665	YBX3	0.9154296401153312
fixed	UBN1FALSE	9.495748310282918e-4	0.006566361820260484	-0.14461201758611325	12015.297856166879	0.8850196337714402	-0.011921554421060247	0.013820704083116829	UBN1	0.9154296401153312
fixed	ZNF506FALSE	0.0031599079236654592	0.02349996794910312	-0.13446435035610582	12015.12039660494	0.8930376515540133	-0.04290382319904541	0.04922363904637633	ZNF506	0.9220323805005722
fixed	ZNF765FALSE	0.00266794932902907	0.021116824541887798	-0.1263423543505259	12015.002560943982	0.8994630449641567	-0.038724436010850134	0.044060334668908276	ZNF765	0.9276624269143843
fixed	HNRNPUL1FALSE	8.73726550492574e-4	0.0070370658437273505	-0.12416063312401576	12015.222823481485	0.9011901681489612	-0.012920058587509902	0.014667511688495049	HNRNPUL1	0.9284399788489298
fixed	PYGO2FALSE	-0.0021850101098206906	0.01785513359916005	0.1223743355201486	12014.998852340661	0.9026046096760213	-0.0371839546143986	0.03281393439475722	PYGO2	0.9288940643267792
fixed	BCLAF1FALSE	-9.590880505024124e-4	0.007925349131220349	0.12101524294043708	12015.129136646816	0.9036809853901318	-0.016494051851222113	0.01457587575021729	BCLAF1	0.9289996336877
fixed	ZNF189FALSE	-8.617356458068978e-4	0.0072364342898605764	0.11908290897000612	12015.525923014191	0.9052116618091172	-0.015046315088801658	0.013322843797187862	ZNF189	0.9295715020085014
fixed	SSRP1FALSE	-8.28930858393751e-4	0.007395049324467167	0.11209267471024985	12015.288472489105	0.9107517980178212	-0.015324421404557411	0.01366655968776991	SSRP1	0.9342550702247329
fixed	RBM22FALSE	7.392761192400828e-4	0.006766354279729399	-0.10925767240045374	12015.004973615589	0.9129999426703447	-0.012523870673094623	0.01400242291157479	RBM22	0.9355552581176251
fixed	PHF8FALSE	-0.0017681852341208417	0.017385022654545314	0.10170738740214122	12015.270723807022	0.9189906353985959	-0.035845636311766384	0.032309265843524705	PHF8	0.9396753120795933
fixed	TBX18FALSE	-9.469779050982005e-4	0.00930691578387169	0.10174991663073331	12015.37997997552	0.9189568778153399	-0.01919003535289474	0.01729607954269834	TBX18	0.9396753120795933
fixed	ZNF283FALSE	-0.0010483229715586117	0.010513994986010567	0.09970738743488669	12015.00975135869	0.920578298922414	-0.021657450590770337	0.019560804647653113	ZNF283	0.9402908963297462
fixed	ZNF785FALSE	8.135131759032166e-4	0.00840238895385279	-0.09681927132523331	12015.205531285988	0.9228715343431517	-0.01565652568205152	0.017283552033857955	ZNF785	0.9416250735437077
fixed	CTNNB1FALSE	6.758120712007156e-4	0.007108915448083857	-0.09506542539943622	12015.039700333977	0.9242644455204712	-0.013258809912345154	0.014610434054746584	CTNNB1	0.9420387617804802
fixed	ZNF331FALSE	-0.0018184032460730117	0.019827965721183793	0.09170901703396969	12015.035108158636	0.9269307619101027	-0.04068441720499742	0.0370476107128514	ZNF331	0.9437480756267215
fixed	EGR1FALSE	0.001314320276275761	0.015024889991114034	-0.08747619962961936	12015.255715774365	0.9302944605878527	-0.02813688975995394	0.03076553031250546	EGR1	0.946163022815364
fixed	HDAC1FALSE	-0.0011085836460057689	0.015020431402822049	0.07380504702398144	12015.266006347296	0.9411667396198775	-0.030551054126837753	0.028333886834826214	HDAC1	0.9551841165929394
fixed	ZNF837FALSE	0.0017503861177851105	0.023600098605717327	-0.07416859340414216	12015.000709932478	0.9408774705273397	-0.04450961730386713	0.04801038953943734	ZNF837	0.9551841165929394
fixed	ZNF441FALSE	5.895444346006669e-4	0.008450327864437923	-0.0697658651898805	12015.017538224944	0.9443811776205717	-0.01597446245362136	0.01715355132282269	ZNF441	0.9574278888948198
fixed	DPF1FALSE	-6.421337830235878e-4	0.009773237125063752	0.0657032848795633	12015.015974670181	0.9476151502406662	-0.019799256401090596	0.018514988835043423	DPF1	0.9596866808169805
fixed	ZNF22FALSE	0.0014417076474496845	0.022935063093812155	-0.0628604177609023	12015.037337550022	0.9498787001692748	-0.04351471878937354	0.04639813408427291	ZNF22	0.9609589395137732
fixed	ZNF768FALSE	0.001015518586649948	0.019403926762052014	-0.052335725603540384	12015.009930574952	0.9582620574428496	-0.037019310561019654	0.039050347734319556	ZNF768	0.968413138559829
fixed	SCRT1FALSE	-4.6872796075279085e-4	0.009368000217497924	0.05003500745839887	12015.100879107573	0.9600953230256999	-0.018831520802919686	0.017894064881414103	SCRT1	0.969239088006897
fixed	ETS2FALSE	9.753125176348116e-4	0.022441373069281755	-0.043460465392371236	12015.009680793199	0.9653352009733509	-0.04301340177705714	0.04496402681232676	ETS2	0.9734987121866563
fixed	ZNF550FALSE	-2.808309756997086e-4	0.0071500127395641025	0.03927698955636118	12015.201476581144	0.9686702046861011	-0.014296010266524883	0.013734348315125468	ZNF550	0.974801028766393
fixed	ZNF281FALSE	-2.7946831952924464e-4	0.007065156201915373	0.03955585857443328	12015.0772620703	0.9684478768310376	-0.014128315111471898	0.013569378472413409	ZNF281	0.974801028766393
fixed	TWIST1FALSE	-1.4873773934274232e-4	0.006491865191616891	0.02291140295624301	12015.019600210495	0.9817213250069571	-0.012873841602119818	0.012576366123434332	TWIST1	0.9858548884806706
fixed	ZNF677FALSE	5.03724182545755e-4	0.021296503339632046	-0.023652905573862067	12015.018285004826	0.9811298641786295	-0.04124086060392435	0.04224830896901586	ZNF677	0.9858548884806706
fixed	ZNF704FALSE	3.849151719144602e-4	0.018612906862447296	-0.02068001386129808	12015.233776362858	0.9835012556288897	-0.036099387196738844	0.03686921754056777	ZNF704	0.9866037832491701
fixed	TP53FALSE	1.6357354518613623e-4	0.011690137343653251	-0.01399243998403002	12015.858616330386	0.9888362447704768	-0.0227509828158629	0.023078129906235173	TP53	0.990020257478805
fixed	TEAD1FALSE	-8.95662896133127e-5	0.006486027136300097	0.013809114228344885	12015.286229408805	0.9889825003954938	-0.012803226593013868	0.012624094013787241	TEAD1	0.990020257478805
fixed	TFAP4FALSE	3.612846485232447e-5	0.007540755601097854	-0.00479109346112007	12015.825157231648	0.9961773546584559	-0.014744969840082207	0.014817226769786857	TFAP4	0.9961773546584559
