effect	term	estimate	std.error	statistic	df	p_value	conf.low	conf.high	variable	p_adj
fixed	SIX5FALSE	-0.10921447821485525	0.0071100198892159305	15.360643136948955	12016.190037274835	9.521664790472629e-53	-0.12315126494691046	-0.09527769148280003	SIX5	9.083668210110888e-50
fixed	YY2FALSE	-0.09538807751950434	0.006403948642018066	14.895197143468167	12015.329017979959	9.82982378345672e-50	-0.10794085071870418	-0.0828353043203045	YY2	4.688825944708856e-47
fixed	NFRKBFALSE	-0.09437023644006291	0.0064598015527935855	14.60884450842795	12015.201069618557	6.348869300010606e-48	-0.10703249037492532	-0.0817079825052005	NFRKB	1.9008999922563535e-45
fixed	TAF9BFALSE	-0.10120221803413242	0.00693495382987869	14.593062984516322	12015.504743132467	7.970230575498338e-48	-0.1147958471075996	-0.08760858896066523	TAF9B	1.9008999922563535e-45
fixed	PHF20FALSE	-0.09114571362171094	0.006351457826077844	14.350361148189391	12015.511918593	2.5574387973529835e-46	-0.10359559632839774	-0.07869583091502413	PHF20	4.879593225349493e-44
fixed	ELF4FALSE	-0.09196768655614725	0.0064900791136545	14.170503154985601	12015.964578294519	3.224685729143643e-45	-0.10468928931696747	-0.07924608379532702	ELF4	5.127250309338393e-43
fixed	RBP2FALSE	-0.10893644362058286	0.007827368706789241	13.91737730791887	12015.19802956428	1.0840901820153968e-43	-0.12427934996216013	-0.09359353727900559	RBP2	1.4774600480609835e-41
fixed	DDX21FALSE	-0.09323224351017245	0.006715241525246775	13.88367688037048	12015.985396520791	1.7230430669895885e-43	-0.10639520094354335	-0.08006928607680155	DDX21	2.0547288573850844e-41
fixed	ELK4FALSE	-0.08854753415400726	0.006415557681600847	13.802001096171638	12015.604034507845	5.273742699085256e-43	-0.10112306291596845	-0.07597200539204607	ELK4	5.590167261030371e-41
fixed	DIDO1FALSE	-0.08575565965636008	0.0063810747911895995	13.439061986040908	12015.510175873118	7.041238171602905e-41	-0.09826359639615662	-0.07324772291656353	DIDO1	6.717341215709171e-39
fixed	ZNF101FALSE	-0.08553736482939467	0.006520353687320403	13.11851610070358	12015.312089811565	4.782876332145101e-39	-0.09831831071176576	-0.07275641894702357	ZNF101	4.1480582007876606e-37
fixed	ZNF518AFALSE	-0.08204124001049702	0.006362589728118605	12.894315603586202	12015.583465998083	8.626174132528832e-38	-0.0945129430348158	-0.06956953698617824	ZNF518A	6.857808435360422e-36
fixed	NCOA1FALSE	-0.08153017870042946	0.006393034603146524	12.752970030899244	12015.725594759138	5.212426235181814e-37	-0.09406155857979842	-0.0689987988210605	NCOA1	3.55189616311675e-35
fixed	NUTM1FALSE	-0.09259965646964759	0.0072595414969298284	12.755579193094963	12015.013216957876	5.043221396484494e-37	-0.10682952983005059	-0.07836978310924458	NUTM1	3.55189616311675e-35
fixed	ZMIZ1FALSE	-0.09278953821339467	0.00730155326066753	12.70819165467699	12015.743488956916	9.17921103341897e-37	-0.1071017613257346	-0.07847731510105474	ZMIZ1	5.837978217254465e-35
fixed	KDM5AFALSE	-0.08698271676256061	0.00687369326385658	12.654436766903062	12015.83223298818	1.806088822375802e-36	-0.1004562651998301	-0.07350916832529113	KDM5A	1.0768804603415719e-34
fixed	CCAR2FALSE	-0.08119846733914718	0.006442359623607505	12.603839599640166	12015.044725473164	3.406654918183706e-36	-0.09382653229347772	-0.06857040238481664	CCAR2	1.9117345834983855e-34
fixed	AFF1FALSE	-0.08180819410728218	0.0065081345568097915	12.570144853824836	12015.007354724396	5.191058462009848e-36	-0.09456518855377502	-0.06905119966078935	AFF1	2.75126098486522e-34
fixed	EP400FALSE	-0.08474939721282558	0.006757791351259429	12.540990511201725	12015.91391331724	7.466834478938467e-36	-0.09799575918195377	-0.07150303524369739	EP400	3.7491368910038405e-34
fixed	E4F1FALSE	-0.09534922260689871	0.007688580083433713	12.401408526958575	12015.936121348936	4.2093373915573096e-35	-0.11042008074694022	-0.0802783644668572	E4F1	2.0078539357728368e-33
fixed	ZNF639FALSE	-0.09927943775250711	0.008034982036491101	12.355900399232592	12015.363790975238	7.368011715956081e-35	-0.11502929971619179	-0.08352957578882243	ZNF639	3.195037807737319e-33
fixed	KLF13FALSE	-0.0802333812415794	0.006492505089536054	12.357846491470795	12015.141297515569	7.194072861354125e-35	-0.0929597393946007	-0.0675070230885581	KLF13	3.195037807737319e-33
fixed	NR2C2FALSE	-0.10278675018570607	0.008368558518456835	12.282491657196417	12015.676233944927	1.810160837052689e-34	-0.11919047586385229	-0.08638302450755986	NR2C2	7.508232341514197e-33
fixed	SMAD5FALSE	-0.11672680928940461	0.00951928277826938	12.26214327363702	12015.27567860993	2.320257116041035e-34	-0.13538614034713314	-0.09806747823167607	SMAD5	9.223022036263113e-33
fixed	FOXK2FALSE	-0.07924775008523989	0.006540619926763791	12.116244480276748	12015.926452072139	1.3598873247056959e-33	-0.09206842100269155	-0.06642707916778823	FOXK2	5.189330031076935e-32
fixed	ZNF18FALSE	-0.07842815482275997	0.006476394859792495	12.109847611310226	12015.654886183984	1.4688466575150435e-33	-0.09112293426991346	-0.06573337537560649	ZNF18	5.389537351035967e-32
fixed	INTS13FALSE	-0.11264182385181318	0.009424857248559421	11.951568165027682	12015.461367203454	9.765507326473649e-33	-0.13111606559829803	-0.09416758210532833	INTS13	3.4504792553540227e-31
fixed	GATAD1FALSE	-0.07862728167876941	0.006593529996748935	11.924914532509609	12015.608032935314	1.3403220275538693e-32	-0.09155166490923869	-0.06570289844830013	GATAD1	4.5666686224513975e-31
fixed	U2AF1FALSE	-0.09915739206221372	0.008336381929478508	11.894535651201458	12015.705366520277	1.9212494252829212e-32	-0.11549804642752919	-0.08281673769689825	U2AF1	6.320248109378988e-31
fixed	ZNF580FALSE	-0.07846285528400283	0.0066452769256915775	11.807311593088675	12015.292822852427	5.375794564504493e-32	-0.09148867088347197	-0.0654370396845337	ZNF580	1.709502671512429e-30
fixed	MLLT1FALSE	-0.09349372389322494	0.007930145159038397	11.789661099288367	12015.146258315926	6.614296520338493e-32	-0.1090380886805284	-0.07794935910592148	MLLT1	2.035496413033201e-30
fixed	ZNF213FALSE	-0.07603700898747426	0.006472280868923464	11.7481009442227	12015.12165382353	1.0764121594984923e-31	-0.08872372440510067	-0.06335029356984785	ZNF213	3.20905375050488e-30
fixed	ZBTB11FALSE	-0.08297083703949494	0.007074861212524617	11.727556844876586	12015.125927792578	1.36854546371819e-31	-0.096838707213401	-0.06910296686558888	ZBTB11	3.956340522385313e-30
fixed	ZHX2FALSE	-0.09223360711282091	0.007901384557186919	11.673094309645686	12015.49329168655	2.581379864765664e-31	-0.10772159643219788	-0.07674561779344395	ZHX2	7.243048208783657e-30
fixed	SIN3BFALSE	-0.09441702338415689	0.008098607230211049	11.658427270301932	12015.54562575761	3.060975672402007e-31	-0.11029160097501853	-0.07854244579329525	SIN3B	8.343345118490042e-30
fixed	PMLFALSE	-0.11031526033417557	0.00946594204864024	11.65391249675167	12015.28763917546	3.225719441913324e-31	-0.1288700349485346	-0.09176048571981653	PML	8.548156521070308e-30
fixed	ETV4FALSE	-0.08603272826045535	0.00747951135200748	11.502453062975084	12015.356972273878	1.8507533740311176e-30	-0.10069377800788074	-0.07137167851302997	ETV4	4.771942483312665e-29
fixed	EHFFALSE	-0.07373194016938876	0.006415839098162808	11.492174139856795	12015.57397679321	2.0820468425110198e-30	-0.0863080205564117	-0.06115585978236583	EHF	5.227033388830297e-29
fixed	HBP1FALSE	-0.1002833762995201	0.008732093337104245	11.484459960293584	12015.365678020351	2.274299715906227e-30	-0.11739968895418858	-0.08316706364485162	HBP1	5.563286997370617e-29
fixed	NR2C1FALSE	-0.07304972597669265	0.006420075497054926	11.378328184801358	12015.219702025091	7.620979121662384e-30	-0.0856341104268375	-0.06046534152654781	NR2C1	1.8176035205164787e-28
fixed	ZNF3FALSE	-0.08212567087265506	0.007250980319039581	11.326147259979448	12015.287223726376	1.3755874562653886e-29	-0.0963387629095673	-0.06791257883574281	ZNF3	3.2007571543345874e-28
fixed	ZNF75AFALSE	-0.07803332576337002	0.007024393461892305	11.108905870194318	12015.402760949075	1.5633246681153793e-28	-0.09180227096633622	-0.06426438056040382	ZNF75A	3.5509803175763615e-27
fixed	NELFCDFALSE	-0.1161931565430366	0.010468854080657286	11.098937443183983	12015.187428248088	1.7458811244533695e-28	-0.13671380066934713	-0.09567251241672606	NELFCD	3.8734199830895686e-27
fixed	NBNFALSE	-0.08631754073365266	0.007779895716501237	11.094948297388138	12015.554389568657	1.8247047141258985e-28	-0.10156739230450328	-0.07106768916280205	NBN	3.956291584718426e-27
fixed	PAXIP1FALSE	-0.0954990229933212	0.00861004471676008	11.091582696129949	12015.160262114083	1.8939812727145662e-28	-0.11237610067758737	-0.07862194530905504	PAXIP1	4.01524029815488e-27
fixed	TAF7FALSE	-0.07515146692675323	0.006800253096515241	11.05127498346558	12015.571353823261	2.9564065130775978e-28	-0.0884810608095311	-0.061821873043975364	TAF7	6.1313300292957135e-27
fixed	ZBTB21FALSE	-0.09466226954207577	0.008589991445365652	11.02006563617087	12015.616089990295	4.169051685591357e-28	-0.11150003951257706	-0.07782449957157447	ZBTB21	8.462287889476925e-27
fixed	ZMYND8FALSE	-0.07214819385947925	0.006571282765855637	10.979316585547197	12015.408542823598	6.521217470933905e-28	-0.08502896894742568	-0.05926741877153283	ZMYND8	1.2960919723481137e-26
fixed	NR4A1FALSE	-0.0696269269696945	0.0063912784857409624	10.894053063879662	12015.135532829994	1.6543125345287177e-27	-0.08215486463743116	-0.057098989301957837	NR4A1	3.220845220286524e-26
fixed	ZNF239FALSE	-0.08752732091274082	0.00805542830963818	10.865632161112513	12015.104313788434	2.2526989273224606e-27	-0.10331726090700569	-0.07173738091847595	ZNF239	4.298149553331254e-26
fixed	OGTFALSE	-0.0716507843459051	0.0066196382490213476	10.823972798890939	12016.123347958122	3.536912857501069e-27	-0.08462634390959567	-0.05867522478221454	OGT	6.608415212936701e-26
fixed	EBF3FALSE	-0.07215477466226855	0.006667240002394517	10.822285478901975	12015.4052311431	3.6020711852485166e-27	-0.08522364142551543	-0.05908590789902167	EBF3	6.608415212936701e-26
fixed	ZBED4FALSE	-0.10443197673611009	0.009715975339699366	10.748481041260181	12015.177572126495	7.976944134943683e-27	-0.12347685698435393	-0.08538709648786624	ZBED4	1.4092601305067173e-25
fixed	DEKFALSE	-0.07759508760488959	0.007218983212260402	10.748755790580802	12015.863088710617	7.953320699209224e-27	-0.09174546007852132	-0.06344471513125786	DEK	1.4092601305067173e-25
fixed	FOXP4FALSE	-0.09556103515979882	0.008914973305967548	10.719161110200039	12015.492548893011	1.0923691998880315e-26	-0.11303582205909309	-0.07808624826050455	FOXP4	1.89476403035124e-25
fixed	APCFALSE	-0.07974989577450774	0.007477059779747503	10.665943315114282	12015.905097871984	1.9287206008144071e-26	-0.09440613997716532	-0.06509365157185015	APC	3.2857133092445434e-25
fixed	PHF5AFALSE	-0.09929191551675252	0.00932899792508195	10.643363447406951	12015.221191332434	2.4528848104531665e-26	-0.11757825755061543	-0.08100557348288961	PHF5A	4.1053545774952996e-25
fixed	SOX6FALSE	-0.09455306065524735	0.008905131032213923	10.617818009999604	12015.856723261799	3.2175599988066505e-26	-0.11200855505576585	-0.07709756625472886	SOX6	5.2923314463130075e-25
fixed	ZNF207FALSE	-0.07017564128862386	0.006614879700264291	10.608755482857847	12015.250694636545	3.542235437201976e-26	-0.08314187342345448	-0.05720940915379324	ZNF207	5.727614588289297e-25
fixed	ZNF697FALSE	-0.0847824767445144	0.00799359494889141	10.606301330826431	12015.363691217553	3.635591251333876e-26	-0.10045121333496136	-0.06911374015406745	ZNF697	5.780590089620863e-25
fixed	ZNF175FALSE	-0.10034548215267941	0.009485875904871046	10.578409749293842	12015.076861202564	4.8843986005566494e-26	-0.11893933037627097	-0.08175163392908785	ZNF175	7.638879122837776e-25
fixed	RFX3FALSE	-0.06805054000378347	0.006435395871509259	10.574413969629491	12015.600279058182	5.0950720543296707e-26	-0.0806649548209729	-0.055436125186594035	RFX3	7.839836677145977e-25
fixed	ZNF12FALSE	-0.07246269578643057	0.006854090531414006	10.572182473271393	12015.10490099258	5.21670954216418e-26	-0.08589781978551862	-0.059027571787342505	ZNF12	7.899588735277186e-25
fixed	MEN1FALSE	-0.07163090270789314	0.006782329419903723	10.561401293437905	12015.00824726197	5.845872601314331e-26	-0.0849253633537347	-0.05833644206205158	MEN1	8.714003846334176e-25
fixed	ZNF652FALSE	-0.07705442969406744	0.007327142072570786	10.516300752857147	12015.722329395543	9.401238781359727e-26	-0.09141681101119867	-0.0626920483769362	ZNF652	1.3798125842180276e-24
fixed	MCRS1FALSE	-0.08292543994472922	0.007888281148774568	10.512485341323256	12015.027625002505	9.78607566828143e-26	-0.09838774452859683	-0.0674631353608616	MCRS1	1.4145327556879523e-24
fixed	SP140LFALSE	-0.09036418253581734	0.00860475841101912	10.50165248336297	12015.725096585502	1.0965289246889115e-25	-0.10723089812751063	-0.07349746694412404	SP140L	1.5613262599301815e-24
fixed	IRF4FALSE	-0.10383007696598713	0.009971366560608638	10.412823190771304	12015.430601240038	2.775847823274463e-25	-0.12337556519703438	-0.08428458873493988	IRF4	3.8943512108879966e-24
fixed	IRF2FALSE	-0.08915375794929895	0.008568325704830178	10.405038396129218	12015.391346137842	3.010157099111286e-25	-0.10594905960235912	-0.07235845629623877	IRF2	4.161869380510387e-24
fixed	INTS11FALSE	-0.1268845889097093	0.012229963765278438	10.374894917509229	12015.518384837105	4.117370083249812e-25	-0.15085729227102815	-0.10291188554839045	INTS11	5.611387227743315e-24
fixed	ZBTB40FALSE	-0.07639844855236559	0.0073724070033695695	10.362755137833217	12015.194662328357	4.669815926781667e-25	-0.09084955650512744	-0.06194734059960374	ZBTB40	6.2746540762671984e-24
fixed	MEF2AFALSE	-0.09253526252279223	0.008932608021587629	10.359265994786767	12015.623614308293	4.841718568374231e-25	-0.11004461629238221	-0.07502590875320225	MEF2A	6.415277103095856e-24
fixed	SIX1FALSE	-0.08877819036655867	0.008572825606514026	10.355767682839708	12015.494551406255	5.020423291031398e-25	-0.1055823125388428	-0.07197406819427453	SIX1	6.5609367392382926e-24
fixed	TGIF2FALSE	-0.06754595264581141	0.006558319860739421	10.29927696118742	12015.994586934677	8.998916416584851e-25	-0.08040131828383588	-0.054690587007786944	TGIF2	1.1601305758678308e-23
fixed	NCBP1FALSE	-0.09128096674416	0.008969868910820137	10.17639919286334	12015.264928184119	3.168747791900501e-24	-0.10886335792478372	-0.07369857556353629	NCBP1	3.9776123598329976e-23
fixed	BCL3FALSE	-0.07397287798385997	0.007268853256284465	10.176691614995104	12015.422847904736	3.159314771091409e-24	-0.08822100384700961	-0.05972475212071034	BCL3	3.9776123598329976e-23
fixed	THRBFALSE	-0.06811496239763258	0.00670089449324109	10.165055197681037	12015.329966029854	3.556626094073708e-24	-0.08124979740440536	-0.0549801273908598	THRB	4.406521160709503e-23
fixed	TBX5FALSE	-0.06576443074453091	0.006551222477967297	10.038497542360398	12015.242810649914	1.2790373174011537e-23	-0.07860588444753108	-0.05292297704153073	TBX5	1.5643610266675647e-22
fixed	SHOX2FALSE	-0.09175482553088693	0.009202980715620448	9.970120373625166	12015.08583688397	2.537485545121112e-23	-0.10979415351009206	-0.0737154975516818	SHOX2	3.0642546962601784e-22
fixed	ZNF232FALSE	-0.07226878199549279	0.007254993921192798	9.961246388420273	12015.436119246515	2.7724849578522866e-23	-0.08648974132283468	-0.058047822668150895	ZNF232	3.306188312238852e-22
fixed	ISL2FALSE	-0.08774185670905268	0.008906103900404277	9.851878856372851	12015.14891898951	8.208443255960441e-23	-0.10519925819187861	-0.07028445522622676	ISL2	9.667722057020076e-22
fixed	ZNF384FALSE	-0.0644736190930175	0.006608628743153523	9.755975346596912	12015.489277328912	2.1061312546524873e-22	-0.07742759831682774	-0.05151963986920727	ZNF384	2.450303923095699e-21
fixed	CREB3L1FALSE	-0.06438928171513339	0.006637140503902351	9.701358842301934	12015.509588928133	3.5876692466331596e-22	-0.07739914859069212	-0.05137941483957465	CREB3L1	4.123658387094018e-21
fixed	PPARGFALSE	-0.09857408462202101	0.010176293356094327	9.686639444507312	12015.314711285451	4.1394551522547005e-22	-0.11852126247487851	-0.07862690676916351	PPARG	4.7012383514892676e-21
fixed	XRCC5FALSE	-0.07972341812478521	0.008284693547045864	9.622977322222473	12015.60112794333	7.6666698938081445e-22	-0.09596275493041297	-0.06348408131915746	XRCC5	8.60470950434467e-21
fixed	RFXAPFALSE	-0.0855688195492587	0.008973387873247318	9.535843179627628	12015.791598548572	1.7709224715724588e-21	-0.10315810838667755	-0.06797953071183985	RFXAP	1.964488416139681e-20
fixed	ESRRAFALSE	-0.06585271462355044	0.0069077984775128025	9.533097243343605	12016.122914196092	1.8180419572030696e-21	-0.07939311475229095	-0.05231231449480993	ESRRA	1.9935770427261244e-20
fixed	ZSCAN23FALSE	-0.07382365895655704	0.007747510961944106	9.528693708105738	12015.0365329001	1.8962521986916327e-21	-0.0890100312463042	-0.05863728666680988	ZSCAN23	2.0557097699452473e-20
fixed	FOXM1FALSE	-0.06658813251941535	0.006989240101122987	9.52723494342631	12015.87220285069	1.9228547515446515e-21	-0.08028817140619493	-0.052888093632635774	FOXM1	2.061127452779323e-20
fixed	OVOL3FALSE	-0.07698335724236637	0.008144488775424334	9.452202509586671	12015.249311292899	3.928433977052921e-21	-0.09294787010851568	-0.061018844376217046	OVOL3	4.1641400156760957e-20
fixed	BRCA1FALSE	-0.08758720229159471	0.009269922877401629	9.448536244580442	12015.487016210753	4.06740953826201e-21	-0.10575774765425631	-0.0694166569289331	BRCA1	4.2640754939581954e-20
fixed	PITX3FALSE	-0.06546127502432594	0.006931826604554629	9.443582299262063	12016.570933208934	4.2629054644135206e-21	-0.07904877410985063	-0.05187377593880126	PITX3	4.4103951882470616e-20
fixed	ERFFALSE	-0.06081199156287172	0.006440117400205055	9.442683694079156	12015.23099480292	4.299441850177953e-21	-0.07343566137761944	-0.048188321748124	ERF	4.4103951882470616e-20
fixed	ZHX1FALSE	-0.08160274597551481	0.00865873971687496	9.424321395927834	12016.105485768827	5.1156838965340566e-21	-0.09857527358701065	-0.06463021836401897	ZHX1	5.1918749332909466e-20
fixed	TCF25FALSE	-0.0652471263049654	0.006926541394588904	9.419870984375727	12015.402283992333	5.335615611937628e-21	-0.07882426565883939	-0.05166998695109142	TCF25	5.358081361882629e-20
fixed	TRIM22FALSE	-0.06433247571994326	0.006837192410635458	9.409194864820853	12015.318354595698	5.901942585193044e-21	-0.07773447665020443	-0.05093047478968208	TRIM22	5.865055444035587e-20
fixed	MEDFALSE	-0.06339547191983237	0.006777705426821968	9.353530129673722	12015.123922225797	9.968803572294956e-21	-0.07668086877982049	-0.05011007505984426	MED	9.804369698937514e-20
fixed	SPDEFFALSE	-0.06254858656495049	0.006692299765758098	9.346351591270215	12015.068495465253	1.0663652351739567e-20	-0.07566657454707389	-0.0494305985828271	SPDEF	1.0380739126081171e-19
fixed	NFE2L2FALSE	-0.10249507557220298	0.01099163487271746	9.324825356654442	12015.882582277683	1.3047312424463726e-20	-0.12404045432492497	-0.080949696819481	NFE2L2	1.2572864699937773e-19
fixed	ARID4BFALSE	-0.05973329518037037	0.006427769786240703	9.293004753878334	12015.265823976539	1.756667634363099e-20	-0.07233276167463555	-0.04713382868610519	ARID4B	1.6758609231823963e-19
fixed	ELK1FALSE	-0.06007063908837349	0.006475012441230908	9.277300952483419	12015.615175529807	2.0336446498383402e-20	-0.07276270877620018	-0.0473785694005468	ELK1	1.9208881147977985e-19
fixed	KMT2DFALSE	-0.07395246524567277	0.007973781998809475	9.274452857717232	12015.395184940968	2.0883228562955443e-20	-0.08958236525121767	-0.05832256524012787	KMT2D	1.9531960832411268e-19
fixed	NFKBIZFALSE	-0.08817996220336109	0.00951171164727414	9.27067235355391	12015.766713076797	2.163134225156235e-20	-0.10682445254528009	-0.0695354718614421	NFKBIZ	2.0035243211641244e-19
fixed	ZKSCAN1FALSE	-0.07829798746979398	0.008469306391994	9.244911430268804	12015.45969558859	2.748523401528768e-20	-0.09489919527449095	-0.06169677966509701	ZKSCAN1	2.521241658710043e-19
fixed	KDM4BFALSE	-0.06655698396855912	0.007205579238464787	9.236867955495509	12015.488256688883	2.9615500272647896e-20	-0.0806810825341035	-0.052432885403014745	KDM4B	2.690779739057723e-19
fixed	FOXL2FALSE	-0.0637490291068281	0.006917424261747055	9.215717685462268	12015.465344953409	3.602774506571489e-20	-0.07730829740129332	-0.050189760812362885	FOXL2	3.24249705591434e-19
fixed	ZMYND11FALSE	-0.0652273220767006	0.0070939920166128295	9.194727302194611	12015.28858109436	4.374481165699667e-20	-0.07913269169621795	-0.05132195245718323	ZMYND11	3.900238347735965e-19
fixed	NONOFALSE	-0.10128877632897698	0.011048417775871486	9.16771780210741	12015.233838187618	5.611940511435776e-20	-0.12294545885625902	-0.07963209380169495	NONO	4.957214118434935e-19
fixed	U2AF2FALSE	-0.05943457135727657	0.006492045498454107	9.154983798469864	12015.303368830948	6.309750563415507e-20	-0.07216002862028575	-0.046709114094267375	U2AF2	5.522478933484765e-19
fixed	MLXFALSE	-0.07494719565846546	0.00822364457507183	9.113622916735897	12015.850626458803	9.222823742560222e-20	-0.09106686658976115	-0.05882752472716976	MLX	7.998703500365865e-19
fixed	BAP1FALSE	-0.060520463753751995	0.006653317583126355	9.096283620556376	12015.742328232092	1.0808385166562446e-19	-0.07356204029073937	-0.04747888721676461	BAP1	9.2893688728834e-19
fixed	NFATC1FALSE	-0.07422303303928837	0.00816429042553497	9.091179903050163	12016.261936495066	1.1324348964424103e-19	-0.09022636020061425	-0.0582197058779625	NFATC1	9.624262604695665e-19
fixed	ZNF146FALSE	-0.07030506992405007	0.0077339446107068084	9.090454284702313	12015.223027757931	1.1399807907029457e-19	-0.08546484995143339	-0.05514528989666676	ZNF146	9.624262604695665e-19
fixed	GFI1BFALSE	-0.08944013458170462	0.009840348475140497	9.089122687845425	12015.751237566874	1.1539242100764702e-19	-0.1087288061618883	-0.07015146300152093	GFI1B	9.656523652745198e-19
fixed	SAP30FALSE	-0.06789566000063176	0.007478719021244324	9.078514623662802	12015.218010239005	1.27126499600241e-19	-0.08255515666892761	-0.05323616333233589	SAP30	1.0545972227706947e-18
fixed	ZNF44FALSE	-0.07516756982884697	0.008294895374923119	9.061906923635387	12015.912426510064	1.4790377757746678e-19	-0.09142690382162719	-0.05890823583606674	ZNF44	1.216381067318132e-18
fixed	TFE3FALSE	-0.08778653506484163	0.009699654572008852	9.050480551975014	12015.36516420833	1.6411549449759593e-19	-0.10679942394362221	-0.06877364618606105	TFE3	1.338172493595782e-18
fixed	MAFFFALSE	-0.0626082466252528	0.00692666039399198	9.038734839600004	12015.859591480496	1.8260794447963779e-19	-0.07618561918510984	-0.04903087406539576	MAFF	1.476338805369275e-18
fixed	CEBPDFALSE	-0.08378771374921265	0.009274907748372124	9.033805620753323	12015.33938875207	1.909702926577777e-19	-0.10196803028623028	-0.06560739721219502	CEBPD	1.5309719260127725e-18
fixed	ZNF217FALSE	-0.10398023583729177	0.011511854049964541	9.032449107327942	12015.471898333639	1.9333664019264398e-19	-0.12654532823516587	-0.08141514343941765	ZNF217	1.5370262895315197e-18
fixed	RORBFALSE	-0.070291900059074	0.007795446918373232	9.017045564559195	12016.376463647643	2.2232834418435165e-19	-0.08557223439082634	-0.05501156572732166	RORB	1.752902812825384e-18
fixed	RUVBL2FALSE	-0.08620292793755518	0.0096146613138371	8.96577894153118	12015.086025646358	3.533924988771865e-19	-0.10504921635307046	-0.06735663952203991	RUVBL2	2.7634134748265235e-18
fixed	INSM2FALSE	-0.05733534126826883	0.0064079814752848905	8.94748861079062	12015.247727269396	4.1666866687131423e-19	-0.06989601948029828	-0.04477466305623938	INSM2	3.231722830855559e-18
fixed	KDM3AFALSE	-0.09002835777016087	0.010065012187024262	8.944684427329829	12015.4694996359	4.2731152586100427e-19	-0.10975740654064965	-0.07029930899967209	KDM3A	3.287541900575791e-18
fixed	ZNF843FALSE	-0.0591844628845331	0.006632693006009392	8.923142203462522	12015.573633695	5.185502609101391e-19	-0.07218561193924433	-0.04618331382982186	ZNF843	3.957575591266182e-18
fixed	ZNF574FALSE	-0.06247118414985472	0.007025022577044962	8.892666673269666	12015.83682033254	6.813278548195544e-19	-0.07624136246997093	-0.048701005829738506	ZNF574	5.158625186490912e-18
fixed	ZNF76FALSE	-0.06721807973967944	0.007617272535185837	8.824428879127604	12015.568838730846	1.2514776184067065e-18	-0.08214916361987168	-0.052286995859487206	ZNF76	9.400863369763764e-18
fixed	KLF6FALSE	-0.11146241385897437	0.012664105842452058	8.801443642814085	12015.235914594123	1.5343749402605955e-18	-0.13628610583739192	-0.08663872188055682	KLF6	1.1435888226629752e-17
fixed	ZNF324FALSE	-0.059248229053429205	0.006741615029158576	8.78843256358766	12015.599724601741	1.7215979042333078e-18	-0.07246288285468104	-0.04603357525217737	ZNF324	1.2731817059213764e-17
fixed	NFYCFALSE	-0.08124550864588309	0.009250519786427245	8.78280469872514	12015.737616249386	1.8094102810365692e-18	-0.09937802077972963	-0.06311299651203656	NFYC	1.3278287754683745e-17
fixed	ZNF280AFALSE	-0.07578881877608437	0.008630537927347609	8.7814710292775775	12015.328769568321	1.8308680905830568e-18	-0.09270606643770402	-0.05887157111446473	ZNF280A	1.3333192048978902e-17
fixed	SRSF3FALSE	-0.055504360192752754	0.006359918898517416	8.727211946946616	12014.999937578143	2.952913047673956e-18	-0.06797082802087771	-0.043037892364627794	SRSF3	2.1341507935461776e-17
fixed	DNMT3BFALSE	-0.05779219673801368	0.00662994673917365	8.716841780423842	12015.46287871311	3.2343220632961524e-18	-0.07078796267844552	-0.044796430797581846	DNMT3B	2.319957329612428e-17
fixed	HDAC8FALSE	-0.05546305615481198	0.006367453369094841	8.7103984811272	12015.21077348895	3.4223597932118818e-18	-0.06794429273961797	-0.04298181957000599	HDAC8	2.4365158527792056e-17
fixed	HSF1FALSE	-0.08444785614720961	0.00972028781978584	8.68779378891583	12015.094492643213	4.171429826381012e-18	-0.10350118956591833	-0.06539452272850088	HSF1	2.947810410642582e-17
fixed	BCL11BFALSE	-0.09433441474606237	0.010892368605139226	8.66059698912077	12015.04097183715	5.289581797519725e-18	-0.11568521574023524	-0.0729836137518895	BCL11B	3.710486055024866e-17
fixed	ZNF577FALSE	-0.06830246590566036	0.007889771870405446	8.657090094310975	12015.239648781222	5.453768912208383e-18	-0.08376769251710142	-0.052837239294219296	ZNF577	3.797733972442918e-17
fixed	E2F8FALSE	-0.057270549938461694	0.006630844398443216	8.636991987311243	12015.60646395408	6.496536520706668e-18	-0.07026807542033163	-0.04427302445659176	E2F8	4.491083942575479e-17
fixed	TBX21FALSE	-0.07668083988495032	0.008879418592052163	8.635795135684472	12015.250198450907	6.5645216295873814e-18	-0.09408593384043952	-0.059275745929461124	TBX21	4.505434269515368e-17
fixed	BRD3FALSE	-0.11318560971893858	0.01315038412102016	8.607019283795495	12015.364281260321	8.4272836200289e-18	-0.1389624856016749	-0.08740873383620226	BRD3	5.742591838219693e-17
fixed	GMEB2FALSE	-0.05834100219236126	0.006782357095005124	8.601877101889338	12016.224858748232	8.811165000990547e-18	-0.07163551695025991	-0.04504648743446262	GMEB2	5.961596745351051e-17
fixed	SOX4FALSE	-0.0601430682870066	0.006993249333753952	8.60016072882132	12015.300230682587	8.943205555195077e-18	-0.07385096598269988	-0.04643517059131331	SOX4	6.008322605391623e-17
fixed	SMAD1FALSE	-0.09732029893331214	0.011354996779128068	8.570702469259986	12015.267312089323	1.1537321665561853e-17	-0.11957792579567696	-0.07506267207094731	SMAD1	7.696926481780426e-17
fixed	ZNF264FALSE	-0.05491639023451038	0.006411328280640094	8.565524619966526	12015.526570920894	1.2064471206929157e-17	-0.06748362869597047	-0.0423491517730503	ZNF264	7.946960677439924e-17
fixed	ZBTB33FALSE	-0.06177304742866082	0.007211937953070638	8.565388087172826	12015.311599414323	1.2078713817911833e-17	-0.0759096101223133	-0.04763648473500834	ZBTB33	7.946960677439924e-17
fixed	HNF1AFALSE	-0.07472967154338117	0.008736439109287517	8.553790693045373	12015.194159890309	1.3348781563839151e-17	-0.09185450263774059	-0.05760484044902175	HNF1A	8.722423021851062e-17
fixed	SP5FALSE	-0.08855360263882302	0.01040439539956746	8.511172368795638	12015.520384389047	1.9253794512336082e-17	-0.10894789728682855	-0.06815930799081749	SP5	1.2495319703924232e-16
fixed	TP53FALSE	-0.09748021705888421	0.011467573827092799	8.500509220928809	12015.661290681635	2.1095857408237118e-17	-0.11995851303568947	-0.07500192108207895	TP53	1.3598275653687978e-16
fixed	ZNF444FALSE	-0.05655462411290394	0.006701282464867446	8.439373270624046	12015.680823827848	3.55452952217115e-17	-0.06969021956805733	-0.04341902865775055	ZNF444	2.27585313030287e-16
fixed	BCLAF1FALSE	-0.0656367916867942	0.007778486854121904	8.438246784721706	12015.070514850297	3.588762952100601e-17	-0.08088388172179795	-0.050389701651790464	BCLAF1	2.2824532375359826e-16
fixed	ZNF276FALSE	-0.07525909884378479	0.008927190526062504	8.430322913358852	12015.393877976005	3.8387728027669524e-17	-0.09275783348127128	-0.057760364206298286	ZNF276	2.4093350354208374e-16
fixed	SOX8FALSE	-0.0565319079969364	0.006705276767286436	8.430958178004387	12015.412081069166	3.8181096842760615e-17	-0.06967533295926805	-0.04338848303460475	SOX8	2.4093350354208374e-16
fixed	CRXFALSE	-0.060866050151261154	0.007227032660213398	8.42199738301223	12016.21245564964	4.119953237855813e-17	-0.07503220080082974	-0.046699899501692566	CRX	2.5689120188983305e-16
fixed	ZNF610FALSE	-0.05397999759078991	0.0064154559056707	8.414054805220674	12015.427462391874	4.407160797054596e-17	-0.06655532687411489	-0.041404668307464934	ZNF610	2.730150259993561e-16
fixed	TBL1XR1FALSE	-0.06880140669759163	0.008183578083855942	8.407252425845218	12015.514562342392	4.66874431478709e-17	-0.08484254088326514	-0.05276027251191813	TBL1XR1	2.8735368234237963e-16
fixed	MBD2FALSE	-0.07449814921098165	0.008896184858286152	8.374168297727314	12016.02610448558	6.176076164971296e-17	-0.09193610764163564	-0.05706019078032766	MBD2	3.776908116270908e-16
fixed	ZSCAN5AFALSE	-0.05769954012102477	0.006912305688824616	8.347365223489723	12015.356476912433	7.741446374799796e-17	-0.07124877519859307	-0.04415030504345646	ZSCAN5A	4.704038115642679e-16
fixed	NFATC3FALSE	-0.058756311791652034	0.0070403105794103376	8.345698833725766	12015.526090223568	7.850746528403178e-17	-0.07255645710034196	-0.0449561664829621	NFATC3	4.710447917041907e-16
fixed	ZNF786FALSE	-0.06575043940900278	0.007878259575277206	8.345807697849214	12015.696004589292	7.843547613866828e-17	-0.08119310000432892	-0.050307778813676644	ZNF786	4.710447917041907e-16
fixed	NFAT5FALSE	-0.06705111253342107	0.008036894169523662	8.342913458744116	12015.185622307583	8.036893083453745e-17	-0.0828047226100798	-0.05129750245676233	NFAT5	4.791997501009295e-16
fixed	`KMT2B-D`FALSE	-0.0556979609094279	0.006681486958972802	8.336162481710627	12016.291156609936	8.506174038711494e-17	-0.06879475391031808	-0.04260116790853771	KMT2B-D	5.040304368279978e-16
fixed	ZZZ3FALSE	-0.10730471028065396	0.012904175945356287	8.315502728344986	12015.0318570905	1.011709147523047e-16	-0.13259897846160393	-0.08201044209970397	ZZZ3	5.957842757635721e-16
fixed	ZNF579FALSE	-0.05756930932754937	0.006929050205244221	8.308398355084552	12015.08012960827	1.073775581595115e-16	-0.07115136639201795	-0.043987252263080784	ZNF579	6.284551563446256e-16
fixed	SRSF1FALSE	-0.07082040937044776	0.008544993938106968	8.287941440732853	12015.924244742166	1.2742348571706218e-16	-0.08756997691921087	-0.054070841821684645	SRSF1	7.412317400858373e-16
fixed	ZNF524FALSE	-0.052953059334154305	0.006404714323068851	8.267825333508643	12015.044943160792	1.507236447698661e-16	-0.0655073334217296	-0.040398785246579014	ZNF524	8.714567097603168e-16
fixed	ZNF623FALSE	-0.07567137542145144	0.009171474001739883	8.250732151352786	12015.001421171119	1.7378691741696487e-16	-0.09364894516756969	-0.05769380567533319	ZNF623	9.987513205770151e-16
fixed	TCF4FALSE	-0.05380912645577657	0.006531732766864899	8.2381089944076	12015.17005338508	1.9302007514880714e-16	-0.06661237718635778	-0.04100587572519536	TCF4	1.1026416268979763e-15
fixed	ELL2FALSE	-0.0715414021860757	0.008689322468747887	8.233254369760392	12015.890707547524	2.009618297117815e-16	-0.08857387695883642	-0.05450892741331498	ELL2	1.1411761044347593e-15
fixed	RUVBL1FALSE	-0.05785380370676744	0.007047095555575152	8.209595463906787	12015.084679047135	2.4452694753917997e-16	-0.0716672487152179	-0.044040358698316975	RUVBL1	1.3803473843335959e-15
fixed	DLX6FALSE	-0.05312936088977033	0.006473955431878106	8.20663062154529	12015.525583094399	2.5060330567963317e-16	-0.06581935867815811	-0.040439363101382554	DLX6	1.406326785990412e-15
fixed	SFPQFALSE	-0.056436174653176276	0.006887951650268228	8.193462660409145	12015.054560910967	2.7944467813121426e-16	-0.0699376719176204	-0.04293467738873215	SFPQ	1.5590071516794058e-15
fixed	MBD1FALSE	-0.05423738660213933	0.006649153868477405	8.15703586876975	12015.554752277721	3.7738200046608334e-16	-0.0672708016067456	-0.041203971597533064	MBD1	2.0931536537479273e-15
fixed	EVI1FALSE	-0.053016818152818834	0.00651362632378887	8.139370531464541	12015.451889721651	4.3637577208070206e-16	-0.06578457730162697	-0.0402490590040107	EVI1	2.3925430262355734e-15
fixed	HNRNPLFALSE	-0.061524288679056814	0.007558678934813471	8.139555762276213	12015.39459509411	4.3571256698858115e-16	-0.07634051966497749	-0.04670805769313614	HNRNPL	2.3925430262355734e-15
fixed	PARP1FALSE	-0.05237024676166335	0.0064375038250963565	8.13517912913698	12015.422716696976	4.516562561627257e-16	-0.06498879352697055	-0.03975169999635615	PARP1	2.4621718193099443e-15
fixed	ATXN7L3FALSE	-0.06020894832619431	0.007408765155231526	8.12671842941049	12015.021190048936	4.841269163469161e-16	-0.07473132414751155	-0.045686572504877086	ATXN7L3	2.6241879442895342e-15
fixed	MEF2DFALSE	-0.07652192278396014	0.009439948526027949	8.1061800891152	12015.951013138914	5.728216915828796e-16	-0.09502574579464043	-0.05801809977327984	MEF2D	3.0874118292094185e-15
fixed	GTF2BFALSE	-0.08744492609709728	0.010794097974638477	8.101179580040457	12015.204962379095	5.96738295792698e-16	-0.10860310076100596	-0.0662867514331886	GTF2B	3.1982490684619883e-15
fixed	CUX1FALSE	-0.05607580795359077	0.006922859666992629	8.100093119170616	12015.34590321154	6.020619709016045e-16	-0.06964573053341308	-0.04250588537376846	CUX1	3.2075920757035943e-15
fixed	VDRFALSE	-0.07638528598653416	0.009430916100663872	8.099455574751339	12015.788284464143	6.052060520195461e-16	-0.09487140401060878	-0.05789916796245953	VDR	3.2075920757035943e-15
fixed	ZNF503FALSE	-0.051646815908322194	0.0064102468225678885	8.056915332260628	12015.191731677796	8.561559417151086e-16	-0.06421193457264912	-0.03908169724399527	ZNF503	4.512556731470793e-15
fixed	MIER1FALSE	-0.08303514025585006	0.010307960522465102	8.055438326028103	12015.018642125762	8.665033856863311e-16	-0.10324040706148413	-0.06282987345021598	MIER1	4.542001263432747e-15
fixed	ZNF501FALSE	-0.07781507750891792	0.009685822870474538	8.033914985800841	12015.516546096982	1.0320137150114459e-15	-0.09680085399559561	-0.058829301022240224	ZNF501	5.3800059241580294e-15
fixed	HIVEP1FALSE	-0.06841714700485362	0.008517834090881384	8.032223482504358	12015.484534179783	1.0462694606088305e-15	-0.08511347693015607	-0.05172081707955116	HIVEP1	5.424679703374045e-15
fixed	RBM39FALSE	-0.08680270674331018	0.010828663125377006	8.016013217724703	12015.297360011697	1.1931097846503855e-15	-0.10802863466653012	-0.06557677882009025	RBM39	6.152576943548475e-15
fixed	CDK6FALSE	-0.06326110426231003	0.007895444448396845	8.012355058131664	12015.391832064848	1.2289554412948099e-15	-0.07873745002266208	-0.047784758501957986	CDK6	6.303352102124992e-15
fixed	NR2F6FALSE	-0.058410218714375337	0.007303289494958849	7.997795891110907	12015.000224036305	1.382443638529891e-15	-0.07272584521542913	-0.04409459221332154	NR2F6	7.052680380521476e-15
fixed	YAP1FALSE	-0.050843067409029497	0.00636205573158045	7.991609874879099	12015.575339280318	1.4532310099182813e-15	-0.06331372371477642	-0.03837241110328257	YAP1	7.374374380117235e-15
fixed	ZNF24FALSE	-0.06034573658154869	0.007574850167855311	7.966591449905146	12015.197590483884	1.777827054244099e-15	-0.07519366581944271	-0.04549780734365466	ZNF24	8.973793702374975e-15
fixed	SKILFALSE	-0.05418894067415487	0.0068052643472372495	7.9627973153098885	12015.07808679033	1.8329249819601893e-15	-0.06752835747252044	-0.0408495238757893	SKIL	9.203212804158002e-15
fixed	ARID5BFALSE	-0.05514927988687854	0.006929879147674597	7.958187828626785	12015.807066490845	1.902118293589118e-15	-0.06873296172954657	-0.041565598044210506	ARID5B	9.50063273342418e-15
fixed	SNAI2FALSE	-0.06262774428374193	0.007870372043784962	7.957405817072842	12015.753872411138	1.9141121195304217e-15	-0.07805494403653383	-0.04720054453095003	SNAI2	9.510744593916783e-15
fixed	HCFC1FALSE	-0.09687381861891403	0.012179540883719787	7.953815299261718	12015.565945357966	1.9701427421009957e-15	-0.12074768498268669	-0.07299995225514137	HCFC1	9.738425782198704e-15
fixed	CREBBPFALSE	-0.11598588739446637	0.014589842268663056	7.949769795907106	12015.160367677785	2.035213275796238e-15	-0.14458433368242657	-0.08738744110650619	CREBBP	9.970049327193378e-15
fixed	RBM25FALSE	0.05317086967903187	0.0066884918336065765	-7.949605232658407	12015.239950780111	2.037903164363426e-15	0.040060345877546956	0.06628139348051679	RBM25	9.970049327193378e-15
fixed	BAF155FALSE	-0.08893602396899966	0.011196109932823873	7.943475412675615	12015.214346819701	2.1406776808034e-15	-0.11088220697131804	-0.06698984096668129	BAF155	1.0419420956563487e-14
fixed	ARID3AFALSE	-0.0603646378769996	0.007632645901299281	7.908743397453288	12015.265869997484	2.8269816991003843e-15	-0.07532585607461295	-0.04540341967938625	ARID3A	1.369005350731861e-14
fixed	MTA3FALSE	-0.0731465721804327	0.009252193518454818	7.9058627594128295	12015.541504429226	2.8927842660658328e-15	-0.09128236512907109	-0.055010779231794316	MTA3	1.393796055468083e-14
fixed	THAP1FALSE	-0.05150618061415903	0.006516928466010045	7.903444219588529	12015.09923238092	2.9492078929973054e-15	-0.0642804125325884	-0.03873194869572966	THAP1	1.4138413718188088e-14
fixed	ZFP37FALSE	-0.05654344064442431	0.0071571424734353855	7.900281551511968	12015.810855438414	3.024602716915796e-15	-0.07057259529300539	-0.04251428599584325	ZFP37	1.4427354959688344e-14
fixed	ATF7FALSE	-0.07248088177710799	0.009175754609676536	7.8991739492108195	12015.603714129928	3.051462678403925e-15	-0.09046684211504115	-0.05449492143917482	ATF7	1.448306166764848e-14
fixed	AHRFALSE	-0.07827786216330783	0.0099201867494419	7.890764976547611	12016.313118875138	3.263140346636528e-15	-0.09772302955815182	-0.05883269476846384	AHR	1.5411068765798255e-14
fixed	INO80FALSE	-0.06519854695928833	0.008265749095377164	7.887796521158901	12015.136926969732	3.3412985392005478e-15	-0.08140074964437757	-0.048996344274199084	INO80	1.5702457174371046e-14
fixed	KLF14FALSE	-0.05010962454758449	0.006365904651265383	7.871563790642693	12015.220303839367	3.802269074882386e-15	-0.0625878253944178	-0.037631423700751176	KLF14	1.7729781343427877e-14
fixed	XBP1FALSE	-0.06399518225866378	0.008130179918957989	7.8713119385512655	12016.549975419248	3.809858674426326e-15	-0.07993164728230073	-0.04805871723502683	XBP1	1.7729781343427877e-14
fixed	ZSCAN4FALSE	-0.053202592502978485	0.006766392173563408	7.862771051143526	12015.21744827092	4.0775483449221115e-15	-0.06646581354971592	-0.03993937145624104	ZSCAN4	1.8883403500270362e-14
fixed	ZNF142FALSE	-0.060211882251616965	0.007662086694617857	7.858418294054554	12015.331772580163	4.220989724074925e-15	-0.07523080914882177	-0.045192955354412166	ZNF142	1.9453256989214873e-14
fixed	ZNF391FALSE	-0.05095857374292669	0.006485936357286171	7.856779797982577	12015.312028233066	4.276264232975657e-15	-0.06367205610205429	-0.0382450913837991	ZNF391	1.9613250376244122e-14
fixed	RAD51FALSE	-0.054599975812981406	0.006974699304125972	7.828291003266922	12015.187952431499	5.359505531165804e-15	-0.06827151246872776	-0.04092843915723506	RAD51	2.446396304656544e-14
fixed	SMC3FALSE	-0.0898028913846515	0.011477627559453522	7.824168445915946	12015.094382686124	5.537155564241338e-15	-0.112300894406855	-0.067304888362448	SMC3	2.5154506706124932e-14
fixed	ETV1FALSE	-0.05514792627275031	0.007053417570834999	7.81861072578208	12014.998598961263	5.785853664276913e-15	-0.06897376346174823	-0.041322089083752386	ETV1	2.6159736472607464e-14
fixed	LMO1FALSE	-0.06648074633146893	0.008533029592160813	7.790989778418671	12015.399022509018	7.19448891727005e-15	-0.08320686190441168	-0.04975463075852619	LMO1	3.2375200127715226e-14
fixed	ILF3FALSE	-0.06122596243985386	0.00786686986816508	7.782760292961933	12015.623971174242	7.6759594775765e-15	-0.07664629737985452	-0.045805627499853195	ILF3	3.4379649491117285e-14
fixed	FIP1L1FALSE	-0.06410443643370663	0.008246482250962429	7.773549312644811	12015.517165048233	8.252544050631806e-15	-0.08026887294168547	-0.04793999992572779	FIP1L1	3.678937861823711e-14
fixed	EZH2FALSE	-0.09340763069882677	0.01203821644842778	7.7592582837323905	12015.170970477933	9.232535442428619e-15	-0.11700447843254398	-0.06981078296510955	EZH2	4.0966692149194894e-14
fixed	GMEB1FALSE	-0.08364847097003383	0.010788840906272681	7.753239824066757	12015.607156392442	9.678696378760855e-15	-0.10479634085991218	-0.06250060108015548	GMEB1	4.2747575672860445e-14
fixed	NEUROD1FALSE	-0.10801934162994485	0.013983594452434038	7.724719277105651	12015.705248355103	1.209878416396256e-14	-0.13542944419784483	-0.08060923906204487	NEUROD1	5.2946055469817814e-14
fixed	KLF7FALSE	-0.049741199676341274	0.006438988598105905	7.725001981052298	12015.13202308646	1.2072139248368663e-14	-0.062362656867211874	-0.037119742485470675	KLF7	5.2946055469817814e-14
fixed	ZSCAN18FALSE	-0.08445362755022294	0.010954360256594652	7.7095901149846595	12015.032145523493	1.3615071084163821e-14	-0.10592594219113469	-0.0629813129093112	ZSCAN18	5.930948773649445e-14
fixed	GTF2F1FALSE	-0.1040014550046181	0.013530584558529797	7.686397772005696	12015.378250136966	1.6309332098097222e-14	-0.1305235851215431	-0.0774793248876931	GTF2F1	7.072319464356705e-14
fixed	ZFP64FALSE	-0.08738479091676611	0.011370550773087438	7.685185411035158	12015.753001824685	1.646372606535414e-14	-0.1096729060275993	-0.06509667580593292	ZFP64	7.106965912374592e-14
fixed	TERF1FALSE	-0.05804488323298694	0.007554646151465617	7.683335800145466	12015.678775843542	1.670211531836572e-14	-0.07285320927720938	-0.04323655718876449	TERF1	7.177395501676079e-14
fixed	TBX2FALSE	-0.07722920812835182	0.010068408403864266	7.670448498961481	12015.38880486518	1.8460006193079402e-14	-0.0969649140454813	-0.05749350221122235	TBX2	7.897240317577466e-14
fixed	SKIFALSE	-0.06769203580650664	0.008832767958676664	7.663739851788017	12015.085988414292	1.9445915634896182e-14	-0.0850056870130264	-0.05037838459998688	SKI	8.281876569504892e-14
fixed	ZNF2FALSE	-0.055187698441596954	0.007216893021162884	7.647016282458952	12015.6168667996	2.213461602316596e-14	-0.06933397383245594	-0.04104142305073796	ZNF2	9.385077193822367e-14
fixed	HNF1BFALSE	-0.07237225053635925	0.009467867464357297	7.643986442439291	12016.193923697714	2.265937247235731e-14	-0.09093079913535115	-0.05381370193736734	HNF1B	9.565062539216316e-14
fixed	RELBFALSE	-0.05076912228996718	0.006688256360062447	7.590785932358185	12015.439106755966	3.4144709602434763e-14	-0.06387918450339819	-0.03765906007653618	RELB	1.4349803066397694e-13
fixed	NIPBLFALSE	-0.09153325078164269	0.012067330997614575	7.5852109136425145	12015.701436816886	3.563809893089684e-14	-0.11518716762692205	-0.06787933393636333	NIPBL	1.4911730868454204e-13
fixed	POU2F2FALSE	-0.04955801142050687	0.006534244470334211	7.584352199478098	12015.991224115647	3.587371025630273e-14	-0.06236618540720282	-0.036749837433810925	POU2F2	1.4944768377516507e-13
fixed	BRD1FALSE	-0.0538527316502512	0.007106070317436837	7.578412433959127	12015.278917641455	3.754652185964352e-14	-0.06778177669045504	-0.03992368661004735	BRD1	1.557364428439127e-13
fixed	GATA3FALSE	-0.08503579539910612	0.011245290499048518	7.561902950066176	12015.01286476979	4.26091381702163e-14	-0.10707838028832406	-0.06299321050988818	GATA3	1.7597020698868551e-13
fixed	ONECUT1FALSE	-0.05420547458165992	0.007177272548274198	7.552377900807714	12015.041367383938	4.582931361777745e-14	-0.06827408751735622	-0.040136861645963605	ONECUT1	1.8845329823861934e-13
fixed	TFAP4FALSE	-0.05585904640883141	0.007405103435891436	7.543317509663796	12015.652704466649	4.9113797314990345e-14	-0.07037424459221268	-0.04134384822545013	TFAP4	2.010925435128789e-13
fixed	CDX2FALSE	-0.05314496026250309	0.007046325971563905	7.5422227806341136	12015.830580890748	4.952596609900272e-14	-0.0669568966756657	-0.03933302384934047	CDX2	2.0191355409593414e-13
fixed	MED25FALSE	-0.0725958523679794	0.00962604982270781	7.5416036385689695	12015.232744984822	4.976077907881217e-14	-0.091464464076288	-0.05372724065967081	MED25	2.020075882603694e-13
fixed	PTBP1FALSE	-0.055347806634806734	0.007357020085292646	7.523128385289045	12015.354419688414	5.728829379556703e-14	-0.0697687537247048	-0.04092685954490868	PTBP1	2.315806452583515e-13
fixed	JUNBFALSE	-0.06123642799922593	0.008149819690790351	7.513838382022825	12016.156856297084	6.148547561659007e-14	-0.07721139019857505	-0.045261465799876804	JUNB	2.4749849678576764e-13
fixed	ZBED1FALSE	-0.04895606207683839	0.006517988771477527	7.51091537485739	12015.141528816988	6.286800599478442e-14	-0.061732372360633794	-0.03617975179304299	ZBED1	2.5200032655052246e-13
fixed	KLF5FALSE	-0.09685348332969916	0.012899222982848782	7.508474228135961	12015.129425077332	6.404570726003685e-14	-0.12213804288381269	-0.07156892377558563	KLF5	2.5564688169905925e-13
fixed	DRAP1FALSE	-0.07567703536342041	0.01008292799347251	7.50546224394464	12015.282241348223	6.552866554549535e-14	-0.09544120203788636	-0.05591286868895446	DRAP1	2.60476445543344e-13
fixed	ID3FALSE	-0.04778008106188653	0.006371701350318915	7.498794817100939	12015.091807392213	6.893271956032976e-14	-0.06026964438815758	-0.035290517735615486	ID3	2.7287059942138834e-13
fixed	ZNF664FALSE	-0.0697690248884887	0.009309737299652142	7.494199099591738	12015.006367143329	7.137965787660734e-14	-0.08801761301988867	-0.051520436757088735	ZNF664	2.8138922981108846e-13
fixed	MNX1FALSE	-0.06941950052381769	0.00928181424411006	7.479087460500415	12015.12983437801	8.004309303325292e-14	-0.08761335493944113	-0.05122564610819426	MNX1	3.142432541305485e-13
fixed	ZNF528FALSE	-0.04812265894348142	0.006438896369039385	7.473743353732653	12015.778037573962	8.33475516676019e-14	-0.06074393528212838	-0.03550138260483445	ZNF528	3.2587526348726315e-13
fixed	CBX1FALSE	-0.07733287387753625	0.01035777739411916	7.466164886053988	12015.699998736143	8.826513291960484e-14	-0.09763578967837025	-0.05702995807670225	CBX1	3.436936196134817e-13
fixed	ZNF777FALSE	-0.0582038204931532	0.007805368664934367	7.456895758765882	12015.04089705214	9.466905152565228e-14	-0.07350360322109374	-0.042904037765212656	ZNF777	3.6713119981899296e-13
fixed	ZBTB7BFALSE	-0.06879009827463892	0.00923959078675944	7.445145554846088	12015.134690620254	1.0344627779869164e-13	-0.08690118789637585	-0.05067900865290199	ZBTB7B	3.9954554259089807e-13
fixed	ZNF558FALSE	-0.058924178427719576	0.0079374636015747	7.4235525837283465	12015.234296676086	1.2170998349600858e-13	-0.07448288853242865	-0.04336546832301049	ZNF558	4.681908236096459e-13
fixed	RBBP4FALSE	-0.05225174863260235	0.007049017675970686	7.412628402213081	12015.623613335392	1.3212160798558738e-13	-0.06606896124490817	-0.038434536020296534	RBBP4	5.062008595110457e-13
fixed	ZSCAN2FALSE	-0.12222423063638561	0.016503982204792576	7.405741785209453	12015.145391565045	1.3913039883721838e-13	-0.15457470022948364	-0.08987376104328759	ZSCAN2	5.309216019628253e-13
fixed	MTA2FALSE	-0.06885059652088968	0.009300526532962317	7.402870824234941	12016.090292479686	1.4215818996885946e-13	-0.08708112989685196	-0.05062006314492739	MTA2	5.403143953398085e-13
fixed	HDAC3FALSE	-0.048559511223526676	0.006569576728313974	7.3915738002178815	12016.356901008545	1.5471671235972129e-13	-0.06143694210008107	-0.03568208034697228	HDAC3	5.857132682189449e-13
fixed	KLF10FALSE	-0.06652021812151956	0.009000905467654002	7.390391817864232	12015.35562424512	1.5609290973014918e-13	-0.08416344595073084	-0.048876990292308284	KLF10	5.885874936069657e-13
fixed	TARDBPFALSE	-0.08112688580101009	0.011069771605819964	7.328686506807186	12015.22303096083	2.472992883386478e-13	-0.1028254252843777	-0.059428346317642475	TARDBP	9.28832760138071e-13
fixed	CDK8FALSE	-0.11943823556737926	0.016298565918457013	7.328143848050067	12015.09341318955	2.4829816062950196e-13	-0.15138605608992184	-0.08749041504483666	CDK8	9.289272362374308e-13
fixed	ZNF629FALSE	-0.06713562337258273	0.009172121862898064	7.319530243503576	12015.478435289408	2.6469102714976243e-13	-0.08511446295925641	-0.049156783785909056	ZNF629	9.863876558627866e-13
fixed	ONECUT2FALSE	-0.04868086524165902	0.006652520717306347	7.317657067195163	12015.502124693707	2.6839433769795134e-13	-0.0617208798192594	-0.03564085066405864	ONECUT2	9.96296490909905e-13
fixed	ZNF778FALSE	-0.0614501291311563	0.008423639024210353	7.294962302461287	12015.446420048653	3.175149327042869e-13	-0.07796182152434085	-0.04493843673797175	ZNF778	1.174066844185619e-12
fixed	NR2F2FALSE	-0.05968131401174325	0.008185117534936765	7.291442518327176	12015.014650009309	3.2588619717234135e-13	-0.0757254658373128	-0.04363716218617371	NR2F2	1.200368463715883e-12
fixed	L3MBTL4FALSE	-0.05105408191724601	0.007026869656047626	7.2655512932855775	12015.42127412179	3.9448718058237523e-13	-0.06482788085837524	-0.03728028297611678	L3MBTL4	1.447464501059946e-12
fixed	JMJD1CFALSE	-0.0652892729381782	0.009011403577292028	7.245183547511025	12015.125312525684	4.582506413077605e-13	-0.082953078791213275	-0.04762546708514311	JMJD1C	1.6749851027111248e-12
fixed	TCF3FALSE	-0.08809340798482818	0.012172218170594698	7.237251809833786	12015.119390271277	4.857307806881455e-13	-0.11195292073805217	-0.06423389523160418	TCF3	1.768653300673629e-12
fixed	ZNF583FALSE	-0.059845373780217294	0.00827385479817058	7.233070345088678	12015.01410731445	5.008629833250135e-13	-0.0760634649681034	-0.043627282592331194	ZNF583	1.816818578296817e-12
fixed	TRIM28FALSE	-0.055715344693780255	0.00772572277982592	7.211667604650405	12015.008226302409	5.858650413383211e-13	-0.07085900863255623	-0.04057168075500428	TRIM28	2.1171032175634785e-12
fixed	KAT2AFALSE	-0.05082259134842484	0.007054653804481787	7.20412266242427	12016.135285588773	6.190824187461278e-13	-0.06465085162316743	-0.036994331073682246	KAT2A	2.22869670748606e-12
fixed	CDK7FALSE	-0.0662969366595585	0.00920772289513142	7.200144641039642	12015.171611498787	6.373383106815599e-13	-0.08434556006322613	-0.048248313255890886	CDK7	2.2857922871812336e-12
fixed	CEBPAFALSE	-0.06936616795588076	0.009636612670779482	7.198189895731266	12015.490908195565	6.464991917792486e-13	-0.08825548451081694	-0.05047685140094457	CEBPA	2.309963404334843e-12
fixed	ZNF274FALSE	-0.05689923689145844	0.007905441829267017	7.197477145529015	12015.209184847947	6.498727866842315e-13	-0.07239517915602561	-0.04140329462689126	ZNF274	2.313353128719242e-12
fixed	FOSL2FALSE	-0.057707760127371804	0.008042707381756315	7.175165947013473	12015.666063643896	7.646399807741221e-13	-0.07347276497500593	-0.041942755279737676	FOSL2	2.7117715303290428e-12
fixed	XRN2FALSE	-0.046198149616171594	0.006443698688113747	7.169508049994668	12015.055442743398	7.967753606896504e-13	-0.058828839351985684	-0.0335674598803575	XRN2	2.8152729411034315e-12
fixed	ETV6FALSE	-0.04834423112836165	0.006769420481937915	7.1415612691445505	12015.107193729402	9.759854860403931e-13	-0.06161338816067929	-0.03507507409604401	ETV6	3.4357570246588007e-12
fixed	MYBFALSE	-0.09103065489224399	0.012760230081893635	7.133935227501393	12015.124208641742	1.0314038750800637e-12	-0.11604276592194948	-0.0660185438625385	MYB	3.6174974148028704e-12
fixed	ZNF10FALSE	-0.04726311301095536	0.006636349216484684	7.121854421638005	12015.347857913108	1.12557579761769e-12	-0.06027142885307129	-0.034254797168839425	ZNF10	3.933330809257422e-12
fixed	STAT1FALSE	-0.10347554544397047	0.014555143226236958	7.109208328327988	12015.381163076085	1.2331925000592795e-12	-0.132005975954007	-0.07494511493393394	STAT1	4.2812614244915286e-12
fixed	ZNF660FALSE	-0.05813262423861368	0.008177207500391635	7.1091046956836434	12015.132177364449	1.2341162387161115e-12	-0.07416127110363302	-0.04210397737359434	ZNF660	4.2812614244915286e-12
fixed	ZNF337FALSE	-0.04692461566215647	0.006614847471322662	7.093831848064325	12015.588899837609	1.3777106274753878e-12	-0.059890784586290165	-0.03395844673802278	ZNF337	4.76208673409971e-12
fixed	CREMFALSE	-0.08698983017831394	0.012296816692077406	7.07417475242676	12015.766908546615	1.5868588762410762e-12	-0.11109357601853956	-0.06288608433808832	CREM	5.465210714563129e-12
fixed	LDB1FALSE	-0.05658879036798987	0.008036313508323635	7.04163548489962	12015.406161611818	2.003491606215184e-12	-0.07234126222582365	-0.04083631851015608	LDB1	6.875291339313977e-12
fixed	TCF7L2FALSE	-0.08412351910263803	0.011962664651197321	7.032172309053089	12015.77910036401	2.1436237413829072e-12	-0.10757227299685625	-0.060674765208419815	TCF7L2	7.329810212470585e-12
fixed	MAFKFALSE	-0.04546058607765597	0.006472991477620096	7.023118481591191	12015.938342359721	2.286675849624985e-12	-0.05814869431617045	-0.03277247783914149	MAFK	7.79103128765084e-12
fixed	MYNNFALSE	-0.06990775833364954	0.010024148818259835	6.973934605430702	12015.776664558467	3.2435064658894705e-12	-0.089556708253822	-0.050258808413477074	MYNN	1.1011762165332935e-11
fixed	RUNX1T1FALSE	-0.08823764904561414	0.012661026523314915	6.969233409560201	12015.546818113808	3.3533004429653638e-12	-0.1130553049966946	-0.06341999309453368	RUNX1T1	1.134414405173389e-11
fixed	NFE2FALSE	-0.07410868864259407	0.010648646193959386	6.959446984409474	12015.301028601514	3.5936734435805933e-12	-0.094981754317359	-0.05323562296782913	NFE2	1.2114362067759314e-11
fixed	POU2F1FALSE	-0.09706010989601045	0.013951882149757861	6.956775355050929	12015.554633503374	3.662173168774098e-12	-0.12440805126572542	-0.06971216852629548	POU2F1	1.2301807052853836e-11
fixed	ZBTB1FALSE	-0.044975397696873004	0.006465690475937842	6.956008467193037	12015.022108366846	3.6820806879413025e-12	-0.05764919489084324	-0.03230160050290277	ZBTB1	1.2325280618582466e-11
fixed	NELFEFALSE	-0.14691672645315598	0.021139901630233448	6.949735576964158	12015.271620783364	3.848876952685276e-12	-0.1883543465184226	-0.10547910638788938	NELFE	1.2838561583432704e-11
fixed	ZNF79FALSE	-0.11119320162424132	0.0160068709225726	6.94659200802567	12015.028748396395	3.935235050763558e-12	-0.14256925287915753	-0.0798171503693251	ZNF79	1.3080885848182696e-11
fixed	MNTFALSE	-0.07354452265196056	0.01058830635741192	6.945824966660382	12016.322581597226	3.956571045955834e-12	-0.09429931232797303	-0.052789732975948085	MNT	1.3106141589728699e-11
fixed	PCGF1FALSE	-0.046540272966286864	0.006701205055061735	6.9450602666057515	12015.216897531975	3.9779945811887984e-12	-0.059675716736818665	-0.03340482919575506	PCGF1	1.3131511524062677e-11
fixed	ZNF598FALSE	-0.05121397744944857	0.007383573690905273	6.9362045526181255	12015.106360087744	4.234307261604403e-12	-0.0656869739232839	-0.03674098097561324	ZNF598	1.392941078472621e-11
fixed	CEBPBFALSE	-0.05458350590194901	0.007883135062230614	6.924086099129202	12015.318019427206	4.611451367911084e-12	-0.07003572328774976	-0.03913128851614827	CEBPB	1.511795396902809e-11
fixed	PKNOX1FALSE	-0.05307440402812893	0.007674559241263885	6.91562894488627	12016.035948177107	4.893954157714921e-12	-0.06811777904152638	-0.03803102901473148	PKNOX1	1.598915159746587e-11
fixed	ZNF394FALSE	-0.044813693742408685	0.006482860472659185	6.912642024520804	12015.12023089409	4.997752681785686e-12	-0.057521146891528194	-0.032106240593289176	ZNF394	1.6272546274483086e-11
fixed	NFKB1FALSE	-0.07266476819779251	0.010530235819162473	6.900583182150609	12015.028455111587	5.439122206969853e-12	-0.09330573046876882	-0.0520238059268162	NFKB1	1.7649396549147074e-11
fixed	SUPT6HFALSE	-0.0439568109628541	0.006384693977563063	6.884716968005994	12015.151304792767	6.078461069116593e-12	-0.056471841929875484	-0.03144177999583272	SUPT6H	1.9657124948939764e-11
fixed	ZNF784FALSE	-0.10283953901997861	0.014980547617282335	6.864871808914221	12015.09976442478	6.982541880778418e-12	-0.13220383088315868	-0.07347524715679853	ZNF784	2.250454376440071e-11
fixed	MLLT3FALSE	-0.04367745473549949	0.006388776874742386	6.8365910395424	12015.254874272685	8.5024552322876e-12	-0.05620048882927668	-0.0311544206417223	MLLT3	2.7310916806741984e-11
fixed	ZNF891FALSE	-0.0612311092079914	0.008969366488751341	6.826692753025817	12015.152617959908	9.10753637197206e-12	-0.07881251557680466	-0.04364970283917814	ZNF891	2.91563412713468e-11
fixed	NR2F1FALSE	-0.046094017958460506	0.006768893381080168	6.8096829663913105	12015.044112019381	1.0247353085585829e-11	-0.05936214179501736	-0.032825894121903655	NR2F1	3.269556803895947e-11
fixed	`SS18-SSX`FALSE	-0.04352116528047821	0.0063940985319196515	6.806458340173902	12015.232209798103	1.0478663416883294e-11	-0.05605463068384562	-0.0309876998771108	SS18-SSX	3.3322149665688876e-11
fixed	NELFAFALSE	-0.09069850132131373	0.01339120940128146	6.772988055330866	12015.681281258618	1.32029695797063e-11	-0.11694743356256719	-0.06444956908006026	NELFA	4.184595674099605e-11
fixed	LEF1FALSE	-0.05394271937758037	0.007977683140458549	6.761702417586844	12015.158462586523	1.4269479370893797e-11	-0.06958026628159637	-0.03830517247356437	LEF1	4.5076434833883054e-11
fixed	TFDP2FALSE	-0.0682024580547086	0.010117352473934398	6.74113689627997	12015.381242511781	1.6434083985358907e-11	-0.08803410225197197	-0.04837081385744524	TFDP2	5.174295749845676e-11
fixed	BMPR1AFALSE	-0.04605752539499543	0.006837269996662698	6.736244936572099	12015.846880527108	1.6994526550502892e-11	-0.05945967834700608	-0.032655372442984776	BMPR1A	5.3196640236467524e-11
fixed	SPI1FALSE	-0.061492910410381255	0.00912881179104001	6.736135196777412	12015.848441578715	1.7007311605998527e-11	-0.07938685520878072	-0.04359896561198178	SPI1	5.3196640236467524e-11
fixed	ZNF507FALSE	-0.06749921362708192	0.010021448491259265	6.7354747855018084	12015.16390412302	1.7084494775302863e-11	-0.08714287057133219	-0.04785555668283164	ZNF507	5.3263424887708925e-11
fixed	PAF1FALSE	-0.04332608137005424	0.006450163370464088	6.7170517832848216	12015.222742415222	1.9380034632358248e-11	-0.05596944290923372	-0.030682719830874762	PAF1	6.022329980218166e-11
fixed	EBF1FALSE	-0.04485160764892477	0.006708896271335763	6.685392922313683	12016.216886096337	2.404962777769736e-11	-0.05800212733479196	-0.03170108796305758	EBF1	7.449137954520546e-11
fixed	ASXL3FALSE	-0.0475392780116947	0.007120086798608911	6.676783493844864	12015.789749839416	2.5499535125206787e-11	-0.0614957975580681	-0.0335827584653213	ASXL3	7.872672009529863e-11
fixed	ZSCAN22FALSE	-0.0701295392687909	0.010535849417720004	6.656277675233439	12016.129612515235	2.930615466861061e-11	-0.0907815049085646	-0.049477573629017196	ZSCAN22	9.01873275930791e-11
fixed	FOXJ3FALSE	-0.04901051101790846	0.0073647499751445114	6.654742005270419	12015.471148730312	2.961270491426275e-11	-0.06344660992570632	-0.0345744121101106	FOXJ3	9.083768645725615e-11
fixed	KLF16FALSE	-0.048533229108055805	0.0072945605442692255	6.653345162264041	12015.057681457369	2.9894247553389474e-11	-0.06283174544961008	-0.034234712766501536	KLF16	9.140741078824857e-11
fixed	CHD1FALSE	-0.05666240358602998	0.008551148662190177	6.626291487197373	12015.120726576484	3.589268187405972e-11	-0.07342403550048544	-0.03990077167157452	CHD1	1.0939814219761332e-10
fixed	REPIN1FALSE	-0.05445684606078823	0.008231998408931159	6.615264405506475	12015.21634865036	3.866236009797739e-11	-0.07059289194084137	-0.0383208001807351	REPIN1	1.1746462271805868e-10
fixed	YY1AP1FALSE	-0.04697981719348878	0.007121668390882251	6.596743152719133	12015.19999586537	4.3792081114558573e-11	-0.06093943698506714	-0.03302019740191042	YY1AP1	1.3262744566123454e-10
fixed	ZSCAN21FALSE	-0.041903652798516974	0.006352815553855655	6.596075778256269	12015.364415350574	4.398881736237288e-11	-0.05435619688623799	-0.02945110871079596	ZSCAN21	1.328016827965308e-10
fixed	ZNF592FALSE	-0.045740803445755915	0.006947631064963526	6.583654632501135	12015.047184365	4.781289237592115e-11	-0.05935928199882782	-0.03212232489268401	ZNF592	1.4389116506822958e-10
fixed	RBM22FALSE	-0.04360569788549717	0.006647263847216663	6.559946902627569	12014.998731132811	5.603542442053391e-11	-0.05663540820405809	-0.030575987566936247	RBM22	1.6810627326160173e-10
fixed	`FOXO1-PAX3`FALSE	-0.05236817806576066	0.008001704007584064	6.544628246199283	12015.240309648341	6.206794714942639e-11	-0.06805280973660247	-0.036683546394918866	FOXO1-PAX3	1.856201303465604e-10
fixed	MYBL2FALSE	-0.07049338089653961	0.010772260312941375	6.543973024106334	12015.190327332515	6.233968186024363e-11	-0.09160875022057133	-0.0493780115725079	MYBL2	1.8585017654585135e-10
fixed	FOXK1FALSE	-0.06441854767726495	0.009887155444345524	6.515377252828162	12015.177250264729	7.540233050172928e-11	-0.0837989685666069	-0.04503812678792299	FOXK1	2.2409290747242906e-10
fixed	NFYBFALSE	-0.06975813274181239	0.01070897030472787	6.513990678544985	12015.845530140117	7.609940020872962e-11	-0.09074944331667374	-0.04876682216695104	NFYB	2.2546219813393807e-10
fixed	YBX3FALSE	-0.12265063942606781	0.018835895852372823	6.511537353325145	12015.149262386012	7.734869994357715e-11	-0.15957203624108754	-0.08572924261104808	YBX3	2.2845405494171085e-10
fixed	STAT5BFALSE	-0.04514979046045923	0.006955094218686808	6.491614497349537	12015.719593684704	8.826300810661163e-11	-0.05878289792286144	-0.031516682998057016	STAT5B	2.598855238694676e-10
fixed	NCOR1FALSE	-0.05000665734487188	0.007714176690758189	6.482436084823067	12015.504208316373	9.378492418519969e-11	-0.06512768902211637	-0.03488562566762739	NCOR1	2.752948236082477e-10
fixed	SSRP1FALSE	-0.04703401655802982	0.007256394604691172	6.481733577115954	12015.211030220262	9.42212995996285e-11	-0.061257721477998475	-0.03281031163806117	SSRP1	2.757273614050478e-10
fixed	ZNF687FALSE	-0.04366722538328737	0.006742733661294727	6.476190159185744	12015.18334055924	9.773433448416655e-11	-0.05688407193025722	-0.030450378836317522	ZNF687	2.8513319601802715e-10
fixed	BRD9FALSE	-0.08428231966585621	0.01302961867355109	6.4685177500199185	12015.069591286447	1.0280867945185722e-10	-0.10982247583821818	-0.058742163493494245	BRD9	2.990228054788774e-10
fixed	ZSCAN16FALSE	-0.05245345820201508	0.008152254606995094	6.434227183852557	12015.113919008882	1.2881727314806465e-10	-0.06843319336991906	-0.0364737230341111	ZSCAN16	3.735309379430203e-10
fixed	HIF1AFALSE	-0.0896773447450215	0.01397507823079104	6.4169476022994285	12015.357040472703	1.4425875268136724e-10	-0.11707075422366078	-0.06228393526638221	HIF1A	4.1703893956977077e-10
fixed	CTNNB1FALSE	-0.044712647354449526	0.006971101081213258	6.414000720050912	12015.015927974715	1.470670341803959e-10	-0.05837713093208738	-0.031048163776811678	CTNNB1	4.238729625622287e-10
fixed	HNF4AFALSE	-0.0727474278444573	0.011366043938494939	6.400417615673085	12015.004787790136	1.6071653904514714e-10	-0.09502670897170093	-0.05046814671721367	HNF4A	4.618180067743084e-10
fixed	ZC3H8FALSE	-0.057814733334599036	0.009044508033745702	6.392247441086697	12015.217434799504	1.6951482873067398e-10	-0.07554342925312144	-0.04008603741607664	ZC3H8	4.85637076904093e-10
fixed	CDKN1BFALSE	-0.08060118563687238	0.012630746658410132	6.381347660330468	12015.4127115796	1.8198875247211958e-10	-0.10535948819227017	-0.055842883081474594	CDKN1B	5.182605070400062e-10
fixed	ATF3FALSE	-0.08591264048302617	0.013462187281382251	6.381774275406229	12015.589685368906	1.8148398175580423e-10	-0.11230070084788207	-0.05952458011817028	ATF3	5.182605070400062e-10
fixed	KDM4CFALSE	-0.052634296786033014	0.008251362092143564	6.378861598638137	12014.999139662372	1.849573219793889e-10	-0.06880829864077131	-0.03646029493129472	KDM4C	5.251466820486221e-10
fixed	RORCFALSE	0.04156724917185091	0.006525168138327145	-6.370295491344609	12015.670924573225	1.955516297207971e-10	0.028776866226736374	0.05435763211696544	RORC	5.535793909603573e-10
fixed	ZEB2FALSE	-0.05366676943201937	0.008430198206139354	6.366015142198691	12015.466654963097	2.0106565667264167e-10	-0.07019131887789043	-0.037142219986148306	ZEB2	5.675048416144975e-10
fixed	HOXB8FALSE	-0.04581603321603367	0.007206723624182548	6.3574011721908565	12015.17642147333	2.1262660164705277e-10	-0.059942374999268126	-0.03168969143279921	HOXB8	5.983651267589626e-10
fixed	MEF2BFALSE	-0.0412906469121754	0.006496912061994841	6.355426473095487	12015.374215419017	2.153668387546938e-10	-0.05402564341782518	-0.028555650406525614	MEF2B	6.042940122705232e-10
fixed	FOSL1FALSE	-0.04284415479513071	0.00675914810149241	6.338691526180759	12015.114425838592	2.4001875983947156e-10	-0.05609317630254934	-0.029595133287712072	FOSL1	6.714894336857944e-10
fixed	FOXO3FALSE	-0.04064843757327463	0.006423486882290733	6.328095365982698	12015.01758536239	2.570309856841311e-10	-0.053239508910564406	-0.028057366235984853	FOXO3	7.169811705925761e-10
fixed	TBX18FALSE	-0.05758771759497892	0.00910710121040896	6.323386142800197	12015.285329281587	2.6496428460828143e-10	-0.07543910623482815	-0.039736328955129685	TBX18	7.369560568988353e-10
fixed	ZNF766FALSE	-0.045601362411301465	0.007225972212664863	6.3107580639981675	12015.154595093514	2.874378729199191e-10	-0.05976543453811603	-0.0314372902844869	ZNF766	7.971387522255896e-10
fixed	ZNF184FALSE	-0.04217137811091493	0.006692258571338208	6.3015165450312525	12015.127519569514	3.0505365329142364e-10	-0.0552892853388324	-0.029053470882997465	ZNF184	8.435396673623715e-10
fixed	GLI4FALSE	-0.05043260788786364	0.008026785880195033	6.283038895094863	12015.227953493086	3.434929241845078e-10	-0.06616640407993599	-0.03469881169579129	GLI4	9.470874267977469e-10
fixed	RXRAFALSE	-0.04083529454744061	0.006503642135507909	6.2788347969658895	12015.005488503728	3.5287831000405933e-10	-0.053583483123095826	-0.028087105971785386	RXRA	9.701611174175003e-10
fixed	ARRB1FALSE	-0.04055111457689541	0.006474871937412251	6.2628442645465014	12016.201173781632	3.9091605605785346e-10	-0.05324290879220105	-0.027859320361589772	ARRB1	1.0716491881585982e-9
fixed	ZBTB24FALSE	-0.04845832422282844	0.007740236185856023	6.260574362236887	12015.041546223136	3.966317024601305e-10	-0.06363043677632196	-0.03328621166933491	ZBTB24	1.0842024187592105e-9
fixed	AFF4FALSE	-0.07678665754558177	0.012268630993481222	6.258779613339203	12015.415861957845	4.012071470287464e-10	-0.10083515493721175	-0.05273816015395179	AFF4	1.0935760521869258e-9
fixed	SRCFALSE	-0.08482926876906574	0.013563879395215497	6.254056549558255	12015.202497493594	4.1349690938869446e-10	-0.11141666218020485	-0.05824187535792664	SRC	1.1238633947487594e-9
fixed	NFYAFALSE	-0.06544987192131059	0.010477011904579529	6.246997952985267	12016.130598677044	4.325502538251184e-10	-0.08598650653713742	-0.04491323730548376	NFYA	1.1723094947419403e-9
fixed	RB1FALSE	-0.0674583676182748	0.010843732862746256	6.220954395697873	12015.770261792366	5.105576980394308e-10	-0.08871383457534411	-0.046202900661205484	RB1	1.3798074898856005e-9
fixed	TCF12FALSE	-0.12400199588464024	0.019943178833372228	6.217764826795795	12015.525894150382	5.210079608872628e-10	-0.1630938459832803	-0.08491014578600019	TCF12	1.402514414943232e-9
fixed	`NKX2-5`FALSE	-0.05548608531442001	0.00892418572736167	6.2174955799383405	12015.218180879108	5.21900018139253e-10	-0.07297893008712789	-0.03799324054171213	NKX2-5	1.402514414943232e-9
fixed	ZNF449FALSE	-0.03939817407979065	0.006338246557353532	6.21594217316799	12015.342470253992	5.270731725889233e-10	-0.05182216058462644	-0.026974187574954858	ZNF449	1.412437659128744e-9
fixed	KLF17FALSE	-0.04887244064328362	0.007865935220303034	6.21317609089092	12015.481141362034	5.364090715306243e-10	-0.06429094354105284	-0.03345393774551439	KLF17	1.433429283586038e-9
fixed	RBBP5FALSE	-0.07540197258691662	0.01214540519029968	6.2082714743134995	12015.090715472013	5.533620978107303e-10	-0.09920892757567569	-0.05159501759815756	RBBP5	1.4746017913727283e-9
fixed	ZC3H11AFALSE	-0.06094086829681307	0.009831381046974745	6.198607093513625	12015.389313178634	5.883097713975573e-10	-0.08021196232862036	-0.041669774265005774	ZC3H11A	1.563363570789052e-9
fixed	ZBTB2FALSE	-0.040524025988288255	0.0065464564286681496	6.190223127557378	12015.03376938479	6.203658648800045e-10	-0.05335613748771102	-0.027691914488865488	ZBTB2	1.643969541932012e-9
fixed	ZNF256FALSE	-0.04270435786459925	0.006902744941912377	6.186576242344569	12015.91857702162	6.348341556845176e-10	-0.05623485227095945	-0.029173863458239056	ZNF256	1.6776503726399716e-9
fixed	ZFP36FALSE	-0.04484098646460423	0.007266594946789951	6.170838858221061	12015.524858883035	7.011444006448609e-10	-0.059084685664381235	-0.030597287264827223	ZFP36	1.8477672878872852e-9
fixed	SREBF1FALSE	-0.03961922017511278	0.006422829868825839	6.16849908595751	12015.587294105977	7.115630656866635e-10	-0.052209003599799436	-0.027029436750426128	SREBF1	1.870058304862471e-9
fixed	RYBPFALSE	-0.04204489862311313	0.00681883183766784	6.165997288692959	12015.006585597343	7.228715232515835e-10	-0.055410909901143404	-0.028678887345082855	RYBP	1.894558882368161e-9
fixed	SND1FALSE	-0.054983124731218073	0.008919213954728453	6.164570668480174	12015.317033145207	7.293971104218827e-10	-0.07246622401241615	-0.03750002545002001	SND1	1.906424228335551e-9
fixed	CBFBFALSE	-0.09700661052986617	0.015743390895947288	6.161735497200791	12015.42904178696	7.425376613515582e-10	-0.12786619829120058	-0.06614702276853177	CBFB	1.93546701893275e-9
fixed	ZNF34FALSE	-0.08410832029129146	0.013651206258539241	6.1612372341586426	12015.041848772045	7.448715604169112e-10	-0.11086688848892086	-0.05734975209366207	ZNF34	1.9362601325278834e-9
fixed	NFATC2FALSE	-0.043329863502425306	0.0070387997426294684	6.155859675905294	12015.503569287246	7.70510939301175e-10	-0.05712704732972366	-0.029532679675126954	NFATC2	1.997465858949242e-9
fixed	GABPAFALSE	-0.0710268069543409	0.011583127218765334	6.131919784086751	12015.616813467817	8.954961569664397e-10	-0.09373160624173274	-0.048322007666949045	GABPA	2.3151851863034783e-9
fixed	RARAFALSE	-0.05053496244120952	0.008245520476587661	6.128777750864672	12015.188721344042	9.133027726313729e-10	-0.06669751376065669	-0.034372411121762356	RARA	2.3506957119307714e-9
fixed	TBX3FALSE	-0.04504528652958658	0.007349978832382512	6.128628062318521	12015.258412721892	9.141594435286332e-10	-0.059452431638633375	-0.030638141420539784	TBX3	2.3506957119307714e-9
fixed	SMARCC2FALSE	-0.052820436893870004	0.008621753392415082	6.126414719810747	12015.043799930232	9.269212508819981e-10	-0.06972046548921802	-0.035920408298521986	SMARCC2	2.376967253427313e-9
fixed	RREB1FALSE	-0.04728731059688553	0.007719122983233569	6.12599523282588	12015.065265333124	9.293593139710564e-10	-0.06241803786159025	-0.03215658333218081	RREB1	2.376967253427313e-9
fixed	CHD8FALSE	-0.03959784853054834	0.006466550899991017	6.12348826181873	12015.868734389865	9.440591472277045e-10	-0.05227333220459729	-0.026922364856499393	CHD8	2.4081080921262837e-9
fixed	KLF1FALSE	-0.06528614958682474	0.010667429103399047	6.120139065749413	12015.34344957964	9.640556667729344e-10	-0.0861960327889972	-0.04437626638465228	KLF1	2.452557616270345e-9
fixed	ARID1AFALSE	-0.07000567010063508	0.011454734383141655	6.11150531815604	12015.135981164496	1.0175250164786763e-9	-0.09245879879344657	-0.047552541407823584	ARID1A	2.5816991109591944e-9
fixed	MYF5FALSE	-0.04175898705347683	0.006888234450854648	6.062364362219936	12015.527552072246	1.3815865999247718e-9	-0.055261038599179337	-0.028256935507774326	MYF5	3.4961103881385468e-9
fixed	KMT2BFALSE	-0.07881436901119455	0.013031801501708042	6.047849102126408	12015.20377253914	1.511543799209558e-9	-0.10435880385041157	-0.05326993417197753	KMT2B	3.814848636100313e-9
fixed	ZNF143FALSE	-0.09957482956622397	0.016509975603602147	6.03119180530459	12015.494270975678	1.6753871537692152e-9	-0.13193704709392046	-0.0672126120385275	ZNF143	4.217201437192167e-9
fixed	HMGXB4FALSE	-0.05197084855167631	0.008641564225839065	6.0140556956434725	12015.08751878353	1.861973474779969e-9	-0.06890970957270243	-0.035031987530650184	HMGXB4	4.67453340773708e-9
fixed	ZNF263FALSE	-0.053029107691937714	0.0088406307745754	5.998339829375422	12015.281422489132	2.050794051479376e-9	-0.07035817125863542	-0.035700044125240006	ZNF263	5.135059121027098e-9
fixed	CREB3FALSE	-0.06454271569591451	0.010761745460156657	5.997420765513531	12015.020396140675	2.062397003973641e-9	-0.08563747424099163	-0.04344795715083738	CREB3	5.1505935648975216e-9
fixed	PHIPFALSE	-0.04359240642365554	0.0072791440247035955	5.988672057554268	12014.998627085724	2.176085749349668e-9	-0.05786070390499709	-0.02932410894231399	PHIP	5.420328472270452e-9
fixed	IKZF1FALSE	-0.039411910534362944	0.006587668757544228	5.982679455342718	12015.407418628312	2.25745647872353e-9	-0.052324804811492674	-0.026499016257233214	IKZF1	5.608368439328769e-9
fixed	IRF2BP2FALSE	-0.05377469853633236	0.0090000819669996	5.974912087857294	12015.066481370515	2.3673528371517354e-9	-0.07141631221408519	-0.03613308485857954	IRF2BP2	5.866115861409755e-9
fixed	DR1FALSE	-0.03941096904607675	0.006604681564243665	5.967126297116172	12015.764609714231	2.4827277014743058e-9	-0.05235721113211103	-0.026464726960042467	DR1	6.136067946130797e-9
fixed	LIN54FALSE	-0.04634409681906654	0.007784525884503834	5.95336151573737	12016.082395087778	2.70025067610481e-9	-0.06160302419913647	-0.031085169438996606	LIN54	6.656431899235113e-9
fixed	NOTCH1FALSE	-0.06030789984901792	0.010158054643847326	5.936953675037184	12015.44788564976	2.9838702389584078e-9	-0.08021932685915488	-0.040396472838880954	NOTCH1	7.336629401975055e-9
fixed	ZNF215FALSE	-0.0893020086962431	0.015086492508017014	5.919335368959199	12015.003502262858	3.320700326038304e-9	-0.118873969673397	-0.05973004771908919	ZNF215	8.143825478253321e-9
fixed	ZBTB12FALSE	-0.03799193609768132	0.006426185350353677	5.9120510888454785	12015.681677622271	3.47052677146024e-9	-0.05058829679789313	-0.025395575397469505	ZBTB12	8.489442410187357e-9
fixed	ZFP69BFALSE	-0.04157963033832167	0.007039164530287596	5.906898490497831	12015.231160740219	3.58046869906809e-9	-0.055377529239835695	-0.027781731436807643	ZFP69B	8.73597733736818e-9
fixed	ZNF260FALSE	-0.07093790730921293	0.012023033371005378	5.9001672140648	12015.30811178569	3.729209269964591e-9	-0.09450499373286937	-0.04737082088555648	ZNF260	9.075677662107703e-9
fixed	`PAX3-FOXO1`FALSE	-0.03771243386046444	0.006422738633597866	5.871706138435658	12016.054502277697	4.427384309534632e-9	-0.05030203840006109	-0.02512282932086779	PAX3-FOXO1	1.0747390919328343e-8
fixed	BICRAFALSE	-0.04500300256938342	0.007669249111660551	5.867980282575453	12015.006128556495	4.527724134065114e-9	-0.060035969001347916	-0.02997003613741893	BICRA	1.096306808095969e-8
fixed	ELF3FALSE	-0.03847054325716169	0.006570468944780058	5.855068120780755	12015.357792649293	4.8928338570877355e-9	-0.05134972312989719	-0.02559136338442619	ELF3	1.181712278395367e-8
fixed	CBX2FALSE	-0.04017029391861712	0.006866703636183059	5.850011307746823	12015.359761008945	5.043498398242421e-9	-0.053630141610610034	-0.02671044622662421	CBX2	1.2150246141220377e-8
fixed	ZNF407FALSE	-0.041502062180791624	0.007119160056848018	5.829629036204941	12015.009936235349	5.697874305798098e-9	-0.05545676525494815	-0.027547359106635097	ZNF407	1.3692121127786866e-8
fixed	JUNDFALSE	-0.09438869819550685	0.016208743102752613	5.823320019149264	12015.185352030774	5.916661357808703e-9	-0.12616045147332922	-0.06261694491768448	JUND	1.4182148078767596e-8
fixed	MRTFBFALSE	-0.04955529965093299	0.008524004835967967	5.813617026802825	12015.140417878758	6.269187900332394e-9	-0.06626372528101068	-0.0328468740208553	MRTFB	1.4989486859441367e-8
fixed	SRSF7FALSE	-0.03701611082347197	0.006373912498481806	5.807439438851536	12015.010893677536	6.504189440574639e-9	-0.04951000836559792	-0.024522213281346017	SRSF7	1.5512491815770514e-8
fixed	CTBP1FALSE	-0.05711336457086241	0.009893688115327044	5.772707195245409	12015.370109159008	7.993723211920442e-9	-0.07650659051862602	-0.03772013862309881	CTBP1	1.9017486145067584e-8
fixed	ZNF513FALSE	-0.05271655324362471	0.009149142640460966	5.761911833191035	12015.074867345593	8.520828907167124e-9	-0.07065034990527076	-0.03478275658197866	ZNF513	2.0221071585665264e-8
fixed	SRFFALSE	-0.0482862331852872	0.00838816755131362	5.756469799858181	12015.973029269715	8.799190177849891e-9	-0.0647283956925121	-0.0318440706780623	SRF	2.0829844738632247e-8
fixed	EZH1FALSE	-0.04138290554090841	0.007191745491137199	5.7542227532810974	12016.518244618432	8.91668549332153e-9	-0.055479887606661074	-0.02728592347515575	EZH1	2.1055737526308758e-8
fixed	RBPJFALSE	-0.08206675997379188	0.014273559831733736	5.749564995785894	12015.887937384277	9.1651443524598e-9	-0.11004524145281726	-0.05408827849476651	RBPJ	2.1589006696905308e-8
fixed	GTF2A2FALSE	-0.07416420241651757	0.012914773668812149	5.7425863060702715	12014.998747828624	9.550050129819723e-9	-0.09947924385342957	-0.04884916097960556	GTF2A2	2.2440265575980332e-8
fixed	SP1FALSE	-0.1392065694770197	0.024330540637004187	5.721474567864768	12015.6382659182	1.0812525832329358e-8	-0.18689835695239154	-0.09151478200164788	SP1	2.5344348019759724e-8
fixed	PCBP2FALSE	-0.05254171002028938	0.009191239954587552	5.716498566013898	12014.999160391011	1.1132938688873478e-8	-0.07055802422547522	-0.03452539581510355	PCBP2	2.603143016957181e-8
fixed	ASH1LFALSE	-0.04365791706632965	0.007658253133791081	5.700767042250741	12015.371919689285	1.220774445024788e-8	-0.05866932956036652	-0.028646504572292772	ASH1L	2.8474787788597746e-8
fixed	HMGB2FALSE	-0.09124496784784761	0.016035601587178788	5.690149343745371	12015.002367153664	1.2989481856039668e-8	-0.12267733585079847	-0.059812599844896744	HMGB2	3.022430656258986e-8
fixed	BCL6FALSE	-0.06816898067612047	0.011985062791860564	5.6878284127485905	12015.358483978518	1.316671960461368e-8	-0.09166163862470376	-0.044676322727537174	BCL6	3.056216667348285e-8
fixed	ZNF572FALSE	-0.03608716837471702	0.006360967336036359	5.6732201988013395	12015.457104511286	1.4337491981198105e-8	-0.04855569126185054	-0.023618645487583495	ZNF572	3.319894987879367e-8
fixed	MED26FALSE	-0.08377491409680281	0.014832654955682716	5.648005319823529	12015.384261230074	1.6600457962937878e-8	-0.11284931239737316	-0.05470051579623246	MED26	3.834585204998241e-8
fixed	EEDFALSE	-0.036636593574004915	0.006499784244561973	5.6365861074014605	12015.472205371176	1.7736030146523363e-8	-0.049377220010704874	-0.023895967137304956	EED	4.086998251155384e-8
fixed	ZNF30FALSE	-0.04134755195601106	0.0073495925120064445	5.62582917195271	12015.208789713035	1.8874542247498648e-8	-0.055753939820746515	-0.026941164091275602	ZNF30	4.338870675690051e-8
fixed	RUNX2FALSE	-0.04127395156108556	0.0073426738534683915	5.621106477661318	12015.788750768377	1.9396498566464547e-8	-0.05566677766812917	-0.026881125454041956	RUNX2	4.448139334713264e-8
fixed	TSHZ1FALSE	-0.04718916690249995	0.008413412886191107	5.60880198569017	12015.199779725224	2.0823177380809123e-8	-0.06368081444837181	-0.030697519356628074	TSHZ1	4.763863602228274e-8
fixed	ZNF35FALSE	-0.03722960752262695	0.006643499227902119	5.603915383366921	12015.771168904805	2.1417563187841084e-8	-0.05025193849520611	-0.02420727655004779	ZNF35	4.8881232730144486e-8
fixed	CHD2FALSE	-0.09441413798029874	0.01685063897453705	5.603000463244609	12015.648597360936	2.1530675331582037e-8	-0.12744411066845096	-0.06138416529214652	CHD2	4.8976795527924885e-8
fixed	ZNF609FALSE	-0.03636560923125788	0.00649067468973549	5.602747167219355	12015.142782278479	2.156211123870907e-8	-0.049088379505004186	-0.023642838957511576	ZNF609	4.8976795527924885e-8
fixed	NR5A1FALSE	-0.04240871229484143	0.007574046410959809	5.599214738567631	12015.308972342991	2.200489610444262e-8	-0.05725506602559387	-0.02756235856408899	NR5A1	4.9863826326931735e-8
fixed	POU4F2FALSE	-0.03618512244070837	0.006471500786712457	5.59145762834567	12016.583758288796	2.3008398041544737e-8	-0.04887030861576327	-0.023499936265653477	POU4F2	5.2014245809558476e-8
fixed	ZNF550FALSE	-0.039145296376958155	0.0070154878271500125	5.579839540946168	12015.14632618286	2.4595095785495196e-8	-0.05289678512767204	-0.02539380762624427	ZNF550	5.546979049494661e-8
fixed	PHF8FALSE	-0.09479840461300461	0.017054082854641273	5.558692626335236	12015.20426036108	2.7759862613816726e-8	-0.12822716027384803	-0.06136964895216119	PHF8	6.245969088108763e-8
fixed	MXD4FALSE	-0.044939782737603455	0.008105416266690191	5.5444139152096135	12015.01716405455	3.011665486147501e-8	-0.060827707209598444	-0.02905185826560847	MXD4	6.760303232434626e-8
fixed	PRPF4FALSE	-0.035938105302898635	0.0064850810974909886	5.541658579536148	12015.000411369683	3.059327093229042e-8	-0.04864991124796782	-0.023226299357829452	PRPF4	6.85116912427349e-8
fixed	ZNF883FALSE	-0.04249229618595306	0.007716604949753296	5.506605101938199	12015.26280721885	3.733376438591366e-8	-0.05761808767345733	-0.02736650469844878	ZNF883	8.341079911981647e-8
fixed	KDM5BFALSE	-0.12560340977631188	0.0229803388610923	5.465690063821004	12015.207174923888	4.703132187622934e-8	-0.17064858396244517	-0.08055823559017858	KDM5B	1.048314978269224e-7
fixed	TRIM24FALSE	-0.07324186755854506	0.013443692744635867	5.44804682387353	12015.005315501796	5.192968357955166e-8	-0.09959367577479622	-0.0468900593422939	TRIM24	1.1547999565242956e-7
fixed	ZFXFALSE	-0.045682402595875235	0.008435339209271241	5.415597578537912	12015.072367071953	6.22604920929698e-8	-0.06221702929250637	-0.0291477758992441	ZFX	1.3813141734114695e-7
fixed	STAT2FALSE	-0.05830724041446702	0.010801498982927541	5.398069333397646	12015.078339283411	6.864252040430149e-8	-0.07947992227194431	-0.03713455855698973	STAT2	1.519372725422358e-7
fixed	SATB1FALSE	-0.05293190024390311	0.009837812279498799	5.38045438762934	12015.089363350882	7.56926913344304e-8	-0.07221560057821576	-0.03364819990959046	SATB1	1.671546933635338e-7
fixed	SETXFALSE	-0.04844746458936264	0.009009727118088092	5.377239949043365	12015.19057164912	7.70527695757111e-8	-0.06610798430203917	-0.030786944876686106	SETX	1.6976522442316025e-7
fixed	MORC2FALSE	-0.036251945437974484	0.006750583039602197	5.3701947261892755	12015.813312779868	8.011696171002924e-8	-0.04948417796376612	-0.023019712912182848	MORC2	1.7610963472665414e-7
fixed	IRF1FALSE	-0.05271125965610314	0.009850243447742118	5.351264660183162	12015.947228733454	8.894655753536519e-8	-0.07201932694824642	-0.03340319236395986	IRF1	1.9506900204307675e-7
fixed	SMAD3FALSE	-0.12109371821058856	0.02264441471195451	5.347619700087033	12015.23331704021	9.075175307120369e-8	-0.1654804268220281	-0.07670700959914903	SMAD3	1.9857149639891817e-7
fixed	PGRFALSE	-0.07794916387816618	0.01457862128014431	5.346813143731969	12016.061372817432	9.115583784435274e-8	-0.1065256150011942	-0.04937271275513816	PGR	1.989992432574657e-7
fixed	GATA2FALSE	-0.06451613547059783	0.012110401748253107	5.327332388448972	12015.286139231592	1.0146534790169523e-7	-0.08825447802291471	-0.040777792918280945	GATA2	2.2099986734752796e-7
fixed	ELF2FALSE	-0.11433260632602579	0.021539075094319706	5.308148368737413	12015.109840614576	1.1271627702086195e-7	-0.15655267088157368	-0.0721125417704779	ELF2	2.44946078081782e-7
fixed	TEAD1FALSE	-0.03371995327642524	0.006355844515634516	5.305345842472818	12015.218273836945	1.1445776680362193e-7	-0.04617843463349625	-0.02126147191935423	TEAD1	2.4816524893330754e-7
fixed	ICE1FALSE	-0.1123925765824742	0.02123616459415841	5.292508262692166	12015.092347413167	1.2277359596895092e-7	-0.15401888766050054	-0.07076626550444787	ICE1	2.655918606675265e-7
fixed	OTX2FALSE	-0.03424383522590577	0.006482299572464361	5.2826678006933525	12016.50244707299	1.2954057112339265e-7	-0.046950188772841184	-0.02153748167897035	OTX2	2.79596617311576e-7
fixed	ZNF134FALSE	-0.05910276878107656	0.01120081528533841	5.276648822022859	12015.103074748713	1.3385646527348806e-7	-0.08105817505445442	-0.0371473625076987	ZNF134	2.8825974688692465e-7
fixed	SMARCC1FALSE	-0.0833469500154082	0.015826203211189594	5.266389474670681	12015.3172211936	1.4153500872284495e-7	-0.11436886331288229	-0.05232503671793411	SMARCC1	3.041090052288155e-7
fixed	DACH1FALSE	-0.05570560494927846	0.010712252695376633	5.200176520604371	12015.04466681109	2.023714210897629e-7	-0.07670334968069345	-0.03470786021786347	DACH1	4.338479454373793e-7
fixed	FOXP1FALSE	-0.06102271823368644	0.011760647032095527	5.188721170455308	12015.246521864763	2.1519322495013743e-7	-0.08407548508494152	-0.037969951382431366	FOXP1	4.603012031444644e-7
fixed	NCOA2FALSE	-0.038990658652632	0.0075496393875000255	5.164572326088717	12015.091997176645	2.448452556829025e-7	-0.05378917070402032	-0.024192146601243684	NCOA2	5.225556463567986e-7
fixed	HDAC6FALSE	-0.033604215878784	0.00651816861439981	5.155468946376475	12015.06367588678	2.570173857107911e-7	-0.046380878692082246	-0.020827553065485747	HDAC6	5.473093436787828e-7
fixed	BACH2FALSE	-0.05886249840386958	0.011423232152835805	5.152875965079378	12015.00391843448	2.6059011909549845e-7	-0.08125387766422049	-0.03647111914351868	BACH2	5.536814557173842e-7
fixed	ARID2FALSE	-0.09293404917525809	0.018038455493554786	5.151995923845243	12015.120475670163	2.6181350382101515e-7	-0.12829233415348318	-0.05757576419703301	ARID2	5.550446281005521e-7
fixed	ZNF737FALSE	-0.040067188555802026	0.007783704623043134	5.147573102553996	12015.033896464232	2.680465910757348e-7	-0.0553245062649609	-0.02480987084664315	ZNF737	5.669987758009999e-7
fixed	ATF4FALSE	-0.03675817991900366	0.007159876513009286	5.13391255452732	12015.403422148116	2.8821654318262367e-7	-0.05079269377445695	-0.02272366606355037	ATF4	6.083154473367765e-7
fixed	ZNF750FALSE	-0.03294845361302509	0.006427296179252671	5.12633192778369	12015.514249929798	3.0003391401073924e-7	-0.0455469917348914	-0.020349915491158783	ZNF750	6.318595010292389e-7
fixed	USP7FALSE	-0.05383182879538843	0.010522021660096184	5.116110813527477	12015.02391410241	3.1671076829412183e-7	-0.07445668998923625	-0.0332069676015406	USP7	6.655111739043882e-7
fixed	PRDM10FALSE	-0.04990171963461681	0.009820600061938706	5.081331010313599	12015.113528411684	3.8042914370658624e-7	-0.06915168123978313	-0.03065175802945048	PRDM10	7.976470397716116e-7
fixed	ETV2FALSE	-0.04703256440776225	0.009272010149030965	5.07253159258866	12015.060896996058	3.9841492546038327e-7	-0.06520720122471985	-0.028857927590804654	ETV2	8.335259624763281e-7
fixed	UBTFFALSE	-0.03497511400657026	0.006905956674999287	5.064485002228004	12015.017771871639	4.155781818215674e-7	-0.04851190403049623	-0.021438323982644288	UBTF	8.675308215706243e-7
fixed	PAX8FALSE	-0.06022153280655871	0.01190297699679037	5.059367318175731	12015.058372525778	4.2686294473675644e-7	-0.08355328940353075	-0.03688977620958667	PAX8	8.891424656743791e-7
fixed	IRF3FALSE	0.0357001869146604	0.007068387198947065	-5.050683544893867	12015.706551585617	4.4669059921785157e-7	0.021845006920011074	0.04955536690930972	IRF3	9.284157552371033e-7
fixed	SPIN1FALSE	-0.06705724605393304	0.013310382230476545	5.037965468819765	12015.004031087441	4.773423390427562e-7	-0.09314774414020073	-0.04096674796766535	SPIN1	9.899665031451943e-7
fixed	ZNF644FALSE	-0.06446303865015669	0.012864010907662362	5.0111150490209635	12015.01413294618	5.488565663037074e-7	-0.08967857687648798	-0.03924750042382541	ZNF644	1.1358116361252428e-6
fixed	FLI1FALSE	-0.06691906853666904	0.013414820986795105	4.9884429022601875	12015.281371480489	6.171897050259804e-7	-0.09321428338544291	-0.04062385368789517	FLI1	1.2744566636250765e-6
fixed	ARID1BFALSE	-0.03181218345753995	0.0064079753305618025	4.964467217252989	12014.998808256554	6.983535454319763e-7	-0.04437284965113651	-0.01925151726394339	ARID1B	1.4389401346481759e-6
fixed	ZNF830FALSE	-0.07183184630008707	0.01454292225520777	4.939299340224716	12015.268132542386	7.94587617800972e-7	-0.10033832176096559	-0.04332537083920855	ZNF830	1.633699541771826e-6
fixed	GATAD2BFALSE	-0.03537937364454037	0.0071653459469114686	4.93756671438735	12015.081690311925	8.016631834461148e-7	-0.04942460851131625	-0.021334138777764494	GATAD2B	1.644702531199126e-6
fixed	TERF2FALSE	-0.042019423785171005	0.008584876141333495	4.894587073057538	12015.42480580479	9.979201586097414e-7	-0.0588471669609613	-0.025191680609380703	TERF2	2.042952427711788e-6
fixed	ATF2FALSE	-0.0367862643090886	0.0075286535553438574	4.886167764085467	12015.60476836099	1.0414429176613106e-6	-0.05154364067794408	-0.022028887940233128	ATF2	2.12748724507257e-6
fixed	RELAFALSE	-0.06916787192704676	0.014158676236018955	4.885193415969722	12015.203530224804	1.0465965865139567e-6	-0.09692116317184418	-0.04141458068224935	RELA	2.1334468878938346e-6
fixed	KDM4AFALSE	-0.059184389089869276	0.012120887101401343	4.8828430291234	12015.013958393665	1.059128962498152e-6	-0.08294328468135462	-0.03542549349838393	KDM4A	2.154390256339524e-6
fixed	NR1H2FALSE	-0.03113203822095221	0.006376724809484878	4.882136073152434	12015.052968395095	1.062926550209839e-6	-0.043631448342271804	-0.018632628099632613	NR1H2	2.1575147423408223e-6
fixed	MAZFALSE	-0.12421341253970768	0.025507918891890097	4.869601987765441	12015.181494204322	1.1324736093116457e-6	-0.17421305165746398	-0.07421377342195137	MAZ	2.293800049433779e-6
fixed	E2F4FALSE	-0.06705036261827615	0.013823464073148292	4.850474690242057	12015.643559012671	1.247111460230152e-6	-0.09414658380614796	-0.03995414143040435	E2F4	2.520644773431282e-6
fixed	MXI1FALSE	-0.07903649153663617	0.016349251533769243	4.834257481046576	12015.5625792852	1.3529815884180916e-6	-0.11108366392206348	-0.046989319151208846	MXI1	2.7288465863654535e-6
fixed	HNRNPH1FALSE	-0.031405918112506835	0.006497690225074549	4.833397257276375	12016.105644931014	1.3588315633791496e-6	-0.044142439865314465	-0.018669396359699206	HNRNPH1	2.734863526294744e-6
fixed	HOXB13FALSE	-0.051077469274098806	0.010571603008273608	4.831572774169089	12015.870720332583	1.3713215812220105e-6	-0.07179951776796496	-0.030355420780232647	HOXB13	2.7541911336543115e-6
fixed	ZNF121FALSE	-0.032024301315523196	0.006639580732890246	4.823241497295996	12015.407695430413	1.4297718746826957e-6	-0.045038951444963116	-0.01900965118608328	ZNF121	2.8655511942169996e-6
fixed	CXXC4FALSE	-0.04515821428206282	0.009364148909280796	4.822457942473188	12016.374509791602	1.4353892812188918e-6	-0.0635134577423477	-0.026802970821777933	CXXC4	2.8707785624377835e-6
fixed	NR3C1FALSE	-0.08124720841372475	0.01696144992476832	4.79010985346729	12015.28383680103	1.686819526952018e-6	-0.11449438855487673	-0.04800002827257278	NR3C1	3.366581231615534e-6
fixed	ZEB1FALSE	-0.054035555859696584	0.011302204262080945	4.780974985648299	12015.109383890791	1.76516400072287e-6	-0.07618970089504751	-0.03188141082434567	ZEB1	3.5155875922538996e-6
fixed	WDHD1FALSE	-0.03770632059074436	0.007890473823487355	4.77871436294548	12015.069546906696	1.7850852430385294e-6	-0.05317292316561102	-0.022239718015877694	WDHD1	3.547856920539077e-6
fixed	SOX9FALSE	-0.031330937722517216	0.006569917607170416	4.768847890622341	12015.379877366675	1.8745884341545028e-6	-0.04420903688214483	-0.018452838562889602	SOX9	3.717998682293962e-6
fixed	SNAPC1FALSE	-0.03648965927679687	0.007660111053933605	4.7635940288435865	12015.421520147944	1.923992535303322e-6	-0.05150471358801209	-0.02147460496558165	SNAPC1	3.8080682130277367e-6
fixed	MAFFALSE	-0.04931438306620198	0.010382618777676428	4.749705649622076	12015.57538594226	2.060688656449873e-6	-0.06966599201034143	-0.028962774122062527	MAF	4.070180079199128e-6
fixed	ARNTFALSE	-0.07365094159249111	0.01551722474529621	4.746399101734811	12015.499585199625	2.094582746718053e-6	-0.10406720716840699	-0.04323467601657523	ARNT	4.128578389192195e-6
fixed	ZNF770FALSE	-0.03011883712537412	0.006349078319048529	4.743812505038955	12015.048853224554	2.121470359873456e-6	-0.042564055662461214	-0.017673618588287022	ZNF770	4.1729540686995395e-6
fixed	ZNF785FALSE	-0.03893561590218155	0.008224198610206967	4.734274760079233	12015.152771905161	2.2235052897436475e-6	-0.05505637292610606	-0.022814858878257047	ZNF785	4.364658531719012e-6
fixed	THAP11FALSE	-0.04210070292673006	0.008898188617029438	4.73137901866424	12015.0155649866	2.2554059458251536e-6	-0.05954258919576855	-0.02465881665769157	THAP11	4.41818741748911e-6
fixed	BRD2FALSE	-0.09969384594971714	0.021105133045300917	4.72367768237851	12015.396467099088	2.342398652093177e-6	-0.14106331393209737	-0.05832437796733692	BRD2	4.579197364952645e-6
fixed	ZBTB44FALSE	-0.03084367417696422	0.006537862213690061	4.717700246477911	12015.012358041855	2.412131785823615e-6	-0.04365893962982907	-0.018028408724099367	ZBTB44	4.705876735533188e-6
fixed	GABPB1FALSE	-0.03235476138319369	0.006871292303156372	4.708686511317722	12015.282787664051	2.521066568215284e-6	-0.04582360361194442	-0.018885919154442952	GABPB1	4.908362257300778e-6
fixed	ZFYFALSE	-0.041541322284281396	0.008828809413490558	4.705200932393626	12015.101934621243	2.5644454630674346e-6	-0.05884721410083453	-0.024235430467728265	ZFY	4.972649240120757e-6
fixed	CTCFLFALSE	-0.04379130831223082	0.009307010982439268	4.705195727700064	12015.034208775034	2.564510928867309e-6	-0.06203455241748032	-0.02554806420698132	CTCFL	4.972649240120757e-6
fixed	LCORLFALSE	-0.06057583438599043	0.012899129182152582	4.696118127865873	12015.023781383388	2.680874635946778e-6	-0.08586021009799338	-0.035291458673987475	LCORL	5.187737125138389e-6
fixed	TAL1FALSE	-0.03718715045137965	0.00792559892736846	4.692030317477459	12015.187151798444	2.734914513970072e-6	-0.05272260388532058	-0.02165169701743872	TAL1	5.281596045197264e-6
fixed	KAT8FALSE	-0.10354657728253279	0.022157557120581328	4.673194645015819	12015.054341185141	2.9977190933342606e-6	-0.14697896648044398	-0.06011418808462159	KAT8	5.7774222526078476e-6
fixed	ZFP42FALSE	-0.05688737744380761	0.012185755743218894	4.668350379127219	12015.004370186909	3.0691294156466542e-6	-0.08077342604797991	-0.03300132883963531	ZFP42	5.903123916384895e-6
fixed	HNRNPLLFALSE	-0.05986965462239118	0.012844349475076811	4.661166744066122	12015.3423871038	3.1780358400091267e-6	-0.08504665319729206	-0.034692656047490306	HNRNPLL	6.100294147623153e-6
fixed	ZNF704FALSE	-0.08477487844908205	0.018210431170062248	4.655292214522138	12015.177468751594	3.2698430863289404e-6	-0.12047026350074425	-0.049079493397419856	ZNF704	6.263916273810862e-6
fixed	ZSCAN30FALSE	-0.030413276525167274	0.006541625810520114	4.649192327121071	12014.99994936616	3.3678621604811663e-6	-0.043235919236772204	-0.017590633813562344	ZSCAN30	6.438758519236538e-6
fixed	KLF4FALSE	-0.04257014637392414	0.009159802597920924	4.647496047959225	12015.617243762588	3.395614606560816e-6	-0.06052483819154045	-0.024615454556307828	KLF4	6.478832669318037e-6
fixed	SPIBFALSE	-0.03748218807144443	0.008092324336698587	4.631819797615277	12015.13406698249	3.6627037654444463e-6	-0.05334445023146375	-0.021619925911425118	SPIB	6.974489804858286e-6
fixed	ESR2FALSE	-0.03601203464079153	0.00781360438183802	4.608888917449939	12014.999148063614	4.089956000444669e-6	-0.05132796070884751	-0.02069610857273555	ESR2	7.772545865386881e-6
fixed	NCOR2FALSE	-0.03010604868504361	0.006560121308547446	4.58925182462971	12015.263844286237	4.49343856207165e-6	-0.04296494553036312	-0.0172471518397241	NCOR2	8.522346696255176e-6
fixed	IRF5FALSE	-0.05242171462495557	0.011442629688053886	4.581264626581762	12015.043136518509	4.668233298101508e-6	-0.07485111617862211	-0.029992313071289026	IRF5	8.836298742834998e-6
fixed	LMO2FALSE	-0.029213712443460715	0.006383775558277324	4.5762436628245275	12015.008054130109	4.781428161127614e-6	-0.041726943175439124	-0.016700481711482307	LMO2	9.032638545971769e-6
fixed	OLIG2FALSE	-0.05049977773276431	0.011037042143521001	4.575481100469372	12015.375449768915	4.798846558552986e-6	-0.07213416215843829	-0.028865393307090325	OLIG2	9.047627701303455e-6
fixed	TAF2FALSE	-0.05032102486069151	0.011008647344045427	4.571045223635957	12015.147176213934	4.90139161404776e-6	-0.07189975093662815	-0.02874229878475488	TAF2	9.222736883237796e-6
fixed	CBFA2T2FALSE	-0.0347382405751774	0.007603967353421991	4.568436312334279	12015.177811488931	4.962678411025628e-6	-0.049643244200028906	-0.0198332369503259	CBFA2T2	9.319675598658365e-6
fixed	HSF2FALSE	-0.049485364563935055	0.010842049529393502	4.564207572542166	12014.999029844674	5.063579980900206e-6	-0.0707375320533127	-0.02823319707455742	HSF2	9.4904819288385e-6
fixed	ZNF792FALSE	-0.045171196560907276	0.009899214808319262	4.563109037996183	12015.037505457602	5.090111433274308e-6	-0.06457525577328235	-0.02576713734853219	ZNF792	9.521502563419e-6
fixed	MTA1FALSE	-0.04368514461585826	0.009592659881741019	4.554017879755123	12015.359799638509	5.314846634059492e-6	-0.0624883066292772	-0.024881982602439325	MTA1	9.922433833449619e-6
fixed	TRIM25FALSE	0.02895233296288871	0.006390830878021036	-4.530292463607486	12015.566653106696	5.946982404630192e-6	0.016425272723829626	0.041479393201947795	TRIM25	1.108090080862735e-5
fixed	`NKX2-1`FALSE	-0.02992724702931822	0.006615679725928996	4.523684378496079	12015.567181744771	6.135481274388216e-6	-0.04289504730919825	-0.016959446749438188	NKX2-1	1.1409842369914928e-5
fixed	MED12FALSE	-0.035292517216724	0.007835809838577295	4.504003790772425	12015.666150083984	6.731354684539002e-6	-0.05065196947908453	-0.019933064954363477	MED12	1.2493603830836981e-5
fixed	ZNF165FALSE	-0.07016067579844226	0.015651022266556174	4.482817454573867	12015.008887771695	7.43458287484968e-6	-0.10083920624230225	-0.03948214535458228	ZNF165	1.3772023422537077e-5
fixed	ZBTB16FALSE	-0.03941498668259826	0.008801468439711791	4.4782284856876595	12015.542925634016	7.59589637771699e-6	-0.056667285712692944	-0.022162687652503583	ZBTB16	1.4043575861127923e-5
fixed	RUNX1FALSE	-0.08302429085258617	0.01855569554803263	4.474329223481403	12015.271080850536	7.735594537293791e-6	-0.1193964497972598	-0.04665213190791253	RUNX1	1.427419185411659e-5
fixed	ZNF22FALSE	-0.09962548098154331	0.022430708684363178	4.441477190196577	12015.057490036545	9.014155554785845e-6	-0.14359329134244223	-0.05565767062064438	ZNF22	1.660135984414227e-5
fixed	IKZF3FALSE	-0.03152856834122798	0.0071264380342408755	4.424169296041101	12015.033233560822	9.766610201772558e-6	-0.04549753742334889	-0.01755959925910708	IKZF3	1.79179733317135e-5
fixed	GATA1FALSE	-0.03486838407348012	0.007880871172682317	4.424432693982534	12015.88997802813	9.754715994596333e-6	-0.050316163796201366	-0.019420604350758874	GATA1	1.79179733317135e-5
fixed	ZBTB6FALSE	-0.028258977289146284	0.006428917980208869	4.3956039532842475	12015.21338381991	1.1141348595842067e-5	-0.04086069443449701	-0.015657260143795555	ZBTB6	2.0400857121753036e-5
fixed	ZNF565FALSE	-0.09209473100638697	0.021058070135704526	4.373369943822054	12015.083457963578	1.233732171185751e-5	-0.13337194819645318	-0.05081751381632077	ZNF565	2.2547518990636138e-5
fixed	CREB5FALSE	-0.032832578237612625	0.007527273504003206	4.361815499350645	12015.60944525865	1.3006264784653686e-5	-0.04758724948247103	-0.018077906992754224	CREB5	2.3724620658813798e-5
fixed	GATA6FALSE	-0.03923910423238082	0.00900799017285097	4.356033197132352	12015.015693709294	1.3353896469835825e-5	-0.05689621927786576	-0.021581989186895877	GATA6	2.4312246626380492e-5
fixed	ETS1FALSE	-0.06662718363463538	0.015341378333414514	4.342972462227665	12015.320566011911	1.4172006773899539e-5	-0.09669876190004628	-0.03655560536922447	ETS1	2.5752560880571734e-5
fixed	ZNF197FALSE	-0.09925437145260593	0.02303860609624102	4.308176069245799	12015.02158320325	1.659148321767127e-5	-0.14441375889675334	-0.05409498400845853	ZNF197	3.0091777546879073e-5
fixed	STAT5AFALSE	-0.03296092858310442	0.007661689845730551	4.302044228724787	12015.319378264805	1.705674319449837e-5	-0.0479790775939831	-0.017942779572225738	STAT5A	3.087691272780161e-5
fixed	FOSFALSE	-0.04354193108960495	0.010134171328593792	4.296545783348897	12016.372070688576	1.7484485887380912e-5	-0.06340654279222557	-0.02367731938698433	FOS	3.159128700106324e-5
fixed	PYGO2FALSE	-0.07488164678034703	0.0174894815457422	4.2815246743878985	12014.99917366247	1.8705806917741475e-5	-0.10916385422686073	-0.04059943933383334	PYGO2	3.373410170042602e-5
fixed	L3MBTL2FALSE	-0.037874129482169956	0.008852091715368882	4.278551409088251	12015.13922367579	1.8956996895387382e-5	-0.05522565836378786	-0.020522600600552054	L3MBTL2	3.412259441169729e-5
fixed	HMGB1FALSE	0.03526703279520428	0.008249233881836925	-4.27518886000491	12016.018597341274	1.9244937219284386e-5	0.019097202714472242	0.05143686287593632	HMGB1	3.457564991939229e-5
fixed	NANOGFALSE	-0.04492324918456903	0.010645592415974148	4.219891897905076	12015.256893921916	2.4621465287600556e-5	-0.0657903289691981	-0.024056169399939955	NANOG	4.41520260984416e-5
fixed	ZXDBFALSE	-0.033789351141346693	0.008022093173996325	4.212036735109875	12015.762033720805	2.5492388485527323e-5	-0.04951394880125153	-0.018064753481441854	ZXDB	4.562802742062489e-5
fixed	BATFFALSE	-0.03417045790324102	0.008118864191970993	4.208773184928169	12015.006809903629	2.586279209687508e-5	-0.05008474248128554	-0.018256173325196492	BATF	4.6204313970821774e-5
fixed	SMC1FALSE	-0.03937585551655682	0.009368125249547722	4.203173470429189	12015.02040751033	2.651027935195644e-5	-0.05773889345411774	-0.021012817578995893	SMC1	4.7272535517320454e-5
fixed	ZNF148FALSE	-0.028784810995470814	0.006864364211731696	4.193368840522111	12015.004960756733	2.7681268483764255e-5	-0.042240073077889774	-0.015329548913051856	ZNF148	4.926852636849086e-5
fixed	GATA4FALSE	-0.033081387764907697	0.007908246842552836	4.183150630415679	12015.026186654457	2.8953907958291274e-5	-0.04858282833215117	-0.017579947197664224	GATA4	5.143766888679679e-5
fixed	SMARCE1FALSE	-0.02650842332428124	0.006340732068459712	4.1806565926575505	12015.047271110006	2.9272871216754067e-5	-0.0389372818629124	-0.014079564785650082	SMARCE1	5.1811352765831875e-5
fixed	MZF1FALSE	-0.029258115849700218	0.0069984139035309785	4.180678115499618	12015.001158996944	2.927010520951928e-5	-0.04297613697033368	-0.015540094729066757	MZF1	5.1811352765831875e-5
fixed	NCOA3FALSE	-0.030576273132715735	0.0073429308269417695	4.164042104350088	12015.276884404711	3.1484503338612007e-5	-0.044969603011023124	-0.016182943254408347	NCOA3	5.562262256488121e-5
fixed	SP3FALSE	-0.03652606497053937	0.008785090044480097	4.157733703991988	12015.758116290299	3.2365112570410844e-5	-0.05374625967082165	-0.019305870270257087	SP3	5.707267540142688e-5
fixed	KAT7FALSE	-0.02677796859645617	0.006460876311836612	4.144634149302277	12015.368892690596	3.426906708457248e-5	-0.039442329214734784	-0.01411360797817755	KAT7	6.0207532225933974e-5
fixed	PRDM4FALSE	-0.027855668863976536	0.0067205229319130255	4.144866276953139	12015.091617046828	3.423442678004628e-5	-0.04102897880571091	-0.014682358922242168	PRDM4	6.0207532225933974e-5
fixed	TFALSE	-0.029204686652055434	0.007055764297187767	4.13912446929323	12015.580729284631	3.5101241765032854e-5	-0.043035123736069145	-0.01537424956804172	T	6.155622177176717e-5
fixed	TAF1FALSE	-0.12743723921372185	0.030854681577672877	4.130239973240827	12015.000972147398	3.6483720261159454e-5	-0.1879173964876501	-0.06695708193979359	TAF1	6.386324610852499e-5
fixed	BMI1FALSE	-0.0313436049993527	0.007634534506307416	4.105503089082587	12015.208436989542	4.061043760273581e-5	-0.04630852517488911	-0.01637868482381629	BMI1	7.095669866851642e-5
fixed	SMAD4FALSE	-0.03507293257439812	0.008558826606027988	4.097866937705716	12015.678793133604	4.1971331064752003e-5	-0.051849614419837264	-0.01829625072895898	SMAD4	7.32004567381598e-5
fixed	MECOMFALSE	-0.026491095993983454	0.006470097838567986	4.094388779729284	12015.222301702544	4.260545733049261e-5	-0.03917353230897175	-0.013808659678995163	MECOM	7.417081440381379e-5
fixed	ESRRGFALSE	-0.03794397487013763	0.009280763375293847	4.0884540781577945	12015.320066675018	4.370846988074145e-5	-0.05613576938420724	-0.01975218035606802	ESRRG	7.595242307145235e-5
fixed	SREBF2FALSE	-0.02717838277526748	0.006652449883982503	4.085469751633377	12015.0832613289	4.427332232963142e-5	-0.04021825855391477	-0.014138506996620195	SREBF2	7.679409000448795e-5
fixed	ZNF512BFALSE	-0.03338076304759242	0.008173618792869989	4.083963773391429	12015.076047661552	4.4560982802097084e-5	-0.049402375474033186	-0.01735915062115165	ZNF512B	7.715277240145303e-5
fixed	ARID3BFALSE	-0.06788774815983882	0.01663198662121476	4.081758223232653	12015.004639081226	4.498547303443856e-5	-0.10048912711316774	-0.0352863692065099	ARID3B	7.774663274430142e-5
fixed	PRDM6FALSE	-0.04277783704154658	0.010482180041554774	4.08100575185327	12015.049684806769	4.513117089535101e-5	-0.06332460222633672	-0.02223107185675643	PRDM6	7.785739065852597e-5
fixed	FOXA2FALSE	-0.039863918753700746	0.009777595725955686	4.07706760138156	12015.590716603638	4.5901020671291996e-5	-0.059029584840835515	-0.020698252666565976	FOXA2	7.904255184189994e-5
fixed	NFIBFALSE	-0.02648700906968571	0.0065130044318557016	4.066788123179423	12015.746018504524	4.796964979781076e-5	-0.039253549178423976	-0.013720468960947448	NFIB	8.245593857137201e-5
fixed	ZNF816FALSE	-0.06847953831562203	0.01684401926344531	4.065510567554118	12015.169866602724	4.8232849571495485e-5	-0.10149653543390424	-0.03546254119733983	ZNF816	8.275924189065952e-5
fixed	MYOD1FALSE	-0.050538432104914474	0.012453679203887312	4.058112568785241	12015.35549190336	4.9784005562961485e-5	-0.07494965387542896	-0.0261272103344	MYOD1	8.526739911501841e-5
fixed	PHF21AFALSE	-0.02572019838085126	0.0063597603219734036	4.04420875610457	12015.448402815373	5.282807291259766e-5	-0.038186355326471716	-0.013254041435230806	PHF21A	9.031896336669922e-5
fixed	ETS2FALSE	-0.08868584277100044	0.021959859711672816	4.0385432300307125	12015.00215375334	5.411837852781234e-5	-0.1317307131488974	-0.0456409723931035	ETS2	9.235945101168689e-5
fixed	ZXDCFALSE	-0.028062592850855064	0.006959012625300016	4.032553806387904	12015.143551743018	5.551487785143738e-5	-0.041703381088669084	-0.014421804613041043	ZXDC	9.457355976834153e-5
fixed	STAG1FALSE	-0.04427090895500271	0.010982286305410203	4.031119543222392	12015.296576183846	5.5854319427695534e-5	-0.06579796311241223	-0.022743854797593176	STAG1	9.498221164709722e-5
fixed	`SMAD3-HIF1A`FALSE	-0.02976160284791124	0.007394575156807545	4.024788742665264	12015.376557986367	5.737625623950228e-5	-0.04425616393820632	-0.015267041757616163	SMAD3-HIF1A	9.739670543146829e-5
fixed	MAF1FALSE	0.029638363937055854	0.007368005994236367	-4.022575980562516	12015.275782097804	5.79174158479173e-5	0.015195882682532195	0.04408084519157951	MAF1	9.814070109931281e-5
fixed	ZNF318FALSE	-0.05193337679031512	0.012948582624075333	4.010738340871012	12015.049361388326	6.089553081257103e-5	-0.07731468922711132	-0.026552064353518916	ZNF318	1.0300414254466801e-4
fixed	CDC5LFALSE	-0.0758661226929717	0.018962190467828925	4.000915549376295	12014.999819514556	6.347625571050597e-5	-0.11303507739038257	-0.038697167995560826	CDC5L	1.0717937689880123e-4
fixed	ZNF395FALSE	-0.054204147082153854	0.013560859206968838	3.9971027097087397	12015.020432056557	6.450561893292442e-5	-0.08078562047732031	-0.027622673686987398	ZNF395	1.0872501848411643e-4
fixed	CBX3FALSE	-0.03148093260750646	0.007878124949623385	3.9959930578419436	12015.25401835797	6.480814353381609e-5	-0.04692332937204468	-0.016038535842968236	CBX3	1.0904227324737311e-4
fixed	EP300FALSE	-0.060227342048387825	0.015123583628515238	3.982345952372709	12015.329588590344	6.864039071471852e-5	-0.08987200752889522	-0.030582676567880423	EP300	1.1528685341873498e-4
fixed	RLFFALSE	-0.03888378181805072	0.00979617537632696	3.969281921188925	12014.999344479364	7.250902913588722e-5	-0.058085867114567	-0.019681696521534432	RLF	1.2157049876210264e-4
fixed	MAFGFALSE	-0.05332267335451368	0.013442597703647216	3.966694126392423	12014.998691261915	7.329943221148426e-5	-0.07967233511510019	-0.026973011593927183	MAFG	1.2268010233290524e-4
fixed	TBL1XFALSE	-0.02819528917405511	0.007110524583677217	3.9652895988545867	12015.760057105035	7.373180219033414e-5	-0.04213306523896955	-0.014257513109140665	TBL1X	1.231876344826248e-4
fixed	HDAC1FALSE	-0.05825302313038894	0.014703405115145344	3.9618729589641117	12015.21355936281	7.479376109337916e-5	-0.08707407091863154	-0.02943197534214633	HDAC1	1.247434407046918e-4
fixed	TP73FALSE	-0.07583264326989182	0.01928902907009409	3.93138726652984	12015.006232235264	8.493099974810345e-5	-0.11364225439267812	-0.03802303214710552	TP73	1.4140344460679004e-4
fixed	ZNF41FALSE	-0.04695119574257469	0.01199748761688421	3.913418979195253	12015.095763928768	9.150026531770112e-5	-0.07046820840588117	-0.02343418307926821	ZNF41	1.5207535385555203e-4
fixed	ZNF335FALSE	0.02598539426717765	0.0066483098511570604	-3.908571478908312	12015.213360358468	9.335307565980077e-5	0.01295363363547262	0.03901715489888268	ZNF335	1.5488492900773903e-4
fixed	SREBP2FALSE	-0.037937204466710804	0.009716715226183581	3.9043240008188795	12015.007615946459	9.500563361005791e-5	-0.05698353503905636	-0.018890873894365254	SREBP2	1.573530806666584e-4
fixed	PAX5FALSE	-0.04686844604033729	0.012015737135342316	3.900588495938502	12015.545819822155	9.648176456013467e-5	-0.07042123061723644	-0.023315661463438137	PAX5	1.5952097641311694e-4
fixed	ZBTB8AFALSE	-0.0279048592907816	0.0071744041976119985	3.8895019742642516	12015.414905166994	1.0099138198649357e-4	-0.04196784975205058	-0.013841868829512619	ZBTB8A	1.6668819795002572e-4
fixed	ATRXFALSE	-0.03604426755331601	0.009272964411128721	3.887027487138672	12015.003295213992	1.0202474625736734e-4	-0.05422077488682579	-0.01786776021980623	ATRX	1.6810294979193168e-4
fixed	BCL6BFALSE	-0.076955016826273	0.019815007285315645	3.8836734056263627	12015.014786044392	1.0344135131416926e-4	-0.11579563016542699	-0.038114403487118996	BCL6B	1.7014318819606462e-4
fixed	ZNF680FALSE	-0.04847789596588121	0.012526723714212446	3.8699581049177	12015.162709005033	1.0942951449339416e-4	-0.07303229680868187	-0.023923495123080556	ZNF680	1.7968288610447164e-4
fixed	KLF8FALSE	-0.03280915424984962	0.008547094146213841	3.838632602916079	12015.56640666217	1.2435564383450335e-4	-0.04956283859580532	-0.01605546990389392	KLF8	2.037526674431378e-4
fixed	ZNF224FALSE	-0.029852579833013322	0.007777518628610497	3.838316725233826	12015.148038715055	1.2451551899302866e-4	-0.0450977719797892	-0.014607387686237443	ZNF224	2.037526674431378e-4
fixed	FEZF1FALSE	-0.024473581359736374	0.006392142550702876	3.828697680880924	12015.389831901244	1.2947711818499304e-4	-0.03700321270758056	-0.01194395001189219	FEZF1	2.115088540213756e-4
fixed	RCOR1FALSE	-0.04368966055833692	0.01146883985831235	3.8094228446891827	12016.149463197582	1.3998530412672366e-4	-0.06617043806870615	-0.02120888304796769	RCOR1	2.2828372672973398e-4
fixed	PDX1FALSE	-0.026746797558994374	0.00703866628499954	3.799980916270435	12015.720432035665	1.4542125268669044e-4	-0.04054371976270675	-0.012949875355281998	PDX1	2.367438141008578e-4
fixed	TEAD4FALSE	-0.04106126717619666	0.010831316600700866	3.790976544212519	12015.147199042578	1.5078998005374936e-4	-0.06229239636616446	-0.01983013798622886	TEAD4	2.4506582788973917e-4
fixed	ZNF28FALSE	0.053663831814686744	0.014176099374950357	-3.7855146465403973	12014.998658566696	1.541369025234193e-4	0.02587638835700153	0.08145127527237196	ZNF28	2.500792602165681e-4
fixed	ZNF800FALSE	-0.0243171226132569	0.00646673548500488	3.7603397679777757	12015.141295704496	1.7048757369189088e-4	-0.036992968181043154	-0.01164127704547065	ZNF800	2.7613776791521886e-4
fixed	TBPFALSE	-0.07538631386592319	0.020057864837269773	3.7584416126808735	12015.823772616903	1.7178430655838555e-4	-0.1147029669486795	-0.03606966078316688	TBP	2.7776648890966073e-4
fixed	GRHL2FALSE	-0.027089409507166994	0.007223537841146375	3.750158177736895	12015.410483757269	1.7755275573406654e-4	-0.04124870984241091	-0.012930109171923077	GRHL2	2.8660800164179265e-4
fixed	MYOGFALSE	-0.03387797293134823	0.009060705617214414	3.738999407174596	12015.213803486562	1.8561190029230937e-4	-0.0516384187289963	-0.016117527133700155	MYOG	2.9911106905213366e-4
fixed	POU2F3FALSE	-0.030663170420022316	0.008213291864398817	3.7333594040331533	12015.031274864676	1.8981490807165849e-4	-0.04676254847773498	-0.01456379236230965	POU2F3	3.053683344019599e-4
fixed	MBD3FALSE	-0.03305215629059454	0.00886488202411589	3.7284372426705685	12015.146216984676	1.9355589678886345e-4	-0.05042875624125971	-0.015675556339929366	MBD3	3.108625009033261e-4
fixed	TFAP2CFALSE	-0.032229251682961375	0.008650717226519642	3.7256161355221935	12015.145884557303	1.957311537570611e-4	-0.04918605405473013	-0.015272449311192617	TFAP2C	3.1382776585585934e-4
fixed	HHEXFALSE	-0.0722480098902855	0.019438533705814217	3.716741755509859	12015.091470394327	2.0272463562212684e-4	-0.1103506742088439	-0.0341453455717271	HHEX	3.2449547379783387e-4
fixed	HDAC2FALSE	-0.053888530141742996	0.014505135821754602	3.7151344740200036	12015.128134536562	2.0401610214976928e-4	-0.082320938126106	-0.02545612215738	HDAC2	3.2601568082224437e-4
fixed	ASXL1FALSE	-0.024987902176376583	0.006729177829361194	3.7133662997205565	12015.813411624435	2.0544572491616988e-4	-0.0381781770345735	-0.01179762731817967	ASXL1	3.277512066388396e-4
fixed	CHD4FALSE	-0.023916114030512664	0.0064651401651984386	3.699241380604869	12015.069549463067	2.1720923145642873e-4	-0.03658883252154692	-0.011243395539478413	CHD4	3.4593924342142405e-4
fixed	ZNF319FALSE	-0.06930238500284853	0.018963179341522016	3.654576258270319	12015.101069560098	2.587046516859265e-4	-0.1064732780207904	-0.03213149198490666	ZNF319	4.1134039618062314e-4
fixed	TP63FALSE	-0.03223247136742071	0.008886427330682518	3.627157480501797	12015.097216909377	2.877454235692729e-4	-0.0496513036044771	-0.014813639130364323	TP63	4.567539668637044e-4
fixed	TFEBFALSE	-0.04946184823751406	0.01364033882782774	3.6261451318648064	12015.017797065706	2.8887401865331164e-4	-0.07619911452183936	-0.02272458195318876	TFEB	4.577837438459457e-4
fixed	`PBX1-2-3`FALSE	0.02867428958226779	0.00795160155196828	-3.606102417841847	12015.556278922833	3.1209007092032387e-4	0.013087866854396838	0.04426071231013874	PBX1-2-3	4.937544405605123e-4
fixed	RFX5FALSE	-0.026538512850345947	0.007420910271594361	3.5761802634819118	12016.560136969409	3.5002057545567084e-4	-0.04108469487283369	-0.011992330827858201	RFX5	5.528470678554801e-4
fixed	WT1FALSE	-0.022966679366445097	0.006425487286587825	3.574309362401877	12015.114865371386	3.5253013835629516e-4	-0.03556167180884127	-0.010371686924048924	WT1	5.558904991601745e-4
fixed	PCBP1FALSE	-0.030646998062033196	0.0085812500301882845	3.571390875946865	12015.351819614547	3.56478235504586e-4	-0.04746763348487461	-0.013826362639191788	PCBP1	5.611885093587047e-4
fixed	ARNTLFALSE	-0.03895230357151409	0.01092527687227785	3.565337888173152	12015.116803412453	3.6479892944890787e-4	-0.06036761006856606	-0.017536997074462112	ARNTL	5.733413158060265e-4
fixed	ICE2FALSE	-0.07827682686582951	0.021971471771672284	3.5626574168213647	12015.041897405577	3.6854133431736335e-4	-0.1213444587416996	-0.03520919498995941	ICE2	5.782704489124418e-4
fixed	MEIS1FALSE	-0.034304797141597884	0.009668345846568272	3.548155774110438	12015.13914931681	3.8941827032743377e-4	-0.05325631589993167	-0.015353278383264102	MEIS1	6.100246796262263e-4
fixed	SP7FALSE	-0.02865734471424313	0.00812699567475497	3.5261917024592426	12015.820150068417	4.231525631693279e-4	-0.044587568202706915	-0.012727121225779348	SP7	6.617828610877686e-4
fixed	E2F5FALSE	-0.043307434411342424	0.012285825735326645	3.5249917542633127	12015.094733121497	4.250720706629403e-4	-0.06738963633774755	-0.019225232484937294	E2F5	6.636968173689773e-4
fixed	`NKX3-1`FALSE	-0.02287849316466341	0.0065137402467551325	3.5123434920605714	12015.947081515435	4.458044052413258e-4	-0.03564647556786725	-0.010110510761459572	NKX3-1	6.949303964055961e-4
fixed	ZNF311FALSE	-0.054612459185934534	0.015558359439135316	3.510168241039797	12014.998596553647	4.49463857786538e-4	-0.08510935553060017	-0.02411556284126889	ZNF311	6.99491876555232e-4
fixed	PROX1FALSE	-0.038334346206378024	0.01092754462122681	3.5080475564394735	12015.110157759873	4.530583455918448e-4	-0.05975409785867945	-0.01691459455407659	PROX1	7.039375597632247e-4
fixed	ZBTB5FALSE	-0.05087306404476824	0.014511116323491124	3.505799478873522	12015.159547535834	4.568980536747292e-4	-0.07931719477056157	-0.022428933318974914	ZBTB5	7.08749175944214e-4
fixed	ASH2LFALSE	-0.039389061735492635	0.011277610394589396	3.4926780015729335	12016.111635961362	4.79922129572893e-4	-0.06149499863424882	-0.017283124836736448	ASH2L	7.432560253450323e-4
fixed	FOXP2FALSE	-0.025873634247575376	0.007461415234936156	3.4676577342095563	12015.249678090795	5.268533628376259e-4	-0.040499212697248946	-0.011248055797901805	FOXP2	8.146160585852433e-4
fixed	NCOA6FALSE	0.04794801324649125	0.013833052804078816	-3.466191731181225	12015.060216724616	5.2973170468229e-4	0.020832996465406418	0.07506303002757608	NCOA6	8.177411751891662e-4
fixed	MGAFALSE	-0.029865775813233315	0.00861912879030178	3.4650573787501817	12015.8735134146	5.319687876566148e-4	-0.04676065964717481	-0.01297089197929182	MGA	8.198678892155259e-4
fixed	KAT2BFALSE	-0.03749158327539595	0.010828284925078759	3.4623750238196895	12015.105023702514	5.372942136323305e-4	-0.05871676989920421	-0.01626639665158769	KAT2B	8.267398061374892e-4
fixed	HOXB5FALSE	-0.04391975293460971	0.012698935206728757	3.4585382332951857	12014.999028004537	5.449978444958513e-4	-0.06881171613939827	-0.01902778972982115	HOXB5	8.372430654573947e-4
fixed	ZNF626FALSE	-0.05157058652196829	0.014917723804250955	3.4570010276817658	12015.18627942687	5.48113036170075e-4	-0.08081173354780918	-0.022329439496127396	ZNF626	8.406749783058707e-4
fixed	BHLHE40FALSE	-0.04101048644385292	0.011878452205358495	3.4525109614325555	12015.550224667668	5.57307573696973e-4	-0.06429417039417583	-0.01772680249353001	BHLHE40	8.53405177057644e-4
fixed	SMARCA5FALSE	-0.02187561991446796	0.00634730895868768	3.44644006725502	12015.00925827675	5.699679986502841e-4	-0.03431737022372283	-0.009433869605213085	SMARCA5	8.713933825518766e-4
fixed	E2F7FALSE	0.02572378234397049	0.007469580466081649	-3.443805506986463	12015.209529760574	5.755450304759192e-4	0.011082198718107889	0.040365365969833096	E2F7	8.785119345184431e-4
fixed	ESR1FALSE	-0.03450274029398428	0.010029743228773369	3.4400422330855562	12015.368368409843	5.835996125738923e-4	-0.05416265622919196	-0.014842824358776596	ESR1	8.893834351365706e-4
fixed	ZNF410FALSE	-0.06254768985022849	0.0182138318549385	3.434076384825596	12015.06941765445	5.965838526996788e-4	-0.09824974082561337	-0.026845638874843605	ZNF410	9.07720885925827e-4
fixed	ZNF280DFALSE	-0.03217230992324546	0.009372246607972198	3.4327212320554104	12015.10436157729	5.995704708438739e-4	-0.050543426375763575	-0.013801193470727346	ZNF280D	9.108124668551842e-4
fixed	TRPS1FALSE	-0.02531315881193545	0.007378358087939734	3.430730592123331	12014.998714867263	6.039829106486447e-4	-0.03977593187498058	-0.010850385748890322	TRPS1	9.160567516038269e-4
fixed	CDK9FALSE	-0.052637347024467276	0.0153469882949179	3.429816066380786	12015.101303667374	6.060201331660065e-4	-0.08271992177541057	-0.022554772273523985	CDK9	9.176876302228098e-4
fixed	ZNF549FALSE	-0.03404899853031361	0.009930124803974698	3.4288590730183905	12015.051428216744	6.081588312939687e-4	-0.053513646322194366	-0.014584350738432849	ZNF549	9.194667591988054e-4
fixed	PLAG1FALSE	-0.023987920474303315	0.007016106088936628	3.4189791559920613	12015.007285334656	6.306528672561038e-4	-0.03774062113396749	-0.010235219814639134	PLAG1	9.519665116492454e-4
fixed	`SMAD2-3`FALSE	-0.033730714463979454	0.009897836845313934	3.407887500181319	12015.575487643668	6.56826737473964e-4	-0.05313207255888128	-0.014329356369077628	SMAD2-3	9.899094906005712e-4
fixed	SNIP1FALSE	-0.03919923565546378	0.011543688165551355	3.3957289120510064	12015.055264037326	6.866772141879124e-4	-0.0618267281381962	-0.016571743172731353	SNIP1	0.001033265082547742
fixed	NR5A2FALSE	-0.0276530777474533	0.008199743389580768	3.3724320913007415	12015.065438071842	7.474259508149129e-4	-0.04372589860257066	-0.011580256892335935	NR5A2	0.0011229044993345306
fixed	ELF1FALSE	-0.0685441041688074	0.02033951319414672	3.3699972813770653	12015.187347447032	7.540551211611265e-4	-0.10841283371112997	-0.02867537462648482	ELF1	0.0011310826817416898
fixed	SMARCB1FALSE	-0.04060370232502103	0.012105020716339537	3.354286066624698	12015.186950342872	7.981618456978135e-4	-0.06433149720579749	-0.016875907444244564	SMARCB1	0.0011953632665552812
fixed	CLOCKFALSE	-0.022157244332678523	0.006609498513282814	3.352333658620257	12015.748405958726	8.038070464570371e-4	-0.035112928418208934	-0.009201560247148112	CLOCK	0.0012019309127272936
fixed	SP4FALSE	-0.042824314638184306	0.012799101739658468	3.345884383862006	12015.938481573565	8.227193033444294e-4	-0.06791262022144207	-0.01773600905492655	SP4	0.0012282851571057678
fixed	ZNF645FALSE	-0.051659465491750385	0.015467008053499858	3.3399779267626966	12015.0883392915	8.404013857413434e-4	-0.0819772983493873	-0.021341632634113462	ZNF645	0.0012527233156206902
fixed	PRDM14FALSE	-0.021179079599450243	0.0063598186042269625	3.330138942229244	12015.006999798978	8.706405971086484e-4	-0.03364535083383552	-0.008712808365064967	PRDM14	0.001295773993200703
fixed	EGR1FALSE	-0.04900738460240447	0.014739438002851624	3.324915413526829	12015.21334332252	8.871016180835586e-4	-0.07789906266786299	-0.020115706536945947	EGR1	0.0013182164231335123
fixed	OSR2FALSE	-0.02129555141817045	0.006413481124194269	3.3204356582316796	12015.062262924961	9.014481927324957e-4	-0.03386700984948924	-0.008724092986851659	OSR2	0.0013374519064802502
fixed	KLF15FALSE	0.022038632837011497	0.006660683847418427	-3.308764286350765	12015.22653486478	9.398423098210666e-4	0.008982617176380707	0.03509464849764229	KLF15	0.001392250875107605
fixed	HINFPFALSE	-0.049389007558312166	0.014972437519378143	3.2986617906663644	12015.002912992275	9.742931189951429e-4	-0.07873740234409997	-0.020040612772524367	HINFP	0.001441047496932351
fixed	ZNF554FALSE	-0.021078012460967063	0.0064177254516581544	3.284343124326254	12015.763399598656	0.0010251280284201156	-0.03365779038538963	-0.0084982345365445	ZNF554	0.0015138887602365173
fixed	JUNFALSE	-0.06682887062260917	0.020438867881386748	3.269695318274885	12015.059294313249	0.0010796633013919698	-0.10689235143510577	-0.026765389810112575	JUN	0.0015919610348190715
fixed	WDR5FALSE	-0.02420470580690113	0.007410482098321131	3.266279505942641	12014.998601376208	0.0010927607970129846	-0.03873044711661925	-0.009678964497183007	WDR5	0.001608786728935783
fixed	SOX2FALSE	-0.02378682677010456	0.007283894414130386	3.2656742969748875	12015.669045789382	0.0010950964894363056	-0.03806443570139874	-0.009509217838810384	SOX2	0.001609741218678329
fixed	RFX2FALSE	-0.05433581813968092	0.01667585670849985	3.2583524246754543	12014.998585987496	0.001123724424389096	-0.087023189548419	-0.021648446730942836	RFX2	0.0016492816936418422
fixed	KDM1AFALSE	-0.0429458209484598	0.013183966916471297	3.257427845545163	12015.674841042193	0.0011273880598046634	-0.06878852446461511	-0.017103117432304478	KDM1A	0.001652117064598539
fixed	BCORFALSE	-0.05579677116184925	0.01717133062599152	3.2494145257090343	12015.021540388616	0.0011596082717360917	-0.08945535143496333	-0.022138190888735178	BCOR	0.0016967274405463673
fixed	CARM1FALSE	-0.031212616852833386	0.00961315883214474	3.24686374144405	12015.081800252221	0.0011700417216797244	-0.050055960162330895	-0.012369273543335876	CARM1	0.0017093718261599648
fixed	DPF2FALSE	-0.03358551025286747	0.01039719699956939	3.2302465995650986	12015.045342360074	0.0012401624556630526	-0.053965694955958	-0.013205325549776936	DPF2	0.0018090443160589482
fixed	MTF2FALSE	0.023242485965262138	0.007213070218007007	-3.222273631447346	12015.075648234153	0.0012751666348747575	0.009103703821567402	0.037381268108956874	MTF2	0.00185726560255041
fixed	AHRRFALSE	-0.04446140048571075	0.013805062254426586	3.2206591803998728	12015.07683223541	0.001282364785495077	-0.0715215512667569	-0.017401249704664598	AHRR	0.0018649024471986335
fixed	MRTFAFALSE	-0.021335823434426398	0.00663714792276575	3.2146071901220488	12015.25285959643	0.0013096831562519398	-0.034345704880159866	-0.008325941988692928	MRTFA	0.0019017317063384333
fixed	ZSCAN5CFALSE	-0.03489601492789567	0.010886499027330698	3.20543958533306	12015.071889677653	0.0013520898928494904	-0.05623531059641246	-0.013556719259378892	ZSCAN5C	0.001960324859845614
fixed	ATF1FALSE	-0.029886098266628868	0.009325128356683603	3.204899399074608	12015.60341918807	0.0013546275771543358	-0.04816485526313647	-0.011607341270121266	ATF1	0.0019610238370337423
fixed	RESTFALSE	-0.05365609818577608	0.016779887802351602	3.197643441826619	12015.045961347263	0.0013891455220273112	-0.08654738732086219	-0.020764809050689975	REST	0.0020079467091122043
fixed	MAML1FALSE	-0.02151214174124193	0.006733062972964073	3.195000823194695	12015.3609922701	0.0014019170293659822	-0.03471003215815431	-0.008314251324329551	MAML1	0.002020285265883908
fixed	KMT2CFALSE	-0.020557612095900898	0.006433994658351916	3.1951552942642296	12015.001237013916	0.00140116761941884	-0.0331692803724407	-0.007945943819361099	KMT2C	0.002020285265883908
fixed	ZBTB14FALSE	0.02080554416751477	0.00652133846939657	-3.1903794389988076	12015.077556647499	0.0014245125320819117	0.008022667928151817	0.03358842040687773	ZBTB14	0.002046676164669655
fixed	ZNF189FALSE	-0.022618394602751193	0.007089566397706405	3.190377709145742	12015.45891146747	0.0014245209364157764	-0.03651508927488534	-0.008721699930617045	ZNF189	0.002046676164669655
fixed	LIN9FALSE	0.022290143958789633	0.006991760683029781	-3.1880587693585807	12015.761678615303	0.0014359850188711226	0.008585164311870059	0.03599512360570921	LIN9	0.0020600446736887983
fixed	ZSCAN31FALSE	-0.038903920680974154	0.012293165195982069	3.164678913913043	12015.399472654208	0.0015564143542500324	-0.06300050907361199	-0.014807332288336326	ZSCAN31	0.0022294583993311273
fixed	JARID2FALSE	0.021595417873882087	0.006829055297228766	-3.162284815975281	12015.58734457116	0.0015692574283687301	0.008209367029754668	0.03498146871800951	JARID2	0.0022444851374269392
fixed	ASCL1FALSE	-0.023502398220170452	0.007445123344153002	3.15675068548434	12015.354723602051	0.001599319742388985	-0.03809604192085242	-0.008908754519488488	ASCL1	0.0022840584344896585
fixed	SCRT1FALSE	-0.028888375961473547	0.00916783083620476	3.1510590103157456	12015.076542832036	0.0016307901813705109	-0.04685880450364688	-0.010917947419300217	SCRT1	0.0023255214245552574
fixed	ZBTB18FALSE	-0.04647645280465749	0.014797417817536141	3.140848854695386	12015.092538594987	0.0016886762473135896	-0.07548178069671661	-0.01747112491259836	ZBTB18	0.0024044733431897976
fixed	ZNF329FALSE	-0.046782509829552364	0.014944198608219147	3.1304796634476264	12015.177931064509	0.00174939347375169	-0.07607555174740638	-0.017489467911698347	ZNF329	0.0024872151623831777
fixed	RNF2FALSE	-0.04085420482954448	0.013078154905750315	3.123850812592941	12015.117533211956	0.00178925421500662	-0.06648949984266388	-0.015218909816425086	RNF2	0.0025401019659468983
fixed	HNF4GFALSE	-0.020293306101320255	0.006499759503680121	3.122162610759724	12015.002778827991	0.0017995383159185678	-0.033033884092045294	-0.007552728110595217	HNF4G	0.002550905725685459
fixed	FUSFALSE	0.019750605877392566	0.006374058180750301	-3.098592029962878	12015.164778653272	0.0019489137804799671	0.00725642279062211	0.032244788964163024	FUS	0.0027585515527861846
fixed	ARID4AFALSE	-0.0215972976990502	0.006976916323744702	3.0955362938133018	12015.076682398078	0.0019690915142900113	-0.03527318008393214	-0.007921415314168265	ARID4A	0.0027829826735298827
fixed	DEAF1FALSE	-0.028140357215544497	0.009105068885101887	3.090625405546243	12015.041785585689	0.0020019213553823007	-0.04598776220613557	-0.010292952224953425	DEAF1	0.002825196705672655
fixed	ZNF764FALSE	-0.033655471397490734	0.010922000549268252	3.081438354234982	12015.000113937955	0.0020646903974250548	-0.05506435579344662	-0.012246587001534848	ZNF764	0.0029094750947466796
fixed	SUPT16HFALSE	-0.0314016170844483	0.010221187830299022	3.0722082018063888	12015.244567828646	0.002129567610671716	-0.051436795366356605	-0.01136643880254	SUPT16H	0.0029964712397947155
fixed	KLF3FALSE	-0.021424955720494143	0.006998919290148652	3.0611805669270824	12015.005968910216	0.0022095280620710108	-0.03514396747993785	-0.0077059439610504335	KLF3	0.003104403197666781
fixed	UBN1FALSE	-0.01969330957329768	0.006438488646768338	3.058685143940157	12015.25236265835	0.002227999714970314	-0.03231378676609783	-0.007072832380497532	UBN1	0.0031257525412965873
fixed	E2F1FALSE	-0.07412524100167686	0.0242567687966328	3.05585800083837	12015.39776628907	0.0022490978166880096	-0.12167242385636146	-0.026578058146992267	E2F1	0.003150718527342674
fixed	ZNF202FALSE	-0.01953399053098755	0.006419007798889285	3.0431479666324166	12015.321886963455	0.002346229575357244	-0.03211628210957492	-0.0069516989524001805	ZNF202	0.0032819692300451774
fixed	PBX1FALSE	0.01972059183805939	0.0064943815406470215	-3.0365619442948018	12015.504052694361	0.002398057982532294	0.0069905555766379725	0.03245062809948081	PBX1	0.0033495568306527216
fixed	ZNF182FALSE	-0.06973638377687902	0.02299925909168679	3.0321143606789325	12014.999114638638	0.0024336489843375234	-0.11481864474816916	-0.024654122805588867	ZNF182	0.003394299899207598
fixed	ZNF85FALSE	-0.06994983471212658	0.023097333536272253	3.0284809544044013	12015.24539519382	0.0024630825067362165	-0.11522433733509282	-0.024675332089160333	ZNF85	0.0034303368050019717
fixed	ZNF362FALSE	-0.026194662541559156	0.008653783257187402	3.026960782707745	12015.00206535136	0.0024754936560506587	-0.043157474848885456	-0.009231850234232855	ZNF362	0.0034425961339246774
fixed	TCF7FALSE	-0.01921960815920093	0.006369195617700338	3.0175879832907944	12015.001602527196	0.002553287990743442	-0.03170425985444452	-0.006734956463957336	TCF7	0.0035456138910760463
fixed	SS18FALSE	-0.021342092272142593	0.00711938642315019	2.9977432047717296	12015.025523346496	0.0027254292131201068	-0.035297239058973466	-0.00738694548531172	SS18	0.0037791562054020084
fixed	PALB2FALSE	-0.037810072630433476	0.01265150313050868	2.9885834307905865	12015.17150373179	0.0028084071557405873	-0.06260906127221974	-0.013011083988647209	PALB2	0.0038885637541023516
fixed	ZNF519FALSE	0.020622374964961464	0.006925706149846418	-2.977656648834109	12015.010121250489	0.0029104072907449423	0.007046872780985229	0.0341978771489377	ZNF519	0.004023954428073442
fixed	ZNF83FALSE	-0.05409221621739605	0.018171886277142266	2.9766979273602776	12015.392697744986	0.002919516093606169	-0.08971204699182611	-0.01847238544296599	ZNF83	0.0040307067341538135
fixed	PBX3FALSE	-0.020875021290154127	0.007043517640109009	2.963721020769823	12015.403583981915	0.0030453985652724278	-0.034681452969735974	-0.007068589610572279	PBX3	0.004198425189696381
fixed	HDGFFALSE	-0.01956414676850151	0.0066099365478681105	2.9598085589507654	12015.133078752573	0.003084311565006475	-0.03252068953937873	-0.006607603997624294	HDGF	0.004245935401177745
fixed	SUPT5HFALSE	-0.0785538301145365	0.026775522961639358	2.933792562224785	12015.502950823202	0.003354808463756705	-0.13103817771407425	-0.02606948251499875	SUPT5H	0.004611653133175643
fixed	NFICFALSE	-0.01884724646033941	0.006427547211878562	2.9322610692782414	12015.190053977749	0.0033713861060112676	-0.03144627668092631	-0.006248216239752514	NFIC	0.004627773158467265
fixed	TCF21FALSE	-0.023381684030463198	0.00803633700256751	2.9094952119346216	12015.052682140966	0.0036267685225880282	-0.039134201987496245	-0.007629166073430154	TCF21	0.004971174095616349
fixed	ZSCAN29FALSE	-0.021884490777687154	0.007581562658607343	2.8865409102491166	12015.101561920064	0.0039019618455350207	-0.03674557759310797	-0.007023403962266344	ZSCAN29	0.005340705309383658
fixed	EPAS1FALSE	-0.0184034887614105	0.006410204840516134	2.870967343366315	12015.351990092637	0.0040993282452513324	-0.030968525117254245	-0.0058384524055667564	EPAS1	0.005602806799383626
fixed	TET2FALSE	-0.01862092000640763	0.006509603669343557	2.860530525706399	12015.573815987864	0.0042366212163997986	-0.031380794090044906	-0.005861045922770355	TET2	0.005782169728820326
fixed	IKZF2FALSE	-0.01855497872881134	0.0064972563430976075	2.855817555747714	12015.119670193799	0.004299975406683772	-0.03129065010818534	-0.005819307349437345	IKZF2	0.005860252197109026
fixed	SMC1AFALSE	-0.028399485450513157	0.009982126893760025	2.8450335036580325	12015.206851050438	0.004448183559779127	-0.0479660657083882	-0.00883290519263812	SMC1A	0.006053590750398413
fixed	USF1FALSE	-0.025907233955191906	0.009108855097031854	2.844181148916712	12015.399104680946	0.0044600927510740325	-0.04376206047893978	-0.00805240743144403	USF1	0.006061151687357018
fixed	ZNF397FALSE	-0.04629731106643046	0.01645300849549749	2.8139115760561437	12015.067453598309	0.004902221571495724	-0.07854786398097802	-0.014046758151882908	ZNF397	0.006652516897876132
fixed	RING1FALSE	-0.05962370735753788	0.021340712539093098	2.7938948733935605	12015.043038150257	0.005215987252598133	-0.1014549493036791	-0.01779246541139666	RING1	0.007068255453094629
fixed	HES1FALSE	-0.0299479634566987	0.010815479310603397	2.768990869164531	12015.140370364195	0.005631642510064666	-0.05114804900245166	-0.008747877910945744	HES1	0.00762069071574708
fixed	POU2AF1FALSE	-0.04030279250619778	0.014763979613479503	2.7298054834349244	12015.083819121144	0.006346401223793401	-0.06924257612198964	-0.01136300889040593	POU2AF1	0.008575731965295898
fixed	TAF15FALSE	-0.022470325199983675	0.00823963048441449	2.7271035081593733	12015.029696710164	0.00639857291104176	-0.038621331205406825	-0.006319319194560521	TAF15	0.008634000788025231
fixed	HIC1FALSE	0.01839268066755566	0.006779696153820528	-2.712906338315903	12015.004027667006	0.006679096211420343	0.005103381647898354	0.031681979687212966	HIC1	0.008999799132337581
fixed	GSPT2FALSE	-0.018179364068524596	0.006705883205207792	2.710957455150202	12015.440745344147	0.006718455166525218	-0.031323977743926174	-0.0050347503931230195	GSPT2	0.009040065202912635
fixed	ZNF654FALSE	-0.03325285900892271	0.012365874840432967	2.689082611461918	12014.998774506008	0.007174756979262762	-0.057491970124367506	-0.009013747893477923	ZNF654	0.00964044811016433
fixed	ZIM3FALSE	-0.054530828648624	0.020361707519459395	2.67810686291951	12015.080052331032	0.007414028949852056	-0.09444306268759622	-0.014618594609651779	ZIM3	0.009947937578282506
fixed	GTF3C2FALSE	-0.01723697929937441	0.0064498314488427725	2.6724697282542267	12015.42877516513	0.007539680016817689	-0.029879690196749152	-0.0045942684019996665	GTF3C2	0.010102324067477634
fixed	BCL11AFALSE	-0.03083186842497304	0.011593950907170124	2.659306449702619	12015.604654365188	0.007840554411559801	-0.053557883891292624	-0.008105852958653459	BCL11A	0.010490727782087027
fixed	NCAPH2FALSE	-0.022835536557770285	0.008594159045802465	2.6570995993986815	12015.037534146402	0.007892036967131349	-0.03968147577965019	-0.005989597335890377	NCAPH2	0.01054482250230155
fixed	ZFP91FALSE	-0.023156563220957764	0.008719210976042302	2.6558094860400607	12015.052460087674	0.007922273170754644	-0.040247624413095456	-0.006065502028820075	ZFP91	0.010570417629230671
fixed	CXXC5FALSE	-0.017618135228987575	0.006655414132469205	2.6471884210834413	12015.659929307358	0.008127000704650361	-0.030663821350154614	-0.0045724491078205365	CXXC5	0.010828433899771572
fixed	ZNF692FALSE	-0.021158479876396387	0.008006702742302993	2.642595904629589	12015.36809255572	0.008237983848812754	-0.03685290985748066	-0.005464049895312115	ZNF692	0.01096099943063789
fixed	ZNF561FALSE	-0.02007220960380124	0.007680419156272827	2.613426324188006	12015.599055741364	0.008975112160952571	-0.03512707105172418	-0.005017348155878296	ZNF561	0.011925149027226675
fixed	CHAMP1FALSE	-0.030253922527797815	0.011586405697909417	2.6111568433389705	12015.17021248754	0.009034861203400406	-0.05296514824862183	-0.007542696806973802	CHAMP1	0.011987840873496504
fixed	ZNF281FALSE	-0.01798944693656226	0.006920430842347051	2.5994692160612902	12015.060390420407	0.009348221940892116	-0.03155460866044249	-0.0044242852126820335	ZNF281	0.012386394071682053
fixed	GLIS3FALSE	0.017046461575815332	0.006560866860946177	-2.598202636496875	12015.017505039448	0.009382756426611403	0.004186103300867043	0.02990681985076362	GLIS3	0.012414909335627295
fixed	ZBTB10FALSE	-0.016291382025432677	0.006344622617920521	2.567746421893924	12015.25321770027	0.010248182090668754	-0.028727866647643877	-0.0038548974032214765	ZBTB10	0.013541226751382258
fixed	TOP1FALSE	-0.019685590845656215	0.007684240475076162	2.5618134816975653	12015.041793009095	0.010424810943501544	-0.034747942765713434	-0.004623238925598995	TOP1	0.013755559668188758
fixed	CHD7FALSE	-0.02013797644627292	0.007876013103717253	2.5568744212434553	12014.999476139796	0.010573911856950046	-0.03557623368484402	-0.004699719207701817	CHD7	0.013933027502113733
fixed	ZNF8FALSE	-0.037701402841425966	0.014901192253517517	2.530093042221257	12015.573561859068	0.011415894302133585	-0.06691014526407082	-0.008492660418781103	ZNF8	0.015021742295497157
fixed	RBFOX2FALSE	0.01630980285238004	0.006448082496876043	-2.5294035645917665	12015.07618129543	0.011438335937252509	0.003670520145842895	0.028949085558917183	RBFOX2	0.015030540611761562
fixed	POU5F1FALSE	-0.048244476074017606	0.01908451832353696	2.5279378423985497	12015.199048042901	0.01148617227710472	-0.08565321305553544	-0.010835739092499762	POU5F1	0.015072638724013621
fixed	NRIP1FALSE	-0.016459628572235926	0.006546115305159993	2.5144116479680063	12015.165970887334	0.01193607302905958	-0.02929107140028588	-0.0036281857441859723	NRIP1	0.01564150229357533
fixed	SETDB1FALSE	-0.016103597464322755	0.006427318903186468	2.505492213298936	12015.143949411524	0.01224123032985839	-0.02870218016788461	-0.003505014760760901	SETDB1	0.016019387839073942
fixed	SFMBT1FALSE	-0.016640332586193376	0.0066782146471252675	2.4917337140932485	12015.02764877571	0.01272550829760259	-0.02973071146630183	-0.0035499537060849195	SFMBT1	0.016630321802620373
fixed	RXRFALSE	-0.01732459536842023	0.007020725496187641	2.4676360552520884	12015.101962143184	0.01361468344611105	-0.031086350801158173	-0.003562839935682287	RXR	0.017768000010382957
fixed	USF2FALSE	-0.01777457962552384	0.007213608619947659	2.464034377519751	12015.605106144661	0.013752191951673504	-0.03191441706117327	-0.0036347421898744094	USF2	0.01792293869111547
fixed	AGO1FALSE	-0.02132270532832971	0.008677906315992388	2.457125549861538	12015.022514645534	0.014019403148938655	-0.03833280272258109	-0.004312607934078332	AGO1	0.01824626276137446
fixed	ZMYM3FALSE	-0.021046933639276445	0.008578760885427457	2.4533768827883273	12014.999411545003	0.014166298786943254	-0.037862689986226196	-0.004231177292326693	ZMYM3	0.018412328396108808
fixed	CCNT2FALSE	0.016214137412137442	0.006617596492814567	-2.45015504190122	12014.999755282144	0.0142936338019195	0.003242579898008937	0.029185694926265947	CCNT2	0.018544513793852708
fixed	ZNF366FALSE	-0.01562885380619669	0.006380044967199577	2.449646340511098	12015.17907047236	0.014313830750118899	-0.028134771959438934	-0.0031229356529544495	ZNF366	0.018544513793852708
fixed	MITFFALSE	-0.01631707684846186	0.006661847303994717	2.4493321602669385	12015.245096137047	0.014326317260030863	-0.029375373069781607	-0.0032587806271421136	MITF	0.018544513793852708
fixed	TAF3FALSE	-0.01754180419870131	0.007164986540478321	2.4482675716973854	12015.00042749722	0.014368699383940059	-0.03158633458041366	-0.003497273816988956	TAF3	0.01857417237436154
fixed	STAG2FALSE	-0.016764797088261906	0.006860578129575205	2.4436420330220705	12015.020856801573	0.014554131415799556	-0.030212637836612044	-0.00331695633991177	STAG2	0.018788418634198615
fixed	KLF9FALSE	-0.03434820061150976	0.014067069395613392	2.4417453021324214	12015.01472559546	0.014630776992655312	-0.06192192770346223	-0.006774473519557296	KLF9	0.018861839528369145
fixed	JMJD6FALSE	-0.023050176292898898	0.009498853321241727	2.426627247875609	12014.999827489677	0.015254516013132274	-0.04166946235974668	-0.004430890226051112	JMJD6	0.019639417377231023
fixed	HOXA3FALSE	-0.02188421413996445	0.009022041238650804	2.4256388949112266	12015.380525591832	0.0152960965298494	-0.039568871488811067	-0.004199556791117831	HOXA3	0.01966640982409209
fixed	SUZ12FALSE	-0.025316320326886726	0.010474604508175079	2.416923742288139	12015.266843578982	0.01566709259143255	-0.045848236205829285	-0.00478440444794417	SUZ12	0.0201162938522566
fixed	PBX2FALSE	0.01934493860929835	0.008182247797845548	-2.3642572416826617	12015.569165592204	0.01808207453879719	0.003306412006306752	0.03538346521228995	PBX2	0.02318588590055446
fixed	DMAP1FALSE	-0.016499070403483338	0.006992155439695988	2.3596544078260226	12015.033916983137	0.018307867860424005	-0.030204823920828187	-0.0027933168861384895	DMAP1	0.023443900589053022
fixed	`SMAD3-EPAS1`FALSE	-0.026081178498107847	0.011103214152634756	2.3489755434392725	12015.12671087974	0.018841250946484974	-0.04784527078987143	-0.004317086206344262	SMAD3-EPAS1	0.024094575607167112
fixed	FOXO1FALSE	-0.018401119545881667	0.007835823426589636	2.348332593029133	12015.169697645732	0.018873794171573584	-0.033760598506874406	-0.0030416405848889237	FOXO1	0.024103881713093973
fixed	ZNF711FALSE	-0.016523856260784703	0.007068425221697064	2.337699804768887	12015.008361733571	0.01941915254091008	-0.03037911086727199	-0.0026686016542974145	ZNF711	0.024767207919823817
fixed	ZNF846FALSE	-0.042848926539625735	0.018581156315329975	2.306041982127569	12015.004113261859	0.02112522581564911	-0.07927099278017327	-0.006426860299078206	ZNF846	0.026907163455446265
fixed	HNRNPUL1FALSE	-0.015912644195400442	0.006902365570935474	2.3053899466590857	12015.194363365845	0.02116169556688745	-0.029442395055557218	-0.0023828933352436667	HNRNPUL1	0.02691767676108084
fixed	DDX5FALSE	-0.015005116523242708	0.006510540572478605	2.3047420342747613	12015.103554963993	0.02119798942377647	-0.0277668271385949	-0.0022434059078905166	DDX5	0.026927938628871842
fixed	ZNF714FALSE	-0.0548832763813824	0.023875670015350004	2.2987114642687376	12015.097804702935	0.0215384099172781	-0.10168344421786517	-0.008083108544899631	ZNF714	0.02732399343229163
fixed	ZBTB20FALSE	-0.01493688331841318	0.0065332497533211725	2.2862868989234686	12015.311971120162	0.02225480031680914	-0.027743107572117866	-0.002130659064708492	ZBTB20	0.028195324704164568
fixed	RPA2FALSE	0.03249966170671719	0.014241262856280988	-2.282077231120237	12015.012619603855	0.02250218314302735	0.0045844873084705424	0.06041483610496384	RPA2	0.028470931987331683
fixed	DAXXFALSE	-0.01715177907090112	0.007546644123211069	2.272769033608955	12015.068199729156	0.023057683510949965	-0.03194441992366426	-0.00235913821813798	DAXX	0.029036690911185846
fixed	BRD7FALSE	0.021954942894211033	0.009660915750397178	-2.2725529816682672	12015.00452004461	0.023070717491585038	0.0030179883025416403	0.04089189748588043	BRD7	0.029036690911185846
fixed	TSHZ2FALSE	-0.019457826095020454	0.00856212282299699	2.27254694860937	12015.062878573437	0.023071081457734663	-0.03624096914451678	-0.0026746830455241302	TSHZ2	0.029036690911185846
fixed	DPF1FALSE	-0.021759255820722745	0.009573188849369535	2.2729370707186827	12015.010127465059	0.023047550748472725	-0.04052425152229583	-0.0029942601191496644	DPF1	0.029036690911185846
fixed	ZNF331FALSE	-0.04394566129796497	0.019408965894532962	2.2641938543641524	12015.02541924394	0.023579940898199037	-0.08199036795390599	-0.005900954642023955	ZNF331	0.02963802848074029
fixed	ZBTB26FALSE	-0.019183709323882275	0.008499084736049609	2.257150024933026	12015.479083440192	0.024016583014458245	-0.035843287487606304	-0.00252413116015825	ZBTB26	0.030147131836569956
fixed	MLXIPFALSE	0.055073799722709996	0.02443504310168686	-2.2538859249611067	12015.122362842927	0.024221289591891293	0.007177170338908849	0.10297042910651114	MLXIP	0.030364139646076604
fixed	ZNF317FALSE	-0.03092929786534104	0.013804534223268116	2.2405173086686565	12015.04185842291	0.02507555856844403	-0.057988413628003735	-0.0038701821026783413	ZNF317	0.03139380954631969
fixed	CRY1FALSE	-0.03426360340018777	0.015338489243446324	2.2338316933545186	12015.022115120939	0.02551247714364198	-0.0643295186580821	-0.0041976881422934285	CRY1	0.03189895569467162
fixed	ZNF398FALSE	0.014639729839003447	0.006582460667413844	-2.2240512444649654	12015.018104297429	0.026163510589268593	0.0017370442172038193	0.027542415460803077	ZNF398	0.032670142803877276
fixed	ZNF441FALSE	0.01823869325660119	0.0082699015047036	-2.205430529762383	12015.010994163447	0.02744276407362268	0.002028351161731924	0.03444903535147045	ZNF441	0.03422274108004711
fixed	ZFP3FALSE	-0.01884852747764723	0.00861390248241192	2.1881519457798158	12015.092268450946	0.02867772695534982	-0.035733167015030196	-0.00196388794026427	ZFP3	0.03571612469373855
fixed	TFAP2AFALSE	0.01377326026044457	0.006352552936199545	-2.168145688634672	12015.00895027518	0.030167166813544005	0.0013212309086129536	0.026225289612276187	TFAP2A	0.03752213447212644
fixed	MED1FALSE	-0.026961785196399763	0.012633858898322132	2.1340894665192502	12015.499090011695	0.032855644036707	-0.05172618822652898	-0.002197382166270547	MED1	0.04081287032684698
fixed	`RUNX1-RUNX1T1`FALSE	0.016446484671776358	0.007812088175054274	-2.1052610138597285	12015.117923764203	0.0352892966700392	0.001133530629053735	0.03175943871449898	RUNX1-RUNX1T1	0.043778919406004424
fixed	ZNF768FALSE	-0.03972850041271927	0.01899570697488794	2.09144626547671	12015.00526165526	0.03650902468094675	-0.07696315287339152	-0.002493847952047018	ZNF768	0.04523325915016001
fixed	SP2FALSE	-0.034165048668383755	0.01637251139260472	2.086732319136802	12015.707420215083	0.03693336524889143	-0.06625781409316475	-0.0020722832436027502	SP2	0.04569965038578784
fixed	CBX5FALSE	-0.019594341162183913	0.009496225771505747	2.063381982869283	12015.3689497787	0.03909777999991816	-0.03820847674972859	-9.802055746392334e-4	CBX5	0.048315132279691614
fixed	NFKB2FALSE	0.027793999260429695	0.013552114025627103	-2.0508976834072623	12015.016953028406	0.04029855294349276	0.0012296678317946022	0.05435833068906479	NFKB2	0.049734565987182525
fixed	SALL3FALSE	-0.014082848992458052	0.006960412337462664	2.0232779768894824	12015.080188310421	0.04306659308840497	-0.027726380899335108	-4.3931708558099525e-4	SALL3	0.05308207985315031
fixed	`SMC1A-B`FALSE	-0.015490093949291177	0.007781711522301649	1.9905767394355385	12015.006290134994	0.046550055788199894	-0.030743504862749495	-2.3668303583286067e-4	SMC1A-B	0.05730161706057122
fixed	MSX2FALSE	-0.017555284804495887	0.008909774858394892	1.9703398888867654	12014.99859474444	0.048822354987208987	-0.03501988197965168	-9.068762934009295e-5	MSX2	0.06002129723942961
fixed	ZNF585AFALSE	-0.04411109222339237	0.02315561022745596	1.9049850895783855	12015.004374502738	0.05680586113039652	-0.08949982666114345	0.0012776422143587	ZNF585A	0.06974619243037102
fixed	PRDM1FALSE	-0.01622562315380561	0.008622043099362042	1.881876832070831	12015.001138559588	0.05987689162100717	-0.03312621962758735	6.749733199761312e-4	PRDM1	0.07342230669208334
fixed	MYCNFALSE	-0.0402839710719134	0.021559205970518764	1.8685275852459458	12015.477655535826	0.06171288413996656	-0.08254349526450602	0.0019755531206792215	MYCN	0.07547960444811296
fixed	BRF1FALSE	-0.017562305449349315	0.009396212752933005	1.8690834180896216	12015.127897725688	0.06163551888688787	-0.03598039941156633	8.557885128677029e-4	BRF1	0.07547960444811296
fixed	CEBPGFALSE	-0.017720421727260415	0.009546942243538005	1.8561358469780997	12015.091722671721	0.06345866209920159	-0.03643396983118038	9.931263766595477e-4	CEBPG	0.07751544640542678
fixed	RBM14FALSE	-0.015768498193770276	0.00850915130189147	1.8531223190572663	12015.004039241263	0.0638893287706851	-0.03244780851811383	9.108121305732783e-4	RBM14	0.07794171310387926
fixed	ZNF700FALSE	-0.042775796954621914	0.023263681086856152	1.838737248628722	12015.017477413663	0.06597850711365831	-0.08837636771944789	0.0028247738102040593	ZNF700	0.0803876063683653
fixed	OGG1FALSE	-0.011581120601815946	0.006402709248457312	1.8087843992925863	12015.114673456983	0.07050949123613258	-0.024131464412103627	9.692232084717346e-4	OGG1	0.08579853908070215
fixed	ZNF223FALSE	-0.026115038933048465	0.014639083402971105	1.7839258247376495	12015.01777381874	0.07446094863001355	-0.054810005828243594	0.00257992796214666	ZNF223	0.09049139489558335
fixed	TASORFALSE	-0.03812438493934315	0.0215311314528546	1.7706633310386768	12014.999301073283	0.0766420540871267	-0.0803288787142788	0.004080108835592497	TASOR	0.09302356183094003
fixed	RFX1FALSE	-0.01132690807632375	0.006399469214450154	1.7699761803287248	12015.732345120277	0.07675646379304192	-0.02387090083190701	0.0012170846792595082	RFX1	0.09304404886729606
fixed	BRD4FALSE	-0.01820596183492321	0.010308300039025635	1.766145898547602	12015.345442791137	0.07739676414703046	-0.0384118940924615	0.001999970422615082	BRD4	0.09370115862470439
fixed	GFI1FALSE	-0.014870414871731961	0.008537256158262436	1.741826014830331	12015.514015631743	0.08156448242944066	-0.03160481518043605	0.001863985436972129	GFI1	0.09862169358388641
fixed	PAX7FALSE	-0.03140153022781055	0.018065195242912255	1.7382336479386078	12015.037526031218	0.08219527048837909	-0.06681222945639329	0.004009169000772174	PAX7	0.09925859246318183
fixed	PREBFALSE	-0.016000984403559713	0.009209562500724694	1.7374315449078723	12015.172675797297	0.0823366511442438	-0.03405321373102185	0.0020512449239024275	PREB	0.09930362223970743
fixed	CSDC2FALSE	-0.023220839739324192	0.013438351707699381	1.7279529695609934	12015.038582762634	0.08402235111574369	-0.04956217865354036	0.0031204991748919712	CSDC2	0.10120874111669126
fixed	MAXFALSE	-0.05105125363155876	0.029775535088253684	1.7145369001848183	12015.184901917977	0.08645595415356525	-0.10941610947174132	0.007313602208623801	MAX	0.10400880234867747
fixed	IFNA1FALSE	-0.01376542666854129	0.008065341000036367	1.70673833486758	12015.141409681513	0.0878965379191347	-0.029574797131421894	0.002043943794339311	IFNA1	0.10560868661820466
fixed	ZNF423FALSE	-0.01437062812287366	0.00846049549179281	1.6985563241318473	12015.09573195008	0.08942870232879498	-0.03095456519136336	0.0022133089456160392	ZNF423	0.10731444279455397
fixed	ZNF597FALSE	-0.03072208438418265	0.018331549764245593	1.6759130995080367	12015.124347119003	0.09378123370973036	-0.06665488145027648	0.005210712681911176	ZNF597	0.11239610170739041
fixed	HNRNPCFALSE	0.011360540604412769	0.0067863266825418465	-1.6740338530472323	12015.07853757363	0.09414997432972964	-0.0019417553137030218	0.02466283652252856	HNRNPC	0.11269645609857225
fixed	HMBOX1FALSE	-0.013620610117487086	0.008296042666613402	1.641820162316893	12015.553037578493	0.1006534493214138	-0.029882193036188165	0.0026409728012139946	HMBOX1	0.12033006347447216
fixed	E2F3FALSE	-0.010687869616810997	0.00654799949425292	1.6322343375547872	12015.000114237617	0.1026563352069625	-0.0235230057775238	0.002147266543901804	E2F3	0.12241767973430277
fixed	FOXA1FALSE	-0.016960239963458357	0.010387287779524705	1.6327881082576892	12015.012939287712	0.10253977251760654	-0.0373210010009913	0.0034005210740745834	FOXA1	0.12241767973430277
fixed	DDX20FALSE	-0.011731357870019141	0.007201257019807848	1.6290708466245203	12016.123685185135	0.10332423543148399	-0.02584698411402298	0.002384268373984696	DDX20	0.12306032534536296
fixed	ZBTB42FALSE	-0.011811758911595924	0.007262885626526066	1.6263176262140375	12015.42452763907	0.10390832775664652	-0.026048187256806778	0.0024246694336149278	ZBTB42	0.12360167665815558
fixed	NSD2FALSE	-0.035753949099538454	0.02208245479990376	1.6191111642032787	12015.026964729985	0.1054495931168311	-0.07903912563391371	0.007531227434836807	NSD2	0.1252788441263473
fixed	PAX6FALSE	-0.014613337544419555	0.00914095108894241	1.5986670754749972	12015.014078586724	0.10992089170410013	-0.03253107745173453	0.0033044023628954165	PAX6	0.13042852075337255
fixed	KMT2AFALSE	-0.01921570784232683	0.012061581614501635	1.5931333432444539	12015.135077787032	0.11115658517647845	-0.04285835508082426	0.004426939396170601	KMT2A	0.13173090963771483
fixed	SRSF4FALSE	-0.012403716206333678	0.0077985499753637205	1.5905157042678533	12014.998657442744	0.11174491770145062	-0.027690133207280577	0.002882700794613221	SRSF4	0.13226383559203955
fixed	CIITAFALSE	0.032443133921200865	0.020478616104045094	-1.5842444507171776	12015.038255149733	0.11316441958132299	-0.007698259831962685	0.07258452767436441	CIITA	0.13377801273925916
fixed	ZKSCAN5FALSE	-0.02063949926909786	0.013039297940157903	1.5828689062724124	12015.080804051526	0.11347766693838078	-0.04619862836427934	0.00491962982608362	ZKSCAN5	0.13398229487526642
fixed	COBLL1FALSE	-0.0353060897781324	0.022460416176763406	1.571925003538384	12014.999851685716	0.1159942762907025	-0.07933213164155811	0.008719952085293317	COBLL1	0.13678435053316462
fixed	NRF1FALSE	-0.020765359237334056	0.013301044885855784	1.5611825548694869	12015.32366969549	0.11850702037424272	-0.04683755455078624	0.0053068360761181245	NRF1	0.13957493510744143
fixed	FANCLFALSE	-0.011593074934570098	0.00743914191579095	1.5583887316306817	12015.012147536581	0.11916746408394534	-0.026174994111902335	0.0029888442427621394	FANCL	0.14017972963758799
fixed	CC2D1AFALSE	-0.012387313730501342	0.00799594910404249	1.5491986716422097	12015.462886220741	0.1213603056055555	-0.028060664832064944	0.0032860373710622576	CC2D1A	0.14258341323608367
fixed	YY1FALSE	-0.0381245532919841	0.024665159420103604	1.5456844467386768	12015.134633101747	0.1222071319422932	-0.08647224780593285	0.01022314122196464	YY1	0.1434017267809935
fixed	OVOL1FALSE	0.01345912781387647	0.00875297887583643	-1.5376625494929375	12015.140505378758	0.12415747741437076	-0.003698123900873299	0.03061637952862624	OVOL1	0.14551134330873428
fixed	ZIC5FALSE	0.012588379651480346	0.008450419864478044	-1.4896750520523268	12015.11007974343	0.13633594545291272	-0.003975807558820127	0.029152566861780818	ZIC5	0.1595883336958021
fixed	FOXF1FALSE	-0.02410222418380166	0.016247864268842387	1.4834087597605758	12015.071613396594	0.13799207110986345	-0.05595066129339219	0.0077462129257888715	FOXF1	0.16132896548873743
fixed	HOXC5FALSE	-0.025041809196774612	0.017110258641244176	1.4635552694926237	12015.001989573435	0.1433416616899675	-0.05858067852544192	0.008497060131892702	HOXC5	0.1673781459635606
fixed	ERGFALSE	-0.022716067065302062	0.015602132627035723	1.4559591056122132	12015.102447305442	0.14543005307751808	-0.05329876589865276	0.007866631768048641	ERG	0.1696091328067876
fixed	ZNF90FALSE	-0.02800062120887015	0.01924935055122652	1.4546268007512606	12015.079665399055	0.14579872979596134	-0.06573245600548658	0.009731213587746274	ZNF90	0.1698314874546363
fixed	`MYC-DAXX`FALSE	-0.009004463623873474	0.006348576185946854	1.4183437923932718	12015.048538904683	0.1561163531758958	-0.02144869789904683	0.0034397706512998803	MYC-DAXX	0.18162804991439585
fixed	ZNF543FALSE	0.03231801550211229	0.022862768768080164	-1.4135652523080695	12015.040651739302	0.1575154969860152	-0.012496702383405056	0.07713273338762963	ZNF543	0.18303262378155724
fixed	MAFBFALSE	-0.009414789261050022	0.006695896118290473	1.406053662531089	12015.392743970307	0.15973404976553537	-0.02253982663906762	0.0037102481169675773	MAFB	0.18538477308554835
fixed	NFIAFALSE	0.015168027329931225	0.010808757999535627	-1.4033089954075098	12015.055366484588	0.1605505589751574	-0.006018883376113018	0.03635493803597547	NFIA	0.1861059942433781
fixed	CTCFFALSE	-0.011428748439416443	0.008168810132508503	1.3990713768624303	12015.016100362101	0.16181739390215455	-0.02744093512326178	0.0045834382444288925	CTCF	0.18734683711487313
fixed	BACH1FALSE	-0.009632451826553026	0.006910800425358101	1.3938257848118796	12015.089688120166	0.16339599740382083	-0.023178736375018966	0.003913832721912914	BACH1	0.1889451897251455
fixed	ZNF322FALSE	-0.024909123816329138	0.01808377958790967	1.377429076440564	12015.098333209462	0.16840528576430447	-0.06035625134340042	0.01053800371074214	ZNF322	0.19450198864303447
fixed	MEIS2FALSE	0.008832037599555155	0.006422835136710924	-1.3750995333935914	12015.519576759523	0.16912622749174516	-0.003757756158184777	0.021421831357295085	MEIS2	0.19509845347899019
fixed	ZNF605FALSE	0.030733475575621252	0.022491973457044533	-1.366419697867617	12015.016780337302	0.17183284006770838	-0.013354423645711624	0.07482137479695412	ZNF605	0.19798131573018574
fixed	PATZ1FALSE	-0.01074021375626714	0.007887554672138595	1.361665839757037	12015.168176634956	0.1733288974296866	-0.026201094310420343	0.004720666797886066	PATZ1	0.19946413528096624
fixed	RAD21FALSE	-0.014768184497196735	0.01093710039348383	1.3502833443858127	12015.009170526897	0.17695054634003468	-0.03620666702400496	0.006670298029611495	RAD21	0.2033865315763772
fixed	HIF3AFALSE	-0.008906212662462252	0.0066195083203173695	1.345449273796705	12015.003349618486	0.1785055825102503	-0.021881517666763165	0.004069092341838661	HIF3A	0.2046806799456476
fixed	CEBPZFALSE	-0.01081579553774652	0.008037965548390502	1.3455886906497432	12015.497514653878	0.17846059154797786	-0.026571505648748415	0.004939914573255374	CEBPZ	0.2046806799456476
fixed	SMARCA4FALSE	-0.013615180133978342	0.010166748649370493	1.3391872469298598	12015.134374628986	0.18053505588953495	-0.03354364885088016	0.006313288582923479	SMARCA4	0.20675923567661025
fixed	CBX4FALSE	0.008538369286403804	0.00647417668072257	-1.318834765789996	12015.54838957575	0.1872494933164994	-0.004152062183010424	0.021228800755818032	CBX4	0.21393719065280434
fixed	SOX11FALSE	0.0258270925220877	0.019583337896315948	-1.318829949155212	12015.008421259072	0.1872511050263015	-0.012559411414506099	0.0642135964586815	SOX11	0.21393719065280434
fixed	ZNF425FALSE	-0.024775201549119656	0.018847964976076593	1.3144762090000912	12015.183858034046	0.1887110900438333	-0.06172025578437057	0.012169852686131258	ZNF425	0.21534734438016384
fixed	RELFALSE	-0.011090083920598506	0.008459275549712361	1.310996888022592	12015.0376324495	0.1898838701304739	-0.02767162971373499	0.005491461872537977	REL	0.216426776707852
fixed	ARFALSE	-0.015295953427383999	0.011798222965502748	1.296462481859208	12015.0245861848	0.19484109715438208	-0.03842237521750662	0.007830468362738622	AR	0.22181194115188604
fixed	ZNF266FALSE	0.03002508960574539	0.023509140615161017	-1.2771666177530216	12015.079448069673	0.20156810926377558	-0.01605662143913853	0.0761068006506293	ZNF266	0.22919663437144447
fixed	ZNF695FALSE	-0.011328204937671034	0.009066577992142775	1.2494465880609218	12015.11527957248	0.21152611632955937	-0.02910016155291447	0.006443751677572404	ZNF695	0.24023323211714243
fixed	ZNF341FALSE	-0.008457608982016909	0.006857474269418834	1.2333417012928414	12015.200840746433	0.21747243302324692	-0.021899365643068252	0.004984147679034434	ZNF341	0.24669286694908152
fixed	ZNF548FALSE	0.029410626717460454	0.023878687264679906	-1.2316684912978069	12015.271290097087	0.21809704916051814	-0.017395455346741813	0.07621670878166273	ZNF548	0.24710758301559893
fixed	PRKDCFALSE	-0.008473183584777211	0.006947388245543329	1.2196214297095982	12015.492527765356	0.22263235815174398	-0.02209118612173231	0.0051448189521778875	PRKDC	0.2519469391183437
fixed	ZBTB48FALSE	-0.009767199640052677	0.008068298734968414	1.2105649481868017	12015.604917262073	0.22608599655449868	-0.025582367679446223	0.0060479683993408685	ZBTB48	0.25555218093956367
fixed	ZBTB7AFALSE	-0.01532413288887945	0.012895758900115172	1.1883079551636617	12014.999793432133	0.2347355922863669	-0.04060190230905439	0.009953636531295489	ZBTB7A	0.26501509472330653
fixed	ZNF141FALSE	0.024637806157825463	0.020848536700949327	-1.1817522980739263	12015.31810936079	0.2373273882908705	-0.016228691591550114	0.06550430390720104	ZNF141	0.26762450168970503
fixed	CSNK2A1FALSE	-0.007967196684253785	0.006760637785906392	1.1784682061894596	12015.061150626594	0.2386333384509093	-0.021219138219545276	0.0052847448510377065	CSNK2A1	0.2687794626707999
fixed	CBX7FALSE	-0.009344630106466708	0.008004540893811583	1.1674161242265833	12015.476662766729	0.24306552866115755	-0.025034822501214894	0.006345562288281479	CBX7	0.27312663644610635
fixed	SOX21FALSE	-0.020875385839079875	0.01788082931015932	1.1674730224743628	12014.999321233001	0.24304256459100518	-0.05592469808556316	0.014173926407403416	SOX21	0.27312663644610635
fixed	HLFFALSE	-0.014113946573161335	0.012144256782701354	1.1621910525859158	12015.108663446023	0.24518095259158462	-0.03791865049404047	0.009690757347717802	HLF	0.2751795632616138
fixed	ZBED2FALSE	-0.009781029019563904	0.008584730121371661	1.1393519518119808	12015.267594261724	0.25457910134631384	-0.026608485994837006	0.0070464279557091985	ZBED2	0.28539184804275375
fixed	ZNF589FALSE	-0.017869798999602074	0.016074630040912984	1.111677155500316	12015.008807394432	0.2662992291340744	-0.04937866907117846	0.013639071071974311	ZNF589	0.29785172684339895
fixed	ZNF557FALSE	0.022826829079836	0.020534498441491994	-1.1116331448209187	12015.102563745777	0.2663181582782173	-0.0174241030549949	0.0630777612146669	ZNF557	0.29785172684339895
fixed	CTBP2FALSE	0.006879818641692664	0.006351483928987865	-1.083182877987537	12015.020366281422	0.27874899449231516	-0.005570115282224914	0.01932975256561024	CTBP2	0.31138939197385085
fixed	RBM34FALSE	0.021626749633601276	0.020314517430074987	-1.064595785159217	12015.007283990353	0.2870802818632457	-0.018192984235858793	0.061446483503061346	RBM34	0.3203211566053057
fixed	ZNF169FALSE	0.02038777408157374	0.019469959431001414	-1.0471400391883159	12015.265013077415	0.2950560587875756	-0.017776489676345233	0.05855203783949271	ZNF169	0.32883584121886344
fixed	ZIC2FALSE	-0.007224265735796158	0.006908473701000931	1.0457108253519838	12015.282673914022	0.29571559962882527	-0.020765989506971085	0.00631745803537877	ZIC2	0.3291863267746783
fixed	ZNF429FALSE	0.024129170250717348	0.023456477582219228	-1.0286783327181248	12015.06185506274	0.303651562356543	-0.021849312754186626	0.07010765325562132	ZNF429	0.3376265623404919
fixed	CBX8FALSE	-0.023515511124153662	0.02296754097252879	1.0238584597402174	12015.007917634824	0.30592274650981977	-0.06853559945778934	0.021504577209482005	CBX8	0.3397558791273202
fixed	AATFFALSE	0.014573126996655235	0.014332422429391147	-1.0167944092109984	12015.00540557469	0.3092717162399886	-0.013520734883967262	0.04266698887727773	AATF	0.3430758340615688
fixed	ZNF316FALSE	-0.013267336910173714	0.013069205290432517	1.0151601888055306	12015.278779347056	0.31004991555334	-0.03888508919776697	0.012350415377419542	ZNF316	0.34353962768627916
fixed	ZNF282FALSE	-0.007519117214227252	0.007444882072068746	1.0099712985967926	12015.000327451411	0.3125293795718455	-0.022112288026037683	0.0070740535975831785	ZNF282	0.34588518342406105
fixed	CD74FALSE	-0.006897312700201307	0.006920522360156167	0.9966462560559755	12015.197283033556	0.318956315804328	-0.020462653798191694	0.0066680283977890815	CD74	0.3525890211788284
fixed	ZNF343FALSE	-0.009282929819136369	0.009334572732600492	0.9944675653676399	12015.030066915582	0.32001531532131633	-0.02758019940507157	0.009014339766798832	ZNF343	0.35335024400062015
fixed	ZNF534FALSE	0.00713429132288932	0.0072965210318074215	-0.9777661561981525	12015.00211479126	0.32820967932932965	-0.007168067897415859	0.021436650543194498	ZNF534	0.36156124027734465
fixed	ZNF445FALSE	-0.021056643361629702	0.021526637624530515	0.9781668521067481	12014.999805992602	0.32801150231982057	-0.06325232850735833	0.021139041784098925	ZNF445	0.36156124027734465
fixed	SIN3AFALSE	-0.019396432341690167	0.019908647681648566	0.9742717160829287	12015.023993524223	0.329941258349118	-0.05842059597254085	0.019627731289160517	SIN3A	0.36304955070941014
fixed	ZNF506FALSE	0.02217757816182275	0.023009857779579403	-0.9638294323359409	12015.12165354909	0.3351508454677845	-0.022925457902515527	0.06728061422616102	ZNF506	0.3683570352261134
fixed	ZNF93FALSE	-0.021219676603838285	0.022235300253158338	0.954323816734798	12014.999520642503	0.3399389549862083	-0.06480445491292716	0.022365101705250585	ZNF93	0.37318960075586044
fixed	MEF2CFALSE	-0.011056562699015686	0.0116941204263698	0.9454804889885994	12015.020640709925	0.34443264010491026	-0.03397892670624138	0.011865801308210003	MEF2C	0.37768820535641884
fixed	NRLFALSE	-0.006014432134534864	0.006400329907473324	0.9397065809861039	12015.12745409023	0.34738697912068883	-0.018560112051017534	0.006531247781947807	NRL	0.380137843768291
fixed	ZNF222FALSE	0.022135125972902087	0.023559099076788104	-0.9395574041585909	12015.00501538816	0.34746352176724293	-0.024044511751149283	0.06831476369695345	ZNF222	0.380137843768291
fixed	HNRNPKFALSE	-0.006185912414784753	0.006616747132894802	0.9348872324335659	12015.09968070615	0.3498652058081645	-0.019155805035477026	0.006783980205907519	HNRNPK	0.3823269259346952
fixed	HMGN3FALSE	0.006360682351635168	0.006810956051598146	-0.9338897951254107	12014.998983424277	0.35037951057422034	-0.006989891115031831	0.019711255818302166	HMGN3	0.3824508616565288
fixed	ZNF468FALSE	0.008869705712878272	0.009983598547545686	-0.8884277217916332	12015.007416728151	0.3743285042258152	-0.010699759256730279	0.028439170682486824	ZNF468	0.40719429079980357
fixed	ZNF563FALSE	0.018491936602490766	0.020813017221637198	-0.8884793783414815	12015.024220433366	0.3743007299295974	-0.02230493733365404	0.05928881053863557	ZNF563	0.40719429079980357
fixed	ZNF667FALSE	0.018491936602490766	0.020813017221637198	-0.8884793783414815	12015.024220433366	0.3743007299295974	-0.02230493733365404	0.05928881053863557	ZNF667	0.40719429079980357
fixed	ZNF273FALSE	0.008119118148460369	0.009365453172039842	-0.8669220804711989	12015.012189599956	0.386002016631795	-0.010238682087053292	0.026476918383974028	ZNF273	0.41941449187554947
fixed	VEZF1FALSE	-0.005608364732586883	0.006488793782912491	0.8643154521809401	12015.018527187338	0.3874318785555445	-0.018327448138550397	0.007110718673376629	VEZF1	0.42048920607734863
fixed	ZNF740FALSE	-0.010412530526816939	0.01218400956627562	0.854606233701425	12015.090017493336	0.3927862147270992	-0.03429515632511474	0.013470095271480862	ZNF740	0.42581596460187793
fixed	ZNF283FALSE	0.008599878618271016	0.010294254599003863	-0.835405665904474	12015.01159952107	0.40350595233116393	-0.01157852236580064	0.028778279602342673	ZNF283	0.4369406112643932
fixed	MYCFALSE	0.009359311006139716	0.011239033897151763	-0.8327504918827219	12015.202584366461	0.4050020135067658	-0.01267100989820925	0.031389631910488686	MYC	0.438063402364461
fixed	ZNF671FALSE	0.012728342960788222	0.01587415701476504	-0.8018279615698144	12015.078747628337	0.4226683392471118	-0.018387567595638803	0.04384425351721525	ZNF671	0.45665412869959754
fixed	SIRT6FALSE	0.005475813435062339	0.0068428807902701444	-0.8002204923470783	12014.998787113256	0.4235988802903087	-0.007937337673563607	0.018888964543688287	SIRT6	0.45714177805085343
fixed	ZNF624FALSE	-0.016386315617275236	0.020693239700416335	0.7918680619615861	12015.016651214444	0.4284532441774229	-0.056948406276780564	0.02417577504223009	ZNF624	0.46185807338447626
fixed	SMARCD3FALSE	0.005578731027974795	0.007080197167428243	-0.7879344170864624	12015.0078515435	0.430750612360114	-0.008299598492743494	0.019457060548693086	SMARCD3	0.4638104787714997
fixed	JDP2FALSE	0.007743250558511502	0.009904415558537815	-0.7817978267114062	12015.013495080202	0.4343488038541298	-0.011671002967840637	0.02715750408486364	JDP2	0.46715756355900767
fixed	ZGPATFALSE	-0.004929947353871607	0.006494796466141132	0.759061100616864	12015.12375314368	0.4478308978616794	-0.017660796976841232	0.007800902269098019	ZGPAT	0.48111562675680425
fixed	TLE3FALSE	-0.005943432400032846	0.007898377904824968	0.7524877223717185	12015.030835477022	0.4517725522426552	-0.021425528255424403	0.009538663455358712	TLE3	0.484804291158035
fixed	ZNF547FALSE	0.007443834553246591	0.010085749367510322	-0.7380546830982881	12014.998642038561	0.4604956348174857	-0.012325862516833222	0.027213531623326404	ZNF547	0.4936099276582936
fixed	ZNF157FALSE	-0.014039821455908277	0.020139676701480928	0.6971224843383851	12015.01766460236	0.4857396320068642	-0.05351683926647466	0.025437196354658104	ZNF157	0.5200848585124
fixed	TFIIICFALSE	-0.005355107524680336	0.0077816704776828	0.6881694027058008	12015.013077947793	0.49135939514142335	-0.020608437983191025	0.009898222933830355	TFIIIC	0.5255121782117914
fixed	HEXIM1FALSE	0.0051147857275008046	0.0074931785538820544	-0.6825922658483754	12015.00065437338	0.49487768238562224	-0.009573053985924007	0.019802625440925616	HEXIM1	0.5286823169046849
fixed	ZNF133FALSE	0.010842672140204759	0.016041841195122978	-0.6758994811331965	12015.04681000399	0.4991174760847419	-0.020601926489961602	0.042287270770371116	ZNF133	0.5326152932716373
fixed	ZNF320FALSE	0.0067122806144993725	0.010136261789995127	-0.6622047411132028	12015.157733196147	0.5078527168596632	-0.013156428932204017	0.026580990161202762	ZNF320	0.5409199118815442
fixed	EOMESFALSE	-0.011806654790657215	0.017836922958080238	0.6619221722493748	12015.098480960165	0.5080337956455594	-0.046769903469464906	0.02315659388815048	EOMES	0.5409199118815442
fixed	NEUROG2FALSE	-0.004768194023964573	0.007257415233260888	0.6570099506104927	12015.096983534517	0.511187102442338	-0.018993899554306984	0.009457511506377837	NEUROG2	0.5430651400111253
fixed	NFXL1FALSE	-0.013104107928454326	0.019932921024939227	0.6574103169354366	12015.12696838862	0.5109297127557704	-0.052175851197256436	0.025967635340347787	NFXL1	0.5430651400111253
fixed	HAND2FALSE	-0.00420077215480569	0.0064162087674797825	0.6547125112413865	12015.92018327969	0.5126654002436304	-0.016777577116862386	0.008376032807251004	HAND2	0.5440298018158213
fixed	SAFB2FALSE	0.00764933219942513	0.012208194819394736	-0.6265735690319179	12015.090201373523	0.5309507023272161	-0.016280700599539368	0.03157936499838963	SAFB2	0.5628077444668491
fixed	GTF3C5FALSE	-0.008142251461813904	0.013716282861315807	0.593619389753006	12015.002962703142	0.5527778841530094	-0.03502838031600082	0.018743877392373015	GTF3C5	0.5852942302796571
fixed	ZNF573FALSE	0.013437267914150447	0.02373281065037964	-0.5661894881353001	12014.998587624537	0.5712755495996491	-0.03308287254176925	0.05995740837007014	ZNF573	0.6042093950311145
fixed	GLIS1FALSE	-0.004400316430146055	0.007796258397036842	0.5644138772797093	12015.494969744064	0.572483032237767	-0.019682241504009306	0.010881608643717199	GLIS1	0.6048159609688036
fixed	ZNF783FALSE	-0.005292233102038257	0.009530968821042554	0.5552670669065688	12015.120331334465	0.5787223388051852	-0.023974470714555548	0.013390004510479035	ZNF783	0.6107313177214011
fixed	SALL4FALSE	-0.0060554763837960155	0.011331997710941052	0.5343697147017112	12015.142087590102	0.5930956550430441	-0.028268021382817872	0.01615706861522584	SALL4	0.6252080164763139
fixed	ZNF333FALSE	-0.012689976760359996	0.02382867199793401	0.5325507338999101	12015.123359425368	0.5943544615259335	-0.05939802088510633	0.03401806736438634	ZNF333	0.6258434396200228
fixed	STAT3FALSE	-0.0068683625530954065	0.012986139817123751	0.5288994766588501	12015.243036020727	0.596884954971348	-0.032323293110378064	0.01858656800418725	STAT3	0.6278150463535458
fixed	MYOCDFALSE	0.007924813724668425	0.015535587922354443	-0.5101071014676738	12015.222357862995	0.6099858003677219	-0.022527446713587442	0.038377074162924296	MYOCD	0.6408881647035316
fixed	PRDM15FALSE	-0.0032620965653296606	0.006502937691170564	0.5016342951830538	12015.052505201435	0.6159339818679517	-0.016008904311328336	0.009484711180669013	PRDM15	0.6464257631485434
fixed	ZNF736FALSE	-0.006152890587884994	0.012294446528482677	0.5004609661468311	12015.032203407392	0.6167597009601907	-0.030251990673295454	0.017946209497525463	ZNF736	0.6465810491384857
fixed	CBFA2T3FALSE	-0.0033303931065938462	0.006774821079478876	0.4915839204494567	12015.374163640847	0.6230224925239314	-0.01661013615226353	0.009949349939075836	CBFA2T3	0.6524297012819215
fixed	NOTCH3FALSE	0.00506033504918569	0.010333602182151763	-0.48969710271273265	12015.003196452886	0.624357192781125	-0.015195193551807495	0.025315863650178873	NOTCH3	0.6531104845539399
fixed	ZNF467FALSE	0.003038553833162161	0.00643100744476597	-0.4724848881391299	12015.026628391672	0.6365893074505911	-0.009567259019789984	0.015644366686114308	ZNF467	0.6651765600305191
fixed	TWIST1FALSE	0.002938738980816221	0.00635478116662622	-0.4624453468594277	12015.020998441516	0.6437703607004948	-0.009517658061133074	0.015395136022765517	TWIST1	0.6719441182803851
fixed	SMARCA2FALSE	-0.004078034368382792	0.008877512375353296	0.45936679060055935	12015.012672866613	0.6459791028011055	-0.021479391866055245	0.013323323129289664	SMARCA2	0.672943214094592
fixed	SOX13FALSE	-0.003686133020676748	0.008028254701447806	0.45914500196561964	12015.221039994634	0.6461383481243672	-0.019422808340447406	0.012050542299093909	SOX13	0.672943214094592
fixed	CHAF1BFALSE	-0.006109661245454263	0.013583046526294513	0.44980050930599247	12014.998591597197	0.6528624050062922	-0.032734625373433926	0.020515302882525403	CHAF1B	0.679204726691388
fixed	TFDP1FALSE	-0.0030859386732649957	0.006915973599199612	0.44620451900252084	12015.421838824097	0.6554575595776946	-0.016642363439888935	0.010470486093358943	TFDP1	0.6811617776003493
fixed	SIX2FALSE	-0.0056425071684005155	0.012879378793997209	0.43810398456720306	12015.08435927519	0.6613187820026536	-0.030888168918170908	0.019603154581369873	SIX2	0.686505025060426
fixed	NAB2FALSE	-0.004703405571393871	0.011393182506092428	0.41282631686789506	12015.024813618746	0.6797412350660712	-0.027035882668804762	0.01762907152601702	NAB2	0.7048621067967737
fixed	ZNF675FALSE	0.0072369226053642126	0.017992747902602496	-0.40221330530160176	12015.120085150797	0.6875342057905998	-0.028031768115467082	0.042505613326195506	ZNF675	0.712168981893846
fixed	LYL1FALSE	-0.005412666874582663	0.013905200313158719	0.38925486527947156	12015.035093521084	0.6970945192906517	-0.03266910442710165	0.021843770677936327	LYL1	0.7212886891575724
fixed	SALL2FALSE	-0.003830022271922591	0.009891590602278141	0.38719983730831875	12015.002628457607	0.6986151286127801	-0.02321913681523025	0.015559092271385067	SALL2	0.722078908663697
fixed	GRHL1FALSE	0.0063344449680290075	0.01781541677952776	-0.3555597405561745	12015.02103874356	0.7221765399959891	-0.028586648151428404	0.041255538087486415	GRHL1	0.7456238302555992
fixed	ZNF596FALSE	-0.003450892417695871	0.009757626631702284	0.35366104360705997	12015.020609976349	0.7235991260420628	-0.022577415947774657	0.015675631112382914	ZNF596	0.7462849364801382
fixed	RBAKFALSE	0.0064250845746196975	0.018814481326779858	-0.34149676852767996	12015.243868722217	0.7327356090410586	-0.030454336283733806	0.0433045054329732	RBAK	0.7548917613662742
fixed	SAFBFALSE	-0.0025321462855446095	0.007768883336878558	0.32593439439676214	12015.129877627824	0.7444796685920236	-0.01776041186872772	0.012696119297638501	SAFB	0.7661635424345098
fixed	ZNF140FALSE	-0.005547991181127154	0.017357210115873892	0.31963611341279347	12015.300714277959	0.7492497520896438	-0.039570925184306285	0.02847494282205198	ZNF140	0.7702416632473278
fixed	ARHGAP35FALSE	0.004923565133382259	0.016316155460152103	-0.30176012636106375	12015.0837973004	0.7628401518068053	-0.027058733733205418	0.03690586399996994	ARHGAP35	0.7833686811880433
fixed	ZNF837FALSE	-0.006877153033656393	0.02310777375936752	0.29761209821731555	12015.000449178387	0.7660043852289533	-0.05217212027241524	0.03841781420510245	ZNF837	0.7857722403316361
fixed	GLIS2FALSE	0.002138165055254743	0.007857300521134782	-0.2721246373997594	12015.073933142376	0.7855308620815868	-0.013263412490756818	0.017539742601266305	GLIS2	0.8049371024982104
fixed	E2F6FALSE	0.0035922170973710504	0.013399148254525116	-0.2680929436061653	12015.54295692802	0.7886323793508586	-0.022672276608311934	0.029856710803054035	E2F6	0.8072481651295269
fixed	ZNF350FALSE	0.002422487137198928	0.009388750590021864	-0.25802018212875827	12015.487170625182	0.7963957503590382	-0.01598097972554874	0.020825953999946592	ZNF350	0.8143210566372159
fixed	KDM6BFALSE	-0.001599624945428026	0.006688234375802257	0.23916998949908214	12015.004425913145	0.8109778517318884	-0.014709644113942419	0.011510394223086366	KDM6B	0.8283435444884598
fixed	PCGF2FALSE	-0.002726731607991261	0.01181981769490111	0.23069151135618035	12015.054267672154	0.8175583963771558	-0.025895482548354422	0.0204420193323719	PCGF2	0.834171882506745
fixed	TSC22D4FALSE	0.0040882886431651	0.01788442347679073	-0.2285949361728446	12015.02346093459	0.8191876510906425	-0.030968068743085712	0.03914464602941591	TSC22D4	0.8349412597654625
fixed	CERS6FALSE	-0.0026168673524349416	0.011751772817644711	0.22267851778974518	12014.998583397259	0.8237895070399746	-0.025652239358580586	0.020418504653710704	CERS6	0.8387355279788001
fixed	ZNF479FALSE	0.001649474104459714	0.007738318895408562	-0.2131566463923333	12015.05911688939	0.8312083987311862	-0.013518880247983377	0.016817828456902807	ZNF479	0.8453867935922725
fixed	GATAD2AFALSE	-0.002636994995541771	0.013473186487108843	0.19572170236527567	12015.070899748778	0.8448313066505636	-0.029046615694177182	0.02377262570309364	GATAD2A	0.8583270144245344
fixed	ATOH8FALSE	-0.0031242680045138562	0.017550744874815543	0.17801341349318042	12015.026463853686	0.8587154425802181	-0.037526561458893486	0.03127802544986578	ATOH8	0.8715048215122639
fixed	IRF8FALSE	-0.0019209555809374837	0.011212719997083898	0.17131932139900652	12015.032945330135	0.8639755737819113	-0.023899697024215447	0.02005778586234048	IRF8	0.8759114743761353
fixed	IRF9FALSE	0.0026532808184144938	0.016143219242030857	-0.1643588418539439	12015.248090088047	0.8694514270235972	-0.02899003509734505	0.03429659673417404	IRF9	0.8805272413805857
fixed	BHLHE22FALSE	0.0015143168156303902	0.013018361657276992	-0.11632161215800291	12015.002099324336	0.9073996019178644	-0.024003773801882046	0.02703240743314283	BHLHE22	0.9179843268607026
fixed	CREB1FALSE	0.0016206743007621638	0.021670628756233927	-0.07478667642700257	12015.467250232989	0.940385687792606	-0.040857256543488756	0.04409860514501308	CREB1	0.9503474005870193
fixed	ZNF611FALSE	-0.0015067728524019019	0.020604677878603567	0.07312770727498603	12015.000873542076	0.9417057107378246	-0.041895268048520326	0.03888172234371652	ZNF611	0.9506743365543753
fixed	SMAD2FALSE	5.792532163748194e-4	0.00925522610074494	-0.06258660891365972	12015.169627065128	0.9500967341066215	-0.01756248413969229	0.018720990572441927	SMAD2	0.9581313787925128
fixed	ZKSCAN2FALSE	-0.0011210116994011304	0.018298795447626175	0.061261502299953544	12015.100151252593	0.9511519688405536	-0.03698960502419322	0.034747581625390954	ZKSCAN2	0.9581826592121311
fixed	ZNF765FALSE	0.001110851911470595	0.020675758375931396	-0.0537272631684328	12015.00248792725	0.9571533545465752	-0.03941697253456247	0.041638676357503665	ZNF765	0.9632112871702878
fixed	ZNF257FALSE	-3.813825757159354e-4	0.007559238175721946	0.05045251477071119	12015.014676207551	0.9597626275610942	-0.015198709811302738	0.014435944659870865	ZNF257	0.9648193326588871
fixed	ZNF677FALSE	-8.994117224804045e-4	0.02085135117911827	0.04313445755885243	12015.017253805767	0.9655950684591641	-0.04177142640654597	0.03997260296158516	ZNF677	0.9696607319053079
fixed	EHMT2FALSE	-2.676865790884771e-4	0.006930554947757879	0.03862411900724877	12015.014534384101	0.9691907141526317	-0.013852693189289401	0.013317320031112448	EHMT2	0.9712268290983305
fixed	ZNF674FALSE	5.104157627520244e-4	0.012808725168921028	-0.03984906819536518	12015.002701713776	0.9682141185969273	-0.024596753492373367	0.025617585017877417	ZNF674	0.9712268290983305
fixed	KLF12FALSE	-1.6956385294722567e-4	0.006377530084890299	0.026587699421278758	12015.10554139204	0.9787890257848602	-0.01267055243855892	0.012331424732664468	KLF12	0.9787890257848602
fixed	ISL1FALSE	-2.1983671135183662e-4	0.00796768521481413	0.027591038730182184	12015.039890162348	0.9779887872334696	-0.015837786082527977	0.015398112659824305	ISL1	0.9787890257848602
