effect	term	estimate	std.error	statistic	df	p_value	conf.low	conf.high	variable	p_adj
fixed	TAF1FALSE	-0.22162210012150418	0.006636322725255474	33.39531684890634	21434.044165874042	2.0229635073933938e-238	-0.23462978818665928	-0.2086144120563491	TAF1	1.9946420182898863e-235
fixed	MAZFALSE	-0.2124572828066273	0.006425064932775273	33.066947187233716	21434.284634894633	6.559285753917779e-234	-0.22505088981625931	-0.19986367579699527	MAZ	3.233727876681465e-231
fixed	SP1FALSE	-0.20345930330707082	0.006303497488095771	32.27720859591141	21434.397392420982	3.1694576627838247e-223	-0.21581462904436396	-0.19110397756977768	SP1	1.0416950851682838e-220
fixed	EP300FALSE	-0.19811611999117004	0.006198794915959097	31.960424998270312	21434.317699781754	5.2600711706537844e-219	-0.21026622087184293	-0.18596601911049715	EP300	1.2966075435661579e-216
fixed	MAXFALSE	-0.22474579263504482	0.007100805155669708	31.650747726205996	21434.163781209474	6.454146646385655e-215	-0.23866390094158926	-0.21082768432850038	MAX	1.272757718667251e-212
fixed	TCF12FALSE	-0.19347592676452208	0.0062474361946851876	30.96885197949132	21434.248888933158	4.8470480769843166e-206	-0.20572136818561626	-0.1812304853434279	TCF12	7.96531567317756e-204
fixed	SMARCC1FALSE	-0.18900980463901487	0.006121087275370049	30.878469156868594	21434.1321146806	7.058474786345723e-205	-0.20100759274780353	-0.17701201653022622	SMARCC1	9.942365913338404e-203
fixed	RESTFALSE	-0.19237900566658542	0.006287271449492302	30.5981707982594	21434.18221737586	2.7311142706127565e-201	-0.2047025271636592	-0.18005548416951164	REST	3.3660983385302224e-199
fixed	CDK8FALSE	-0.1762750775602421	0.0058172502115957595	30.302130929294716	21434.331409062626	1.5593517947622546e-197	-0.18767732233115422	-0.16487283278933	CDK8	1.7083565218173145e-195
fixed	YY1FALSE	-0.2055704132417551	0.006836512276978073	30.06948644472016	21434.128462180193	1.323362215243249e-194	-0.21897048777314557	-0.19217033871036462	YY1	1.3048351442298433e-192
fixed	ETS1FALSE	-0.18082069956701138	0.006170703331038903	29.303093969446802	21434.202122972947	4.196885960587791e-185	-0.19291573884740942	-0.16872566028661334	ETS1	3.7619359610359654e-183
fixed	RUNX1FALSE	-0.18598885288029013	0.0063498157300239085	29.29043310672416	21434.154164220043	5.997944009320949e-185	-0.19843496583816306	-0.1735427399224172	RUNX1	4.928310660992047e-183
fixed	KDM5BFALSE	-0.18574852985743193	0.006358142312586211	29.21427686350066	21434.404326716478	5.121572347100997e-184	-0.19821096353064102	-0.17328609618422283	KDM5B	3.8845156417242946e-182
fixed	BRD2FALSE	-0.18559186848607664	0.0064177488632771755	28.918530849352297	21434.199719155207	2.020297923329382e-180	-0.1981711354560365	-0.17301260151611678	BRD2	1.4228669660019791e-178
fixed	SIN3AFALSE	-0.1865180130222169	0.006458825727671633	28.87800675951285	21434.137431451043	6.244954886824392e-180	-0.19917779371557856	-0.17385823232885525	SIN3A	4.1050170122725666e-178
fixed	SMAD3FALSE	-0.18039954503952935	0.0062519053025267245	28.855130765755582	21434.216069784645	1.1800556908305754e-179	-0.19265374624674897	-0.16814534383230972	SMAD3	7.272093194743421e-178
fixed	TBPFALSE	-0.17789817593288776	0.00617122269796595	28.827054967814306	21434.22775539369	2.575333312916741e-179	-0.18999423321042583	-0.1658021186553497	TBP	1.4936933214917099e-177
fixed	BCORFALSE	-0.1791017691288251	0.006217633991150523	28.805453872604645	21434.039831754468	4.692724445932005e-179	-0.19128879601245236	-0.16691474224519787	BCOR	2.5705701687160873e-177
fixed	RAD21FALSE	-0.1668117896182801	0.005838411171873724	28.571435739553287	21434.023351133448	3.0387752458187823e-176	-0.17825551146064897	-0.15536806777591125	RAD21	1.5769644170406942e-174
fixed	CREB1FALSE	-0.17609955970162872	0.006246390197114823	28.19221248505549	21434.211318321475	9.846202797769922e-172	-0.18834295089059502	-0.1638561685126624	CREB1	4.854177979300571e-170
fixed	JUNFALSE	-0.18480075798972082	0.0065633445561272125	28.156491924105982	21434.28720704177	2.6016839576027287e-171	-0.19766540338598312	-0.1719361125934585	JUN	1.2215525629506144e-169
fixed	EGR1FALSE	-0.16892387461628833	0.006003898128432904	28.135699674234758	21434.257056398004	4.577904368899005e-171	-0.18069196324293252	-0.15715578598964414	EGR1	2.0517335035156451e-169
fixed	KDM1AFALSE	-0.16292652302979274	0.005826117591617419	27.96485317498747	21434.271986431584	4.685757832026033e-169	-0.17434614852943514	-0.15150689753015034	KDM1A	2.0087640097294212e-167
fixed	HDAC2FALSE	-0.17594397993578065	0.006306031927372333	27.900902177812938	21434.1053718591	2.632125602016354e-168	-0.18830427337280345	-0.16358368649875785	HDAC2	1.0813649348283854e-166
fixed	NR3C1FALSE	-0.1718171427153455	0.0061600274598182575	27.892268960829394	21434.266382896334	3.321572461550131e-168	-0.18389125648896532	-0.1597430289417257	NR3C1	1.3100281788353717e-166
fixed	ELF1FALSE	-0.174313541215386	0.006286402803731361	27.728662425500374	21434.349454475978	2.6977478079888552e-166	-0.18663536009647944	-0.16199172233429257	ELF1	1.023068976414235e-164
fixed	JUNDFALSE	-0.1625062452871393	0.005914038109837672	27.478051759054317	21434.339164791854	2.1676251279070605e-163	-0.17409820156522343	-0.15091428900905518	JUND	7.915845837468006e-162
fixed	SMARCB1FALSE	-0.1589618185068395	0.005787839307567092	27.464794729012407	21434.273082668355	3.083050517120522e-163	-0.17030641571157698	-0.147617221302102	SMARCB1	1.085674217814584e-161
fixed	SUPT5HFALSE	-0.1701246377159689	0.006242893689794012	27.250926600606945	21434.398238206384	8.862280899540016e-161	-0.1823611754834847	-0.15788809994845307	SUPT5H	3.0131755058436054e-159
fixed	E2F1FALSE	-0.16990324125686457	0.0062440660489047565	27.210352985722587	21434.278541533033	2.582070600846638e-160	-0.18214207693963308	-0.15766440557409606	E2F1	8.486405374782617e-159
fixed	POU5F1FALSE	-0.17228602048045852	0.006336116548187972	27.191106598209526	21434.157230304954	4.2860091803940074e-160	-0.18470528201894434	-0.1598667589419727	POU5F1	1.36322743608661e-158
fixed	MED1FALSE	-0.16770600614923817	0.0061745282905671115	27.160942222168504	21434.166680523133	9.476989574571783e-160	-0.17980854263704216	-0.15560346966143418	MED1	2.9200974126649306e-158
fixed	STAT3FALSE	-0.16427577612741578	0.006070031499398638	27.063414109744027	21434.174739305712	1.2259149760056891e-158	-0.176173491101734	-0.15237806115309757	STAT3	3.6628853525503315e-157
fixed	GATA2FALSE	-0.1526312661710356	0.005652867985082627	27.00067763369227	21434.303036678524	6.333638910086696e-158	-0.16371130950489488	-0.1415512228371763	GATA2	1.836755283925142e-156
fixed	KMT2AFALSE	-0.15929191454360145	0.005900514959319258	26.996273315436007	21434.10814699531	7.107036689352779e-158	-0.1708573644439773	-0.14772646464322559	KMT2A	2.00215376448624e-156
fixed	ERGFALSE	-0.1691610000216171	0.006281844167267689	26.928557206664088	21434.143688378652	4.1653876593206544e-157	-0.18147388364153788	-0.15684811640169632	ERG	1.1408533978028237e-155
fixed	ZBTB7AFALSE	-0.160843787729419	0.005981247813191022	26.89134320345242	21434.152325730072	1.098840547886324e-156	-0.17256748005018596	-0.14912009540865206	ZBTB7A	2.928261568151123e-155
fixed	CREBBPFALSE	-0.154303239349628	0.005798900068765591	26.609053013475098	21434.16916542921	1.6553898385077362e-153	-0.16566951647530284	-0.14293696222395316	CREBBP	4.295301002022705e-152
fixed	CDK9FALSE	-0.15381698541441444	0.005793472818823102	26.550048688354963	21434.374851524062	7.571507149649156e-153	-0.16517262471880764	-0.14246134611002123	CDK9	1.9142323203984787e-151
fixed	ARID2FALSE	-0.16015480346093058	0.006067144801920477	26.39706298261344	21434.37393210706	3.844494538525135e-151	-0.17204686028640745	-0.14826274663545372	ARID2	9.245540524355567e-150
fixed	KLF5FALSE	-0.14782597736932257	0.005599901826041034	26.397958743114465	21434.52280665645	3.757185858401482e-151	-0.158802203070277	-0.13684975166836813	KLF5	9.245540524355567e-150
fixed	FOXP1FALSE	-0.14509881747046832	0.005505366106888771	26.35588890063254	21434.365259375194	1.1023582166537536e-150	-0.15588974610776538	-0.13430788883317127	FOXP1	2.5879171467157167e-149
fixed	SMC1AFALSE	-0.1417674271826542	0.0053834175319596375	26.334094716047208	21434.136352504636	1.9241168302403497e-150	-0.15231932751395014	-0.13121552685135826	SMC1A	4.412044638644151e-149
fixed	MYCNFALSE	-0.16680728226830013	0.006344986248107174	26.28962077231638	21434.183428162494	5.987451058950904e-150	-0.17924392908005038	-0.1543706354565499	MYCN	1.3417333509376343e-148
fixed	RELAFALSE	-0.1605194827092541	0.006119297354548519	26.231685340464583	21434.20939318447	2.620075747306959e-149	-0.17251376243714073	-0.14852520298136745	RELA	5.7408770818770254e-148
fixed	HDAC1FALSE	-0.15646669513573658	0.005973145679653095	26.195024117480383	21434.069287187063	6.657547484840519e-149	-0.16817450667236172	-0.14475888359911143	HDAC1	1.4270308304462503e-147
fixed	SMC3FALSE	-0.14630151189413937	0.005601456627119421	26.118476252377178	21434.270261213514	4.647145755842521e-148	-0.1572807851286033	-0.13532223865967544	SMC3	9.749118543107928e-147
fixed	KMT2BFALSE	-0.14477417431479198	0.005545582478630014	26.1062160508263	21434.306008217412	6.340582354720244e-148	-0.15564393004522445	-0.1339044185843595	KMT2B	1.3024612920321168e-146
fixed	KDM4AFALSE	-0.14601303177697503	0.005600572864219653	26.071088675554535	21434.255557844062	1.5432960181561115e-147	-0.15699057277059253	-0.13503549078335753	KDM4A	3.1054895385753594e-146
fixed	RNF2FALSE	-0.15145971692046123	0.005839837386816195	25.935605204074893	21434.21278479655	4.7193171036699575e-146	-0.16290623424489775	-0.1400131995960247	RNF2	9.306493328437155e-145
fixed	NELFEFALSE	-0.15781538070376866	0.006113866433558736	25.8126968292155	21434.411782922303	1.035484637830254e-144	-0.1697990154146118	-0.14583174599292553	NELFE	2.0019369664718243e-143
fixed	ARID1AFALSE	-0.14393855559104213	0.005584311562471698	25.77552380106328	21434.23987965209	2.628151947972925e-144	-0.154884223219498	-0.13299288796258626	ARID1A	4.983380424425584e-143
fixed	STAT1FALSE	-0.14840389876715482	0.00576503142309865	25.742079769513055	21434.275813323686	6.068668488191976e-144	-0.1597037908152514	-0.13710400671905823	STAT1	1.1290013451617524e-142
fixed	CBFBFALSE	-0.15237310731208825	0.005929814671282725	25.696099416059358	21434.428401512396	1.914427760613972e-143	-0.16399598682585878	-0.14075022779831772	CBFB	3.495603281417364e-142
fixed	BRD9FALSE	-0.14161192449494464	0.0055508784619833695	25.511624054608767	21434.271042294946	1.8858176338734304e-141	-0.1524920607491875	-0.13073178824070178	BRD9	3.380756703634913e-140
fixed	GATA3FALSE	-0.13868496124599938	0.005441091297415762	25.488445913757705	21434.004080974624	3.349934661759602e-141	-0.1493499064676868	-0.12802001602431196	GATA3	5.898277815169584e-140
fixed	GTF2BFALSE	-0.13571519579304583	0.005327105979274642	25.476346128845986	21434.552166869344	4.520145989693351e-141	-0.14615672126497312	-0.12527367032111855	GTF2B	7.819059554101131e-140
fixed	HNF4AFALSE	-0.14003402939839119	0.005506400080812858	25.431139645363235	21434.112596061554	1.3835986771357123e-140	-0.15082698470896758	-0.1292410740878148	HNF4A	2.352117751130711e-139
fixed	KLF9FALSE	-0.14526268904828066	0.005723059041697035	25.382000777892817	21434.194018348277	4.657568520149453e-140	-0.1564803120972868	-0.13404506599927452	KLF9	7.783665357402306e-139
fixed	PHF8FALSE	-0.15218756288054153	0.006019258920129843	25.28343852622619	21434.228994724162	5.280035551901264e-139	-0.16398575980673297	-0.1403893659543501	PHF8	8.67685842362441e-138
fixed	INTS11FALSE	-0.1376894992209284	0.00546145956485039	25.21111757506901	21434.56427532158	3.11810271216406e-138	-0.14839436775185857	-0.12698463068999824	INTS11	5.040080777366825e-137
fixed	MYOD1FALSE	-0.14419514148222143	0.005729607623143845	25.16666951149812	21434.478284958688	9.266080640243517e-138	-0.1554256002314195	-0.13296468273302336	MYOD1	1.4736057276258238e-136
fixed	BAF155FALSE	-0.1339925322743317	0.005359901533578534	24.999066015466834	21434.3007759822	5.5388932194044e-136	-0.14449833948835858	-0.12348672506030481	BAF155	8.668807483067839e-135
fixed	MXI1FALSE	-0.1454109702306856	0.0058194864368103965	24.986907660941974	21434.604959110573	7.444475972047837e-136	-0.1568175981617698	-0.13400434229960143	MXI1	1.1469145794436198e-134
fixed	ARNTFALSE	-0.14691192682667195	0.005884191728059417	24.967222962179534	21434.274381356016	1.2013894683401042e-135	-0.1584453819699029	-0.135378471683441	ARNT	1.8224154088974503e-134
fixed	HIF1AFALSE	-0.14168659320587954	0.005691989292440849	24.89228034811029	21434.564510523836	7.403755118675948e-135	-0.15284331721554872	-0.13052986919621035	HIF1A	1.1060761434870431e-133
fixed	TRIM24FALSE	-0.1408336915025149	0.005668097057346477	24.846732523745153	21434.231357603785	2.230501220380337e-134	-0.15194358495721963	-0.12972379804781017	TRIM24	3.2824988108880783e-133
fixed	RBPJFALSE	-0.1416553052416084	0.005710996920056699	24.80395405995107	21434.516977097952	6.27232480949509e-134	-0.1528492856220247	-0.1304613248611921	RBPJ	9.09487097376788e-133
fixed	MYCFALSE	-0.1462640254198041	0.005935224598156959	24.643385098724465	21434.301384045637	2.995446947307353e-132	-0.1578975087980811	-0.1346305420415271	MYC	4.2804502754276085e-131
fixed	PGRFALSE	-0.14406360399666254	0.005855250290742278	24.60417520057873	21434.5233278493	7.671632473885859e-132	-0.15554033175424792	-0.13258687623907717	PGR	1.0806042313216366e-130
fixed	SP4FALSE	-0.13611162573694513	0.005568562379614906	24.44286630158176	21434.681190578078	3.620470637090012e-130	-0.14702642377836078	-0.12519682769552948	SP4	5.027864856578524e-129
fixed	TEAD4FALSE	-0.1327398750343962	0.005440244247686235	24.399616816993312	21434.272705604864	1.013516661850198e-129	-0.14340315996781888	-0.1220765901009735	TEAD4	1.3879547619226325e-128
fixed	ATF3FALSE	-0.13835896050510443	0.005689854071517134	24.316785415941716	21434.459725908342	7.242508138361727e-129	-0.14951149932541413	-0.12720642168479473	ATF3	9.782346608800907e-128
fixed	ZNF143FALSE	-0.1469719527881548	0.006058324989273807	24.25950292339333	21434.622078525088	2.8113381965645444e-128	-0.15884672211453454	-0.13509718346177507	ZNF143	3.7459181916387034e-127
fixed	MYBFALSE	-0.13481574141116498	0.005570257889666067	24.20278272237178	21434.315191735033	1.0737447750045734e-127	-0.14573386278940426	-0.1238976200329257	MYB	1.4116164642060125e-126
fixed	FLI1FALSE	-0.1383946964171565	0.005766332192586066	24.00047236180642	21434.347118202484	1.247909842607882e-125	-0.14969713806844992	-0.12709225476586306	FLI1	1.6189988221202257e-124
fixed	STAG1FALSE	-0.13016569597632033	0.005444969638618184	23.90567893218842	21434.32966520158	1.1435394947670366e-124	-0.14083824302719988	-0.11949314892544079	STAG1	1.464324599792595e-123
fixed	SKIFALSE	-0.12308741753342521	0.005155962927864658	23.872828268065508	21434.218257533565	2.4593738824649106e-124	-0.13319348985494922	-0.1129813452119012	SKI	3.1089008309107713e-123
fixed	NELFAFALSE	-0.1325269547353258	0.005552193962600208	23.869294845971243	21434.752716956704	2.670114220767678e-124	-0.14340966945519212	-0.12164424001545947	NELFA	3.332572938831558e-123
fixed	RBBP5FALSE	-0.13505178438973967	0.005683234678070866	23.76318980999427	21434.220955718334	3.1450390494051344e-123	-0.1461913487116569	-0.12391222006782243	RBBP5	3.876260628391828e-122
fixed	CHD2FALSE	-0.13756541001294384	0.005834131338952897	23.579416029676477	21434.649504533536	2.197814663291752e-121	-0.14900074304435443	-0.12613007698153325	CHD2	2.67536451605638e-120
fixed	ARNTLFALSE	-0.1286666254387908	0.005459194187794379	23.56879440677574	21434.41566954453	2.8066917583634827e-121	-0.13936705366573454	-0.11796619721184703	ARNTL	3.374875699690724e-120
fixed	SMC1FALSE	-0.1265651319356276	0.005371161849342447	23.563827619739676	21434.115105791963	3.1466951714649828e-121	-0.1370930102144767	-0.11603725365677851	SMC1	3.738122215740329e-120
fixed	HNRNPLLFALSE	-0.13378662181375256	0.005679258482220096	23.557058061821767	21434.422834748446	3.6768239006017016e-121	-0.14491839248898897	-0.12265485113851615	HNRNPLL	4.315890911896759e-120
fixed	SUZ12FALSE	-0.12837844896545303	0.005477283439768184	23.4383431818322	21434.48570970409	5.6059870315898e-120	-0.1391143334749453	-0.11764256445596073	SUZ12	6.502944956644168e-119
fixed	TP53FALSE	-0.13117865387990457	0.005603701002818312	23.409288578018327	21434.389243209047	1.0898648702573612e-119	-0.14216232625487657	-0.12019498150493256	TP53	1.2495427465973932e-118
fixed	CTCFLFALSE	-0.12232164718081873	0.005246347744229419	23.315581266103298	21434.06553238423	9.252277842441488e-119	-0.13260488049536456	-0.11203841386627289	CTCFL	1.0485914888100354e-117
fixed	NFKB1FALSE	-0.12722222152354704	0.005470447600096997	23.256272762998634	21434.20101531941	3.5669697471963885e-118	-0.13794470728492067	-0.1164997357621734	NFKB1	3.9966274667450446e-117
fixed	KDM4CFALSE	-0.1162963052862502	0.005012636642702447	23.200625454381978	21434.03400154826	1.2615562068966647e-117	-0.12612144739180925	-0.10647116318069118	KDM4C	1.397634179775406e-116
fixed	BHLHE40FALSE	-0.12898562325379043	0.005566323151518534	23.172500004532115	21434.34216320557	2.3860842709253012e-117	-0.1398960322506901	-0.11807521425689073	BHLHE40	2.614087879035941e-116
fixed	FOXA1FALSE	-0.12856267527121337	0.005560901291420311	23.119035662360616	21434.070222099377	7.998371229763933e-117	-0.13946245702529664	-0.11766289351713011	FOXA1	8.666367068733228e-116
fixed	TAL1FALSE	-0.11657150037609901	0.005044729866301496	23.107580279925372	21434.405971762746	1.0360516766391728e-116	-0.12645954758657335	-0.10668345316562466	TAL1	1.1103771230067657e-115
fixed	MED26FALSE	-0.13007061149185445	0.005630755234593097	23.10002940507037	21434.18812027614	1.2287317218124903e-116	-0.14110731218700145	-0.11903391079670744	MED26	1.3027198685022746e-115
fixed	RUNX1T1FALSE	-0.12858617558671567	0.005570862012457494	23.08191717891645	21434.47663458914	1.8492484647905094e-116	-0.1395054810860898	-0.11766687008734157	RUNX1T1	1.939743602429194e-115
fixed	EZH2FALSE	-0.1365013690433221	0.0059253006265285145	23.037036877451204	21434.22989769304	5.086407900874843e-116	-0.1481154006984008	-0.12488733738824344	EZH2	5.2791559897501e-115
fixed	SMARCA4FALSE	-0.13504270565554058	0.0058756377152512015	22.98349765592501	21434.057209218896	1.6964327678377713e-115	-0.14655939430155265	-0.12352601700952849	SMARCA4	1.742377821966711e-114
fixed	GTF2F1FALSE	-0.1298599723149563	0.005656513631118484	22.957599112030884	21434.652218693882	3.0348049887239234e-115	-0.14094716137705587	-0.11877278325285674	GTF2F1	3.084863627713184e-114
fixed	NANOGFALSE	-0.12467883415616457	0.005451165238011997	22.871960161243265	21434.307336353613	2.0682849991650244e-114	-0.13536352504509097	-0.11399414326723818	NANOG	2.0809479685476674e-113
fixed	SREBP2FALSE	-0.12457526529141935	0.005456871194078634	22.829064652762668	21434.2472311086	5.39476179389975e-114	-0.135271140281977	-0.1138793903008617	SREBP2	5.37296477655066e-113
fixed	SP2FALSE	-0.13036048392386024	0.005769590894209516	22.594406833020482	21434.496329516227	9.919620989439092e-112	-0.14166931286920695	-0.11905165497851353	SP2	9.780746295586944e-111
fixed	CHD1FALSE	-0.11744711833317698	0.005211399512987375	22.53657928939932	21434.16880733592	3.557629025773452e-111	-0.12766185050218407	-0.10723238616416989	CHD1	3.473091306349132e-110
fixed	TCF7L2FALSE	-0.12309288329245247	0.005467753156700625	22.51251652456266	21434.501728361618	6.046977637851805e-111	-0.1338100877350907	-0.11237567884981423	TCF7L2	5.845411716590078e-110
fixed	NELFCDFALSE	-0.11875942183032559	0.005277669350572262	22.502247477373402	21434.302142650547	7.582345621036216e-111	-0.12910404782558568	-0.1084147958350655	NELFCD	7.258439594506513e-110
fixed	NIPBLFALSE	-0.1224279030683686	0.005467616818763813	22.391456301074264	21434.24168283332	8.652458916486019e-110	-0.13314484028581328	-0.11171096585092391	NIPBL	8.203196626591552e-109
fixed	KLF1FALSE	-0.12067749252910391	0.005405714909375698	22.32405788174295	21434.602884681135	3.7836196355995574e-109	-0.13127309737201093	-0.11008188768619688	KLF1	3.552999010191585e-108
fixed	NRF1FALSE	-0.12597776195885238	0.005648490998433835	22.302905677601757	21434.44884023154	6.0067802042453325e-109	-0.13704922606781028	-0.11490629784989448	NRF1	5.587438944703677e-108
fixed	NCAPH2FALSE	-0.11640206749948925	0.005226059314921189	22.27339195464999	21434.201087467965	1.1440005166634e-108	-0.12664553397403008	-0.10615860102494844	NCAPH2	1.0541911303085162e-107
fixed	HSF1FALSE	-0.11653389880173537	0.005234030578363305	22.264657620356477	21434.190363282785	1.3840600614304814e-108	-0.1267929895481077	-0.10627480805536305	HSF1	1.2635955746022728e-107
fixed	DPF2FALSE	-0.11974573103770488	0.0054069184318400855	22.146761144490384	21434.15084119752	1.7980668574286947e-107	-0.13034369488712552	-0.10914776718828423	DPF2	1.6265081847932965e-106
fixed	`SMAD2-3`FALSE	-0.12026844899284496	0.005438314315612412	22.1150235188827	21434.461491138525	3.5778421386182776e-107	-0.13092795110999847	-0.10960894687569145	SMAD2-3	3.2070475897069284e-106
fixed	TCF3FALSE	-0.12439155973340485	0.005640980773669611	22.05140643521193	21434.169853014857	1.41713045126372e-106	-0.13544830324919108	-0.11333481621761861	TCF3	1.2588203828342596e-105
fixed	ARFALSE	-0.13428744020280134	0.006108767261701724	21.982739634672672	21434.103062054117	6.234422031720165e-106	-0.14626108016580638	-0.12231380023979631	AR	5.488517967210788e-105
fixed	ZNF217FALSE	-0.11927249747968019	0.005434573477540223	21.946984059117895	21434.272734789043	1.3460078029383885e-105	-0.1299246672801952	-0.10862032767916519	ZNF217	1.1744811448648239e-104
fixed	TFIIICFALSE	-0.11014629291782195	0.0050262434512259166	21.91423753876405	21434.102944599137	2.721025165476352e-105	-0.11999810538229691	-0.10029448045334699	TFIIIC	2.3534480817190202e-104
fixed	NCBP1FALSE	-0.1133562529327686	0.005181998607665114	21.875006443478043	21434.4093594887	6.314676231349547e-105	-0.12351335712560692	-0.10319914873993029	NCBP1	5.414148490531003e-104
fixed	NFE2FALSE	-0.11596713762909787	0.005330189753548238	21.75666214357567	21434.44342452899	7.934895361483033e-104	-0.12641470753184697	-0.10551956772634878	NFE2	6.744661057260578e-103
fixed	SMAD1FALSE	-0.11827749404904098	0.00546540820617162	21.641108877371735	21434.466110310408	9.27528183058038e-103	-0.12899010221455945	-0.1075648858835225	SMAD1	7.816605029873723e-102
fixed	ASH2LFALSE	-0.12388846863096181	0.005729380176513538	21.623363228507355	21434.630603043555	1.3515127296727145e-102	-0.13511848156327536	-0.11265845569864827	ASH2L	1.1293148741163529e-101
fixed	RCOR1FALSE	-0.11868860468638101	0.005516282128264608	21.516050471428624	21434.549343761933	1.308690000150893e-101	-0.1295009295353947	-0.10787627983736733	RCOR1	1.0843431429821686e-100
fixed	CDKN1BFALSE	-0.12057342381437637	0.00561708970623068	21.465461675043564	21434.50708418238	3.802221033236129e-101	-0.13158333904430775	-0.109563508584445	CDKN1B	3.1241582823090195e-100
fixed	STAG2FALSE	-0.10357658678994634	0.004829055598003836	21.448621720727612	21434.056110261212	5.420231312511102e-101	-0.11304189633963072	-0.09411127724026197	STAG2	4.416816590194998e-100
fixed	KLF6FALSE	-0.11931581801135421	0.005568274508313145	21.427790212788878	21434.279012940115	8.400371029850678e-101	-0.13023005181508893	-0.10840158420761949	KLF6	6.789152324125221e-100
fixed	POU2F1FALSE	-0.12245961638378675	0.005739827832761137	21.33506787169219	21434.47059992229	5.876909513826822e-100	-0.13371010750716636	-0.11120912526040713	POU2F1	4.711083561490444e-99
fixed	SMAD4FALSE	-0.10888576095609342	0.005127798788686273	21.234405920203752	21434.56546399674	4.812715097400062e-99	-0.11893662945268758	-0.09883489245949927	SMAD4	3.826884746803597e-98
fixed	NR2F2FALSE	-0.10885815848964162	0.005129244147769868	21.223040930303892	21434.02243476876	6.0990808616586885e-99	-0.1189118600123421	-0.09880445696694114	NR2F2	4.810954983676373e-98
fixed	HOXB13FALSE	-0.11302348006028776	0.0053273588550073305	21.215668614862295	21434.505734940132	7.110993411957168e-99	-0.12346550118880963	-0.10258145893176589	HOXB13	5.5646345271347355e-98
fixed	AFF4FALSE	-0.1167908845702277	0.005508202860975943	21.2030833863542	21434.536559844666	9.241048552687679e-99	-0.12758737345247426	-0.10599439568798114	AFF4	7.174546356653584e-98
fixed	CBX1FALSE	-0.11230782971221445	0.005309796510358097	21.151060966861856	21434.66203178464	2.7252413567932476e-98	-0.12271542732962779	-0.10190023209480112	CBX1	2.0992874826547986e-97
fixed	CEBPDFALSE	-0.1107877137250458	0.005241595425257107	21.136258092565683	21434.49133100116	3.705618844927931e-98	-0.12106163212803275	-0.10051379532205884	CEBPD	2.832356729534062e-97
fixed	E2F4FALSE	-0.11709712593461194	0.0055500667347533495	21.098327557284023	21434.664080413382	8.135596725550047e-98	-0.12797567113160982	-0.10621858073761406	E2F4	6.170537208763343e-97
fixed	OLIG2FALSE	-0.11222754443556718	0.005382106370064164	20.851974435100068	21434.691431376432	1.301229563370071e-95	-0.12277687477621871	-0.10167821409491565	OLIG2	9.793987400632747e-95
fixed	TFAP2CFALSE	-0.10735339978316191	0.005204375819978419	20.627526430942314	21434.441681178447	1.2612968563338691e-93	-0.11755436498209426	-0.09715243458422956	TFAP2C	9.421505305645417e-93
fixed	BRD3FALSE	-0.11736913075601457	0.005692587851659495	20.61788659472322	21434.432511485367	1.5334640020153433e-93	-0.12852702799032448	-0.10621123352170468	BRD3	1.1368387263061117e-92
fixed	NFE2L2FALSE	-0.11137473227741085	0.005405009237517901	20.605835694844544	21434.867868048317	1.957409340122713e-93	-0.12196895394339133	-0.10078051061143037	NFE2L2	1.4403026935529813e-92
fixed	RB1FALSE	-0.11042457977254598	0.005372822635755136	20.55243347094522	21434.524965505	5.765351985536558e-93	-0.12095571330539977	-0.0998934462396922	RB1	4.210842264991886e-92
fixed	ZNF263FALSE	-0.10726377032767215	0.005221941574104992	20.54097480898309	21434.47957102549	7.266720000886866e-93	-0.11749916571524169	-0.09702837494010261	ZNF263	5.268372000642978e-92
fixed	ZFP64FALSE	-0.11221620636907366	0.005469463860805609	20.516856720312088	21434.364611491557	1.1822844587839259e-92	-0.12293676392336197	-0.10149564881478534	ZFP64	8.508996177817159e-92
fixed	ATRXFALSE	-0.10639306409035773	0.005186459649236466	20.51362032788987	21434.26680614324	1.262038805951382e-92	-0.11655891226158441	-0.09622721591913105	ATRX	9.017175816435236e-92
fixed	TP63FALSE	-0.10805764983134516	0.005274380035558583	20.48727037165446	21434.245539098105	2.1463806525837346e-92	-0.11839582852511665	-0.09771947113757368	TP63	1.5225405204658723e-91
fixed	MNX1FALSE	-0.10667329766884985	0.005211924030858599	20.46716280537895	21434.240470777142	3.217448098061508e-92	-0.11688905793012028	-0.09645753740757942	MNX1	2.266002731920462e-91
fixed	ZFXFALSE	-0.10534454912608218	0.005150378674394655	20.45374831365458	21434.19726026138	4.2141219489010376e-92	-0.11543967589440116	-0.09524942235776321	ZFX	2.9468966252598747e-91
fixed	E2F6FALSE	-0.1182337743153283	0.005783273419763597	20.444092079630803	21434.42663415964	5.11696707304854e-92	-0.12956942203446292	-0.10689812659619369	E2F6	3.5530489676238457e-91
fixed	CREMFALSE	-0.11249916093983435	0.005505043195485557	20.435654534389474	21434.52342400574	6.062491980273072e-92	-0.12328945664217403	-0.10170886523749467	CREM	4.180151812971503e-91
fixed	CEBPAFALSE	-0.10795828102518629	0.005288442939685476	20.41400129611817	21434.527822189157	9.364966492383708e-92	-0.11832402405337744	-0.09759253799699513	CEBPA	6.412400667701622e-91
fixed	TARDBPFALSE	-0.11164112527068501	0.005484621258251757	20.355302584060475	21434.432017216564	3.0374180564778094e-91	-0.12239139245381231	-0.10089085808755771	TARDBP	2.0654442784049104e-90
fixed	FOXO1FALSE	-0.10179772256133673	0.0050036920512969325	20.344521908567746	21434.182790582818	3.7688704122188837e-91	-0.11160533259601738	-0.09199011252665609	FOXO1	2.545278237293027e-90
fixed	ATXN7L3FALSE	-0.1011328000065076	0.004982903901295191	20.295956335866816	21434.206897541335	9.947475052729137e-91	-0.1108996637143613	-0.09136593629865389	ATXN7L3	6.67225197414349e-90
fixed	TBX2FALSE	-0.1071773609411416	0.00528453074464261	20.281339274976617	21434.46265212489	1.3316070058681288e-90	-0.11753543577671957	-0.09681928610556362	TBX2	8.871381809364697e-90
fixed	BCL11AFALSE	-0.11160252912426696	0.005512707308709479	20.244595418288775	21434.451615249232	2.7696019484459314e-90	-0.12240784706281792	-0.10079721118571601	BCL11A	1.8327701484346902e-89
fixed	ESR1FALSE	-0.11753402267927973	0.005815844593993523	20.209278425470014	21434.644797053497	5.592162626939766e-90	-0.12893351232532635	-0.10613453303323313	ESR1	3.6759149001084064e-89
fixed	KLF4FALSE	-0.104573678894861	0.00520411759740544	20.094411192206177	21434.42166753477	5.452711529949845e-89	-0.11477413795880761	-0.09437321983091437	KLF4	3.5605122970400977e-88
fixed	UBTFFALSE	-0.09739972183645687	0.004856522669415934	20.05544470117146	21434.08696634732	1.1773496405821374e-88	-0.1069188688962559	-0.08788057477665784	UBTF	7.637281221144653e-88
fixed	ZNF891FALSE	-0.10407366938385829	0.005198665218123134	20.019305921267197	21434.24563068716	2.4008560779534674e-88	-0.11426344138202768	-0.09388389738568889	ZNF891	1.5472183613477902e-87
fixed	MTA1FALSE	-0.10706140061476664	0.005351176588894895	20.007076730928173	21434.63009221619	3.0545887401343406e-88	-0.11755010627664725	-0.09657269495288603	MTA1	1.95573019335874e-87
fixed	NONOFALSE	-0.10731880817784498	0.00537322838158261	19.97287302093713	21434.430564091243	5.986764800800468e-88	-0.1178507370054354	-0.09678687935025455	NONO	3.808354899089846e-87
fixed	VDRFALSE	-0.1047163330594643	0.005246435775031704	19.95951871894048	21434.40687016784	7.783239459664742e-88	-0.11499973891170778	-0.09443292720722082	VDR	4.9194064789932275e-87
fixed	RBM39FALSE	-0.1077967742317298	0.005420262294992484	19.887741287228476	21434.489825569293	3.180264532242383e-87	-0.11842089303979841	-0.09717265542366119	RBM39	1.9972871520961717e-86
fixed	ZNF175FALSE	-0.10294951276171806	0.0052061706718671665	19.774517442931955	21434.254117297103	2.9004848325297015e-86	-0.11315399600941006	-0.09274502951402605	ZNF175	1.8100493954900542e-85
fixed	SP5FALSE	-0.10498150749495978	0.005313111826853659	19.758949353250895	21434.50365425292	3.92689177097939e-86	-0.1153956033845886	-0.09456741160533097	SP5	2.4351668466576593e-85
fixed	GATA6FALSE	-0.1024895455352569	0.005187979327029326	19.75519543828698	21434.14590421956	4.224508157501086e-86	-0.11265837239166689	-0.0923207186788469	GATA6	2.603353152060044e-85
fixed	ZEB1FALSE	-0.10870159267637237	0.005508477237375416	19.733510368132997	21434.398537107376	6.439591055237284e-86	-0.11949861936077463	-0.09790456599197012	ZEB1	3.9437495530832064e-85
fixed	ZSCAN22FALSE	-0.10373912982087038	0.005278249771166335	19.65407745339553	21434.832603784987	3.0051246089371607e-85	-0.11408489346937456	-0.09339336617236621	ZSCAN22	1.8290449780321238e-84
fixed	INTS13FALSE	-0.10181575753769678	0.005200072997501513	19.57967851347786	21434.525656317022	1.265160680036029e-84	-0.11200828888104333	-0.09162322619435023	INTS13	7.653057855923463e-84
fixed	FOXA2FALSE	-0.10417105526658027	0.005332588288736928	19.534801793455937	21434.48177800351	3.003334207176997e-84	-0.11462332647633289	-0.09371878405682765	FOXA2	1.805663126997877e-83
fixed	GABPAFALSE	-0.10846416078613043	0.005553497448499139	19.530784301601404	21434.196321972435	3.2447773882019186e-84	-0.11934943045163958	-0.09757889112062128	GABPA	1.9390003059194494e-83
fixed	IRF4FALSE	-0.10328211936492666	0.005288367284443375	19.530057919529995	21434.506364693865	3.2903616994758894e-84	-0.11364771410378041	-0.09291652462607292	IRF4	1.9543955636645948e-83
fixed	MED12FALSE	-0.09906846571308575	0.005094623783074217	19.44568822573695	21434.79628655828	1.6622679741024084e-83	-0.1090543087155722	-0.0890826227105993	MED12	9.814348637514819e-83
fixed	PHIPFALSE	-0.09471696500201451	0.004887663060678713	19.37878364898211	21434.012548686904	5.977125456202102e-83	-0.10429714955576352	-0.0851367804482655	PHIP	3.508003392747186e-82
fixed	PMLFALSE	-0.1016579152159538	0.005249336442912945	19.365860108509658	21434.426301933378	7.649281113765846e-83	-0.11194700659330058	-0.09136882383860702	PML	4.4628350166704875e-82
fixed	WDR5FALSE	-0.09602937533633021	0.0049619556015834485	19.35313071033637	21434.139672210298	9.75203216674198e-83	-0.10575517881431293	-0.0863035718583475	WDR5	5.656178656710349e-82
fixed	TFDP2FALSE	-0.1016959491600383	0.0052624981259253	19.324652803017806	21434.27851026386	1.6780062609147916e-82	-0.1120108384228416	-0.091381059897235	TFDP2	9.675521481064237e-82
fixed	GLIS2FALSE	-0.0968417769353684	0.005026706746637976	19.26545187863591	21434.181291319313	5.172705979397603e-82	-0.1066944974914106	-0.08698905637932619	GLIS2	2.965283776561649e-81
fixed	CTBP1FALSE	-0.10217718705083552	0.00531763516427197	19.214779482680896	21434.414594432783	1.352235967662339e-81	-0.1126001490219895	-0.09175422507968153	CTBP1	7.706963376387666e-81
fixed	TFAP4FALSE	-0.09465027199967324	0.004941850018108672	19.15280141097796	21434.77868750217	4.365780516104676e-81	-0.10433666701649585	-0.08496387698285063	TFAP4	2.4739422924593165e-80
fixed	MYNNFALSE	-0.10201362948277917	0.005327027085787893	19.150199133573743	21434.598155880365	4.585696054928802e-81	-0.1124550003163167	-0.09157225864924165	MYNN	2.5837121772341704e-80
fixed	PPARGFALSE	-0.1001834637907005	0.0052824161055068306	18.96546235467155	21434.344139592708	1.4759281721964984e-79	-0.11053739377891304	-0.08982953380248797	PPARG	8.268552146509929e-79
fixed	PCBP1FALSE	-0.09790404098135075	0.0051647088011442695	18.95635257493309	21434.74961102138	1.7499885330675284e-79	-0.10802725585336387	-0.08778082610933763	PCBP1	9.74852369268126e-79
fixed	INO80FALSE	-0.0950049830851895	0.005045391351620448	18.83005231193342	21434.255690028967	1.841766514746009e-78	-0.10489432686019537	-0.08511563931018362	INO80	1.0202144851345871e-77
fixed	`MYC-DAXX`FALSE	-0.09207407840804357	0.0048922928002157135	18.820230547931185	21434.02944273401	2.2103249318447737e-78	-0.10166333759655431	-0.08248481921953284	MYC-DAXX	1.2175309401111436e-77
fixed	GATAD2BFALSE	-0.09143183660572125	0.0048617198127110855	18.806480037510692	21434.242838784732	2.85288564665854e-78	-0.1009611704505266	-0.0819025027609159	GATAD2B	1.5627473597807336e-77
fixed	HNRNPKFALSE	-0.09085897006980713	0.00484177718863334	18.76562397028711	21434.071993058573	6.08338531647258e-78	-0.10034921488662835	-0.08136872525298591	HNRNPK	3.3139325536143445e-77
fixed	FOXP4FALSE	-0.09642296147471797	0.00514439248800368	18.743313559291746	21434.49673789668	9.192257371202547e-78	-0.10650635486278044	-0.08633956808665551	FOXP4	4.97998119121193e-77
fixed	DRAP1FALSE	-0.09859436634408074	0.0052632779776390255	18.732502209261554	21434.322977173455	1.1226247787552065e-77	-0.10891078417326368	-0.0882779485148978	DRAP1	6.048677769686523e-77
fixed	SOX6FALSE	-0.09629502212752637	0.00515757547175992	18.670598744465412	21434.709779116998	3.518329611306765e-77	-0.10640425514239865	-0.0861857891126541	SOX6	1.8853657591024298e-76
fixed	FOSFALSE	-0.10024530280345632	0.005374447953670966	18.652204592470696	21434.641126130122	4.9368526650551735e-77	-0.11077962207755715	-0.0897109835293555	FOS	2.6312090420240004e-76
fixed	ZNF501FALSE	-0.09779366351672121	0.005244966666824175	18.645240232944175	21434.402951709246	5.6120250440628476e-77	-0.10807418980729083	-0.08751313722615159	ZNF501	2.9749767169064343e-76
fixed	ETV1FALSE	-0.090343980055533	0.004850332807910967	18.62634661031519	21434.06971767775	7.943934973934583e-77	-0.0998509945250286	-0.0808369655860374	ETV1	4.1886202589836887e-76
fixed	KDM3AFALSE	-0.09785056180577877	0.005268454677476458	18.572915170762805	21434.55900347552	2.1183191821552885e-76	-0.10817712634675013	-0.0875239972648074	KDM3A	1.1109908051091035e-75
fixed	RUVBL2FALSE	-0.09633567265145249	0.005189796377963832	18.562514911085756	21434.480814214687	2.563127430989561e-76	-0.10650806105439369	-0.08616328424851129	RUVBL2	1.3371659507702154e-75
fixed	TBX21FALSE	-0.0953506353131674	0.005139646528610774	18.551983056107225	21434.301421259002	3.108520053079241e-76	-0.1054247262716416	-0.0852765443546932	TBX21	1.613158301229543e-75
fixed	ZNF629FALSE	-0.09595871470937087	0.0051725387204381666	18.551570108158067	21434.61710343847	3.132051879743623e-76	-0.10609727681135846	-0.08582015260738328	ZNF629	1.6168602897524672e-75
fixed	BCL11BFALSE	-0.09894771618809083	0.005344342998859249	18.51447712267181	21434.302705074402	6.173523036924551e-76	-0.10942302751230426	-0.08847240486387739	BCL11B	3.170361309587296e-75
fixed	MEF2AFALSE	-0.09486698185391967	0.0051614945989638195	18.37975029034505	21434.597530834217	7.179956629392299e-75	-0.10498389665372493	-0.08475006705411442	MEF2A	3.668102195119589e-74
fixed	MYBL2FALSE	-0.09854188521102498	0.005367832962308057	18.35785239648255	21434.24015809768	1.0681210223455841e-74	-0.1090632386192587	-0.08802053180279126	MYBL2	5.428697567179103e-74
fixed	PAX5FALSE	-0.10089001579741476	0.005496945550160864	18.353832119450825	21434.388841215914	1.1488481633715354e-74	-0.1116644395141201	-0.09011559208070942	PAX5	5.809047636329917e-74
fixed	BCL6FALSE	-0.10094694441492952	0.0055018447448625975	18.347835879809175	21434.317716951107	1.2807142501183693e-74	-0.11173097092107738	-0.09016291790878166	BCL6	6.442776788860776e-74
fixed	NEUROD1FALSE	-0.10236821886184884	0.005598450567700312	18.28509828280914	21434.76177022099	3.983518671143033e-74	-0.11334159998118747	-0.09139483774251021	NEUROD1	1.993781426267528e-73
fixed	HEXIM1FALSE	-0.09093975376638883	0.004974864147751173	18.279846658224233	21434.207281458785	4.379866884723873e-74	-0.10069085895697756	-0.08118864857580009	HEXIM1	2.1810852264332017e-73
fixed	GATA4FALSE	-0.09245973331731012	0.0050716479637653005	18.230708041625594	21434.17803397229	1.0622349930300837e-73	-0.10240054201466452	-0.08251892461995573	GATA4	5.263134186571168e-73
fixed	ZNF777FALSE	-0.09123282645542634	0.0050054441430126394	18.22671951754431	21434.20547412123	1.1413176826438656e-73	-0.10104387072010808	-0.0814217821907446	ZNF777	5.626696175434257e-73
fixed	ZEB2FALSE	-0.09210894854810296	0.005078763092045629	18.1360986678753	21434.410360655478	5.810351215893851e-73	-0.1020637034220639	-0.08215419367414202	ZEB2	2.85025188998574e-72
fixed	AHRFALSE	-0.09542842554596932	0.005265010255659409	18.125021778142294	21434.89536959504	7.085197958058937e-73	-0.10574823875385383	-0.08510861233808481	AHR	3.4584184092307484e-72
fixed	SPI1FALSE	-0.09418646654915035	0.0052124428431602355	18.069544239270034	21434.42529238329	1.910440287264084e-72	-0.10440324371629542	-0.08396968938200527	SPI1	9.279281395282694e-72
fixed	CTCFFALSE	-0.09712467070587408	0.00539609786955633	17.99905655044387	21434.007281131722	6.708528129092286e-72	-0.10770142544927089	-0.08654791596247727	CTCF	3.2424552623946048e-71
fixed	CDK6FALSE	-0.09152353821863006	0.00510471854952115	17.929203604617037	21434.703867301698	2.318215060918378e-71	-0.10152916771950962	-0.0815179087177505	CDK6	1.1150049024709857e-70
fixed	FOXP2FALSE	-0.08995651937697757	0.005021038408881422	17.915919387881743	21434.373983021018	2.9332569633212832e-71	-0.09979812956277885	-0.0801149091911763	FOXP2	1.4039763911819345e-70
fixed	ZBED4FALSE	-0.09339223483907062	0.005217442044017926	17.900004264762227	21434.264398576004	3.887614268606433e-71	-0.1036188108175043	-0.08316565886063694	ZBED4	1.8517814825342717e-70
fixed	IRF1FALSE	-0.09418330539128121	0.005272140478498923	17.86433911907009	21434.724706185418	7.301784293016295e-71	-0.10451709437294844	-0.08384951640961398	IRF1	3.461326592747147e-70
fixed	KMT2DFALSE	-0.08935805983627375	0.00500567375612936	17.851355120148686	21434.652711616993	9.182520767760602e-71	-0.09916955414824807	-0.07954656552429942	KMT2D	4.332040898091844e-70
fixed	ZNF697FALSE	-0.08985204527737281	0.005051935393332334	17.785667923616305	21434.628439880296	2.9203154734405976e-70	-0.0997542158530356	-0.07994987470171003	ZNF697	1.3711576461011568e-69
fixed	NFAT5FALSE	-0.08986736462492326	0.00505495879575241	17.778060762916045	21434.398865919073	3.3381806874194104e-70	-0.09977546130106565	-0.07995926794878086	NFAT5	1.5599270890026249e-69
fixed	GRHL2FALSE	-0.08703473323312493	0.004903551113696674	17.749327215131533	21434.32749097026	5.529086371071572e-70	-0.09664605954915217	-0.07742340691709768	GRHL2	2.5715467744700805e-69
fixed	MTA2FALSE	-0.09336254505052342	0.005265438643048706	17.731199882801445	21434.797747184715	7.598329940995965e-70	-0.10368319793233041	-0.08304189216871644	MTA2	3.5173489773812305e-69
fixed	ELL2FALSE	-0.09043784880175995	0.005103646598394162	17.720241215411697	21434.823074257572	9.207115125490183e-70	-0.10044137719525173	-0.08043432040826817	ELL2	4.2421567821183734e-69
fixed	PATZ1FALSE	-0.08830900624607543	0.004992846623755409	17.68710575364182	21434.251041035437	1.6444729537072158e-69	-0.0980953584312119	-0.07852265406093897	PATZ1	7.541629452815417e-69
fixed	LDB1FALSE	-0.0890918400457167	0.005047170458836752	17.651838940714153	21434.38282336849	3.04520222677191e-69	-0.09898467100039407	-0.07919900909103933	LDB1	1.3900784238875478e-68
fixed	PRDM10FALSE	-0.09299105821422694	0.005276498201561948	17.623631177719297	21434.226074211278	4.980574548131124e-69	-0.1033333886720533	-0.08264872775640059	PRDM10	2.2630629052798563e-68
fixed	SIRT6FALSE	-0.08488272966323802	0.004818558316964503	17.615793787198722	21434.076077846934	5.709375444298126e-69	-0.09432746375777382	-0.07543799556870223	SIRT6	2.58231384774218e-68
fixed	ZBTB26FALSE	-0.08966661322905069	0.005094168585926879	17.60181503940862	21434.603924039737	7.282679607924028e-69	-0.09965156401620152	-0.07968166244189985	ZBTB26	3.2788685358050642e-68
fixed	ZNF341FALSE	-0.08475249529992847	0.004817989245889165	17.590843601870123	21434.3193203776	8.814800101051239e-69	-0.094196113966613	-0.07530887663324394	ZNF341	3.950633136198419e-68
fixed	TRIM25FALSE	-0.08362525511448328	0.0047623566743302094	17.559637136217766	21434.081644722923	1.5162918855597196e-68	-0.09295982979284101	-0.07429068043612555	TRIM25	6.764994566343365e-68
fixed	JMJD1CFALSE	-0.09028700386235458	0.0051570627653808095	17.50744715934974	21434.207456268963	3.748339157106036e-68	-0.10039523194782003	-0.08017877577688913	JMJD1C	1.664802886894843e-67
fixed	PAXIP1FALSE	-0.0889764778346886	0.005091771251106777	17.47456306395307	21434.470351409345	6.620844768936037e-68	-0.09895672967010591	-0.07899622599927128	PAXIP1	2.9274228440228398e-67
fixed	ZBTB7BFALSE	-0.0906177665915382	0.0052093821858363665	17.39510816424952	21434.400116467947	2.606524337948721e-67	-0.10082854464247737	-0.08040698854059902	ZBTB7B	1.147336159472071e-66
fixed	ZNF202FALSE	-0.08676946686307122	0.005020245953474067	17.28390753505329	21434.06227708239	1.7563242164335915e-66	-0.09660952378518509	-0.07692940994095734	ZNF202	7.696603010682317e-66
fixed	RFXAPFALSE	-0.08942606075058016	0.0051752693652172745	17.279498793165864	21434.841201104737	1.8937883242952581e-66	-0.09956997511423071	-0.0792821463869296	RFXAP	8.26228003431471e-66
fixed	PHF5AFALSE	-0.08953328680437336	0.005184492965079892	17.26943934680287	21434.398266849992	2.249159391666429e-66	-0.09969528012428662	-0.0793712934844601	PHF5A	9.769476476577528e-66
fixed	RARAFALSE	-0.08751173125120132	0.005073838813190294	17.247637237450252	21434.613424569106	3.2638234503346185e-66	-0.09745683416560652	-0.07756662833679612	RARA	1.4114604921183921e-65
fixed	ZNF142FALSE	-0.08614424825051192	0.005008332111370888	17.200186875572914	21434.31591510863	7.328245831754781e-66	-0.09596095314595703	-0.07632754335506682	ZNF142	3.1553058472097003e-65
fixed	JARID2FALSE	-0.08480007753901053	0.004951675513612131	17.12553201555626	21434.330682765645	2.6047413517051177e-65	-0.09450573127209239	-0.07509442380592868	JARID2	1.1166412925135852e-64
fixed	ISL2FALSE	-0.08818420691591311	0.005154128699127101	17.10943052913054	21434.35395316384	3.4217563198297827e-65	-0.09828668400854249	-0.07808172982328374	ISL2	1.4605418750442276e-64
fixed	TFE3FALSE	-0.08905647406248259	0.005207190354137256	17.10259621903869	21434.358508304827	3.841559933483014e-65	-0.0992629559607538	-0.07884999216421137	TFE3	1.6326629717302812e-64
fixed	USF1FALSE	-0.08942584780530903	0.0052303792004295135	17.097392823442988	21434.50650836684	4.195239320666115e-65	-0.09967778156975221	-0.07917391404086585	USF1	1.775324450719652e-64
fixed	GLIS1FALSE	-0.08525198448599842	0.004991838543676816	17.07827361403495	21434.434648287523	5.797142182230717e-65	-0.09503636075417712	-0.07546760821781973	GLIS1	2.4427274323416612e-64
fixed	CDK7FALSE	-0.08842758403466433	0.005180107935195953	17.070606470156356	21434.45836983329	6.599272901222114e-65	-0.09858098236698212	-0.07827418570234654	CDK7	2.7688864172787254e-64
fixed	IKZF3FALSE	-0.08259570910483958	0.00484179721713181	17.058894745238366	21434.10449643852	8.04319908308095e-65	-0.09208599317820058	-0.07310542503147859	IKZF3	3.360421311829583e-64
fixed	SS18FALSE	-0.08336950456728477	0.00488928703367838	17.051464557719573	21434.266861000007	9.118204026974e-65	-0.09295287222295172	-0.07378613691161783	SS18	3.793480662698888e-64
fixed	HCFC1FALSE	-0.0930812191297816	0.005463868859323575	17.035771085711055	21434.606521744714	1.188238213200835e-64	-0.10379081005657892	-0.08237162820298427	HCFC1	4.922701168974888e-64
fixed	CTNNB1FALSE	-0.08309964477788742	0.004888002416795809	17.000737252573014	21434.117594301635	2.1442224543214844e-64	-0.09268049449231354	-0.0735187950634613	CTNNB1	8.84603907933466e-64
fixed	TAF15FALSE	-0.08651369778923465	0.005090251646345371	16.995956938857546	21434.472888168228	2.3238219270962138e-64	-0.09649097108578981	-0.07653642449267949	TAF15	9.547035083820279e-64
fixed	CEBPBFALSE	-0.08536541595155255	0.005038601305590956	16.94228433133397	21434.55371184304	5.725974693234766e-64	-0.09524145072159171	-0.07548938118151338	CEBPB	2.342660185696879e-63
fixed	ZNF12FALSE	-0.08326110531893482	0.004930172101295504	16.888072791020065	21434.38053257475	1.419769204724957e-63	-0.09292461075701317	-0.07359759988085648	ZNF12	5.784679487019867e-63
fixed	HNRNPCFALSE	-0.08190535992217264	0.004861771393611783	16.84681431747156	21434.037692948605	2.828410409088449e-63	-0.09143479487454537	-0.07237592496979992	HNRNPC	1.1476595322474118e-62
fixed	TRIM28FALSE	-0.0847121243584478	0.005034549722399739	16.82615706059	21434.124626817305	3.9915097180476415e-63	-0.09458021773407325	-0.07484403098282234	TRIM28	1.612962533604498e-62
fixed	CXXC4FALSE	-0.0873202299958557	0.005193925340166431	16.811991755171757	21434.81759969062	5.053641549283391e-63	-0.09750071146397478	-0.07713974852773663	CXXC4	2.0338328847320098e-62
fixed	`SMAD3-HIF1A`FALSE	-0.0850129900385403	0.005057900840119946	16.8079590181377	21434.6230482807	5.404655517335371e-63	-0.09492685333546004	-0.07509912674162057	SMAD3-HIF1A	2.1662562358100307e-62
fixed	AGO1FALSE	-0.08690715660790083	0.005186586480252946	16.75613757502843	21434.446561645993	1.2790283136069036e-62	-0.09707325337257537	-0.07674105984322628	AGO1	5.105756749863996e-62
fixed	ZFP36FALSE	-0.08301789285417904	0.004956269204415207	16.750077413112262	21434.709592259507	1.4143334394388072e-62	-0.09273255055453386	-0.07330323515382423	ZFP36	5.6231160132526765e-62
fixed	KLF10FALSE	-0.08636787514782142	0.005163362825343829	16.727059102624686	21434.68791635053	2.071616654345651e-62	-0.09648845180841367	-0.07624729848722916	KLF10	8.203269161384787e-62
fixed	ZFYFALSE	-0.08583960842689088	0.005144551127970753	16.685538989044893	21434.346842022787	4.118590298362265e-62	-0.09592331276511606	-0.0757559040886657	ZFY	1.6243720136740773e-61
fixed	NOTCH1FALSE	-0.08750417623275793	0.005278225317286203	16.578332862407656	21434.537237975528	2.4098470554865846e-61	-0.09784989195788178	-0.07715846050763407	NOTCH1	9.466570504819811e-61
fixed	KLF8FALSE	-0.08379073872046737	0.00506350831370626	16.54796112285561	21434.487088149323	3.9671865094098495e-61	-0.09371559308785571	-0.07386588435307903	KLF8	1.5522404358246473e-60
fixed	NFYCFALSE	-0.08559851282986976	0.005173748007098899	16.5447781207009	21434.578704630265	4.179722749451524e-61	-0.09573944522503021	-0.0754575804347093	NFYC	1.6289354272566017e-60
fixed	SP7FALSE	-0.08278354835252935	0.005011225582809333	16.519621195364394	21434.37948074457	6.311715013832157e-61	-0.09260592466639568	-0.07296117203866302	SP7	2.4501381904088614e-60
fixed	HBP1FALSE	-0.0850883365551867	0.005156009004293331	16.50275173769769	21434.51071767855	8.318153713448449e-61	-0.0951944991821643	-0.0749821739282091	HBP1	3.2163527692000666e-60
fixed	HOXA3FALSE	-0.08581847286760728	0.005201232850687296	16.499640629676318	21434.33949563964	8.752374263064794e-61	-0.09601327761479962	-0.07562366812041495	HOXA3	3.3710316497585495e-60
fixed	NFATC1FALSE	-0.08371983700022798	0.005074722499144143	16.49742168450539	21434.93015146467	9.075545737184812e-61	-0.09366667199678366	-0.07377300200367229	NFATC1	3.4819019832156517e-60
fixed	ZNF276FALSE	-0.08486285707566209	0.0051469737016546484	16.487913479795008	21434.40135719011	1.060176309177172e-60	-0.09495130983774466	-0.07477440431357951	ZNF276	4.0516815536770997e-60
fixed	GMEB1FALSE	-0.0879074338244156	0.005332522824640888	16.485149096447724	21434.662237555458	1.1091496076590122e-60	-0.09835957671468273	-0.07745529093414846	GMEB1	4.222476884755931e-60
fixed	NFKBIZFALSE	-0.08552538997357072	0.005195559965411248	16.461245860493317	21434.46907869138	1.6386350225875145e-60	-0.09570907543856862	-0.07534170450857282	NFKBIZ	6.21420820104342e-60
fixed	IRF2FALSE	-0.08340070292853992	0.005087586377026983	16.392980236195324	21434.45113960319	4.979864375090523e-60	-0.0933727520987969	-0.07342865375828293	IRF2	1.8812820972564195e-59
fixed	SP3FALSE	-0.08404502965743908	0.0051275936633761385	16.390735143022564	21434.5321053378	5.164867288884395e-60	-0.09409549609399284	-0.07399456322088532	SP3	1.943724865206112e-59
fixed	ZNF660FALSE	-0.08214074494539564	0.005015344849008759	16.37788575228881	21434.26557864545	6.363527912567968e-60	-0.09197119533153478	-0.0723102945592565	ZNF660	2.3857180691224394e-59
fixed	NFYBFALSE	-0.08799957970482399	0.005378320208086441	16.361907863446728	21434.779212870202	8.246976828273651e-60	-0.09854148888286719	-0.07745767052678078	NFYB	3.080120891165841e-59
fixed	ZNF274FALSE	-0.0814081372737947	0.004981812989523042	16.34106648422961	21434.224504919308	1.156180012808183e-59	-0.0911728627126663	-0.071643411834923107	ZNF274	4.301862236335353e-59
fixed	ZSCAN30FALSE	-0.07878299176492394	0.0048243575601596665	16.330255538172953	21434.13492885431	1.3774114728754176e-59	-0.08823909280767535	-0.06932689072217253	ZSCAN30	5.105743279154743e-59
fixed	BRD4FALSE	-0.09747088978077914	0.005980074019900536	16.299278145456856	21434.34025193067	2.2733387182295515e-59	-0.1091922813732486	-0.08574949818830968	BRD4	8.395175940727857e-59
fixed	NCOR1FALSE	-0.08111768120894916	0.004994832185482768	16.240321635772602	21434.701327809442	5.884358836391492e-59	-0.09090792523171345	-0.07132743718618487	NCOR1	2.1649170942843323e-58
fixed	MAFFALSE	-0.08604021175317228	0.005301707508173346	16.22877377156867	21434.495190031783	7.086560109937892e-59	-0.09643195432690414	-0.07564846917944042	MAF	2.5975272373229596e-58
fixed	NR2F1FALSE	-0.07816914132819323	0.004817626523294522	16.225654053967112	21434.20033881232	7.451456461585277e-59	-0.08761204903446898	-0.06872623362191749	NR2F1	2.721161507823364e-58
fixed	HNRNPLFALSE	-0.08085922327512092	0.004984759820030818	16.221287723872926	21434.681441830708	7.993535445008615e-59	-0.09062972471005797	-0.07108872184018387	HNRNPL	2.9083490585898503e-58
fixed	HIVEP1FALSE	-0.08304522186104746	0.005127840197905833	16.19497071982907	21434.576423785675	1.2202170551231045e-58	-0.09309617152251358	-0.07299427219958134	HIVEP1	4.423286824821254e-58
fixed	FOXK1FALSE	-0.08474112618880808	0.0052414512154819555	16.16749306728329	21434.374916102024	1.8964005546579775e-58	-0.09501476193301917	-0.074467490444597	FOXK1	6.84927086773907e-58
fixed	SRSF1FALSE	-0.08205059442334504	0.005096228642501757	16.100257696261075	21434.764280249514	5.5610169742757056e-58	-0.09203958307097783	-0.07206160577571226	SRSF1	2.0011542834437392e-57
fixed	CBX4FALSE	-0.08106051438954122	0.005052002961272036	16.045223055279273	21434.124687510703	1.3372293017753475e-57	-0.0909628174165531	-0.07115821136252934	CBX4	4.7945748783654277e-57
fixed	ZKSCAN1FALSE	-0.08191540428665958	0.005105549674947562	16.044384934419604	21434.779764594234	1.3551544965424908e-57	-0.0919226628534299	-0.07190814571988927	ZKSCAN1	4.8412403390974486e-57
fixed	PDX1FALSE	-0.07842664089960281	0.004897029874981441	16.015144465480727	21434.72785875217	2.157330247226129e-57	-0.08802518509070266	-0.06882809670850297	PDX1	7.679161096624416e-57
fixed	TBL1XR1FALSE	-0.08154009450507634	0.005104452134928079	15.974308770009698	21434.821161810432	4.1240002703513e-57	-0.09154520181036989	-0.07153498719978278	TBL1XR1	1.4626849879735188e-56
fixed	MEF2DFALSE	-0.08278071901045111	0.005215726880705782	15.871367673924173	21434.982334936627	2.097037068914079e-56	-0.09300393312138976	-0.07255750489951247	MEF2D	7.411034229208896e-56
fixed	RXRAFALSE	-0.07771717817049617	0.0049070113056098805	15.837986368942529	21434.06893825862	3.5457023141775567e-56	-0.08733528672758711	-0.06809906961340523	RXRA	1.2485937434925254e-55
fixed	ZNF561FALSE	-0.07823514598455575	0.004944004471151333	15.824246608405021	21434.432183967812	4.399877958643131e-56	-0.08792576389904982	-0.06854452807006167	ZNF561	1.543871767694707e-55
fixed	MRTFBFALSE	-0.07990791712303431	0.00507142103106458	15.756514127611338	21434.333180069112	1.2717893645498236e-55	-0.08984828101128757	-0.06996755323478106	MRTFB	4.4310399768414345e-55
fixed	RXRFALSE	-0.07736121283561244	0.0049097416887373445	15.75667677447766	21434.240179694625	1.2685625568040574e-55	-0.08698467314316445	-0.06773775252806043	RXR	4.4310399768414345e-55
fixed	BACH1FALSE	-0.0765038837741153	0.004895005281288981	15.628968586928645	21434.297103424615	9.273869996132009e-55	-0.0860984596213004	-0.06690930792693019	BACH1	3.21973092119231e-54
fixed	PTBP1FALSE	-0.07673162437071329	0.004915013430944714	15.61168152412652	21434.61649558253	1.2124960286826739e-54	-0.08636541767706764	-0.06709783106435895	PTBP1	4.194810822039005e-54
fixed	ZNF232FALSE	-0.07791530727634444	0.004994699513832625	15.599598546531386	21434.615011166978	1.4621160140332833e-54	-0.08770529125499482	-0.06812532329769405	ZNF232	5.0407216427860747e-54
fixed	ZNF883FALSE	-0.07720874842401634	0.004953144549871415	15.58782459236339	21434.271883384154	1.7544866757581282e-54	-0.08691728157935882	-0.06750021526867386	ZNF883	6.02760927629796e-54
fixed	VEZF1FALSE	-0.07514616237041828	0.004836861273769744	15.536141749182523	21434.187878247205	3.8990692610226057e-54	-0.08462677162414939	-0.06566555311668718	VEZF1	1.3348896845028783e-53
fixed	ATF1FALSE	-0.08107570223305005	0.005224065766246647	15.51965573574714	21434.55527766299	5.027451018855744e-54	-0.09131526119378017	-0.07083614327231993	ATF1	1.7152479946684302e-53
fixed	ZNF24FALSE	-0.07673025901020902	0.004949463860778824	15.502741543027472	21434.26297423715	6.523681526698477e-54	-0.08643157774033086	-0.06702894028008718	ZNF24	2.218051719077482e-53
fixed	YY1AP1FALSE	-0.07554900233206571	0.004881128151060832	15.477774808196012	21434.2431391884	9.578106581276353e-54	-0.08511637796919881	-0.06598162669493261	YY1AP1	3.2453653227280012e-53
fixed	MXD4FALSE	-0.07760108906519718	0.005014640080634988	15.474907035675189	21434.19393687967	1.0009707217519439e-53	-0.08743015805455585	-0.0677720200758385	MXD4	3.3799901768747146e-53
fixed	KLF17FALSE	-0.0771986031618301	0.004992143484951027	15.464019292423725	21434.554831186106	1.1831936428831118e-53	-0.08698357713457687	-0.06741362918908332	KLF17	3.981668709497434e-53
fixed	HMGXB4FALSE	-0.07886086086450465	0.005108961754613865	15.435790020014537	21434.193641841957	1.8245921670769518e-53	-0.08887480737764601	-0.0688469143513633	HMGXB4	6.119210465094811e-53
fixed	SPDEFFALSE	-0.07459277038960627	0.0048358008147139555	15.425112250827588	21434.099193048427	2.148974471613665e-53	-0.08407130106662075	-0.06511423971259178	SPDEF	7.182673996647708e-53
fixed	MCRS1FALSE	-0.0765604943492834	0.004965515605888634	15.41843796815176	21434.277278644196	2.3802594380313987e-53	-0.08629327569799379	-0.06682771300057301	MCRS1	7.928837182091078e-53
fixed	NFICFALSE	-0.07462505032763206	0.004847993525032345	15.392976484458934	21434.328081389613	3.514106732989977e-53	-0.08412747962154701	-0.0651226210337171	NFIC	1.1666361073158644e-52
fixed	BRD1FALSE	-0.07482347128097183	0.0048680338176653746	15.370368013765336	21434.40733475863	4.963861604819907e-53	-0.08436518104280256	-0.0652817615191411	BRD1	1.6424052155545063e-52
fixed	LIN54FALSE	-0.07620826896603984	0.004960458698144104	15.363149580209639	21434.652127490575	5.541984024328682e-53	-0.0859311383883837	-0.06648539954369598	LIN54	1.827557273574609e-52
fixed	SP140LFALSE	-0.07843597256444905	0.005112545275097437	15.341863659672763	21434.543788845396	7.66721569333761e-53	-0.08845694303606681	-0.06841500209283129	SP140L	2.5199582245436277e-52
fixed	SOX4FALSE	-0.07540884729273603	0.004915954191965764	15.339615535062984	21434.496625234446	7.9344340993428275e-53	-0.08504448456397698	-0.06577321002149508	SOX4	2.5991202730737635e-52
fixed	MNTFALSE	-0.08196698742008374	0.005344711304712654	15.336092587042081	21434.94535908606	8.371823735702558e-53	-0.09244302063353307	-0.0714909542066344	MNT	2.733317285894941e-52
fixed	NR2C2FALSE	-0.07775683254242341	0.005072493940290055	15.329112948723823	21434.888621277503	9.310799668141132e-53	-0.08769929939832015	-0.06781436568652667	NR2C2	3.0298509811178735e-52
fixed	ZNF800FALSE	-0.07451724811519853	0.004864869690462647	15.317419141007242	21434.204659827676	1.1124941718878623e-52	-0.08405275595654922	-0.06498174027384783	ZNF800	3.608287018031027e-52
fixed	MECOMFALSE	-0.07475916490889384	0.004884635171931488	15.304963887268674	21434.207257060818	1.3445290995632397e-52	-0.0843334145696986	-0.06518491524808907	MECOM	4.3465760398995226e-52
fixed	RORCFALSE	-0.07482957895649249	0.004891522291058766	15.297810068917357	21434.182420476947	1.4989782385640577e-52	-0.08441732788565853	-0.06524183002732645	RORC	4.83004099092863e-52
fixed	NFYAFALSE	-0.081591666856707	0.005348529701072694	15.254971256931244	21435.009296175	2.8716420775784266e-52	-0.09207518441035198	-0.07110814930306203	NFYA	9.222928627010843e-52
fixed	CTBP2FALSE	-0.07339447967068209	0.004818252765084101	15.232592238112067	21434.229364541323	4.030252346546842e-52	-0.08283861485690316	-0.06395034448446102	CTBP2	1.2902041602906448e-51
fixed	U2AF1FALSE	-0.07695537767671022	0.005067726012585405	15.18538640123716	21434.690761944967	8.224750033485405e-52	-0.08688849904349086	-0.06702225630992958	U2AF1	2.6244671627885467e-51
fixed	TAF3FALSE	-0.07356774207765146	0.004846464428391276	15.179672349740398	21434.073912724096	8.965335342900887e-52	-0.08306717423433824	-0.06406830992096468	TAF3	2.851555047774282e-51
fixed	ZBTB21FALSE	-0.07754404793588389	0.005110144817885803	15.174530409485701	21434.87349569031	9.68796976589843e-52	-0.08756031332343434	-0.06752778254833344	ZBTB21	3.0714913791562224e-51
fixed	SMAD5FALSE	-0.07916250214001488	0.005219952216587235	15.165369117453478	21434.46148943079	1.1122712157175605e-51	-0.08939399823879933	-0.06893100604123044	SMAD5	3.515062239415111e-51
fixed	SRFFALSE	-0.07765318922308195	0.005132008647657461	15.131149332440673	21434.86470207987	1.8616959643859943e-51	-0.08771230934966162	-0.067594069096502285	SRF	5.864639683337349e-51
fixed	ZNF3FALSE	-0.0739829995181054	0.004909146615696025	15.070439998992777	21434.56923907971	4.6299611567983053e-51	-0.08360529342972188	-0.06436070560648892	ZNF3	1.4538667836315698e-50
fixed	FOSL2FALSE	-0.07647075342863473	0.005079841255363949	15.053768333387797	21434.621900895832	5.942400291838175e-51	-0.0864276215776531	-0.06651388527961635	FOSL2	1.860065615159505e-50
fixed	GFI1BFALSE	-0.07899848903505843	0.005253436297655626	15.037488713875131	21434.834662795813	7.580248385251167e-51	-0.08929561642274422	-0.06870136164737264	GFI1B	2.3652294012207757e-50
fixed	SALL3FALSE	-0.08148139202579961	0.005431807384790613	15.00078818220845	21434.012286349	1.3110788326855238e-50	-0.09212814008529467	-0.07083464396630455	SALL3	4.0779928360502416e-50
fixed	SIX1FALSE	-0.07682693657814636	0.005124910231892661	14.99088434760226	21434.558579460674	1.5196157891644734e-50	-0.08687214328793108	-0.06678172986836164	SIX1	4.7117646796106e-50
fixed	ZFP37FALSE	-0.07385039163387373	0.004957941679476041	14.895373202872829	21434.663742635235	6.279212536815279e-50	-0.08356832751139695	-0.06413245575635051	ZFP37	1.940847511379268e-49
fixed	ZNF692FALSE	-0.07427786998937368	0.005014594411796098	14.812338524257491	21434.40782093962	2.14034785635792e-49	-0.08410684945885943	-0.06444889051988792	ZNF692	6.5949468324028406e-49
fixed	ZNF189FALSE	-0.07189458922510807	0.004868588092200798	14.767030577156264	21434.619108408926	4.167386969338594e-49	-0.08143738540108972	-0.06235179304912642	ZNF189	1.2800758728248764e-48
fixed	KLF3FALSE	-0.07150704797043397	0.004846252576883976	14.7551219908582	21434.077431878773	4.963490190759154e-49	-0.08100606488225978	-0.06200803105860816	KLF3	1.5198761888473683e-48
fixed	LMO2FALSE	-0.07206381053623434	0.004886340755832399	14.748011679336537	21434.07209889456	5.509182192071121e-49	-0.08164140327224725	-0.06248621780022142	LMO2	1.6817503533690792e-48
fixed	EHMT2FALSE	-0.0724480125664784	0.004917463204779122	14.73280216841654	21434.129642656248	6.885180911870423e-49	-0.08208660762482482	-0.06280941750813197	EHMT2	2.0953050552790857e-48
fixed	ZNF711FALSE	-0.07138472095497866	0.004868782636131816	14.661718603994384	21434.217146588955	1.9461218911394023e-48	-0.08092789846169716	-0.061841543448260164	ZNF711	5.904234414349078e-48
fixed	ZNF609FALSE	-0.0727471903796541	0.004990013591274632	14.578555558817989	21434.42578174593	6.522537399973598e-48	-0.08252798960509039	-0.06296639115421782	ZNF609	1.9727674467404808e-47
fixed	ARID1BFALSE	-0.06991179170940955	0.0047973021674063325	14.573147421148883	21434.02954284389	7.054683230200831e-48	-0.07931486216480485	-0.06050872125401424	ARID1B	2.1271919464764583e-47
fixed	MBD2FALSE	-0.0755557792126579	0.005195284666619151	14.54314519050716	21435.04812759454	1.0893746986695433e-47	-0.08573892505593317	-0.06537263336938262	MBD2	3.2747666246590535e-47
fixed	HMGN3FALSE	-0.07142980579232211	0.004920615278252658	14.516437834109091	21434.261147309284	1.6027062786823059e-47	-0.08107457914669394	-0.06178503243795027	HMGN3	4.803247388391348e-47
fixed	AFF1FALSE	-0.07023253262905159	0.0048401975890447835	14.510261479410396	21434.116320406312	1.75221700826068e-47	-0.07971968131162528	-0.0607453839464779	AFF1	5.235412030742517e-47
fixed	MLLT1FALSE	-0.07216252465480344	0.004999165552324729	14.434913967041194	21434.234500995386	5.185709678307824e-47	-0.08196126241218035	-0.06236378689742652	MLLT1	1.5447461458645058e-46
fixed	ZBTB8AFALSE	-0.07009606965049002	0.004865835780163611	14.405761480123994	21434.434338376814	7.87926555523818e-47	-0.079633471094018915	-0.06055866820696112	ZBTB8A	2.3400469389954355e-46
fixed	FOSL1FALSE	-0.07087665315418656	0.004923492555268842	14.395604818847222	21434.354316618577	9.11380016151466e-47	-0.08052706618397973	-0.0612262401243934	FOSL1	2.698560648424461e-46
fixed	SNAI2FALSE	-0.07163746084027843	0.004978242111415331	14.390111858161848	21434.70200013009	9.859729305753817e-47	-0.08139518707915515	-0.06187973460140171	SNAI2	2.9106865555309174e-46
fixed	ZNF766FALSE	-0.07193617209648637	0.00500709160873318	14.366857592742663	21434.365185369905	1.3752491535773939e-46	-0.08175044551286297	-0.062121898680109776	ZNF766	4.047748255006896e-46
fixed	ZNF407FALSE	-0.06935725331333688	0.004846550590461083	14.31064259389862	21434.29871515085	3.067543210641798e-46	-0.07885685434848763	-0.059857652278186124	ZNF407	9.001778588371467e-46
fixed	`SS18-SSX`FALSE	-0.07292065502413064	0.0051145847271201385	14.257395060339526	21434.16448655668	6.540109521809229e-46	-0.08294562298400843	-0.06289568706425286	SS18-SSX	1.9088062612625162e-45
fixed	BRD7FALSE	-0.10425690247653657	0.007312497032288846	14.257359971044483	21434.129750462696	6.543372376336009e-46	-0.11858994266910432	-0.08992386228396883	BRD7	1.9088062612625162e-45
fixed	ZNF398FALSE	-0.07161759915761616	0.005044154207426234	14.198138322610651	21434.02383487939	1.5138571690485602e-45	-0.0815045180436667	-0.06173068027156563	ZNF398	4.403136190802007e-45
fixed	ZNF76FALSE	-0.07008530421551519	0.00494598491412875	14.17014112099469	21434.975609429137	2.2479072592248108e-45	-0.07977980393223816	-0.060390804498792215	ZNF76	6.51893105175195e-45
fixed	SMARCE1FALSE	-0.06780121236670003	0.004795928923508048	14.137242950862145	21434.00354864888	3.573766589967007e-45	-0.07720159116216047	-0.0584008335712396	SMARCE1	1.0333530374508706e-44
fixed	KDM4BFALSE	-0.06995827058931997	0.004953720887581338	14.122368251449306	21434.708330226567	4.405591572344546e-45	-0.07966793339844268	-0.06024860778019726	KDM4B	1.2701500848923165e-44
fixed	FOXL2FALSE	-0.06909506061289779	0.004929612886098768	14.016325867644087	21434.367484592225	1.9464078681799745e-44	-0.07875746994776796	-0.05943265127802762	FOXL2	5.595213288703951e-44
fixed	ZFP69BFALSE	-0.06820308728548932	0.004867634560595633	14.011546355103448	21434.45516404623	2.0806699828338165e-44	-0.07774401447244995	-0.05866216009852869	ZFP69B	5.963780822889951e-44
fixed	TAF7FALSE	-0.07131353206836451	0.0051025098178904445	13.9761675358908	21434.607364292773	3.4067910201544556e-44	-0.08131483229287569	-0.06131223184385333	TAF7	9.736509988035633e-44
fixed	ZXDBFALSE	-0.06960194422277283	0.004980921835065073	13.973707383397137	21434.58687408083	3.525470728796122e-44	-0.0793649229230458	-0.05983896552249986	ZXDB	1.0046572654892994e-43
fixed	CCNT2FALSE	-0.06894263980874707	0.004942958962028941	13.947645598183993	21434.159922273415	5.065311693048239e-44	-0.07863120845424657	-0.059254071163247574	CCNT2	1.4393075877076554e-43
fixed	SMARCA5FALSE	-0.06768065185801	0.00487231234195014	13.890868874576473	21434.009631852474	1.1129846759294268e-43	-0.07723074785690816	-0.05813055585911185	SMARCA5	3.153456581800043e-43
fixed	ZHX2FALSE	-0.06993813093731693	0.005043761714586668	13.86626389090792	21434.752021443994	1.5639427986553544e-43	-0.07982428048912854	-0.060051981385505326	ZHX2	4.418474497060686e-43
fixed	FIP1L1FALSE	-0.07036276558545308	0.005075281430662004	13.863815543382621	21434.701344689434	1.6177381970230261e-43	-0.08031069613551231	-0.060414835035393855	FIP1L1	4.5573996064705826e-43
fixed	ZNF598FALSE	-0.06752173470376248	0.004884447910064453	13.823821227499076	21434.12082850513	2.808475779038945e-43	-0.07709561731950555	-0.057947852088019405	ZNF598	7.889336518895727e-43
fixed	ZNF550FALSE	-0.06703307555499537	0.004861680933280874	13.788045014660913	21434.43458012466	4.593986839329828e-43	-0.07656233318840061	-0.05750381792159013	ZNF550	1.2868383589713666e-42
fixed	ETV4FALSE	-0.06837151461894357	0.004961311103029662	13.78093677237696	21434.561949640276	5.0651012107064986e-43	-0.07809605482081852	-0.05864697441706862	ETV4	1.4147846441236847e-42
fixed	MLXFALSE	-0.06994018835962236	0.005112840440885852	13.679321537267553	21434.97421245052	2.0341286196923717e-42	-0.07996173736686016	-0.05991863935238457	MLX	5.665680279708131e-42
fixed	MAF1FALSE	-0.07994709988849626	0.0058499285427077346	13.666337854358037	21434.23943091896	2.4278394440769466e-42	-0.09141339663115697	-0.06848080314583554	MAF1	6.74323856861935e-42
fixed	FOXO3FALSE	-0.07022507760620177	0.0051428930251693344	13.654780930211851	21434.093202262236	2.841539003875744e-42	-0.08030553194586718	-0.060144623266536364	FOXO3	7.870105218599674e-42
fixed	ZNF652FALSE	-0.06814353282386408	0.004991295708902167	13.65247358563178	21434.66660774151	2.932140583030966e-42	-0.07792684508937422	-0.058360220558353944	ZNF652	8.09829303884743e-42
fixed	MTA3FALSE	-0.07125388662476037	0.005224201010111299	13.639193148741866	21434.456248480506	3.5125884112025815e-42	-0.08149371067623487	-0.06101406257328587	MTA3	9.674335680016049e-42
fixed	ARID3AFALSE	-0.06832298675876368	0.005011848788846868	13.632292121583243	21434.553744965942	3.857962484753967e-42	-0.07814658459848613	-0.05849938891904124	ARID3A	1.0595963816065212e-41
fixed	DLX6FALSE	-0.06997277385622591	0.005136858643428423	13.621705153545932	21434.573949700534	4.454569327320244e-42	-0.08004140034435013	-0.05990414736810169	DLX6	1.220057043538267e-41
fixed	BRCA1FALSE	-0.07064364559894314	0.005188661851546089	13.61500279265513	21434.886239683565	4.878800878332778e-42	-0.08081381023453195	-0.06047348096335432	BRCA1	1.332547829926903e-41
fixed	HDAC6FALSE	-0.07181857873169739	0.005285578340121679	13.587648145622614	21434.146097990106	7.069302438094217e-42	-0.08217870694127477	-0.06145845052212001	HDAC6	1.925506133690856e-41
fixed	ZMYND8FALSE	-0.06712856747130402	0.00494647758847921	13.570983850741076	21434.596884026534	8.857962830909978e-42	-0.07682403287621249	-0.05743310206639556	ZMYND8	2.4060472042086055e-41
fixed	NRLFALSE	-0.07073831961365826	0.005216135544363542	13.561441993219818	21434.149679180948	1.0078050416600487e-41	-0.08096233475830676	-0.06051430446900975	NRL	2.729933437024198e-41
fixed	CHD7FALSE	-0.08327480698529079	0.006163790685929599	13.510323634997285	21434.042156472624	2.0088222425011182e-41	-0.09535629697021591	-0.07119331700036566	CHD7	5.426571866044116e-41
fixed	NEUROG2FALSE	-0.0781919556188098	0.005796558942961472	13.489374711483809	21434.04834376981	2.6631072724661693e-41	-0.08955364396671868	-0.06683026727090093	NEUROG2	7.174381887026347e-41
fixed	KLF16FALSE	-0.06619232326045428	0.004912568106674641	13.47407747294529	21434.336787145476	3.271015377822762e-41	-0.07582132355575383	-0.05656332296515473	KLF16	8.788068562760881e-41
fixed	HNF1BFALSE	-0.0701897924336187	0.005224362438221925	13.435092466040182	21434.768590741478	5.518296071844871e-41	-0.0804299328878168	-0.0599496519794206	HNF1B	1.4785434583801748e-40
fixed	HIF3AFALSE	-0.06425997509629615	0.004794344652917049	13.403286527846532	21434.20662941244	8.445704278045509e-41	-0.07365724859807488	-0.05486270159451742	HIF3A	2.256765424973678e-40
fixed	ZBTB14FALSE	-0.06546474653472303	0.004890556940951336	13.385949151629447	21434.027261295494	1.0646491917050444e-40	-0.07505060330951671	-0.055878889759929364	ZBTB14	2.8371462243815505e-40
fixed	L3MBTL2FALSE	-0.06894433880230214	0.005183776552137539	13.300021347153326	21434.395708630338	3.3402445714285476e-40	-0.07910492789942476	-0.05878374970517951	L3MBTL2	8.877307675009564e-40
fixed	APCFALSE	-0.06598979954030122	0.004968510716590766	13.281605556359015	21434.931330357824	4.263771816335626e-40	-0.07572845151284326	-0.056251147567759195	APC	1.13012876637283e-39
fixed	CUX1FALSE	-0.06567758046650293	0.004947419758993391	13.275117872728426	21434.488486790284	4.6463588159874324e-40	-0.07537489259873624	-0.05598026833426962	CUX1	1.2282331883548547e-39
fixed	LMO1FALSE	-0.06850204372492626	0.0051677914776239965	13.255574266402395	21434.59714237496	6.017480778154719e-40	-0.07863130087707573	-0.05837278657277678	LMO1	1.586426750604426e-39
fixed	HMGB1FALSE	-0.08979749759847168	0.006779229778030509	13.245973442215954	21434.762130132633	6.831616110760372e-40	-0.10308529413257334	-0.07650970106437002	HMGB1	1.796259596055927e-39
fixed	ZNF449FALSE	-0.06540000489208997	0.004949933412043913	13.212299933765205	21434.546673680758	1.06538897943094e-39	-0.07510224397049967	-0.05569776581368027	ZNF449	2.7938125896779437e-39
fixed	DEKFALSE	-0.06541905315863823	0.004953556159983263	13.206482584596207	21434.862762893346	1.1502620810725726e-39	-0.07512839308541903	-0.05570971323185744	DEK	3.008377750497498e-39
fixed	PLAG1FALSE	-0.06398089787504128	0.004857945732614024	13.17036076494285	21434.12176848085	1.8501068524895342e-39	-0.07350283424409303	-0.05445896150598954	PLAG1	4.8259400967055044e-39
fixed	SRSF7FALSE	-0.06592049983035032	0.005008935091935639	13.160581764471656	21434.13536058839	2.1036712792121437e-39	-0.07573838661739545	-0.056102613043305195	SRSF7	5.4728756762616725e-39
fixed	ZNF770FALSE	-0.06437285367045265	0.004898943078428981	13.140151383652343	21434.21442973306	2.7503362547100803e-39	-0.07397514789614759	-0.0547705594447577	ZNF770	7.13639880827405e-39
fixed	ZNF639FALSE	-0.06592044808060973	0.005028704121255967	13.108834103396298	21434.73930077589	4.144580521937915e-39	-0.07577708362555201	-0.05606381253566746	ZNF639	1.0725869802180535e-38
fixed	KDM6BFALSE	-0.06325648234699618	0.004827816692772028	13.102502926778623	21434.33435864013	4.502336878965701e-39	-0.07271936354298206	-0.05379360115101031	KDM6B	1.1621215085497856e-38
fixed	FUSFALSE	-0.06754548138312655	0.005156517196452804	13.09905093104149	21434.000378075365	4.710174356429046e-39	-0.07765264011827114	-0.05743832264798197	FUS	1.212593189409671e-38
fixed	SKILFALSE	-0.06369934352273648	0.0048635109689778525	13.09739896322758	21434.23978495072	4.812952906335009e-39	-0.07323218816764235	-0.05416649887783062	SKIL	1.2358259285537288e-38
fixed	ZBTB11FALSE	-0.06371110918516378	0.004867459404752316	13.089191688575728	21434.300562750177	5.3576861286127347e-39	-0.07325169305747929	-0.05417052531284825	ZBTB11	1.3721242916395213e-38
fixed	SMARCD3FALSE	-0.07424418053122164	0.005676403937895765	13.07943926181262	21434.009244696335	6.085205688394034e-39	-0.08537035609856751	-0.06311800496387578	SMARCD3	1.5544074634084243e-38
fixed	ATF7FALSE	-0.06788613057189248	0.005197748829340608	13.06067930575718	21434.276782029578	7.771933455408576e-39	-0.07807410637878763	-0.05769815476499733	ATF7	1.9801360173211513e-38
fixed	ZBTB48FALSE	-0.06678039146694702	0.005116501762744539	13.051962955080738	21434.76034435939	8.706514808027043e-39	-0.07680911694404587	-0.05675166598984816	ZBTB48	2.2125318558542948e-38
fixed	TCF7FALSE	-0.06556025183713385	0.005033876493415706	13.02381016357601	21434.042200625638	1.255809379825745e-38	-0.07542702563582468	-0.05569347803844301	TCF7	3.183105523157287e-38
fixed	NR1H2FALSE	-0.06584347259701569	0.005074753442211748	12.974713618464762	21434.094994796367	2.3743174361885405e-38	-0.0757903682661803	-0.05589657692785108	NR1H2	6.00276151815872e-38
fixed	HNF4GFALSE	-0.06785335058971699	0.0052513963582553015	12.921011091278636	21434.010815750396	4.752710986286512e-38	-0.07814647956620885	-0.05756022161322513	HNF4G	1.1985097269765987e-37
fixed	RYBPFALSE	-0.06160052582326845	0.00483002364817976	12.753669611220888	21434.156387283103	4.05819679900478e-37	-0.07106773282107912	-0.052133318825457776	RYBP	1.0207607254639574e-36
fixed	SIN3BFALSE	-0.06424950295581335	0.0050746123529853224	12.660967673327061	21434.8768365035	1.3158479896545674e-36	-0.07419612205907089	-0.0543028838525558	SIN3B	3.301338722135887e-36
fixed	SAP30FALSE	-0.0623973416894237	0.004929117623990555	12.658927306934006	21434.41578860015	1.3502435925659363e-36	-0.07205878027235263	-0.05273590310649478	SAP30	3.3790359956091705e-36
fixed	TBL1XFALSE	-0.06223149030356692	0.004919392532859344	12.650238802431067	21434.757299334593	1.506949600516005e-36	-0.07187386697306469	-0.05258911363406915	TBL1X	3.761651407870332e-36
fixed	CDX2FALSE	-0.06206641774003658	0.004925243519027023	12.60169522588352	21434.823081980005	2.7794165579644633e-36	-0.0717202627776122	-0.052412572702460955	CDX2	6.920466480184245e-36
fixed	SOX9FALSE	-0.06330353429216476	0.005034974901803071	12.572760644644958	21434.524430016194	3.998953362597479e-36	-0.07317246104077274	-0.05343460754355677	SOX9	9.931909358995251e-36
fixed	PBX3FALSE	-0.06291536905086835	0.005007664592904611	12.563814505470974	21434.563360617743	4.474278439776878e-36	-0.07273076555387907	-0.05309997254785763	PBX3	1.1084518948793973e-35
fixed	ZNF264FALSE	-0.0648217444347351	0.005160730503528913	12.560575366299387	21434.677678899654	4.6598797666602436e-36	-0.07493716154830041	-0.054706327321169784	ZNF264	1.1515392105080202e-35
fixed	ETV6FALSE	-0.07045423134158463	0.005616090453474095	12.545067057814547	21434.084464037634	5.660211453952732e-36	-0.0814621879737597	-0.059446274709409545	ETV6	1.3952421233993484e-35
fixed	BCL3FALSE	-0.06183851511834914	0.00494904180961661	12.495048030951999	21434.766021303116	1.0581036364916548e-35	-0.07153900658382337	-0.05213802365287492	BCL3	2.6017211610493056e-35
fixed	ZNF2FALSE	-0.059944149548857247	0.004860925409767738	12.331839000944774	21434.57243399945	8.011629502428331e-35	-0.06947192629630414	-0.05041637280141035	ZNF2	1.9650414650234665e-34
fixed	KAT7FALSE	-0.06145329595631958	0.00499752259726681	12.296751992663113	21434.08335478225	1.233856431506278e-34	-0.07124881340300854	-0.05165777850963062	KAT7	3.0188149912287596e-34
fixed	ZNF44FALSE	-0.06206426606843196	0.005076468423136798	12.225874544115033	21434.71087460721	2.941148726605941e-34	-0.07201452321211876	-0.05211400892474515	ZNF44	7.178150109983806e-34
fixed	ZMIZ1FALSE	-0.061225592504714876	0.005029791303047345	12.172591031286089	21434.89415086141	5.632846326664017e-34	-0.07108435900312056	-0.0513668260063092	ZMIZ1	1.371354685948326e-33
fixed	ERFFALSE	-0.06502687431771596	0.005352495624122122	12.14888883321249	21434.212237272754	7.514199526569684e-34	-0.07551816539867791	-0.05453558323675402	ERF	1.824877027881209e-33
fixed	TFAP2AFALSE	-0.06111959052767306	0.005036786471109914	12.13463998885874	21434.106738057155	8.933159943993418e-34	-0.07099206809824929	-0.05124711295709683	TFAP2A	2.1641512788151133e-33
fixed	XBP1FALSE	-0.06131009202249492	0.005080908609309362	12.066757491004878	21435.281872793796	2.0309856755476015e-33	-0.07126905224762527	-0.05135113179736457	XBP1	4.90821538257337e-33
fixed	ZNF503FALSE	-0.06266039443062044	0.0052045795209261616	12.039472963892756	21434.48975547136	2.8218658632532393e-33	-0.0728617588973279	-0.05245902996391297	ZNF503	6.802835552977246e-33
fixed	OSR2FALSE	-0.06134653962159108	0.005122762005175796	11.975285902333438	21434.128343933724	6.099516165112504e-33	-0.07138753565799336	-0.05130554358518881	OSR2	1.4668592533660802e-32
fixed	CHD4FALSE	-0.05726686696622896	0.004783250778064167	11.972373940511954	21434.141906047695	6.315982053241058e-33	-0.06664239564654212	-0.0478913382859158	CHD4	1.51522099866075e-32
fixed	GLIS3FALSE	-0.059784330674157934	0.004996789994036117	11.964547388526052	21434.018605635265	6.936347428546313e-33	-0.06957841216548338	-0.049990249182832486	GLIS3	1.6600093603268604e-32
fixed	MBD1FALSE	-0.06029069264426054	0.005050731846177823	11.937021105146563	21434.634374241756	9.63891537212327e-33	-0.07019050417748238	-0.0503908811110387	MBD1	2.3012035246764028e-32
fixed	ESRRAFALSE	-0.058239506148021036	0.004887456738226179	11.916116963760194	21434.998299612973	1.2368996341620105e-32	-0.06781928626947811	-0.04865972602656396	ESRRA	2.9458527518930974e-32
fixed	ZNF467FALSE	-0.05963430222297023	0.005038136337508486	11.83657968503116	21434.114955744364	3.182338333791814e-32	-0.0695094256322658	-0.049759178813674663	ZNF467	7.560929149683683e-32
fixed	MGAFALSE	-0.0609096646164635	0.005153699456038049	11.818629537099227	21434.77416039177	3.935455584193477e-32	-0.07101130034940492	-0.05080802888352208	MGA	9.327786552920116e-32
fixed	ZSCAN21FALSE	-0.057529812440894466	0.004884727444432102	11.77748668586828	21434.419559158043	6.396306284032644e-32	-0.06710424295733486	-0.04795538192445408	ZSCAN21	1.5124119894619153e-31
fixed	ZHX1FALSE	-0.06040364437131886	0.005129195591161014	11.77643614827452	21434.85462160783	6.475954999098754e-32	-0.07045725069739796	-0.05035003804523976	ZHX1	1.5275817294524813e-31
fixed	THAP1FALSE	-0.05824221946623832	0.004947391321585325	11.772309017103458	21434.47242569982	6.798660374261034e-32	-0.06793947585943884	-0.04854496307303779	THAP1	1.5998756871172743e-31
fixed	DMAP1FALSE	-0.056249604350225496	0.004826785178347564	11.653637415345338	21434.121685693968	2.732523560613256e-31	-0.06571046370622054	-0.046788744994230455	DMAP1	6.4149243589635015e-31
fixed	MEDFALSE	-0.05673842575827378	0.004877483826067345	11.632724532071133	21434.367680995558	3.486660988853164e-31	-0.06629865824317051	-0.04717819327337705	MED	8.165909109285556e-31
fixed	NCOR2FALSE	-0.06228095716172108	0.0053644953213378265	11.609844623033267	21434.323188967574	4.549886977020536e-31	-0.07279576854214001	-0.051766145781302154	NCOR2	1.0630778576640399e-30
fixed	SOX2FALSE	-0.057461329936554076	0.004965162279189034	11.572900683910637	21434.815497310054	6.985122083398759e-31	-0.06719341872475143	-0.04772924114835673	SOX2	1.6282104903619804e-30
fixed	ZNF519FALSE	-0.06613681655712382	0.005724967274227035	11.55234840465588	21433.99957876534	8.861326834503785e-31	-0.07735817989012053	-0.05491545322412711	ZNF519	2.060676476136965e-30
fixed	STAT5BFALSE	-0.05715771939990777	0.004951514546583547	11.543482072438932	21434.63377529165	9.817797882511001e-31	-0.06686305761784472	-0.04745238118197082	STAT5B	2.2777291087425522e-30
fixed	MEN1FALSE	-0.056066655454003786	0.004865561987394632	11.523161270837258	21434.06918836867	1.2414295956679237e-30	-0.06560352025243725	-0.04652979065557032	MEN1	2.8733558247149592e-30
fixed	PAF1FALSE	-0.055369109414586726	0.004816433338818012	11.495873713924318	21434.3476714372	1.7001564114903072e-30	-0.06480967838653175	-0.045928540442641705	PAF1	3.925888107094714e-30
fixed	RORBFALSE	-0.05798953027157587	0.005054647240205825	11.472517767474223	21435.313181862974	2.2239538437818933e-30	-0.06789701625171933	-0.04808204429143242	RORB	5.123407686843334e-30
fixed	EVI1FALSE	-0.06047033221104197	0.005295083785024649	11.420089778760785	21434.16577434383	4.056187148031606e-30	-0.07084909180184257	-0.05009157262024137	EVI1	9.322611953284763e-30
fixed	PHF21AFALSE	-0.05684963084697912	0.004984200557879769	11.405967754869481	21434.629100201804	4.7666902418753345e-30	-0.0666190360876899	-0.04708022560626834	PHF21A	1.093013157788158e-29
fixed	NR4A1FALSE	-0.05694083994200761	0.0049963690193828144	11.396444041885708	21434.382481084725	5.314291403498751e-30	-0.06673409628219033	-0.047147583601824895	NR4A1	1.2157520472969302e-29
fixed	THRBFALSE	-0.05592875415937687	0.00491290207994272	11.384056357994611	21434.497638830373	6.120926118546784e-30	-0.06555840906313773	-0.04629909925561601	THRB	1.397044711316465e-29
fixed	NBNFALSE	-0.05637815162506159	0.004968493242776838	11.34713259538468	21434.417502977685	9.318871138213217e-30	-0.06611676936080685	-0.046639533889316326	NBN	2.1220339358610236e-29
fixed	PKNOX1FALSE	-0.05654246366543085	0.004999012488463289	11.310726627692857	21434.70963498514	1.4085850732455904e-29	-0.06634090139394491	-0.046744025936916796	PKNOX1	3.200149498203115e-29
fixed	ZNF528FALSE	-0.054755731554823085	0.004856554940915986	11.27460354530566	21434.667577063894	2.119607567602136e-29	-0.06427494185461043	-0.045236521255035744	ZNF528	4.804443819898175e-29
fixed	GATA1FALSE	-0.057021880248784206	0.005065996966116813	11.255806237186242	21434.621182726227	2.620523348708776e-29	-0.06695161255720725	-0.047092147940361165	GATA1	5.926229407859755e-29
fixed	ARID4AFALSE	-0.05428942971467808	0.004832945086495979	11.233198131377787	21434.26880303085	3.3806615878009646e-29	-0.06376236294692032	-0.04481649648243583	ARID4A	7.627762758745427e-29
fixed	MITFFALSE	-0.05446985532666853	0.004875326045262933	11.17255642411725	21434.44532771694	6.677711337714215e-29	-0.0640258583981193	-0.04491385225521776	MITF	1.5032473468005057e-28
fixed	RFX5FALSE	-0.05639892286173819	0.005051393699723533	11.165022212547985	21435.382784047295	7.265148461656412e-29	-0.06630003165780553	-0.04649781406567085	RFX5	1.631762274075905e-28
fixed	JUNBFALSE	-0.05628987814776625	0.005051898895279236	11.142320801464676	21434.72024009012	9.363596767560126e-29	-0.06619197718212497	-0.04638777911340753	JUNB	2.0982969120032464e-28
fixed	ZNF444FALSE	-0.05395782542037341	0.0048460179248430435	11.134466743046774	21434.665266424166	1.0221550236499061e-28	-0.06345638238196732	-0.044459268458779504	ZNF444	2.285362479180969e-28
fixed	MAFBFALSE	-0.06266837016237159	0.0056390019192060804	11.113379825058601	21434.21888047704	1.2930387406920618e-28	-0.07372123497422496	-0.05161550535051822	MAFB	2.8844710369284456e-28
fixed	DDX5FALSE	-0.058929154891263144	0.005315030884990702	11.087264809255426	21434.00432093053	1.7289728194508026e-28	-0.06934701229183443	-0.04851129749069186	DDX5	3.8482329570620575e-28
fixed	ZNF366FALSE	-0.05455454156471908	0.0049222528486365024	11.083246481299932	21434.135267081732	1.8079099036874044e-28	-0.06420252468251597	-0.04490655844692219	ZNF366	4.0148629843148218e-28
fixed	PARP1FALSE	-0.056787681374218586	0.005136251642912705	11.056249833977175	21434.418326872124	2.4392803141590346e-28	-0.06685511810013757	-0.0467202446482996	PARP1	5.404787392720917e-28
fixed	KMT2CFALSE	-0.0573442553841296	0.005189397271003951	11.050272775326693	21434.148289377892	2.6062853841941495e-28	-0.0675158615165408	-0.04717264925171839	KMT2C	5.761877553397828e-28
fixed	ZNF384FALSE	-0.05454574930400679	0.004940999136094928	11.039416887475214	21434.43968500163	2.9391149759168177e-28	-0.06423047653720135	-0.04486102207081223	ZNF384	6.483148470366851e-28
fixed	TWIST1FALSE	-0.05443535447068247	0.0049411597765641095	11.016716101525198	21434.14933212992	3.7774852074919075e-28	-0.06412039657859989	-0.044750312362765055	TWIST1	8.313840211131743e-28
fixed	ZNF148FALSE	-0.06021701167413554	0.005499695445817976	10.949153869952047	21434.035985803916	7.948295877547406e-28	-0.07099682540167576	-0.04943719794659532	ZNF148	1.7454386938222145e-27
fixed	ZNF786FALSE	-0.05487302866969378	0.005017638476565752	10.936026763580387	21434.70170417509	9.17949861255968e-28	-0.06470797472580303	-0.045038082613584524	ZNF786	2.0113301404408546e-27
fixed	XRN2FALSE	-0.05694689341031464	0.005215271469769706	10.919257749171258	21434.172853883774	1.103099078962289e-27	-0.06716921490361646	-0.04672457191701282	XRN2	2.411653418751257e-27
fixed	UBN1FALSE	-0.05764003185980024	0.005279499699010843	10.917707196876925	21434.33511937137	1.1219825718533603e-27	-0.06798824547376765	-0.047291818245832826	UBN1	2.4475106545296753e-27
fixed	RBBP4FALSE	-0.053368287688211814	0.004892377258695662	10.908457150019565	21434.62992389389	1.241490869351101e-27	-0.06295771240647871	-0.04377886296994492	RBBP4	2.7022295743491955e-27
fixed	MTF2FALSE	-0.05995406851344592	0.005514912152315231	10.87126446579506	21434.05929801107	1.863494060924121e-27	-0.07076370812126472	-0.04914442890562712	MTF2	4.0471478944299186e-27
fixed	MEF2BFALSE	-0.052962252513123004	0.0048774430952514105	10.858610029645673	21434.452698866153	2.138973871185307e-27	-0.0625224051604379	-0.043402099865808105	MEF2B	4.635226894480687e-27
fixed	TCF4FALSE	-0.054040118185678596	0.00497684424501313	10.85831011083531	21434.407329974303	2.145971623612136e-27	-0.06379510450960839	-0.0442851318617488	TCF4	4.6401930282490485e-27
fixed	RFX3FALSE	-0.054896905509389624	0.005056311922609731	10.857104219364597	21434.96059811074	2.1743253717645457e-27	-0.0648076544005387	-0.04498615661824055	RFX3	4.691214040612345e-27
fixed	KLF13FALSE	-0.052912491089816494	0.00489142772769884	10.817391983568987	21434.5447547759	3.347896522283656e-27	-0.06250005465858383	-0.04332492752104917	KLF13	7.207480285964377e-27
fixed	ZBED1FALSE	-0.056575547407160136	0.005250181885654117	10.775921413646685	21434.352279778985	5.24571953754019e-27	-0.06686629591741271	-0.046284798896907564	ZBED1	1.1268582710271522e-26
fixed	ZNF394FALSE	-0.05214240059307021	0.004842142187862881	10.76845713530847	21434.230846347065	5.686328073062441e-27	-0.06163336083166296	-0.04265144035447746	ZNF394	1.2188520608781666e-26
fixed	ZBTB40FALSE	-0.05235046261025817	0.004890541623255028	10.70443043799614	21434.405159218248	1.1332080976046392e-26	-0.06193628935167937	-0.04276463586883697	ZBTB40	2.4237379267639355e-26
fixed	`NKX2-1`FALSE	-0.05267309252306834	0.004925079863927497	10.69487073881971	21434.629537565514	1.2556668639705996e-26	-0.062326616789352016	-0.04301956825678467	NKX2-1	2.679843133928596e-26
fixed	TEAD1FALSE	-0.05206537942625577	0.004885814704624672	10.65643757979058	21434.37655808869	1.8951881414209675e-26	-0.06164194105494041	-0.042488817797571125	TEAD1	4.0359730182312614e-26
fixed	ZNF213FALSE	-0.05666520025365663	0.005319034781268648	10.653286279158594	21434.158333836986	1.960125779239725e-26	-0.06709090558566758	-0.04623949492164569	ZNF213	4.165267280884415e-26
fixed	FOXM1FALSE	-0.05325936544294488	0.0050001829927441505	10.65148325975878	21434.82490391901	1.9982558952360565e-26	-0.06306009744426881	-0.043458633441620945	FOXM1	4.2371619628016166e-26
fixed	ZNF687FALSE	-0.052177665930926244	0.004907519483949699	10.632187218324054	21434.438832411848	2.4554659504866035e-26	-0.06179677054613381	-0.042558561315718675	ZNF687	5.195470873776376e-26
fixed	PRDM14FALSE	-0.052097234075002156	0.004905632510713556	10.619881118535778	21434.228953763595	2.7997501750161666e-26	-0.061712640087090306	-0.04248182806291401	PRDM14	5.911249834188309e-26
fixed	NFATC3FALSE	-0.05174918341096771	0.004873413568726295	10.61867265750909	21434.511442291045	2.836030330088174e-26	-0.061301437883945195	-0.04219692893799022	NFATC3	5.975055353561836e-26
fixed	ZBTB6FALSE	-0.054846912051092676	0.00517285197714878	10.602838104276028	21434.284022129963	3.356855408576247e-26	-0.06498608816852003	-0.04470773593366533	ZBTB6	7.057269579650702e-26
fixed	ELF3FALSE	-0.05049577680282413	0.004787799197217291	10.546761616939303	21434.243898357698	6.086719654028846e-26	-0.059880220721776595	-0.04111133288387167	ELF3	1.2769160806111579e-25
fixed	RBM22FALSE	-0.051075191701974575	0.004848925105307287	10.533301833445792	21434.29880167468	7.01809901064404e-26	-0.06057944696351984	-0.04157093644042931	RBM22	1.4691816612515972e-25
fixed	ZNF610FALSE	-0.05179726480368026	0.004941892460587822	10.481261018277833	21434.521120600613	1.2150106064802508e-25	-0.06148374301750395	-0.042110786589856564	ZNF610	2.5381365635371343e-25
fixed	CRXFALSE	-0.05285528459106337	0.00504574369205158	10.4752218536833	21435.035981271918	1.2946884680919851e-25	-0.06274531895929142	-0.042965250222835316	CRX	2.698864333062785e-25
fixed	MZF1FALSE	-0.0589766026248873	0.005669464063170603	10.402500477603363	21434.031432331733	2.7742322665234588e-25	-0.07008917551893158	-0.047864029730843013	MZF1	5.770871339223904e-25
fixed	XRCC5FALSE	-0.05239082004981759	0.005048212620502071	10.378092998112876	21434.84174255705	3.578681960678045e-25	-0.06228569370721031	-0.04249594639242488	XRCC5	7.428590343639057e-25
fixed	ZBTB44FALSE	-0.055217115292150044	0.005380959633364456	10.261573967174593	21434.06039307239	1.1971677512392645e-24	-0.06576419796078399	-0.04467003262351609	ZBTB44	2.4798474847099054e-24
fixed	ZGPATFALSE	-0.048786541834258124	0.004756792442274546	10.256184693005011	21434.061851859646	1.265528144797346e-24	-0.058110210202801695	-0.03946287346571455	ZGPAT	2.6159554523483925e-24
fixed	E4F1FALSE	-0.05093237247663521	0.004966361851561693	10.255469496371736	21434.988320123208	1.2748788292406017e-24	-0.06066681251181626	-0.04119793244145416	E4F1	2.6297709741239192e-24
fixed	MAML1FALSE	-0.05718028031523213	0.005591237168217073	10.226767099107999	21434.394918639497	1.7127599259433642e-24	-0.06813952264358936	-0.04622103798687491	MAML1	3.525639430021205e-24
fixed	WT1FALSE	-0.049443473406676174	0.004844675186631806	10.205735472856555	21434.279803292306	2.1253594386605773e-24	-0.05893939851076373	-0.03994754830258862	WT1	4.365842513581936e-24
fixed	SRSF3FALSE	-0.049869656050179345	0.004888728351794977	10.200946434642637	21434.141882823817	2.2322906102492473e-24	-0.05945192865079478	-0.04028738344956391	SRSF3	4.5759637041699746e-24
fixed	EZH1FALSE	-0.05082059782030327	0.005012326333088104	10.139123920327949	21435.41543642993	4.1982847399781476e-24	-0.060645131660092055	-0.04099606398051449	EZH1	8.588192434893057e-24
fixed	ZNF207FALSE	-0.049367291776045756	0.004872782924301364	10.131231483726273	21434.499053799354	4.54965608820676e-24	-0.05891831013917441	-0.0398162734129171	ZNF207	9.287703732861004e-24
fixed	ZNF524FALSE	-0.049646134697606266	0.004912109312184979	10.106887192932385	21434.475662021505	5.82740271124764e-24	-0.05927423571792657	-0.040018033677285965	ZNF524	1.187152701093011e-23
fixed	ZBTB33FALSE	-0.04997773496280248	0.004950937290903177	10.094600683921259	21434.561616797626	6.601347234296982e-24	-0.05968194171834973	-0.04027352820725523	ZBTB33	1.3420470872199637e-23
fixed	ARRB1FALSE	-0.05140653633341575	0.0051056044708979575	10.068648409102973	21435.22171984389	8.58649004557032e-24	-0.061413902292688415	-0.041399170374143084	ARRB1	1.7420327541013037e-23
fixed	NRIP1FALSE	-0.05273429180607182	0.00525401329494163	10.036954390055017	21434.19507479911	1.1827091924951314e-23	-0.06303255016887238	-0.042436033443271265	NRIP1	2.3945611166328536e-23
fixed	TGIF2FALSE	-0.05127808670714815	0.0051221524097576744	10.011042742395492	21435.002259285386	1.5354960421175817e-23	-0.06131788786789806	-0.041238285546398246	TGIF2	3.102457167065442e-23
fixed	ZNF534FALSE	-0.057689497702751336	0.005782119450459262	9.977223438054219	21434.009832755743	2.1567220187918196e-23	-0.06902288356833221	-0.046356111837170456	ZNF534	4.3487278333920943e-23
fixed	TRIM22FALSE	-0.048083382695616836	0.004824705707666005	9.966075779340665	21434.43853864892	2.4116851638976108e-23	-0.05754016612591161	-0.03862659926532206	TRIM22	4.852901166536825e-23
fixed	ESR2FALSE	-0.0630771371155438	0.006358805582285307	9.919651780401557	21434.060779194966	3.8357068056001505e-23	-0.07554087085816849	-0.050613403372919114	ESR2	7.702661731816189e-23
fixed	ZBTB42FALSE	-0.05948263722817233	0.005996871890077611	9.918944129287128	21434.263677320556	3.8628667865012135e-23	-0.0712369539028048	-0.047728320553539864	ZBTB42	7.741436283516659e-23
fixed	ZNF423FALSE	-0.06689257495625962	0.006751233223606863	9.908200878375537	21434.07875260118	4.299446146085311e-23	-0.08012549617716158	-0.053659653735357665	ZNF423	8.598892292170622e-23
fixed	CHD8FALSE	-0.048888232725003956	0.004936992092340234	9.902432860051421	21434.807084389387	4.553628603104186e-23	-0.05856510584388133	-0.03921135960612658	CHD8	9.088821462875967e-23
fixed	BMPR1AFALSE	-0.048403397552890526	0.004889674182276875	9.899104878671384	21434.896250889436	4.707003874264399e-23	-0.057987524032825706	-0.038819271072955346	BMPR1A	9.375971353585247e-23
fixed	ZBTB10FALSE	-0.0481334452752483	0.004869412372867537	9.884857060668924	21434.251959357174	5.4235978931196e-23	-0.057677857112114275	-0.038589033438382325	ZBTB10	1.0781587747209526e-22
fixed	KLF12FALSE	-0.05135917339974581	0.005206121157658272	9.86515139475688	21434.226812969442	6.595708967191658e-23	-0.061563559596625364	-0.04115478720286625	KLF12	1.308524958078667e-22
fixed	MAFFFALSE	-0.049216754753587104	0.00499384958974064	9.855473992388148	21434.983995792947	7.259888474743755e-23	-0.059005072808042035	-0.03942843669913217	MAFF	1.4373996056420366e-22
fixed	MORC2FALSE	-0.04843565324011582	0.0049158566516534375	9.852942563698353	21434.95415069967	7.444295560452254e-23	-0.05807109931344741	-0.03880020716678423	MORC2	1.470956998518221e-22
fixed	USF2FALSE	-0.048801322395304304	0.00497439628151872	9.81050154299426	21434.47075528011	1.1325512506973423e-22	-0.05855151052637484	-0.03905113426423377	USF2	2.233391066375159e-22
fixed	ZNF596FALSE	-0.0795420259167508	0.008112110319699304	9.805343219210464	21434.045885250613	1.1916686841534894e-22	-0.09544236786165433	-0.06364168397184727	ZNF596	2.34528008498072e-22
fixed	ZBTB20FALSE	-0.04702816519322891	0.004804889799684094	9.787563743151999	21434.262053764527	1.4198109302796908e-22	-0.056446107968676267	-0.03761022241778155	ZBTB20	2.7887123052903886e-22
fixed	EHFFALSE	-0.04749332386180437	0.004879156911940988	9.733920166734492	21434.567177472265	2.4040818624538067e-22	-0.05705683571491079	-0.037929812008697945	EHF	4.712573988825951e-22
fixed	ASXL3FALSE	-0.048175563114771724	0.004964293759284312	9.704414253220392	21434.868622390764	3.2079838321984423e-22	-0.05790594953774643	-0.03844517669179702	ASXL3	6.275936624102508e-22
fixed	ZNF324FALSE	-0.04699951950185466	0.004870917956192686	9.649006598869397	21434.631320743243	5.501717397437841e-22	-0.05654688238491354	-0.03745215661879578	ZNF324	1.0741967037373686e-21
fixed	HNRNPH1FALSE	-0.04682831244201234	0.004855875416482374	9.643639596490113	21435.065029117322	5.795889133767599e-22	-0.05634619081320693	-0.03731043407081775	HNRNPH1	1.1293965782400894e-21
fixed	ZNF843FALSE	-0.046443231942205426	0.004882695570926611	9.511801681584602	21434.674697167175	2.0653772515429824e-21	-0.05601367982842915	-0.036872784055981704	ZNF843	4.016690276176293e-21
fixed	ILF3FALSE	-0.04696072211382853	0.004990953539169205	9.409168357364758	21434.54376156016	5.489354718173504e-21	-0.056743363704280014	-0.03717808052337705	ILF3	1.065453494511629e-20
fixed	SIX5FALSE	-0.046695461793381986	0.004980468213991491	9.375717259313436	21435.249436921706	7.532129502732274e-21	-0.05645755134544098	-0.03693337224132299	SIX5	1.4590726305882165e-20
fixed	ZNF580FALSE	-0.04573532106849133	0.00488917571177481	9.354403229637464	21434.673859389135	9.209094283901434e-21	-0.05531847051463938	-0.036152171622343285	ZNF580	1.7769406974416465e-20
fixed	CCAR2FALSE	-0.04903028829388797	0.005241333589189229	9.354544498945423	21434.295309922352	9.196861356540678e-21	-0.05930369348393721	-0.03875688310383873	CCAR2	1.7769406974416465e-20
fixed	SFMBT1FALSE	-0.05168193944599533	0.005529838582258454	9.346012307087594	21434.29883108768	9.96626180258423e-21	-0.06252083596419411	-0.04084304292779654	SFMBT1	1.919284011200791e-20
fixed	HDAC3FALSE	-0.045577274413522724	0.004890001338497784	9.320503463813802	21434.89482306406	1.2666778114135287e-20	-0.055162042144113736	-0.03599250668293171	HDAC3	2.4345893217421818e-20
fixed	IKZF2FALSE	-0.04728126417515085	0.005090031882454593	9.288991752316914	21434.131983270083	1.7018717013917513e-20	-0.057258106727031965	-0.03730442162326973	IKZF2	3.264679956366278e-20
fixed	SMARCA2FALSE	-0.06757655688893413	0.007319145349745608	9.232848052578008	21434.03225488469	2.873422135114429e-20	-0.08192262828381856	-0.0532304854940497	SMARCA2	5.501348010141411e-20
fixed	ZNF574FALSE	-0.045519216243465055	0.004935847539893878	9.222168204256109	21434.784907834663	3.17334500317783e-20	-0.0551938459546554	-0.03584458653227471	ZNF574	6.063794909173141e-20
fixed	TBX5FALSE	-0.049141993337975975	0.005338423087942631	9.205338829170012	21434.402436830456	3.7099426521093787e-20	-0.059605701192021014	-0.03867828548393094	TBX5	7.075441885841097e-20
fixed	TAF9BFALSE	-0.05524480605793269	0.006005298752920691	9.199343501614178	21434.755174369173	3.922006340798129e-20	-0.0670156399977065	-0.04347397211815887	TAF9B	7.465440640978678e-20
fixed	ZFP3FALSE	-0.0648043808114175	0.007062232114413618	9.176189590137572	21434.027499851334	4.8596099711850344e-20	-0.07864688308190651	-0.050961878540928485	ZFP3	9.232322604216654e-20
fixed	PCBP2FALSE	-0.06918883035374863	0.007601033571356172	9.10255555434996	21434.000164164114	9.575024050068595e-20	-0.08408742371241158	-0.054290236995085686	PCBP2	1.8155718679553143e-19
fixed	KLF14FALSE	-0.04561535192564401	0.005012400781826289	9.100499722814238	21434.36663623703	9.757299603276381e-20	-0.05544003171766424	-0.03579067213362378	KLF14	1.8465829959367584e-19
fixed	PHF20FALSE	-0.047038535809222154	0.00517270299166396	9.093608483809497	21434.712434899047	1.0393707315589339e-19	-0.057177419892531244	-0.036899651725913064	PHF20	1.9632558262779862e-19
fixed	EPAS1FALSE	-0.046974230471032365	0.005169844190727367	9.086198488396487	21434.658431942094	1.1123852586747404e-19	-0.05710751109249518	-0.03684094984956955	EPAS1	2.0971546176927226e-19
fixed	ONECUT1FALSE	-0.054602282993913	0.006011948844590774	9.082293347030253	21434.094900518066	1.152883644316838e-19	-0.06638615163038632	-0.04281841435743969	ONECUT1	2.169357391787027e-19
fixed	YY2FALSE	-0.04665591461672293	0.005154682115441666	9.051172035799794	21434.517543827864	1.532186533419467e-19	-0.05675947644229607	-0.03655235279114979	YY2	2.877592232288751e-19
fixed	HAND2FALSE	-0.0464421241290975	0.005135596328300128	9.043180413767013	21434.683000012203	1.6480312147308484e-19	-0.05650827638242665	-0.03637597187576835	HAND2	3.0892752428224646e-19
fixed	ONECUT2FALSE	-0.04992434828043832	0.005550671371254381	8.994290049125365	21434.41813147485	2.5705488990663603e-19	-0.06080407861717329	-0.03904461794370335	ONECUT2	4.809414069220932e-19
fixed	OGG1FALSE	-0.04377948318778504	0.004873048607140222	8.984002975803948	21434.327733608232	2.821751723543134e-19	-0.053331022313426554	-0.03422794406214352	OGG1	5.269407574646838e-19
fixed	PRPF4FALSE	-0.04598486340637585	0.005119072490397623	8.983045950733153	21434.19982690664	2.846320715652114e-19	-0.056018627716434614	-0.035951099096317087	PRPF4	5.305240502141748e-19
fixed	HNF1AFALSE	-0.06816638003844251	0.007588793998227873	8.982505000710344	21434.243785798775	2.860300302476767e-19	-0.08304098291031427	-0.053291777166570756	HNF1A	5.321237921211496e-19
fixed	GPS2FALSE	-0.1692137669270327	0.01887350035449811	8.965680120206429	21434.01229557931	3.3306724210561844e-19	-0.20620723687918438	-0.132220296974881	GPS2	6.184638431565722e-19
fixed	RUNX2FALSE	-0.04439719298172737	0.004974608444600535	8.924761310594466	21434.658656051168	4.817658128091469e-19	-0.05414779696345275	-0.03464658900000198	RUNX2	8.928967884019152e-19
fixed	ZNF391FALSE	-0.043642761814282935	0.00489639244730765	8.913248332102244	21434.513955708848	5.343327412080508e-19	-0.05324005660495716	-0.03404546702360871	ZNF391	9.884654462122665e-19
fixed	POU2F2FALSE	-0.04739780142580204	0.005318146445093236	8.91246638563957	21434.839635017408	5.381011673107306e-19	-0.05782176553386855	-0.036973837317735535	POU2F2	9.935725673565175e-19
fixed	MLLT3FALSE	-0.04458989555905214	0.0050584548070691515	8.814924173432983	21434.282207265824	1.2871377366227995e-18	-0.05450484468145793	-0.034674946436646356	MLLT3	2.372182819271178e-18
fixed	DAXXFALSE	-0.054775543486893785	0.006243500049793338	8.773211027475988	21434.147551567636	1.8636589121333586e-18	-0.06701326977336577	-0.042537817200421796	DAXX	3.4282979241856186e-18
fixed	KLF15FALSE	-0.04908856862916253	0.005599740949191493	8.766221343908787	21434.27243095111	1.9825707686050762e-18	-0.060064479006720045	-0.03811265825160501	KLF15	3.6402509829508475e-18
fixed	SMAD2FALSE	-0.06678795122573106	0.007633857849703477	8.748912088836617	21433.999837710267	2.3102661295031537e-18	-0.08175088262091167	-0.05182501983055045	SMAD2	4.234056512435148e-18
fixed	ZNF10FALSE	-0.047629335736406764	0.005454564935345257	8.732013698795937	21434.30177106526	2.6816059142635644e-18	-0.05832069028610847	-0.036937981186705056	ZNF10	4.905498017558209e-18
fixed	PRDM15FALSE	-0.04694369982744002	0.005377445893498681	8.729739128420583	21434.15819478566	2.7358935432336786e-18	-0.057483895300856014	-0.03640350435402402	PRDM15	4.995538951163717e-18
fixed	KLF7FALSE	-0.04566663721747146	0.005234273545171826	8.724541586022966	21434.365937960178	2.8640458167547348e-18	-0.05592620419218441	-0.035407070242758514	KLF7	5.219869085619535e-18
fixed	CBFA2T3FALSE	-0.048122522866316436	0.005527140946888925	8.706585073319557	21434.212159578667	3.354109203382936e-18	-0.058956131820240204	-0.03728891391239267	CBFA2T3	6.1017558570767065e-18
fixed	ZNF554FALSE	-0.04491520340073766	0.0051954274106857405	8.645141169397906	21434.566336018022	5.744708585763573e-18	-0.05509862904596687	-0.034731777755508446	ZNF554	1.0431459789250245e-17
fixed	ZNF512BFALSE	-0.05813949908286569	0.006745902506777996	8.618490857887377	21433.999474540873	7.246536270444046e-18	-0.07136197170350972	-0.04491702646222167	ZNF512B	1.3134346990179832e-17
fixed	ATF2FALSE	-0.04275852482182795	0.004989420417684342	8.569838025730606	21434.660242836333	1.1053134392089535e-17	-0.05253816137669616	-0.032978888266959744	ATF2	1.999704680844088e-17
fixed	ZBTB2FALSE	-0.041364976159268485	0.004847202649110949	8.533783122695613	21434.212434763907	1.5090950116535057e-17	-0.05086585528022003	-0.03186409703831694	ZBTB2	2.7252155338651222e-17
fixed	ZNF121FALSE	-0.0457733192434266	0.005408976569673522	8.462473196882309	21434.372865709705	2.783254628784748e-17	-0.05637531719047582	-0.03517132129637738	ZNF121	5.0169818354328366e-17
fixed	ZSCAN5AFALSE	-0.04922574674784475	0.005820857021877691	8.456786786349465	21434.46106069588	2.921852770712172e-17	-0.06063506113232168	-0.037816432363367826	ZSCAN5A	5.257202248033215e-17
fixed	ESRRGFALSE	-0.06409148741115955	0.007591914089906014	8.442072269544477	21434.022386170724	3.312905916580058e-17	-0.07897220590436972	-0.049210768917949385	ESRRG	5.949954888429759e-17
fixed	IRF8FALSE	-0.07770038468889846	0.00921971941619595	8.427630080846601	21434.091107927554	3.7467983839628516e-17	-0.09577172316418059	-0.05962904621361634	IRF8	6.716987648340676e-17
fixed	ELK1FALSE	-0.042412889787085566	0.005049277095419181	8.399794462768444	21434.738872938673	4.747128212665965e-17	-0.05230984989747628	-0.03251592967669485	ELK1	8.494861012139096e-17
fixed	ZBTB1FALSE	-0.04437319255111453	0.005288851164854337	8.389949190853557	21434.01763462317	5.1606295509155255e-17	-0.05473973574505149	-0.034006649357177565	ZBTB1	9.218081045657079e-17
fixed	ZNF783FALSE	-0.06921611037063205	0.008252357177056604	8.387435115274494	21434.05291906363	5.271790312836674e-17	-0.08539134662766448	-0.053040874113599625	ZNF783	9.399611660862496e-17
fixed	IKZF1FALSE	-0.03960841650740081	0.004764784165562205	8.3127409618411	21434.36454079087	9.901894252848055e-17	-0.048947749242868765	-0.030269083771932857	IKZF1	1.7623226955429932e-16
fixed	ZNF337FALSE	-0.041979924372763384	0.005058224971911364	8.299339117156808	21434.614371311654	1.1081190941463828e-16	-0.05189442299242238	-0.032065425753104386	ZNF337	1.9686584267177182e-16
fixed	RELBFALSE	-0.039812434489847615	0.004820170012738151	8.259549846714165	21434.416393698335	1.5460556910372966e-16	-0.049260327619971137	-0.030364541359724093	RELB	2.741746243458228e-16
fixed	EBF1FALSE	-0.0403280524896067	0.004883596113116291	8.25785989576292	21434.76860543795	1.5680251631409388e-16	-0.049900265503393104	-0.030755839475820293	EBF1	2.7757142026157374e-16
fixed	ZSCAN4FALSE	-0.045381412803537885	0.005524412909435225	8.214703272094363	21434.217754241512	2.2461692590485156e-16	-0.05620967460019695	-0.03455315100687882	ZSCAN4	3.96903743623985e-16
fixed	ZNF18FALSE	-0.04075331325266629	0.004967745060903821	8.203583870153698	21434.721179704447	2.4633750600512947e-16	-0.050490464488286035	-0.031016162017046545	ZNF18	4.3450586926843947e-16
fixed	NUTM1FALSE	-0.04990378168020799	0.006128656792878593	8.142694780721843	21434.034507788005	4.074963489519546e-16	-0.061916406611602984	-0.03789115674881299	NUTM1	7.1748464297612e-16
fixed	TSHZ2FALSE	-0.05668799849417906	0.006963337773561086	8.140923266628862	21434.004027116258	4.1348519168852804e-16	-0.07033666047314967	-0.04303933651520845	TSHZ2	7.267315490283221e-16
fixed	BAP1FALSE	-0.039865970908759644	0.004935969339455822	8.07662450211953	21434.95682244666	7.00706904120815e-16	-0.04954083935180369	-0.030191102465715606	BAP1	1.2293541058062697e-15
fixed	PCGF1FALSE	-0.038802746329050355	0.00482756189787672	8.037752213206577	21434.44185301566	9.620036120034667e-16	-0.04826512810533687	-0.029340364552763842	PCGF1	1.6847878533488777e-15
fixed	SPIBFALSE	-0.05475217730558473	0.006818416826107964	8.030042560017256	21434.069417046994	1.024234498163001e-15	-0.06811678340419822	-0.04138757120697124	SPIB	1.7905943531714877e-15
fixed	ZNF146FALSE	-0.053652204333451955	0.006703482181218817	8.003631975597642	21434.25886764441	1.2690018690347362e-15	-0.06679152993955235	-0.040512878727351556	ZNF146	2.2145767130411503e-15
fixed	YAP1FALSE	-0.04017681845918351	0.005022234703672538	7.999789103803527	21434.69717561921	1.3091165297316866e-15	-0.05002077346371686	-0.030332863454650156	YAP1	2.2805457567410652e-15
fixed	INSM2FALSE	-0.040086900776541395	0.00501861142748239	7.987647849566863	21434.576550982492	1.4442472068318445e-15	-0.04992375389233609	-0.030250047660746703	INSM2	2.511512779428922e-15
fixed	RREB1FALSE	-0.05186393495823562	0.006495585738338327	7.984489320512492	21434.111906507274	1.4815983628972691e-15	-0.06459576801815399	-0.039132101898317256	RREB1	2.571929552494203e-15
fixed	SMARCC2FALSE	-0.05612207296708567	0.007059761321123367	7.949570872766473	21434.053165049874	1.9635187558148628e-15	-0.06995973229729967	-0.042284413636871666	SMARCC2	3.3965429705850082e-15
fixed	NR5A1FALSE	-0.051430027522137364	0.006469488470538382	7.949628128459656	21434.219834850264	1.9626134616492414e-15	-0.0641107079849297	-0.03874934705934503	NR5A1	3.3965429705850082e-15
fixed	NR2C1FALSE	-0.041780362098215174	0.005276812523721023	7.917727209446723	21434.4492911561	2.53582131323176e-15	-0.052123308644860325	-0.03143741555157002	NR2C1	4.37884380883803e-15
fixed	EEDFALSE	-0.040539430568378346	0.005121477104284974	7.915573914107771	21434.421108288825	2.5799705096712106e-15	-0.05057790809535068	-0.03050095304140601	EED	4.447291822615058e-15
fixed	BICRAFALSE	-0.05203184829287125	0.006583581336860443	7.9032741650130545	21434.134591842736	2.8470512749273772e-15	-0.06493615929558218	-0.039127537290160316	BICRA	4.8991144102589776e-15
fixed	PRDM4FALSE	-0.04355630705749433	0.005516157577234009	7.896131763395882	21434.164309845237	3.0144501008024257e-15	-0.05436838778815632	-0.03274422632683234	PRDM4	5.1781320546884875e-15
fixed	BMI1FALSE	-0.04949621199682393	0.0062739166259795165	7.889204614525192	21434.221389243456	3.1860488017175498e-15	-0.061793557041369615	-0.03719886695227824	BMI1	5.463381075640877e-15
fixed	SREBF1FALSE	-0.03982602727513423	0.005054626358424022	7.879123885934777	21434.661154018228	3.4530766470833883e-15	-0.04973347234244478	-0.029918582207823678	SREBF1	5.910995788236494e-15
fixed	NCOA2FALSE	-0.04892430399623178	0.006210969265299934	7.877080356775711	21434.213768362984	3.509838831960918e-15	-0.0610982675139683	-0.03675034047849526	NCOA2	5.997748853229576e-15
fixed	TCF21FALSE	-0.052880087719650616	0.006731907293524336	7.855141999729835	21434.125391204598	4.180122106553806e-15	-0.06607512867293645	-0.03968504676636478	TCF21	7.130796534709434e-15
fixed	ZNF273FALSE	-0.0593851389472709	0.007565958069593835	7.848991284518034	21434.00073120111	4.389676526354204e-15	-0.07421498170341766	-0.04455529619112413	ZNF273	7.475338609646365e-15
fixed	DNMT3BFALSE	-0.03806293741682781	0.00493968061178858	7.7055462504985375	21434.904127684174	1.3592968583978095e-14	-0.04774508023208547	-0.028380794601570156	DNMT3B	2.310804659276276e-14
fixed	FOXK2FALSE	-0.0377733922424817	0.004943858138960058	7.640468472347256	21434.871526976644	2.254963972652919e-14	-0.04746372332373847	-0.028083061161224922	FOXK2	3.8268407522130436e-14
fixed	ZNF468FALSE	-0.06187959561324642	0.008102761794708846	7.636852369725862	21434.001975098432	2.3190090699565104e-14	-0.07776161375296664	-0.045997577473526195	ZNF468	3.928767943259655e-14
fixed	ZNF35FALSE	-0.037210232020243046	0.004884808696208324	7.617541307017058	21434.61384148426	2.6925105616353193e-14	-0.04678482179133082	-0.027635642249155275	ZNF35	4.55371426033006e-14
fixed	NFRKBFALSE	-0.03950532448652012	0.005229038494912429	7.554988268867528	21434.33525141475	4.356665017185335e-14	-0.04975463037266911	-0.029256018600371126	NFRKB	7.355602237919076e-14
fixed	HIC1FALSE	-0.04046371979137352	0.0053841405749047375	7.515353514351629	21434.15679580243	5.898205135004073e-14	-0.05101703734026154	-0.02991040224248549	HIC1	9.941248313015411e-14
fixed	U2AF2FALSE	-0.039891212682925066	0.005322260735434449	7.49516317705709	21434.50751717998	6.878352086416202e-14	-0.050323241116378786	-0.029459184249471346	U2AF2	1.1573472964515999e-13
fixed	ZNF572FALSE	-0.03671142053426655	0.004898259714017177	7.494788491759792	21434.590536320058	6.897976393066427e-14	-0.04631237530517568	-0.027110465763357416	ZNF572	1.1586720142356894e-13
fixed	ZNF239FALSE	-0.051570528747026445	0.006943937971102998	7.426697784691589	21434.193260663335	1.1550414867381734e-13	-0.06518116565783694	-0.03795989183621595	ZNF239	1.9368552821833997e-13
fixed	NCOA1FALSE	-0.03679798297749699	0.004957030081453654	7.423393114997186	21434.783276287846	1.1841659744402478e-13	-0.0465141320517719	-0.027081833903222087	NCOA1	1.982321987772639e-13
fixed	ZNF101FALSE	-0.040170799856338854	0.005416521396300283	7.416346565856315	21434.444928603723	1.2487029121266878e-13	-0.05078758622490823	-0.02955401348776948	ZNF101	2.0868153751812106e-13
fixed	ZNF281FALSE	-0.041443320034213714	0.005608626985111975	7.389209541697897	21434.138324489024	1.531145862886831e-13	-0.05243664770955528	-0.03044999235887215	ZNF281	2.554500542819654e-13
fixed	HNRNPUL1FALSE	-0.043594575622007775	0.005910567988180391	7.375699883528227	21434.335247995183	1.694285586494969e-13	-0.05517973020266002	-0.03200942104135553	HNRNPUL1	2.821901331560878e-13
fixed	L3MBTL4FALSE	-0.04403365431956744	0.005989603838676161	7.351680596174434	21434.541188554256	2.0275501335476647e-13	-0.05577372506218389	-0.03229358357695099	L3MBTL4	3.371272228799321e-13
fixed	GATAD1FALSE	-0.0404540798814628	0.005503789362580968	7.35022313108511	21434.69773050562	2.0497253795105535e-13	-0.05124191797273687	-0.029666241790188737	GATAD1	3.4024061013424343e-13
fixed	ARID4BFALSE	-0.03651820053878407	0.00497470671660117	7.340774566050019	21434.394722518322	2.1993805975218071e-13	-0.04626899714774846	-0.02676740392981967	ARID4B	3.6446878473218523e-13
fixed	ZNF737FALSE	-0.047445678787625824	0.006530338544876519	7.26542406057188	21434.177394099996	3.8460228694695636e-13	-0.06024562994107514	-0.034645727634176504	ZNF737	6.362715686739916e-13
fixed	NR2F6FALSE	-0.042582134688422896	0.005882084137465078	7.239293708364727	21434.137406860063	4.662496931633779e-13	-0.05411145880088173	-0.03105281057596406	NR2F6	7.70053932092279e-13
fixed	ASCL1FALSE	-0.043978440476296114	0.0061197833036741355	7.186274136519306	21434.306569256372	6.876555989471899e-13	-0.055973672697682525	-0.031983208254909704	ASCL1	1.13382679023734e-12
fixed	MEF2CFALSE	-0.07472973648762841	0.010441219336629212	7.157184815136138	21434.041691830047	8.500643153377682e-13	-0.09519530601678286	-0.05426416695847397	MEF2C	1.3992711434441393e-12
fixed	TFEBFALSE	-0.08557275373495438	0.011963553362153117	7.152787398906506	21434.002305285143	8.776884866058997e-13	-0.109022211626847	-0.06212329584306175	TFEB	1.4423347463223618e-12
fixed	HOXB8FALSE	-0.04241665497306321	0.005956516952392148	7.121049988119081	21434.11658317709	1.1049316117331064e-12	-0.05409187296116362	-0.030741436984962803	HOXB8	1.8127496991162112e-12
fixed	PITX3FALSE	-0.034387306196685764	0.004856975025594054	7.07998414969817	21435.261950494165	1.4862359232354265e-12	-0.043907339878900754	-0.024867272514470774	PITX3	2.434266811146396e-12
fixed	LYL1FALSE	-0.07869268787898724	0.011122994124616058	7.074775640205918	21434.001337741953	1.5430061307671023e-12	-0.10049458690196081	-0.056890788856013674	LYL1	2.523058117639076e-12
fixed	TRPS1FALSE	-0.0432081810143989	0.006110540778353868	7.071089545373895	21434.001213942734	1.5844609721393625e-12	-0.05518529720568119	-0.031231064823116605	TRPS1	2.5865538386248533e-12
fixed	FANCLFALSE	-0.045826787617316886	0.006494716166022901	7.056010831860469	21434.093218782215	1.7657185830677054e-12	-0.058556916251194524	-0.03309665898343925	FANCL	2.877683508933484e-12
fixed	ZNF257FALSE	-0.04271508148907218	0.00606678591123211	7.040809106184057	21434.003865533352	1.9690095995056025e-12	-0.05460643487359677	-0.030823728104547594	ZNF257	3.2037020876444292e-12
fixed	ZNF343FALSE	-0.05654898588506748	0.008042718345771579	7.031078729096344	21434.000234489507	2.1110050046787798e-12	-0.07231331438158112	-0.040784657388553844	ZNF343	3.429078969708858e-12
fixed	CXXC5FALSE	-0.03560589704830248	0.005066738812725365	7.0273796152421575	21434.800386000457	2.1675787824791527e-12	-0.045537083426779874	-0.02567471066982508	CXXC5	3.515185328165205e-12
fixed	RLFFALSE	-0.05837737971720002	0.008356283620017486	6.986045755718122	21434.078353416204	2.910227287524352e-12	-0.07475631956135556	-0.04199843987304448	RLF	4.711796560753713e-12
fixed	ETV2FALSE	-0.05676253825310784	0.008165107816483946	6.951841853026614	21434.01262561876	3.709030294697686e-12	-0.07276675925034996	-0.04075831725586572	ETV2	5.995252246839211e-12
fixed	ZMYM3FALSE	-0.04811756060070164	0.006921966856856549	6.951428921252176	21434.05160054997	3.719880481681682e-12	-0.061685132492121694	-0.03454998870928158	ZMYM3	6.002949517083697e-12
fixed	`SMC1A-B`FALSE	-0.045174039531262804	0.00653115409294478	6.9167009212141615	21434.046762635877	4.752954607300641e-12	-0.05797558922422698	-0.03237248983829863	SMC1A-B	7.657537978428811e-12
fixed	TFALSE	-0.04088410959043093	0.005927954365174991	6.896832713593949	21434.471116531517	5.46545238436963e-12	-0.052503342764020314	-0.029264876416841546	T	8.791086543211183e-12
fixed	ZNF513FALSE	-0.05358459899858961	0.0077860341141536595	6.882142848717051	21434.000709472904	6.058579795727598e-12	-0.0688458072348518	-0.03832339076232742	ZNF513	9.729250290858977e-12
fixed	`KMT2B-D`FALSE	-0.03365822209450361	0.004894529920419141	6.876701673451268	21435.136596137196	6.293909958518355e-12	-0.04325186617767199	-0.024064578011335228	KMT2B-D	1.0090723933494469e-11
fixed	ASXL1FALSE	-0.03725000517675541	0.005420949221821766	6.871491255960734	21434.819348157012	6.5276578451878195e-12	-0.04787547040347513	-0.02662453995003569	ASXL1	1.0448491291161023e-11
fixed	FEZF1FALSE	-0.03495869258186956	0.005117061838429568	6.831790133808197	21434.39901664704	8.61090842405509e-12	-0.04498851585867678	-0.024928869305062336	FEZF1	1.37607061687493e-11
fixed	ZNF224FALSE	-0.04614264354774518	0.006863530784311265	6.722872672651014	21434.229544474714	1.8265685343295744e-11	-0.05959567636734309	-0.03268961072814727	ZNF224	2.914233939885049e-11
fixed	CLOCKFALSE	-0.0332819045883364	0.0049522103198264495	6.720616136816816	21434.85737079008	1.855020740971606e-11	-0.04298860656806168	-0.023575202608611123	CLOCK	2.954847254600975e-11
fixed	ARID5BFALSE	-0.03367160100174877	0.005038925607112484	6.682297701363368	21434.926620844664	2.409993573004641e-11	-0.043548271417281105	-0.023794930586216435	ARID5B	3.8326671983589935e-11
fixed	CBX8FALSE	-0.10323465550170641	0.015467689654285235	6.6742130084764035	21434.012082747446	2.546356968234153e-11	-0.13355248217443363	-0.0729168288289792	CBX8	4.043008004313808e-11
fixed	ZIC5FALSE	-0.047741867995591734	0.007154565225018497	6.672923719899179	21434.00938535503	2.5687900045683053e-11	-0.061765350057909944	-0.033718385933273524	ZIC5	4.072069042611493e-11
fixed	PCGF2FALSE	-0.06044537039299673	0.009061250330694744	6.6707538349580355	21434.02774116874	2.6069825235247157e-11	-0.07820609763106573	-0.04268464315492773	PCGF2	4.125978761148266e-11
fixed	ELK4FALSE	-0.03514287637909144	0.005274625308395106	6.662629916699099	21434.897171189314	2.7549701190779534e-11	-0.04548153580818727	-0.024804216949995614	ELK4	4.353205989440484e-11
fixed	ZIC2FALSE	-0.038674754485307605	0.005825017289303465	6.639423123486075	21434.340653980704	3.224500212192443e-11	-0.050092223308192546	-0.027257285662422664	ZIC2	5.086971534754797e-11
fixed	PRDM6FALSE	-0.058889719847729595	0.008965987519040212	6.5681242275511895	21434.034230814323	5.2121506509148453e-11	-0.07646372486152464	-0.04131571483393455	PRDM6	8.209553581153414e-11
fixed	SRSF4FALSE	-0.043948443761932895	0.006741276718095043	6.519305704209676	21434.04940402545	7.220629302207983e-11	-0.05716184948961876	-0.030735038034247025	SRSF4	1.1354929014317499e-10
fixed	BACH2FALSE	-0.06185590272431755	0.009515811039869745	6.50032902767311	21434.00203631514	8.190858914690967e-11	-0.08050760289499588	-0.043204202553639215	BACH2	1.2860170206823714e-10
fixed	CD74FALSE	-0.038032568589461316	0.005868339545641798	6.480976142170696	21434.271756417347	9.311345354981184e-11	-0.04953495227159489	-0.026530184907327736	CD74	1.4596162988889424e-10
fixed	TFDP1FALSE	-0.032367975153023476	0.005002858827483569	6.4698957674375395	21434.683273036644	1.0018945560303074e-10	-0.042173951993885114	-0.022561998312161838	TFDP1	1.5680444956283858e-10
fixed	ZNF518AFALSE	-0.032849107550444394	0.005078598325019018	6.468144446198427	21434.69025955018	1.0135495687101778e-10	-0.04280353946139004	-0.02289467563949875	ZNF518A	1.583771592310991e-10
fixed	NAB2FALSE	-0.06388762299374937	0.009888034737121399	6.461104222652469	21434.017539293916	1.061755035720428e-10	-0.08326890940368126	-0.044506336583817474	NAB2	1.656472255095478e-10
fixed	GMEB2FALSE	-0.03274217014279023	0.00507955714883435	6.445871004779198	21435.385384029752	1.1738545177413847e-10	-0.04269848140177182	-0.022785858883808643	GMEB2	1.828468490510277e-10
fixed	ELF4FALSE	-0.03214448389821582	0.005009926404076982	6.416158902465564	21434.895638772337	1.4267728713617066e-10	-0.04196431371140791	-0.022324654085023737	ELF4	2.218924370918995e-10
fixed	ZNF335FALSE	-0.032714842356676065	0.005132029837659088	6.3746399361541	21434.071568335617	1.8713047189594605e-10	-0.04277400403826057	-0.022655680675091557	ZNF335	2.905679453376422e-10
fixed	ZNF184FALSE	-0.03442634704472269	0.005431860287719831	6.337855766016778	21434.150737346623	2.376253660239228e-10	-0.045073198794025486	-0.023779495295419888	ZNF184	3.683940422949495e-10
fixed	GLI4FALSE	-0.04361491890358418	0.006907995956376117	6.313686223763257	21434.23356234803	2.778119265741562e-10	-0.05715510678038692	-0.03007473102678145	GLI4	4.3001971680081314e-10
fixed	GTF3C2FALSE	-0.032198708465013035	0.005105131963145803	6.307125593903758	21434.496073031805	2.898196023174804e-10	-0.042205148292942446	-0.022192268637083623	GTF3C2	4.479030217633788e-10
fixed	GABPB1FALSE	-0.03062029821307777	0.004858512113471687	6.302402360626782	21434.466332031494	2.987767214930315e-10	-0.04014334472225602	-0.02109725170389952	GABPB1	4.6102323535544454e-10
fixed	LEF1FALSE	-0.041669737657038027	0.006634565570024711	6.280703267943258	21434.11972481304	3.435226943369893e-10	-0.05467398156414802	-0.02866549374992803	LEF1	5.292396509629241e-10
fixed	DACH1FALSE	-0.05736900885122022	0.009184247081401243	6.246457476889593	21434.061699862486	4.2776391615395397e-10	-0.07537081890304534	-0.0393671987993951	DACH1	6.579956650979697e-10
fixed	SIX2FALSE	-0.06229307523945018	0.010071612192859796	6.1850152732858845	21434.00575411654	6.321990985266278e-10	-0.08203418717070396	-0.042551963308196404	SIX2	9.709475251514877e-10
fixed	ZNF583FALSE	-0.043179900121722584	0.006990720605011736	6.176745225773487	21434.05475762057	6.66142011512479e-10	-0.05688223449314313	-0.02947756575030204	ZNF583	1.0214868170315774e-9
fixed	ZFP91FALSE	-0.04532366647593389	0.007344847507053362	6.170811093410575	21434.05382686094	6.915866761630101e-10	-0.05972011601746404	-0.030927216934403735	ZFP91	1.058857861330323e-9
fixed	DR1FALSE	-0.03283733305924522	0.005333243730296758	6.157103391451051	21434.98528323384	7.540417583299278e-10	-0.04329088896952775	-0.022383777148962697	DR1	1.1526901918035795e-9
fixed	ZNF441FALSE	-0.043279414304536495	0.007063041136589164	6.127589159906365	21434.00520197781	9.077663059647226e-10	-0.05712350231971137	-0.029435326289361623	ZNF441	1.3855380459461557e-9
fixed	ZNF740FALSE	-0.062259679552916086	0.010215824256718587	6.0944352592959	21434.027884880248	1.116994062408436e-9	-0.0822834578962794	-0.04223590120955277	ZNF740	1.7022506113365039e-9
fixed	`RUNX1-RUNX1T1`FALSE	-0.0398546221870615	0.0065938047108470175	6.0442527394691234	21434.15334545466	1.5258472318522259e-9	-0.05277897176550581	-0.026930272608617183	RUNX1-RUNX1T1	2.3217366830344054e-9
fixed	KDM5AFALSE	-0.02999636320546495	0.004967444040414468	6.038591066435475	21435.05956989546	1.5802540619641227e-9	-0.039732924409769874	-0.02025980200116002	KDM5A	2.4008174192552004e-9
fixed	PROX1FALSE	-0.05306715704287032	0.00879188836190825	6.035922529770644	21434.008563412004	1.6065507990200311e-9	-0.07029991471013623	-0.03583439937560441	PROX1	2.4370139812826933e-09
fixed	HDAC8FALSE	-0.03026428526479356	0.005017530177204325	6.0317096651038495	21434.36855638355	1.6489337681746592e-9	-0.04009901905470024	-0.020429551474886884	HDAC8	2.497463433825213e-9
fixed	LIN9FALSE	0.03635761806606519	0.0060338083496076994	-6.025650129976213	21434.843731587134	1.71181148871183e-9	0.024530903190882546	0.04818433294124783	LIN9	2.588721055015129e-9
fixed	SATB1FALSE	-0.05249489688798558	0.008736047639583315	6.008998468612911	21434.057435680355	1.8968785406448372e-09	-0.06961820256774164	-0.035371591208229525	SATB1	2.864199450345803e-9
fixed	ISL1FALSE	-0.03996225089851533	0.006716077189197496	5.950236986971023	21434.043998427707	2.719154257414285e-9	-0.053126263668141466	-0.026798238128889193	ISL1	4.099520027233158e-9
fixed	ZNF256FALSE	-0.03493723298342196	0.005923045329640151	5.898525342797695	21434.640547308067	3.7227221394556144e-9	-0.04654684407564173	-0.023327621891202188	ZNF256	5.603975617562192e-9
fixed	BHLHE22FALSE	-0.060817515490191966	0.010315046583517305	5.896000080830845	21434.022569230772	3.780020498061749e-9	-0.08103577700314547	-0.04059925397723846	BHLHE22	5.681555199830616e-9
fixed	CSDC2FALSE	-0.06379808943965727	0.010872775145489084	5.867691420632932	21434.001963834213	4.484058829367934e-9	-0.0851095405799986	-0.04248663829931594	CSDC2	6.729500769797234e-9
fixed	WDHD1FALSE	-0.04067094447787422	0.006951475038071766	5.850692731417148	21434.10831371295	4.966502398681314e-9	-0.054296354605767955	-0.02704553434998048	WDHD1	7.442205722036133e-9
fixed	CBX2FALSE	-0.03322336585085437	0.005734410050566556	5.793685062262321	21434.376053288517	6.98224105954302e-9	-0.044463237719407134	-0.021983493982301608	CBX2	1.0446873573155414e-8
fixed	SHOX2FALSE	-0.045820752453247404	0.00791131234399807	5.791801721494335	21434.15428828924	7.060884713442803e-9	-0.06132751536808421	-0.0303139895384106	SHOX2	1.0548533829476673e-8
fixed	SFPQFALSE	-0.03305865842357972	0.0057241892074369645	5.775256062575525	21434.2031443754	7.789837267625206e-9	-0.04427849668155315	-0.021838820165606287	SFPQ	1.160238602096443e-8
fixed	NR0B1FALSE	-0.11683564105308183	0.0202296489509324	5.7754655721644035	21434.036896669902	7.780165795166679e-9	-0.15648726351335487	-0.0771840185928088	NR0B1	1.160238602096443e-8
fixed	ZNF592FALSE	-0.03211267201907903	0.005612389316192963	5.7217470510156865	21434.012655486662	1.0683967221607891e-8	-0.043113374147907106	-0.021111969890250958	ZNF592	1.5888976893673274e-8
fixed	SPIN1FALSE	-0.06573026606032592	0.011488334728144067	5.721479014647809	21434.001720595243	1.0700813520159566e-8	-0.08824825994567381	-0.043212272174978035	SPIN1	1.5890063450116464e-8
fixed	KAT2AFALSE	-0.029196648152578174	0.005116513699101528	5.706355903572617	21435.195590995372	1.169429154623048e-8	-0.03922539701432853	-0.019167899290827822	KAT2A	1.733920520989963e-8
fixed	PAX6FALSE	-0.04628823263256011	0.008115893172793761	5.7034058540504615	21434.020001365767	1.1898284964753834e-8	-0.06219598925307321	-0.03038047601204701	PAX6	1.7615178641512433e-8
fixed	MBD3FALSE	-0.03905657219760408	0.006852178114983085	5.699876964990494	21434.044177789387	1.2146839008953093e-8	-0.052487352944203224	-0.02562579145100493	MBD3	1.79561967958437e-8
fixed	SUPT6HFALSE	-0.027950585759125967	0.004910529708455033	5.691969587517244	21434.256574508145	1.2722244640322476e-8	-0.03757559064374828	-0.018325580874503655	SUPT6H	1.877864253796102e-8
fixed	MIER1FALSE	-0.04671446503356223	0.00821006599675879	5.689901281183902	21434.031388524083	1.2877070877001593e-8	-0.06280680742031061	-0.03062212264681386	MIER1	1.897876215952701e-8
fixed	ZNF579FALSE	-0.03218182468255685	0.005694249870176035	5.6516354948017	21434.19756969152	1.609471934150216e-8	-0.04334297960416471	-0.02102066976094899	ZNF579	2.368566159809124e-8
fixed	STAT2FALSE	-0.053419217588332124	0.009463617081426567	5.644693474884297	21434.03957749236	1.6756777708369635e-8	-0.07196861370137596	-0.03486982147528829	STAT2	2.462322327936283e-8
fixed	ZNF750FALSE	-0.029074791646659253	0.005152440218537096	5.6429168342518485	21434.451576319218	1.69304167997614e-8	-0.039173959188661255	-0.01897562410465725	ZNF750	2.484135560203086e-8
fixed	DDX21FALSE	-0.02841606444487646	0.005041467435598129	5.636466923147967	21435.30739053358	1.7575611840163837e-8	-0.03829771702411093	-0.01853441186564199	DDX21	2.5749707688560986e-8
fixed	RUVBL1FALSE	-0.03400531129668393	0.006072719613804883	5.599684072253385	21434.317389921223	2.17374014525536e-8	-0.045908295171480235	-0.022102327421887627	RUVBL1	3.1799818742162984e-8
fixed	BCLAF1FALSE	-0.03777088244210649	0.0067481729912306325	5.5972012708018015	21434.125713560643	2.2050432258005072e-8	-0.050997805377412365	-0.024543959506800613	BCLAF1	3.2162316873362426e-8
fixed	MSX2FALSE	-0.04166150206312532	0.007442975599029436	5.597425587228578	21434.00419587253	2.2021973375291697e-8	-0.056250289993899784	-0.027072714132350857	MSX2	3.2162316873362426e-8
fixed	TERF1FALSE	-0.03637016633925515	0.006516608046881588	5.5811498984750925	21434.33721015181	2.418235725886538e-8	-0.049143204686031214	-0.02359712799247908	TERF1	3.52197994937094e-8
fixed	FOXJ3FALSE	-0.03545538039622463	0.00637141706784805	5.564755849235232	21434.6180230928	2.6565866041731746e-8	-0.047943833573896075	-0.022966927218553188	FOXJ3	3.8634135571014014e-8
fixed	ZBTB24FALSE	-0.03614403283010131	0.006554539794499312	5.514350963348187	21434.042641340788	3.5410933407745515e-8	-0.04899142024442466	-0.02329664541577795	ZBTB24	5.1421473254841055e-8
fixed	ZSCAN16FALSE	-0.03811547433491947	0.006960468222546877	5.475992866608159	21434.07297804687	4.3995122073031284e-8	-0.051758511777158366	-0.024472436892680575	ZSCAN16	6.379292700589536e-8
fixed	TSHZ1FALSE	-0.03923827822737741	0.007206458208154895	5.444876955364149	21434.138906934924	5.2410624711955814e-8	-0.053363474406598506	-0.025113082048156314	TSHZ1	7.588381199117243e-8
fixed	ZNF282FALSE	-0.033603229732293446	0.006196001133583384	5.42337372247371	21434.035596963397	5.9117099045677e-8	-0.045747854599933066	-0.021458604864653827	ZNF282	8.546841592234241e-8
fixed	CBFA2T2FALSE	-0.03262891508884223	0.006020096127531971	5.41999901623148	21434.07356165132	6.02424222066632e-8	-0.04442875300888621	-0.020829077168798244	CBFA2T2	8.696783059409944e-8
fixed	ZNF479FALSE	-0.034523530921174855	0.006428893949780251	5.370057616575697	21434.087459155944	7.953070190274569e-8	-0.04712464309658468	-0.021922418745765032	ZNF479	1.1464513461419188e-7
fixed	STAT5AFALSE	-0.034134875591787614	0.006432255613139526	5.306828217780775	21434.20219336573	1.1265790989304729e-7	-0.046742576874579764	-0.021527174308995464	STAT5A	1.6216160460517464e-7
fixed	SOX8FALSE	-0.029305062536582115	0.0055347992031976895	5.294692988979858	21434.225585485663	1.203909324649392e-7	-0.04015368224431048	-0.018456442828853753	SOX8	1.7304002829508753e-7
fixed	TCF25FALSE	-0.031208467097397746	0.005937275696749367	5.2563614511760415	21434.608155344813	1.4834049582343552e-7	-0.04284597077265974	-0.019570963422135754	TCF25	2.1290207988632813e-7
fixed	ZXDCFALSE	-0.030851442661611526	0.005928161232106466	5.204217876956935	21434.269827329987	1.9661018027795463e-7	-0.04247108131599471	-0.01923180400722834	ZXDC	2.8176982231695243e-7
fixed	EBF3FALSE	-0.02883715168388957	0.005563272159195621	5.183487497771286	21434.388845907688	2.197503508909344e-7	-0.03974158050668716	-0.017932722861091977	EBF3	3.1447582870603966e-7
fixed	ZNF846FALSE	-0.08478530911524779	0.01636449999928878	5.181051001798567	21434.001874567282	2.2263703707235433e-7	-0.11686095102859417	-0.05270966720190139	ZNF846	3.1814509935266866e-7
fixed	ZNF785FALSE	-0.03619801041950483	0.007000065678509477	5.171095827091221	21434.10350126752	2.3481682782667272e-7	-0.04991866183100013	-0.02247735900800953	ZNF785	3.350642434690294e-7
fixed	ZNF792FALSE	-0.04357001291476292	0.008438757339614213	5.163083989894035	21434.138953275055	2.4508420540612554e-7	-0.06011060740485395	-0.027029418424671894	ZNF792	3.4920957591104014e-7
fixed	ZNF644FALSE	-0.05774093584713574	0.011243546027426672	5.135473782584852	21434.01838458419	2.838966340361338e-7	-0.07977912560007366	-0.03570274609419782	ZNF644	4.0392796704131014e-7
fixed	ZBTB12FALSE	-0.026014059560821926	0.005072336882579871	5.12861431782322	21434.846378802395	2.9442327601761737e-7	-0.03595621857298659	-0.016071900548657266	ZBTB12	4.1830165728151406e-7
fixed	NFXL1FALSE	-0.07646782879466414	0.01510183456428378	5.063479438154652	21434.000055747056	4.150831094353704e-7	-0.10606855217404865	-0.046867105415279636	NFXL1	5.888804977025543e-7
fixed	RFX1FALSE	-0.025827385787080315	0.005109566689319032	5.054711555300673	21434.894115262236	4.345884464616746e-7	-0.03584251799893039	-0.015812253575230244	RFX1	6.156669658207058e-7
fixed	DIDO1FALSE	-0.026346291460180693	0.005240798689566202	5.027151970678244	21434.633689733964	5.018282651606451e-7	-0.03661864819787163	-0.016073934722489754	DIDO1	7.099033994955467e-7
fixed	RBM14FALSE	-0.035696549655875286	0.007109032787367745	5.021294840460655	21434.016467194757	5.173592445795434e-7	-0.04963078474029521	-0.02176231457145536	RBM14	7.30825523145315e-7
fixed	RBP2FALSE	-0.03590137043289828	0.007155897609919172	5.017032438129561	21434.3112414951	5.289517758665856e-7	-0.049927464057954264	-0.0218752768078423	RBP2	7.461322618089461e-7
fixed	RAD51FALSE	-0.02876150734441672	0.0057380636297256924	5.012406484204788	21434.15148612623	5.418165434358342e-7	-0.04000854050757644	-0.017514474181256998	RAD51	7.631873026110464e-7
fixed	RING1FALSE	-0.07939581907358194	0.015861061361811996	5.005706570478309	21434.14468553335	5.609851837302081e-7	-0.11048468365470457	-0.0483069544924593	RING1	7.890604724079675e-7
fixed	SRCFALSE	-0.060923566027318805	0.01220025291318708	4.993631399351352	21434.155948393316	5.971960318770855e-7	-0.08483697270358766	-0.037010159351049954	SRC	8.387967057418894e-7
fixed	ZSCAN29FALSE	-0.03135094236764353	0.0062852558761476674	4.988013691951555	21434.03933496302	6.148006151130912e-7	-0.043670513195101325	-0.01903137154018574	ZSCAN29	8.622950305853598e-7
fixed	ZNF778FALSE	-0.03665432081421225	0.007370148860075826	4.973348776273583	21434.25716540602	6.631463696166808e-7	-0.051100362889137725	-0.022208278739286776	ZNF778	9.287817051733626e-7
fixed	TBX18FALSE	-0.038710092081721374	0.007836596627731125	4.9396560676275145	21434.177046122557	7.884956753755745e-7	-0.054070406612892856	-0.023349777550549893	TBX18	1.1027755119437114e-6
fixed	E2F8FALSE	-0.024174877302976766	0.004903103592007671	4.930525502741396	21434.816932237758	8.262158898090227e-7	-0.033785326430686116	-0.01456442817526742	E2F8	1.1538935798182668e-6
fixed	MEIS1FALSE	-0.04059679613864389	0.008241096844664751	4.926139918489864	21434.128162330155	8.449460895947835e-7	-0.05674996130019545	-0.024443630977092335	MEIS1	1.1769280570915693e-6
fixed	ZNF577FALSE	-0.03416545012660664	0.00693559099502721	4.926105093438054	21434.232769277718	8.450964142199098e-7	-0.047759726339644544	-0.02057117391356874	ZNF577	1.1769280570915693e-6
fixed	SCRT1FALSE	-0.03736105231747784	0.007597639708066999	4.917455124623603	21434.020604785743	8.83251220565272e-7	-0.05225299344987687	-0.022469111185078813	SCRT1	1.228329624086542e-6
fixed	FOXF1FALSE	-0.06449426015416995	0.013175217853866484	4.8951190689604465	21434.031910870355	9.896031751965267e-7	-0.09031867092112725	-0.03866984938721266	FOXF1	1.3742939869630637e-6
fixed	NCOA3FALSE	-0.03025479504393075	0.006185556984485159	4.891199793295403	21434.347750272245	1.009493676090473e-6	-0.04237894858951825	-0.018130641498343245	NCOA3	1.3999448166317954e-6
fixed	ID3FALSE	-0.024064837755127303	0.0049553583854980675	4.856326401245452	21434.25489530247	1.2042640023444713e-6	-0.03377771019403372	-0.014351965316220888	ID3	1.667702677404001e-6
fixed	ZNF410FALSE	-0.07686530206748231	0.015936961190097215	4.8230839713184634	21434.03060377362	1.423257092102324e-6	-0.10810293598871304	-0.04562766814625157	ZNF410	1.9682068622901704e-6
fixed	SAFBFALSE	-0.031053484926394804	0.006480694366032688	4.791691009092431	21433.999470074476	1.6648844012411886e-6	-0.04375612978844724	-0.018350840064342365	SAFB	2.2991260779044984e-6
fixed	PHF19FALSE	-0.07600833912810748	0.01587551917581251	4.787770295028311	21434.001886165523	1.6976977358280592e-6	-0.1071255421159129	-0.04489113614030206	PHF19	2.3411607937433096e-6
fixed	HMGB2FALSE	-0.06279973781718687	0.013123634474947233	4.7852397852950235	21434.00094716912	1.7192052556796286e-6	-0.0885230413119089	-0.03707643432246484	HMGB2	2.367508913547645e-6
fixed	PRDM1FALSE	-0.03448623796982771	0.007212136970395832	4.7816948168602185	21434.006104180276	1.749775811726297e-6	-0.04862256495200863	-0.020349910987646786	PRDM1	2.4052242417514267e-6
fixed	SND1FALSE	-0.037659014487259605	0.007875983533998522	4.781499900894367	21434.293241268166	1.7514716080907956e-6	-0.053096530290919805	-0.022221498683599405	SND1	2.4052242417514267e-6
fixed	ZNF134FALSE	-0.045661717310013616	0.009596177299081686	4.7583236414757835	21434.145014425736	1.9647921753214714e-6	-0.06447094134249999	-0.026852493277527246	ZNF134	2.6944159733893893e-6
fixed	PREBFALSE	-0.03906823120010961	0.008237381736630942	4.742797219943866	21434.109290158693	2.121434482164634e-6	-0.05521411447331812	-0.0229223479269011	PREB	2.905186665853235e-6
fixed	ZKSCAN5FALSE	-0.05163499273742207	0.010970665622088661	4.706641740448151	21434.03079812719	2.534041498198646e-6	-0.07313831651961236	-0.03013166895523178	ZKSCAN5	3.465415973958204e-6
fixed	CREB5FALSE	-0.030055439062880617	0.006386749209408461	4.70590563014519	21434.57688755039	2.5431936067141394e-6	-0.04257394438414832	-0.017536933741612915	CREB5	3.473114814709337e-6
fixed	TBX3FALSE	-0.029488625725251988	0.006314856428939074	4.669722274304535	21434.410905632707	3.0343513448210657e-6	-0.04186621583429065	-0.01711103561621333	TBX3	4.138133369285713e-6
fixed	GSPT2FALSE	-0.025953131633697994	0.005569211221409446	4.660109053491748	21434.671030591533	3.179421614050711e-6	-0.036869201453769	-0.01503706181362699	GSPT2	4.329985789301106e-6
fixed	ELF2FALSE	-0.09096533082566793	0.01952328375680772	4.6593253449972805	21434.114397164016	3.191537742122138e-6	-0.12923242475445162	-0.05269823689688423	ELF2	4.340491329286108e-6
fixed	MYF5FALSE	-0.02648694959809358	0.005739595477327904	4.614776372781015	21434.47536420765	3.957976634042524e-6	-0.03773698528733374	-0.015236913908853423	MYF5	5.375433830807065e-6
fixed	REPIN1FALSE	-0.0325957242952452	0.0071214222932693425	4.577136834878103	21434.24275696177	4.740284022718398e-6	-0.04655424372801662	-0.018637204862473784	REPIN1	6.4290509579096844e-6
fixed	HES1FALSE	-0.041600210899807484	0.009151418016184557	4.545766658919554	21434.14220219967	5.503480815978265e-6	-0.05953767352871232	-0.02366274827090265	HES1	7.453890226036497e-6
fixed	ZNF92FALSE	-0.09174256380605349	0.020254551720501	4.52947885848269	21434.175005010664	5.944810138692393e-6	-0.1314429975396862	-0.052042130072420784	ZNF92	8.040579968107955e-6
fixed	OGTFALSE	-0.022881860540421912	0.005056463276235475	4.52526979637384	21435.22956719538	6.064249457909501e-6	-0.032792906088955256	-0.012970814991888572	OGT	8.190890363696943e-6
fixed	ZNF507FALSE	-0.0396682591146423	0.008792977833933993	4.51135666026064	21434.04810395666	6.47562499509697e-6	-0.05690315222663252	-0.02243336600265208	ZNF507	8.734563946874982e-6
fixed	SALL2FALSE	-0.03761353460393051	0.008354159065381435	4.502372328508345	21434.01254236496	6.7553134722312155e-6	-0.05398831016520191	-0.0212387590426591	SALL2	9.099370332814179e-6
fixed	MAFKFALSE	-0.023488113369467465	0.005262733179074021	4.463101694545761	21434.784113241956	8.119318846950117e-6	-0.03380346334025243	-0.013172763398682502	MAFK	1.0921757684983376e-5
fixed	ZBTB18FALSE	-0.058074494278408176	0.01304012132335813	4.453524076833716	21434.13242322423	8.489901566802765e-6	-0.08363410575134898	-0.03251488280546737	ZBTB18	1.1404690660582461e-5
fixed	CHAF1BFALSE	-0.05227984340193872	0.011740353474679072	4.453004205937488	21434.001800601585	8.510472660825516e-6	-0.07529181284838425	-0.029267873955493184	CHAF1B	1.1416770127311508e-5
fixed	`SMAD3-EPAS1`FALSE	-0.04430753749116201	0.00998079380947815	4.439279914698353	21434.092526766348	9.071083068364585e-6	-0.0638706386052331	-0.02474443637709092	SMAD3-EPAS1	1.2152293349738425e-5
fixed	ZNF319FALSE	-0.0699510341519238	0.015765889016078633	4.436859480653782	21434.07653294526	9.173544954841986e-6	-0.10085335383463973	-0.03904871446920787	ZNF319	1.227288375233948e-5
fixed	`PAX3-FOXO1`FALSE	-0.02250478389102932	0.0051534010986527415	4.366976965350663	21434.503113017192	1.2656843352645833e-5	-0.03260583482843185	-0.012403732953626788	PAX3-FOXO1	1.6910091525350665e-5
fixed	SUPT16HFALSE	-0.03417532733875175	0.007830192915470163	4.3645575157198655	21434.02782411249	1.2797608068004063e-5	-0.049523090121775165	-0.018827564555728326	SUPT16H	1.7075022401964827e-5
fixed	IRF2BP2FALSE	-0.03307772446816996	0.007591761520973209	4.357055260072189	21434.067119368403	1.3243648270756952e-5	-0.04795814391312594	-0.018197305023213976	IRF2BP2	1.7646266479684263e-5
fixed	POU4F2FALSE	-0.022406947989403295	0.0051437043888911465	4.356188904983646	21435.27970135203	1.3296098256818898e-5	-0.032488992631031166	-0.012324903347775428	POU4F2	1.769224410421516e-5
fixed	ZNF280AFALSE	-0.033157372842404234	0.007616730830252999	4.3532289090098875	21434.325581645277	1.3476813410620958e-5	-0.0480867339877979	-0.01822801169701057	ZNF280A	1.7908541809800894e-5
fixed	ZNF197FALSE	-0.08650640155139037	0.019927845654513252	4.340981110108028	21434.015030937706	1.4249773780187197e-5	-0.12556646701774904	-0.0474463360850317	ZNF197	1.8910197775591626e-5
fixed	SSRP1FALSE	-0.025719396171851823	0.005932810232851517	4.3351118883656214	21434.30238117403	1.4634995273794058e-5	-0.037348147213826	-0.014090645129877646	SSRP1	1.939530287629159e-5
fixed	POU2AF1FALSE	-0.055783436373377515	0.012892891711798958	4.3266815250086355	21434.07612840535	1.52057340855788e-5	-0.08105446681807689	-0.030512405928678137	POU2AF1	2.012463598440362e-5
fixed	EP400FALSE	-0.02135219774597066	0.00494702506909109	4.3161693033210495	21434.873742425745	1.5947174503956446e-5	-0.031048736246683768	-0.011655659245257553	EP400	2.1077632789411604e-5
fixed	GATAD2AFALSE	-0.04777933800956446	0.01108162577108756	4.311581982331764	21434.08270474888	1.628141758756566e-5	-0.06950015196604745	-0.026058524053081462	GATAD2A	2.1490599385996978e-5
fixed	GFI1FALSE	-0.03107171736777102	0.007256139812392434	4.2821277113080205	21434.435515164543	1.85919618571883e-5	-0.045294293189805365	-0.016849141545736676	GFI1	2.4507586084475488e-5
fixed	`FOXO1-PAX3`FALSE	-0.02923126823544341	0.006843445083451541	4.2714258504285985	21434.318852990207	1.9506365050210918e-5	-0.042644931578451985	-0.015817604892434833	FOXO1-PAX3	2.5678606060758298e-5
fixed	SOX13FALSE	-0.029516987313014872	0.006962198847859621	4.239607049156494	21434.327215355795	2.2484867476083777e-5	-0.043163416900948735	-0.01587055772508101	SOX13	2.9560105775224806e-5
fixed	CRY1FALSE	-0.053693324646014146	0.012848034162031305	4.1791081786417905	21434.078211010845	2.938142294080784e-5	-0.07887643094359631	-0.02851021834843198	CRY1	3.857534356809125e-5
fixed	TERF2FALSE	-0.03157524849095133	0.007574886393003803	4.168412152044202	21434.202998918005	3.0793267002895286e-5	-0.046422591419734996	-0.01672790556216766	TERF2	4.037521444794515e-5
fixed	ZNF75AFALSE	-0.025661512141540176	0.006179088986734013	4.152960443947853	21434.57698476658	3.294713952623136e-5	-0.037772987921275855	-0.013550036361804494	ZNF75A	4.3141938343777055e-5
fixed	ZNF736FALSE	-0.04159168500301125	0.01002595029743753	4.148403270425289	21434.04174766997	3.360923338293451e-5	-0.06124329620786366	-0.02194007379815883	ZNF736	4.3950535962298974e-5
fixed	ZC3H11AFALSE	-0.03656649308533341	0.008821709515332165	4.14505748820914	21434.26141460999	3.410335041256671e-5	-0.05385770242849464	-0.019275283742172182	ZC3H11A	4.453762053879573e-5
fixed	CBX3FALSE	-0.028592263960290753	0.006898770446670712	4.144544912940122	21434.169762097124	3.417965695675574e-5	-0.04211436915149876	-0.015070158769082753	CBX3	4.457822984042481e-5
fixed	ZNF664FALSE	-0.033491711947885146	0.008104291762937081	4.132589611476105	21434.01898777873	3.6006107420898085e-5	-0.04937672893886132	-0.017606694956908975	ZNF664	4.6898311647299225e-5
fixed	PBX1FALSE	-0.021554281381880824	0.005221922907149943	4.127652162839928	21434.55824974202	3.678713703539297e-5	-0.031789640178703026	-0.011318922585058622	PBX1	4.7852397251843625e-5
fixed	ZNF462FALSE	-0.07548235972898273	0.018330456199662476	4.117865857063209	21434.048873503005	3.8382981009441236e-5	-0.11141142258586201	-0.039553296872103454	ZNF462	4.9862475988549483e-5
fixed	ZSCAN18FALSE	-0.03951572435740581	0.009649036993023679	4.095302400226671	21434.077290800018	4.231646437212471e-5	-0.05842855734031478	-0.02060289137449683	ZSCAN18	5.490004456699337e-5
fixed	ZBTB16FALSE	-0.031069029495784103	0.0075876191320172134	4.09470071641883	21434.325117096276	4.242641555395709e-5	-0.045941329538971974	-0.01619672945259623	ZBTB16	5.497036233403639e-5
fixed	ZNF215FALSE	-0.0503884155911577	0.012354413285969097	4.078576167464286	21433.99994185852	4.5476047477796884e-5	-0.07460398811885327	-0.02617284306346212	ZNF215	5.884433440040384e-5
fixed	OVOL3FALSE	-0.029178895133593823	0.007174020530792381	4.067300199149412	21434.26979320731	4.773097102504404e-5	-0.0432405110382815	-0.015117279228906145	OVOL3	6.168117618701628e-5
fixed	ZNF354BFALSE	-0.08850011611706723	0.021830411726278108	4.053982912770089	21433.999776834666	5.053066562195348e-5	-0.1312893531476711	-0.04571087908646336	ZNF354B	6.52136600827829e-5
fixed	GTF2A2FALSE	-0.04727522971111554	0.011678085264651241	4.048200423250411	21434.0309977327	5.179417499869212e-5	-0.07016514881466394	-0.02438531060756714	GTF2A2	6.675693666498095e-5
fixed	ZSCAN2FALSE	-0.06093323291191308	0.015061654308974413	4.045587002724283	21434.000154306104	5.237499612244485e-5	-0.0904551999906787	-0.03141126583314745	ZSCAN2	6.741742320722013e-5
fixed	ZSCAN23FALSE	-0.026781104059722952	0.006671317199165098	4.014365268537157	21434.167622585348	5.980871992283558e-5	-0.03985738390246925	-0.013704824216976656	ZSCAN23	7.688578597642227e-5
fixed	ZNF311FALSE	-0.05055153250040427	0.012635943331618712	4.000614055771365	21434.0261354791	6.339044227664416e-5	-0.0753189249373285	-0.025784140063480034	ZNF311	8.138408344371242e-5
fixed	CREB3L1FALSE	-0.019578132924061943	0.004924541552261682	3.9756254904723756	21434.84241333789	7.042465072666618e-5	-0.029230602053873997	-0.00992566379424989	CREB3L1	9.029740652339773e-5
fixed	BATFFALSE	-0.02768997988040989	0.006998599398907803	3.956503051843655	21434.01988282928	7.629976243363886e-5	-0.041407757277423754	-0.013972202483396031	BATF	9.770333215528301e-5
fixed	`NKX3-1`FALSE	-0.019708010056696496	0.005017825746696717	3.927599532460941	21434.72381440228	8.606656146938176e-5	-0.029543323175672053	-0.00987269693772094	NKX3-1	1.1006696447316525e-4
fixed	MRTFAFALSE	-0.021865648415370535	0.0055837662050485515	3.91593193776644	21434.356616078487	9.03344786973603e-5	-0.03281024709919052	-0.010921049731550553	MRTFA	1.1537538341398608e-4
fixed	CBX7FALSE	-0.026755934388621727	0.006869996354105705	3.894606781360462	21434.286008924497	9.865646587502195e-5	-0.04022164020578114	-0.013290228571462318	CBX7	1.2584123590268e-4
fixed	SOX21FALSE	-0.05785842818297093	0.014860289835081794	3.8934925782120495	21433.999829698325	9.911059070526039e-5	-0.08698570585732143	-0.028731150508620424	SOX21	1.262571607692335e-4
fixed	ZNF549FALSE	-0.033600292120479956	0.008651218335889709	3.8838797977261352	21434.02899845611	1.0311130577180194e-4	-0.05055732603220377	-0.01664325820875615	ZNF549	1.311841903109635e-4
fixed	NFIBFALSE	-0.0201781928915152	0.005339839318243434	3.77880151235579	21434.705384285586	1.5801144950558879e-4	-0.030644676654341153	-0.009711709128689246	NFIB	2.0077227991302903e-4
fixed	ZMYND11FALSE	-0.02268203499870997	0.006028519720671072	3.7624551381885656	21434.496190208964	1.6870148274233794e-4	-0.034498383777124386	-0.010865686220295556	ZMYND11	2.1407935905269653e-4
fixed	TSC22D4FALSE	-0.05050979002949865	0.013517623785381126	3.7365879411530423	21434.00768953372	1.870181733380168e-4	-0.07700534199084304	-0.024014238068154267	TSC22D4	2.3701789063147115e-4
fixed	ZNF558FALSE	-0.025402598894953256	0.006858660271074025	3.7037260763719617	21434.235009621785	2.1298885005909706e-4	-0.03884608514474379	-0.01195911264516272	ZNF558	2.695853737590112e-4
fixed	ZNF283FALSE	-0.031819662773536865	0.008656001327735	3.6760233240240336	21434.01101324856	2.3747587091527153e-4	-0.04878607170722017	-0.014853253839853555	ZNF283	3.001938573364842e-4
fixed	CARM1FALSE	-0.030235487003779506	0.008248120975882125	3.6657424269345014	21434.136331692847	2.472174827918228e-4	-0.04640241998664679	-0.01406855402091222	CARM1	3.1210811527879293e-4
fixed	ZNF318FALSE	-0.04038794219625125	0.011021228351013556	3.6645590591122277	21434.09358279734	2.483625279946362e-4	-0.06199037269900287	-0.018785511693499627	ZNF318	3.1315275268888916e-4
fixed	`NKX2-5`FALSE	-0.02807117757433213	0.007660950664609154	3.6641898379545648	21434.228247994604	2.487208050411209e-4	-0.04308721290067495	-0.013055142247989312	NKX2-5	3.132039767184486e-4
fixed	CASZ1FALSE	-0.06730305146078003	0.01845648828557796	3.646579480310517	21434.03820390094	2.6638342962939703e-4	-0.10347914661768279	-0.031126956303877268	CASZ1	3.350179357328896e-4
fixed	RBFOX2FALSE	-0.017614546183575643	0.00485222028699966	3.6302033175965898	21434.116555914232	2.8385725260724593e-4	-0.02712526025184623	-0.008103832115305057	RBFOX2	3.56539173338528e-4
fixed	ATF4FALSE	-0.021670722932870267	0.006016874088299753	3.601658039514331	21434.38886126058	3.169086512963842e-4	-0.033464245405638096	-0.00987720046010244	ATF4	3.975469849595863e-4
fixed	SREBF2FALSE	-0.01898640318773107	0.005411320566227554	3.508645062764641	21434.353188482397	4.51318492052976e-4	-0.02959299554359457	-0.008379810831867571	SREBF2	5.654384157105899e-4
fixed	CBX5FALSE	-0.02930784528588909	0.008360360044784009	3.5055721438903964	21434.239268345038	4.5655763100901084e-4	-0.045694775220019065	-0.012920915351759113	CBX5	5.71276426617874e-4
fixed	RELFALSE	-0.02559100146418329	0.007327157856480562	3.49262319243595	21434.04223349838	4.792644656527606e-4	-0.03995277797017227	-0.011229224958194315	REL	5.989287238702434e-4
fixed	RFX2FALSE	-0.04965371168645787	0.014226972466902764	3.4901109004020987	21434.031159141017	4.8379018724896097e-4	-0.07753964002793087	-0.021767783344984876	RFX2	6.038191450980703e-4
fixed	ZBTB5FALSE	-0.04276092877408198	0.012376126337313532	3.455114113142128	21434.16176296512	5.511243424014405e-4	-0.06701906049335417	-0.0185027970548098	ZBTB5	6.86989382563616e-4
fixed	AHRRFALSE	-0.04254238071897101	0.012372495005751074	3.4384641658126474	21434.105512643033	5.861358163500592e-4	-0.06679339476083127	-0.018291366677110753	AHRR	7.297094885368161e-4
fixed	ZNF565FALSE	-0.06357688106998258	0.018626212443381866	3.413301617987948	21434.10742634994	6.429955532770082e-4	-0.10008564824256044	-0.027068113897404704	ZNF565	7.994875353482094e-4
fixed	ZNF623FALSE	-0.027298700727667602	0.008009299169406134	3.4083757080698134	21434.032919662834	6.547105398237856e-4	-0.04299752514178876	-0.01159987631354644	ZNF623	8.130284537358345e-4
fixed	TP73FALSE	-0.051684743572069536	0.015573094208606477	3.318848706604879	21434.01764631783	9.054000436955586e-4	-0.0822091710412267	-0.021160316102912368	TP73	0.0011229238277783908
fixed	ZNF597FALSE	-0.049397157478966044	0.015074124491164506	3.2769503467958963	21434.037521520648	0.0010510164006071261	-0.07894356704304685	-0.01985074791488524	ZNF597	0.0013018871494957617
fixed	ZNF460FALSE	-0.0702545751277352	0.02173965091487482	3.231633083844287	21434.051720246818	0.0012327084994948302	-0.11286591418517092	-0.027643236070299483	ZNF460	0.0015250320959873307
fixed	BCL6BFALSE	-0.05629738709311344	0.017499121226641014	3.217155099617526	21434.00602114615	0.0012966087150483342	-0.09059697133230427	-0.021997802853922603	BCL6B	0.0016020754298717514
fixed	FOXJ2FALSE	-0.07218388075392267	0.022545365350110765	3.2017170550561973	21434.05897638562	0.001368104342447854	-0.11637448026495895	-0.027993281242886393	FOXJ2	0.0016882989757867133
fixed	ZNF223FALSE	-0.03830372998358525	0.012099092025930654	3.165835080970793	21434.003097629953	0.0015485489094140814	-0.06201885377691792	-0.014588606190252582	ZNF223	0.0019085865308528553
fixed	LCORLFALSE	-0.036031825864171946	0.011415692665071897	3.1563416186226676	21433.999499760037	0.0015998278848858073	-0.05840743588194616	-0.013656215846397732	LCORL	0.001969326210358809
fixed	ZSCAN5CFALSE	-0.028817023179450788	0.009150719649945948	3.1491537585922007	21434.03171742919	0.0016396879963650553	-0.046753116963603486	-0.01088092939529809	ZSCAN5C	0.0020158757661046687
fixed	HINFPFALSE	-0.040967275369494294	0.013076828940092704	3.132814198088292	21434.019523492167	0.0017337218318882262	-0.06659883651974172	-0.015335714219246867	HINFP	0.00212882904886898
fixed	ZNF317FALSE	-0.03619545369616713	0.011570599139748124	3.1282264002929634	21434.009130789796	0.0017610023489534146	-0.05887469197038689	-0.013516215421947378	ZNF317	0.002159637209039884
fixed	HOXB5FALSE	-0.03337629648996419	0.01068282467869945	3.124295071182193	21433.99998948443	0.0017846927104756996	-0.054315430532166364	-0.012437162447762013	HOXB5	0.0021859714441354533
fixed	PAX8FALSE	-0.03325220455206116	0.010675629121232795	3.114777047277311	21434.11068701914	0.0018432670617559348	-0.05417723475824334	-0.012327174345878981	PAX8	0.002254914792669171
fixed	CSNK2A1FALSE	-0.017106680114130874	0.0054928827386582415	3.1143355735115437	21434.116683861725	0.0018460263033908597	-0.02787314042465462	-0.006340219803607128	CSNK2A1	0.002255491865109526
fixed	ICE1FALSE	-0.06045637840885016	0.019473975299565967	3.104470324053333	21434.01971388654	0.0019086834107799862	-0.09862682408919597	-0.02228593272850435	ICE1	0.0023291606968181516
fixed	USP7FALSE	-0.028918152510444623	0.009338515580934573	3.0966540945205097	21434.02518930078	0.001959706938463227	-0.04722234034208517	-0.010613964678804079	USP7	0.002388468530685713
fixed	ZNF704FALSE	-0.05165270029204117	0.016739513623871164	3.085675095026806	21434.190521888697	0.0020334931394341443	-0.08446339689501353	-0.018842003689068812	ZNF704	0.0024753385623235385
fixed	GRHL1FALSE	-0.04272772999327179	0.01388887125841984	3.0764004646791574	21434.00178640063	0.0020978020523343003	-0.06995095472272327	-0.015504505263820315	GRHL1	0.0025504720389662393
fixed	KAT8FALSE	-0.06173989267333388	0.020114914191380662	3.069358988356496	21434.08406126583	0.0021478665371049456	-0.10116662643291999	-0.02231315891374777	KAT8	0.002608123652198862
fixed	ZNF816FALSE	-0.04557692418163122	0.014943602290572526	3.049928878954731	21434.065760165264	0.002291749560612892	-0.07486750048448308	-0.01628634787877936	ZNF816	0.002779415826278366
fixed	HSF2FALSE	-0.028798531187113324	0.00950769935564378	3.028969481456993	21433.99977949123	0.002456815354553338	-0.047434331851131266	-0.010162730523095381	HSF2	0.0029759458717316845
fixed	ZNF695FALSE	-0.023461901610759266	0.007840643713795458	2.992343800736477	21434.029674019268	0.0027715947710259758	-0.03883014873877072	-0.008093654482747814	ZNF695	0.0033531195634743704
fixed	DPF1FALSE	-0.024749267271647262	0.008295063025277865	2.983614132433698	21434.010051614885	0.0028518664527457313	-0.04100821018180548	-0.008490324361489051	DPF1	0.0034460052970677587
fixed	`SMAD1-5`FALSE	-0.06877355590330748	0.023137497689848355	2.9723852088586953	21434.02494848491	0.0029582398696843186	-0.1141247790178293	-0.023422332788785673	SMAD1-5	0.0035701646407695696
fixed	ZNF701FALSE	-0.06293573642506921	0.021575296423823897	2.917027659261925	21434.076872857953	0.0035375108366411372	-0.1052249284051608	-0.020646544444977613	ZNF701	0.00426404117961878
fixed	TLE3FALSE	-0.01986325071194418	0.00683268324131241	2.907093744935391	21434.037122510093	0.0036517769029690045	-0.033255820050746565	-0.0064706813731417925	TLE3	0.004396400520546323
fixed	ZNF714FALSE	-0.05958998395287723	0.020547599248918223	2.900094713304012	21434.03018257436	0.0037342887358510985	-0.0998648127387695	-0.019315155166984954	ZNF714	0.004490254504328272
fixed	JMJD6FALSE	-0.023885111979349765	0.008273285478815548	2.8870165353908828	21434.010968848997	0.0038930243327725037	-0.04010136927230408	-0.00766885468639545	JMJD6	0.0046754226456926775
fixed	SNAPC1FALSE	-0.019273788659448985	0.006694514670228251	2.8790419632901996	21434.440384611036	0.0039927987433739055	-0.032395537268152835	-0.006152040050745135	SNAPC1	0.004789415524290353
fixed	ZNF611FALSE	-0.048796619711555925	0.016956311974033644	2.8777849679978473	21434.004048549232	0.004008735961687112	-0.08203225728499924	-0.015560982138112599	ZNF611	0.004802689742677391
fixed	NFATC2FALSE	-0.016982867195395233	0.005988242683482968	2.836035226534509	21434.587374531384	0.004572019903026255	-0.02872026997077302	-0.005245464420017446	NFATC2	0.005470887893669767
fixed	ZNF425FALSE	-0.043510959920147294	0.015601141981735355	2.7889599345411162	21434.073100477293	0.005292423801520707	-0.07409036311445566	-0.01293155672583892	ZNF425	0.006325248325211414
fixed	ZNF674FALSE	-0.02980398962753583	0.0108114107501607	2.75671605827138	21434.003606087856	0.005843440282080502	-0.05099516197094674	-0.008612817284124923	ZNF674	0.006975341547374546
fixed	PRKDCFALSE	-0.016344017296782587	0.0059383399913489005	2.7522872251492667	21434.6292518731	0.005923034913060401	-0.02798360706827882	-0.004704427525286353	PRKDC	0.007061804624277577
fixed	OTX2FALSE	-0.01402441634349211	0.005103218585680298	2.7481512124220613	21435.53075168916	0.005998247919149794	-0.024027105781459168	-0.004021726905525049	OTX2	0.007142841121113161
fixed	ZNF165FALSE	-0.036685423799164535	0.013408034444335972	2.736077681741171	21434.01912943927	0.006222752703586438	-0.062966172468386	-0.010404675129943072	ZNF165	0.007401247485809684
fixed	ZNF573FALSE	-0.04932784048032191	0.018038651776158984	2.7345635966828015	21434.000564718357	0.006251434227488523	-0.08468494488306987	-0.013970736077573959	ZNF573	0.007426402588317691
fixed	ZNF784FALSE	-0.03699757466026284	0.01355883758615189	2.7286686211249958	21434.09563519739	0.006364240702035475	-0.06357390874233657	-0.010421240578189116	ZNF784	0.0075513132758206715
fixed	HLFFALSE	-0.028207610145252835	0.010435857414425246	2.7029508956554067	21434.08719307289	0.006878105058811324	-0.048662669904069054	-0.007752550386436616	HLF	0.008151215850947073
fixed	BRF1FALSE	-0.021529294862447316	0.00808463235833294	2.662989967658428	21434.117414339245	0.007750757828657606	-0.03737577794835099	-0.005682811776543645	BRF1	0.009174366409431452
fixed	ZNF83FALSE	-0.04228849272001248	0.015993618073019848	2.644085442514743	21434.10025522991	0.008197162667452313	-0.07363717835650199	-0.010939807083522962	ZNF83	0.00969112996415825
fixed	POU2F3FALSE	-0.01857106047206593	0.007052773780676379	2.633156974770417	21434.057306235187	0.008465593963677336	-0.03239502370110481	-0.00474709724302705	POU2F3	0.009996497782258506
fixed	YBX3FALSE	-0.04490010447986808	0.01730832613927352	2.594133258096364	21434.07996622027	0.009489424232682047	-0.07882571609480607	-0.010974492864930088	YBX3	0.011192072121321171
fixed	ZIM3FALSE	-0.044715017863833716	0.017303739422745143	2.5841245508504036	21434.088529898327	0.009769204609364826	-0.07863163917112886	-0.010798396556538574	ZIM3	0.011508286433493093
fixed	ZNF331FALSE	-0.04342664311522595	0.016901195445905993	2.569442099774384	21434.037064409735	0.01019293992460091	-0.07655424817518257	-0.010299038055269327	ZNF331	0.01199312501868317
fixed	ZNF675FALSE	-0.03971653325722763	0.01554970608176145	2.5541661719131734	21434.072739704257	0.010651097659419451	-0.07019511824698703	-0.009237948267468234	ZNF675	0.012517261373286745
fixed	ZNF79FALSE	-0.03580087702545617	0.014020621626253286	2.553444346463203	21434.013052254115	0.01067319295179216	-0.06328234231266457	-0.008319411738247767	ZNF79	0.012528295536270322
fixed	NR5A2FALSE	-0.016935685914122305	0.006712141007384644	2.523142153224999	21434.09323232212	0.011638308616603858	-0.03009198347178023	-0.003779388356464382	NR5A2	0.013644913550501073
fixed	MED25FALSE	-0.021270554341791367	0.00849102960958856	2.5050618499517925	21434.198224161664	0.012250357281817809	-0.037913606381494755	-0.004627502302087982	MED25	0.014345430261131067
fixed	ZNF547FALSE	-0.021877098288620497	0.008739648455511284	2.5032011756519386	21434.01696969895	0.012314934901394403	-0.039007461838288696	-0.004746734738952301	ZNF547	0.014403945210883609
fixed	TET2FALSE	-0.013013579578222117	0.005241668369233466	2.482717078136174	21434.788534889627	0.013046052798803623	-0.023287640948804582	-0.002739518207639652	TET2	0.015241004809976743
fixed	SNAPC4FALSE	-0.058339485286293985	0.02362330663395287	2.4695732138719686	21434.041592890393	0.013535165417429542	-0.10464293020385887	-0.0120360403687291	SNAPC4	0.015793695978207727
fixed	ZNF22FALSE	-0.048178329662923514	0.019644758347933885	2.4524775927310207	21434.003867124084	0.014195535022477338	-0.08668352287179804	-0.009673136454048999	ZNF22	0.01654467793399841
fixed	ZNF34FALSE	-0.02944935174125978	0.012045449500547927	2.4448528666298572	21434.03055335265	0.014499119350470227	-0.05305933217772105	-0.005839371304798512	ZNF34	0.01687854979877644
fixed	NFIAFALSE	-0.02134779165643752	0.00886814767472013	2.4072435912735557	21434.0547990337	0.016081842957879323	-0.03873002326887279	-0.003965560044002257	NFIA	0.01869893532602478
fixed	MYOCDFALSE	-0.026718820461189296	0.011125656617760741	2.4015499829948004	21434.026519371426	0.016334238105275574	-0.04852593816808434	-0.0049117027542942525	MYOCD	0.018970033889047958
fixed	MAFGFALSE	-0.02579302382176414	0.010772858439999486	2.39425997894811	21434.011815607755	0.016662477823106682	-0.046908630758154636	-0.004677416885373646	MAFG	0.01932847427480375
fixed	THAP11FALSE	-0.018672676887490434	0.007831577216425183	2.3842805058894383	21434.100480017238	0.017121199080122024	-0.03402315300081087	-0.0033222007741699946	THAP11	0.01983725298824949
fixed	ZNF93FALSE	-0.04604173231598533	0.019493328135915877	2.3619226021827853	21434.000182349315	0.01818932575760441	-0.08425011100259108	-0.00783335362937957	ZNF93	0.02105008825938726
fixed	ZNF350FALSE	0.019482135598032177	0.008345760529891956	-2.3343751031740174	21434.33678020027	0.019585276488811403	0.0031238218074010546	0.0358404493886633	ZNF350	0.022639018309458435
fixed	ZNF395FALSE	-0.02781222972635349	0.012028161155939673	2.3122594855340313	21434.001197267688	0.020772815356650952	-0.051388323718311674	-0.0042361357343953	ZNF395	0.02398360180521995
fixed	ZBED2FALSE	-0.01706847623277935	0.007384998845719439	2.3112361409064723	21434.23431480408	0.020829253564845388	-0.03154362538924622	-0.002593327076312482	ZBED2	0.024020636274780762
fixed	ZNF329FALSE	-0.03027493022825696	0.013156752087620096	2.3010945274817702	21434.07809710021	0.021395837094472705	-0.05606314671142271	-0.004486713745091211	ZNF329	0.024645204877511782
fixed	DDX20FALSE	0.014056330795643857	0.006123877325477492	-2.2953318704090555	21435.031324715033	0.021723723010025585	0.002053074008753396	0.026059587582534318	DDX20	0.024970876903151386
fixed	ZNF37AFALSE	-0.0528885521692981	0.02304275234638803	2.295235889109767	21434.008376554684	0.021729221483675343	-0.09805406733811631	-0.007723037000479896	ZNF37A	0.024970876903151386
fixed	AATFFALSE	-0.024848428363385456	0.010901899002625236	2.2792752306182456	21434.066600204882	0.022660494172907993	-0.04621696443471303	-0.003479892292057883	AATF	0.026010765139100445
fixed	HMBOX1FALSE	-0.015746360717079712	0.0069623527838132806	2.261643614740164	21434.223594157127	0.023729405875473487	-0.029393092034702303	-0.0020996293994571223	HMBOX1	0.027206039759554487
fixed	HHEXFALSE	-0.03868819735779712	0.0172586719653	2.2416671129495347	21434.132904224753	0.024993084367800376	-0.07251648307943985	-0.004859911636154388	HHEX	0.028621580936877083
fixed	ZNF543FALSE	-0.043655064609843315	0.019560943736256612	2.2317463409972267	21434.01188107249	0.025642028218786875	-0.08199597492069975	-0.005314154298986878	ZNF543	0.029330672649331625
fixed	ARHGAP35FALSE	0.03173893833796924	0.014265482986990945	-2.224876533581988	21434.073623824643	0.026099896635198846	0.0037775265047299486	0.059700350171208526	ARHGAP35	0.029819812378106676
fixed	NOTCH3FALSE	-0.019624748449936	0.008856799659161677	2.2157832631604926	21434.066004068103	0.026716814835848573	-0.03698473710402656	-0.0022647597958454363	NOTCH3	0.03048932804183645
fixed	IRF3FALSE	0.013579353719176776	0.006135100074602641	-2.2133874841571	21434.860836102023	0.02688143342138401	0.0015540995006722846	0.025604607937681267	IRF3	0.03064172642021345
fixed	MYOGFALSE	-0.016632885639115483	0.007531156564128491	2.2085433356065476	21434.1650866092	0.027216962693787573	-0.03139451483957718	-0.0018712564386537903	MYOG	0.03098836630031703
fixed	CERS6FALSE	-0.02268933900400014	0.01032982718243949	2.1964877633743556	21434.016509584624	0.028067719707942078	-0.04293657159480983	-0.0024421064131904466	CERS6	0.03192015182471844
fixed	ASH1LFALSE	-0.014706420519627226	0.006747228697657994	2.17962383944862	21434.384216026792	0.029296202493977533	-0.027931492560015113	-0.0014813484792393396	ASH1L	0.03327886596666111
fixed	ZNF680FALSE	-0.02356991001035977	0.010878734130699256	2.1666041036747683	21434.068808244116	0.030276036144559655	-0.04489304120290694	-0.0022467788178126002	ZNF680	0.034352326396473905
fixed	ZNF260FALSE	-0.02358075162076159	0.010910364270315368	2.161316619365265	21434.210918433775	0.030681926565533976	-0.044965880240717584	-0.0021956230008055924	ZNF260	0.03477194140440265
fixed	RPA2FALSE	0.021711742101628403	0.010047683440605838	-2.1608704364514955	21434.041865585	0.030716390429244126	0.0020175323133927447	0.04140595188986406	RPA2	0.03477194140440265
fixed	ZNF589FALSE	-0.029381936741508453	0.013675622098890762	2.148489957461726	21433.999476172045	0.031686022023884916	-0.056187177195424126	-0.0025766962875927828	ZNF589	0.03582846068297079
fixed	CREB3FALSE	-0.019373837446366077	0.009132223872572056	2.1214807824142303	21434.013106812403	0.03389280643856587	-0.0372736781266922	-0.0014739967660399554	CREB3	0.03827984782179375
fixed	MEIS2FALSE	-0.01085700574965311	0.005140980234726407	2.1118551820751943	21434.594992632046	0.03471041155636473	-0.020933710863904116	-7.803006354021053e-4	MEIS2	0.03915842768258081
fixed	ZMYM2FALSE	-0.04502396923265791	0.021471612775590097	2.0969067253226177	21434.021482094915	0.03601352064066514	-0.08710993352647775	-0.0029380049388380777	ZMYM2	0.04058209297336666
fixed	TASORFALSE	-0.042543553987507136	0.020333467910016882	2.092292085923469	21434.013242886478	0.03642412816040038	-0.08239866936206988	-0.002688438612944398	TASOR	0.040997934207939235
fixed	ZNF322FALSE	-0.03307918732213874	0.015898755804029586	2.080614843694544	21434.03641679452	0.03748102097559901	-0.0642419358334616	-0.0019164388108158723	ZNF322	0.04213943749366091
fixed	ZNF182FALSE	-0.03805969141730343	0.018460141475507775	2.0617226291466726	21433.9995987245	0.03924617930909833	-0.07424294710292695	-0.0018764357316799138	ZNF182	0.044073727561242546
fixed	DEAF1FALSE	-0.016810451426587675	0.008161263048893783	2.0597855167609436	21434.102344257986	0.039431096563823625	-0.03280713638848845	-8.13766464686904e-4	DEAF1	0.04423101389298077
fixed	ZNF791FALSE	-0.04785354068412847	0.023240042039350907	2.0590987143268102	21434.049581333016	0.039496836336844726	-0.09340575837755247	-0.0023013229907044783	ZNF791	0.044254409804691926
fixed	ARID3BFALSE	-0.028796211609839504	0.014070378557806197	2.0465839985423466	21434.010961568187	0.04071111861293554	-0.05637520419832239	-0.0012172190213566164	ARID3B	0.0455299903919338
fixed	ZC3H8FALSE	-0.01623647694848742	0.007934104050224126	2.046415933759876	21434.288938140184	0.04072763846418419	-0.03178791330381779	-6.850405931570526e-4	ZC3H8	0.0455299903919338
fixed	TOX2FALSE	-0.04552343800977085	0.0223676413600344	2.035236405887225	21434.03149427207	0.04183936835011608	-0.08936568523307808	-0.0016811907864636155	TOX2	0.04671983827091104
fixed	ZNF677FALSE	-0.035269395233045266	0.01743329051532274	2.023106033943835	21434.018429052263	0.04307460459726844	-0.06943994636144782	-0.0010988441046427197	ZNF677	0.04804475128156865
fixed	BNC2FALSE	-0.043650325647061776	0.021785178101404196	2.0036708189339167	21434.02151192088	0.04511789667499874	-0.08635090139293437	-9.497499011891786e-4	BNC2	0.050266944770111587
fixed	ZNF512FALSE	-0.036680859349768044	0.01835902298397989	1.9979744772788735	21434.036113382306	0.045732040014651344	-0.07266591523815485	-6.958034613812267e-4	ZNF512	0.05089366981314473
fixed	TAF2FALSE	-0.02021790309347252	0.010196213887608796	1.9828833836099526	21434.193934580297	0.04739320100387146	-0.040203243640360584	-2.325625465844569e-4	TAF2	0.05268285928953468
fixed	CDC5LFALSE	-0.030442376674467607	0.015395783200412102	1.9773191320109489	21434.006139480636	0.048018360012871845	-0.06061926132892365	-2.6549202001156097e-4	CDC5L	0.05331768352780591
fixed	HOXC5FALSE	-0.029739721850817507	0.01506040476198104	1.974696053713868	21434.000137155246	0.0483154649443383	-0.05925923972417549	-2.2020397745952172e-4	HOXC5	0.05358723108562156
fixed	ZNF30FALSE	-0.012364836111569619	0.006309598219336401	1.9596867632040864	21434.294542355692	0.050045352754915486	-0.02473211974096634	2.44751782710155e-6	ZNF30	0.055443503164434464
fixed	PALB2FALSE	-0.02178576525663143	0.011262142432145123	1.9344245899829071	21434.173296377016	0.05307408954444071	-0.04386040534237428	2.888748291114199e-4	PALB2	0.05873294308733844
fixed	ZNF141FALSE	-0.03260349706327389	0.016925649798057003	1.9262774222716483	21434.040494589415	0.05408295103846345	-0.06577903447911511	5.720403525673323e-4	ZNF141	0.0597822754752522
fixed	EOMESFALSE	-0.028009040644567742	0.014642257818755246	1.9128908253951793	21434.080648691655	0.05577534112181896	-0.0567089592806535	6.90877991518013e-4	EOMES	0.06158397127224355
fixed	KAT2BFALSE	-0.01794223222149621	0.009474024182830821	1.893834327973512	21434.188875161348	0.0582604556889227	-0.036512027023069854	6.275625800774322e-4	KAT2B	0.0642559388246955
fixed	ZNF180FALSE	-0.039625034711648126	0.021100798852313186	1.8778926328329133	21434.029155459837	0.06040942026108577	-0.08098417602688023	0.0017341066035839736	ZNF180	0.06655160712562075
fixed	RBM25FALSE	0.010517342646291901	0.0056357357392806794	-1.8661880423148245	21434.286966025917	0.062028707814570073	-5.291202070486466e-4	0.02156380549963245	RBM25	0.0682592699834443
fixed	NFKB2FALSE	-0.01940494529051423	0.010585961229124653	1.8330829738093435	21434.001722306173	0.06680409424586492	-0.04015421973879338	0.0013443291577649175	NFKB2	0.07343237115543234
fixed	E2F3FALSE	-0.009691639603425532	0.005362160513889022	1.8074131832350655	21434.112112543848	0.07071189408965034	-0.020201874592756706	8.185953859056409e-4	E2F3	0.07764134473540672
fixed	ZNF362FALSE	-0.0130066157697144	0.007270824822259478	1.7888776153559522	21434.003540256992	0.07364864405248253	-0.027257975323784354	0.0012447437843555523	ZNF362	0.08077593218659374
fixed	ZSCAN31FALSE	-0.019606248096593615	0.011032921233587905	1.7770677123032141	21434.221197043036	0.07557127770654104	-0.04123159751500598	0.0020191013218187476	ZSCAN31	0.08279253313183274
fixed	PAX7FALSE	-0.02874514953284867	0.01623889012347246	1.7701424983040601	21434.07261929935	0.07671761833294838	-0.06057458670454542	0.00308428763884808	PAX7	0.08395512949643408
fixed	ZNF830FALSE	-0.021940159483388684	0.012657906883757732	1.7333165494795728	21434.1564609778	0.0830538019946848	-0.04675060211397182	0.002870283147194456	ZNF830	0.09078830240217207
fixed	TOP1FALSE	-0.011357413065613721	0.006601408172407893	1.7204530865224554	21434.080681963667	0.08536454750201818	-0.024296665998928595	0.001581839867701152	TOP1	0.09321090125912505
fixed	SETXFALSE	-0.013542166982216015	0.00797912574944134	1.6971993433195574	21434.291082748954	0.0896734970043737	-0.02918184922956546	0.0020975152651334303	SETX	0.09780759739636335
fixed	ZNF383FALSE	-0.03630281865742509	0.022231348398790367	1.6329562204783028	21434.075176502858	0.10249289291562295	-0.07987792149489159	0.007272284180041409	ZNF383	0.11166628996110965
fixed	SNIP1FALSE	-0.016302427763782674	0.010023581071474679	1.6264075331496517	21434.1587352263	0.10387768959460048	-0.03594939510278584	0.00334453957522049	SNIP1	0.113050112516861
fixed	IRF5FALSE	-0.01659861379618068	0.010246474451047803	1.619934141785061	21434.090766451405	0.10526113592584323	-0.036682468805705686	0.0034852412133443283	IRF5	0.1144294156812364
fixed	ZNF41FALSE	-0.016766022699677325	0.010381015962608294	1.6150656891452038	21434.117702357013	0.10631118881310508	-0.037113589116385	0.0035815437170303548	ZNF41	0.11544364776401057
fixed	ZFP42FALSE	-0.017824171998301906	0.011065937555329877	1.6107240718810079	21434.013577551093	0.10725460149604767	-0.03951423588443927	0.0038658918878354542	ZFP42	0.1163399747800913
fixed	ZNF429FALSE	-0.032580923434703465	0.02052289164766425	1.587540586095311	21434.055100600737	0.1124050127642628	-0.07280732347461799	0.00764547660521106	ZNF429	0.12179268415995947
fixed	ZNF764FALSE	-0.014155026862954403	0.009268848667582938	1.527161287297794	21434.04900541751	0.12673566564303343	-0.0323226623413614	0.004012608615452589	ZNF764	0.13716944711748735
fixed	MLXIPFALSE	0.033444542988992146	0.022098112685694584	-1.5134569845253245	21434.043619219738	0.13017836395908505	-0.00986940790593064	0.07675849388391492	MLXIP	0.14074108208734415
fixed	ZNF488FALSE	-0.03429242240321465	0.022746104925097523	1.5076173488225315	21434.048310239064	0.13166722801118402	-0.07887648647136705	0.010291641664937741	ZNF488	0.14219483769882524
fixed	ZNF140FALSE	-0.02300790478268791	0.01544324280409369	1.4898363688608833	21434.193059956222	0.13628197975167616	-0.05327781378919501	0.007262004223819184	ZNF140	0.1470175405198607
fixed	ZNF85FALSE	-0.03012755297331105	0.020509357971962214	1.468966167273379	21434.134483862308	0.1418566418235837	-0.0703274259899045	0.010072320043282401	ZNF85	0.1528640970907689
fixed	ZNF397FALSE	-0.020507728433601095	0.014308860702484237	1.4332188187449921	21434.052372608337	0.15180989885869156	-0.04855416382971594	0.0075387069625137484	ZNF397	0.1634110920029147
fixed	`PBX1-2-3`FALSE	0.00981246053852386	0.006978709335042925	-1.4060566313102514	21434.465474257664	0.1597218049495786	-0.003866330832094318	0.023491251909142037	PBX1-2-3	0.17174013051285114
fixed	ZNF8FALSE	-0.018694007779587307	0.013403817391520958	1.394677891643976	21434.182525521348	0.16312744798417614	-0.04496649069909993	0.007578475139925312	ZNF8	0.17521096264967068
fixed	ZNF320FALSE	-0.011608447553638934	0.00865590980002055	1.3411007995498492	21434.28805085969	0.1799019382811879	-0.02857467707378394	0.005357781966506072	ZNF320	0.19301774879787953
fixed	ZNF585AFALSE	-0.02553820347459023	0.019288361694035392	1.324021390706682	21434.022138051554	0.1855100599172637	-0.06334483262835874	0.012268425679178276	ZNF585A	0.1988183903026326
fixed	CC2D1AFALSE	0.00869029441320953	0.006760600259892814	-1.2854323697800334	21434.457736228072	0.19865512375103758	-0.004560986885001653	0.021941575711420712	CC2D1A	0.21267530078015534
fixed	ZNF316FALSE	-0.01389116110539804	0.010935186935186822	1.2703176623985823	21434.21882518114	0.2039852879169029	-0.035324944001503086	0.007542621790707003	ZNF316	0.21814478729508274
fixed	CEBPGFALSE	-0.010187014059480118	0.008031178878152953	1.2684332168458654	21434.04562887418	0.20465706183448046	-0.025928724335942233	0.0055546962169819945	CEBPG	0.21862607038872992
fixed	ZNF765FALSE	-0.022649000929973843	0.018159764339610838	1.2472078660498305	21434.018779449445	0.21233491678659738	-0.058243494998688826	0.012945493138741139	ZNF765	0.22658249778310066
fixed	ATOH8FALSE	0.017758194082196675	0.014295125270445174	-1.2422552266059055	21434.002102779777	0.21415600046490962	-0.010261318845230419	0.04577770700962377	ATOH8	0.22827872049556852
fixed	HDGFFALSE	-0.006248469856927735	0.005133786101980919	1.2171270350583374	21434.14796779284	0.22356928642725288	-0.016311073945694757	0.0038141342318392876	HDGF	0.23805541729726926
fixed	ZNF436FALSE	-0.027080992382168677	0.022562211173965882	1.2002809553266185	21434.10302667015	0.23004350912280722	-0.071304610960678	0.01714262619634064	ZNF436	0.24468489751357922
fixed	ZZZ3FALSE	-0.014161692211725025	0.011823300856587527	1.1977782163797879	21434.163572564667	0.23101661476127955	-0.0373362447104008	0.00901286028695075	ZZZ3	0.24545515318385952
fixed	ZNF506FALSE	-0.022129795924177836	0.018781304523635994	1.1782885420087734	21434.119387603532	0.2386946751496217	-0.05894255515332178	0.014682963304966105	ZNF506	0.2533400965527739
fixed	ZNF266FALSE	0.023600901219904626	0.02010725052988821	-1.1737507912791616	21434.096823165022	0.24050790135884265	-0.015810811189599292	0.06301261362940855	ZNF266	0.2549900975696977
fixed	E2F5FALSE	-0.012743822218427788	0.01092228935328699	1.166772075544091	21434.012663309106	0.24331540773102409	-0.034152324902607376	0.0086646804657518	E2F5	0.25768957252716407
fixed	IFNA1FALSE	0.007032669333859754	0.006126916180100174	-1.1478318173670155	21434.018673522907	0.2510508105308724	-0.00497654386702168	0.01904188253474119	IFNA1	0.26559667294360534
fixed	CIITAFALSE	0.020525418074784203	0.018163007423572842	-1.1300671522132018	21434.04912029809	0.2584605751485216	-0.015075432677806748	0.056126268827375154	CIITA	0.2731426871344505
fixed	PBX2FALSE	0.0074338167400488575	0.006839756559351783	-1.0868539948084606	21434.281437908452	0.27711356254991226	-0.005972616821634747	0.020840250301732463	PBX2	0.29254172663192024
fixed	ZNF700FALSE	0.020463765168175805	0.018861658172688985	-1.0849398807262138	21434.008762997026	0.2779604857351087	-0.016506493223735295	0.05743402356008691	ZNF700	0.29312196677520547
fixed	DNMT1FALSE	-0.024452673214558365	0.02283960690974625	1.0706258348134607	21434.03057739183	0.2843497578122726	-0.06922000815635619	0.02031466172723946	DNMT1	0.29953938162703075
fixed	HCFC1R1FALSE	0.0186868336128435	0.017796062418007477	-1.0500543982097226	21434.142694719623	0.2937049419888022	-0.016194777521049555	0.053568444746736554	HCFC1R1	0.3090641118473415
fixed	ETS2FALSE	-0.020160038643253397	0.0199406788404836	1.01100061861106	21434.02350210311	0.3120275461682719	-0.0592452581114771	0.01892518082497031	ETS2	0.3279948406417016
fixed	NCOA4FALSE	-0.022889609296478087	0.02276734692470157	1.005370075493683	21434.087130160377	0.3147300329830026	-0.067515309265396	0.02173609067243983	NCOA4	0.3304832934198515
fixed	GTF3C5FALSE	-0.011821194977685471	0.012156223677699276	0.9724397387793695	21434.01102812199	0.33084280415503786	-0.0356483010739284	0.012005911118557453	GTF3C5	0.3470329839328376
fixed	ZNF671FALSE	-0.012775393174405077	0.013161272886521682	0.9706806693057948	21434.0205019635	0.33171827422859523	-0.038572470764892605	0.013021684416082452	ZNF671	0.34758152857533997
fixed	ZNF626FALSE	-0.012532644322120153	0.013431160643254104	0.9331021089688747	21434.127208699152	0.3507777610623236	-0.0388587220605241	0.01379343341628379	ZNF626	0.36716228493359987
fixed	ZNF707FALSE	0.022316142816003415	0.02406522200276253	-0.927319216645567	21434.146976155673	0.353771261333504	-0.024853489208454677	0.0694857748404615	ZNF707	0.3699029307262301
fixed	CEBPZFALSE	0.006573030446579165	0.007233358007627676	-0.908710786836185	21434.583091347267	0.3635130256400584	-0.007604891331568782	0.02075095222472711	CEBPZ	0.37928449024454763
fixed	ZNF280DFALSE	-0.007391746948552627	0.008128427152267048	0.9093698953174528	21434.30997597627	0.3631651321882742	-0.023324071092555118	0.008540577195449865	ZNF280D	0.37928449024454763
fixed	ZNF624FALSE	0.015351171299678668	0.01710195080190705	-0.8976269127126041	21434.000282978497	0.36939456842136076	-0.018169929251378725	0.04887227185073606	ZNF624	0.38501378907342676
fixed	ZNF90FALSE	-0.01285282495818014	0.01459261266234513	0.8807761334846946	21434.107031805423	0.37844887560559726	-0.04145543537879841	0.01574978546243813	ZNF90	0.39403441536126593
fixed	ZNF28FALSE	-0.010031215783560782	0.011724708860439846	0.8555620359501589	21434.006993902254	0.39224964015839425	-0.03301252061762111	0.01295008905049955	ZNF28	0.40797272700018644
fixed	ZNF133FALSE	-0.010753769856832565	0.013478902489720347	0.7978223646201092	21434.07369771648	0.4249824194828621	-0.03717342518282232	0.015665885469157197	ZNF133	0.44155180780832665
fixed	SALL4FALSE	-0.008213259883316639	0.010356204794739836	0.7930762326647258	21434.139518150812	0.42774218772701234	-0.028512194557234416	0.012085674790601138	SALL4	0.4439513653671938
fixed	ZNF157FALSE	-0.01360909916256041	0.017180166237222357	0.7921401326766611	21434.02088421543	0.42828773826032596	-0.0472835078052478	0.020065309480126983	ZNF157	0.44405016816475434
fixed	COBLL1FALSE	-0.015238382724793977	0.01979065890047174	0.7699785439903037	21434.0138322461	0.4413211060378862	-0.054029551909816606	0.023552786460228653	COBLL1	0.4570825741106679
fixed	HOMEZFALSE	0.01629606729905073	0.021222633934887856	-0.7678626201181207	21434.021025535047	0.4425772658460655	-0.02530187987615987	0.05789401447426133	HOMEZ	0.45790260663611815
fixed	JDP2FALSE	0.006931225070774672	0.009062526674151727	-0.7648225842516982	21434.09912010114	0.444385617880829	-0.01083200389243207	0.024694454033981413	JDP2	0.4592916344135192
fixed	SETDB1FALSE	-0.0036543016531031267	0.004947989020363579	0.7385427975009144	21434.54986415183	0.4601927564475937	-0.013352729578558264	0.006044126272352012	SETDB1	0.4751309506359449
fixed	OVOL1FALSE	-0.005127397000162583	0.007513025988516738	0.682467624629482	21434.260949735017	0.494950682950549	-0.019853488914936015	0.00959869491461085	OVOL1	0.509949188494505
fixed	ICE2FALSE	-0.013298578337671167	0.01947502366849453	0.6828530000292	21434.03303520999	0.4947071155525208	-0.05147107889805737	0.024873922222715034	ICE2	0.509949188494505
fixed	PYGO2FALSE	-0.009345471519506173	0.014524039748065345	0.6434484951579001	21434.000880319953	0.5199400087330279	-0.037813673915889884	0.01912273087687754	PYGO2	0.5351365851886906
fixed	PHOX2BFALSE	-0.012645366366790612	0.019683061038655292	0.6424491770846288	21434.236300042143	0.5205884495314779	-0.05122563568586194	0.025934902952280722	PHOX2B	0.5352452671929481
fixed	SAFB2FALSE	0.006867822557309253	0.010707986217519366	-0.6413738697265775	21434.093716623283	0.5212866637796101	-0.014120629974574795	0.027856275089193302	SAFB2	0.5353310979846896
fixed	ZNF445FALSE	0.01056047677394133	0.016484036613803092	-0.6406487088907821	21434.031467563476	0.5217577942832523	-0.021749465826968777	0.042870419374851435	ZNF445	0.5353310979846896
fixed	ADNPFALSE	-0.012928464090243721	0.020549349547566088	0.6291422538858413	21434.05271752916	0.5292626349059568	-0.053206723589786516	0.02734979540929907	ADNP	0.542466692325648
fixed	SOX11FALSE	0.010272014210699572	0.017526992472444606	-0.5860682730850095	21434.007797248258	0.5578358070552134	-0.02408219975121259	0.044626228172611734	SOX11	0.5711589883244449
fixed	ZNF563FALSE	0.010246972868594275	0.01813169497149904	-0.5651414765525975	21433.999489365935	0.5719834540031556	-0.025292503144529126	0.04578644888171767	ZNF563	0.5844307623286129
fixed	ZNF667FALSE	0.010246972868594275	0.01813169497149904	-0.5651414765525975	21433.999489365935	0.5719834540031556	-0.025292503144529126	0.04578644888171767	ZNF667	0.5844307623286129
fixed	E2F7FALSE	-0.0035793290649535204	0.006399227956180528	0.5593376403315213	21434.325206013145	0.5759371555817971	-0.016122293669945303	0.008963635540038263	E2F7	0.5878613202936356
fixed	ZNF654FALSE	0.00551934781506375	0.010173968038668034	-0.5424970664431473	21434.001066580047	0.5874817680771722	-0.01442238921698884	0.02546108484711634	ZNF654	0.599024843147975
fixed	CHAMP1FALSE	-0.005102324071587516	0.010244193488248614	0.4980698653769599	21434.14803546856	0.6184399097061954	-0.025181708220681106	0.014977060077506075	CHAMP1	0.6299398253825503
fixed	IRF9FALSE	-0.0067586421553589284	0.013724090313003342	0.4924655843276716	21434.103035214135	0.6223952897861236	-0.03365888392065118	0.020141599609933326	IRF9	0.6333145053964064
fixed	ZNF605FALSE	0.008505312784530433	0.0175623778196618	-0.4842916415912877	21434.00542502184	0.6281838553207669	-0.02591825910031678	0.04292888466937765	ZNF605	0.6385456508724496
fixed	ZNF169FALSE	-0.007447101308116706	0.016622292174024923	0.4480189152103843	21434.14718927502	0.6541440737008684	-0.04002803512045964	0.02513383250422623	ZNF169	0.6642492859619528
fixed	ZNF222FALSE	-0.007822098642509101	0.020660118537045448	0.3786086042286435	21434.00806065201	0.7049822816466129	-0.04831747363713527	0.032673276352117066	ZNF222	0.7151363474316464
fixed	ZNF837FALSE	0.006441287334593433	0.018465169796398603	-0.34883444916112955	21434.019779204824	0.7272170257145716	-0.029751824233509597	0.04263439890269646	ZNF837	0.7365615960590061
fixed	ZNF645FALSE	-0.004533811086773901	0.013015928308886884	0.34832790863471114	21434.156643948452	0.7275973575674157	-0.030046002443280186	0.02097838026973238	ZNF645	0.7365615960590061
fixed	RBM34FALSE	-0.0063169493286328	0.018717401647799517	0.3374907183965592	21434.009051570716	0.7357503126410243	-0.04300445416030117	0.030370555503035575	RBM34	0.7440510853990256
fixed	NCOA6FALSE	-0.0033033690950967963	0.01192165946905162	0.27708970413659895	21434.07562966354	0.7817138993997952	-0.02667071182383683	0.020063973633643237	NCOA6	0.7897232631231538
fixed	ZNF768FALSE	-0.004125968865592146	0.01587809297196594	0.25985292269524296	21434.00492120946	0.7949797221453069	-0.03524821668579124	0.026996278954606948	ZNF768	0.8023029744475666
fixed	ZNF585BFALSE	0.005564100970817074	0.023092737013689888	-0.24094592890910035	21433.999732543303	0.80959932902333	-0.039699387879228415	0.050827589820862565	ZNF585B	0.8162218184222938
fixed	ZNF557FALSE	0.003982892132572803	0.018371640530426125	-0.21679567080449622	21434.091330516992	0.8283696492347935	-0.03202689508374255	0.03999267934888815	ZNF557	0.834292619147606
fixed	RBAKFALSE	-0.0033031623821798877	0.016226744319207526	0.20356285384184852	21434.173420954226	0.8386970560556566	-0.03510879286216433	0.028502468097804556	RBAK	0.8438319359906913
fixed	NSD2FALSE	-0.0034070549142910175	0.01845450300021904	0.18461916391086655	21434.029626180727	0.8535295003502625	-0.039579258764469626	0.03276514893588759	NSD2	0.8578798036140254
fixed	ZNF23FALSE	-0.0034471061211110605	0.021262979862645942	0.16211773436172114	21434.048159440055	0.8712146690737502	-0.045124134324319054	0.038229922082096926	ZNF23	0.8747634049966576
fixed	ZNF333FALSE	-0.0024902366171845255	0.020554834575622224	0.12115089557266079	21434.047218449996	0.9035726528290615	-0.042779247181859145	0.037798773947490094	ZNF333	0.9063302499384076
fixed	ZNF548FALSE	-0.001800249218035658	0.019999361298849702	0.0900153355467008	21434.171294780237	0.9282758693686597	-0.04100049067112485	0.03739999223505354	ZNF548	0.9301626089405471
fixed	ZNF221FALSE	-0.0020550363691753983	0.02320621580900483	0.08855542782541787	21434.045712373154	0.9294360596229896	-0.04754095212583491	0.04343087938748412	ZNF221	0.9303796495312363
fixed	ZKSCAN2FALSE	9.131060344078198e-4	0.015699400977575648	-0.058161839149917974	21434.04746361537	0.9536202593672929	-0.029858892130654166	0.03168510419946981	ZKSCAN2	0.9536202593672929
