rep	hebra	win	estimate	conf.low	conf.high	p	n	n_ref	prop	p_adj	seg	win_center	sig	perm	n_prom_con_hit
Rep 1	Misma hebra	-233	-0.07552181507981494	-0.1383284295559594	-0.012777300344246402	0.018294719278312836	208	5287	0.021174793851165632	0.04482206223186645	Misma hebra 1	-228.5	TRUE	perm1	9790
Rep 1	Misma hebra	-223	-0.04439209538555449	-0.10928938666507429	0.02017346491391849	0.17756701312676407	198	5287	0.020156774916013438	0.22669433919781412	Misma hebra 1	-218.5	FALSE	perm1	9790
Rep 1	Misma hebra	-213	-0.10802810234811694	-0.1717126228261077	-0.045573157228767786	6.849974353549234e-4	199	5287	0.020258576809528656	0.005594145722065207	Misma hebra 1	-208.5	TRUE	perm1	9790
Rep 1	Misma hebra	-203	-0.051865709674905794	-0.11597663816824376	0.012319063474039974	0.11215687607970809	222	5287	0.022600020360378704	0.16163785082075577	Misma hebra 1	-198.5	FALSE	perm1	9790
Rep 1	Misma hebra	-193	0.01668114401254463	-0.0533346080985295	0.0882895581994569	0.6317814910011028	187	5287	0.019036954087346025	0.644943605396959	Misma hebra 1	-188.5	FALSE	perm1	9790
Rep 1	Misma hebra	-183	-0.09181813880810989	-0.15795574842613608	-0.02579770357259525	0.006410270994062015	187	5287	0.019036954087346025	0.026175273225753228	Misma hebra 1	-178.5	TRUE	perm1	9790
Rep 1	Misma hebra	-173	-0.08550590415433923	-0.1575789994922069	-0.01466451098904804	0.01812223788300175	159	5287	0.016186501068919883	0.04482206223186645	Misma hebra 1	-168.5	TRUE	perm1	9790
Rep 1	Misma hebra	-163	-0.07927490756374617	-0.1519144979703745	-0.008034138875753119	0.029356756720973473	168	5287	0.017102718110556855	0.05993671163865417	Misma hebra 1	-158.5	FALSE	perm1	9790
Rep 1	Misma hebra	-153	-0.037900909127904205	-0.11826457091841584	0.044146442098257785	0.36014648417212847	146	5287	0.01486307645322203	0.4103994819635883	Misma hebra 1	-148.5	FALSE	perm1	9790
Rep 1	Misma hebra	-143	-0.08937854664552244	-0.15902870141409262	-0.02090833948870124	0.010577231213230297	178	5287	0.01812073704570905	0.03239277059051779	Misma hebra 1	-138.5	TRUE	perm1	9790
Rep 1	Misma hebra	-133	-0.06242134055431297	-0.1351602332346143	0.010317958481375848	0.09223554270667864	153	5287	0.015575689707828565	0.14460569620251493	Misma hebra 1	-128.5	FALSE	perm1	9790
Rep 1	Misma hebra	-123	-0.10666682272515911	-0.18274740418981544	-0.031222591038834478	0.005741010840193338	142	5287	0.014455868879161152	0.025573593742679413	Misma hebra 1	-118.5	TRUE	perm1	9790
Rep 1	Misma hebra	-113	-0.1215352066098237	-0.19539161627926058	-0.04839060935949715	0.0012117616421952096	138	5287	0.014048661305100275	0.008482331495366468	Misma hebra 1	-108.5	TRUE	perm1	9790
Rep 1	Misma hebra	-103	-0.07116354309352671	-0.1501495252738949	0.007397670020826681	0.07579253921330276	147	5287	0.01496487834673725	0.12379448071506116	Misma hebra 1	-98.5	FALSE	perm1	9790
Rep 1	Misma hebra	-93	-0.024753714174045285	-0.10573604955490072	0.055892896455111446	0.5430594816150324	135	5287	0.013743255624554617	0.5784764043290562	Misma hebra 1	-88.5	FALSE	perm1	9790
Rep 1	Misma hebra	-83	-0.077866623069679	-0.16343771029988907	0.007679905939918078	0.07327772912908243	118	5287	0.012012623434795887	0.12379448071506116	Misma hebra 1	-78.5	FALSE	perm1	9790
Rep 1	Misma hebra	-73	-0.14496683258008733	-0.22501163887128972	-0.06680128166495407	2.9573226313819406e-4	126	5287	0.012827038582917642	0.0036227202234428773	Misma hebra 1	-68.5	TRUE	perm1	9790
Rep 1	Misma hebra	-63	-0.06228323632416972	-0.15592299617884628	0.03021453179696783	0.18617389758575645	108	5287	0.010994604499643693	0.2277797113755977	Misma hebra 1	-58.5	FALSE	perm1	9790
Rep 1	Misma hebra	-53	-0.029848663642138888	-0.13299162409608034	0.07356324751810872	0.5719311331320713	84	5287	0.008551359055278427	0.596268628158968	Misma hebra 1	-48.5	FALSE	perm1	9790
Rep 1	Misma hebra	-43	-0.05494004354968379	-0.13861402636116626	0.027942525932842775	0.19059118706937767	128	5287	0.013030642369948081	0.2277797113755977	Misma hebra 1	-38.5	FALSE	perm1	9790
Rep 1	Misma hebra	-33	-0.0776369463037453	-0.16036256938430732	0.005672902006212714	0.06786063423159652	122	5287	0.012419831008856765	0.11875610990529392	Misma hebra 1	-28.5	FALSE	perm1	9790
Rep 1	Misma hebra	-23	-0.13366629362916144	-0.21903367541984525	-0.04948659720108771	0.0020076935510136267	106	5287	0.010791000712613255	0.01093077599996308	Misma hebra 1	-18.5	TRUE	perm1	9790
Rep 1	Misma hebra	-13	-0.05265797698968019	-0.14736244898331863	0.040558666887726115	0.2664793086661983	109	5287	0.011096406393158913	0.31089252677723134	Misma hebra 1	-8.5	FALSE	perm1	9790
Rep 1	Misma hebra	-3	-0.08679185303692041	-0.1948892415344386	0.021917460128252856	0.11843033865996191	86	5287	0.008754962842308867	0.16580247412394666	Misma hebra 1	1.5	FALSE	perm1	9790
Rep 1	Hebra opuesta	-233	-0.08022256425109545	-0.20539273189376453	0.03631835047063743	0.17947944814804725	50	5287	0.005090094675760969	0.22669433919781412	Hebra opuesta 1	-228.5	FALSE	perm1	9790
Rep 1	Hebra opuesta	-223	-0.0827040677030907	-0.14132677795697732	-0.025305136990540354	0.004919031523704073	231	5287	0.023516237402015677	0.02410325446614996	Hebra opuesta 1	-218.5	TRUE	perm1	9790
Rep 1	Hebra opuesta	-213	-0.052987764408020714	-0.11521406007218758	0.00919008590524843	0.09483492282026772	223	5287	0.022701822253893923	0.14460569620251493	Hebra opuesta 1	-208.5	FALSE	perm1	9790
Rep 1	Hebra opuesta	-203	-0.16860148354690066	-0.22569114961081208	-0.11342740423811748	2.8393788398891623e-9	209	5287	0.02127659574468085	1.3912956315456896e-7	Hebra opuesta 1	-198.5	TRUE	perm1	9790
Rep 1	Hebra opuesta	-193	-0.07698848647596436	-0.13787176448163654	-0.017258887766591152	0.011599052918596356	212	5287	0.02158200142522651	0.032946465473911314	Hebra opuesta 1	-188.5	TRUE	perm1	9790
Rep 1	Hebra opuesta	-183	-0.08292922168088725	-0.144714167735539	-0.022385536990738787	0.007492240494902562	209	5287	0.02127659574468085	0.026521486944288224	Hebra opuesta 1	-178.5	TRUE	perm1	9790
Rep 1	Hebra opuesta	-173	-0.067477412415614	-0.1364824480527677	0.0018593365864402191	0.05664252535648484	208	5287	0.021174793851165632	0.10480603526479282	Hebra opuesta 1	-168.5	FALSE	perm1	9790
Rep 1	Hebra opuesta	-163	-0.05155579050579833	-0.1128803146374852	0.00919101190096138	0.09738750968740802	229	5287	0.02331263361498524	0.14460569620251493	Hebra opuesta 1	-158.5	FALSE	perm1	9790
Rep 1	Hebra opuesta	-153	-0.11570256208660096	-0.17967607455581125	-0.05232367745988254	3.6990121457026944e-4	195	5287	0.01985136923546778	0.0036250319027886406	Hebra opuesta 1	-148.5	TRUE	perm1	9790
Rep 1	Hebra opuesta	-143	-0.0934655708530262	-0.15443326369272392	-0.03447621725906841	0.001998053972763825	191	5287	0.019444161661406903	0.01093077599996308	Hebra opuesta 1	-138.5	TRUE	perm1	9790
Rep 1	Hebra opuesta	-133	-0.026000568449363125	-0.09316041498301898	0.04037563985995356	0.43678081527441603	201	5287	0.020462180596559097	0.4864149988283269	Hebra opuesta 1	-128.5	FALSE	perm1	9790
Rep 1	Hebra opuesta	-123	-0.023765207052211516	-0.09284004359235766	0.04570594897927811	0.49796468626972457	184	5287	0.018731548406800365	0.5422282139381445	Hebra opuesta 1	-118.5	FALSE	perm1	9790
Rep 1	Hebra opuesta	-113	-0.05623948999495318	-0.13431287692731284	0.02009843843048234	0.14920246212793659	153	5287	0.015575689707828565	0.20308112900746925	Hebra opuesta 1	-108.5	FALSE	perm1	9790
Rep 1	Hebra opuesta	-103	-0.13849805204389146	-0.20780631079956774	-0.07156626017920902	4.628000654077825e-5	165	5287	0.0167973124300112	7.55906773499378e-4	Hebra opuesta 1	-98.5	TRUE	perm1	9790
Rep 1	Hebra opuesta	-93	-0.06928218990208687	-0.14158152377927513	0.0021982586127036363	0.05775026432957971	147	5287	0.01496487834673725	0.10480603526479282	Hebra opuesta 1	-88.5	FALSE	perm1	9790
Rep 1	Hebra opuesta	-83	-0.08110408777439915	-0.15222979896830643	-0.012366335609214352	0.020662260380150094	155	5287	0.015779293494859004	0.048211940887016885	Hebra opuesta 1	-78.5	TRUE	perm1	9790
Rep 1	Hebra opuesta	-73	-0.08806423308220239	-0.16776085858173567	-0.01084694472565722	0.025277296006742972	121	5287	0.012318029115341545	0.053851630623061114	Hebra opuesta 1	-68.5	FALSE	perm1	9790
Rep 1	Hebra opuesta	-63	-0.05000529314336209	-0.12479030938041598	0.023257065791908473	0.18043018834111738	151	5287	0.015372085920798128	0.22669433919781412	Hebra opuesta 1	-58.5	FALSE	perm1	9790
Rep 1	Hebra opuesta	-53	-0.10734784926116964	-0.18869220450627452	-0.028429282707806088	0.007577567698368064	128	5287	0.013030642369948081	0.026521486944288224	Hebra opuesta 1	-48.5	TRUE	perm1	9790
Rep 1	Hebra opuesta	-43	-0.16831040292313043	-0.24797150829317438	-0.09229926467912307	1.6457170468530197e-5	101	5287	0.010281991245037158	4.0320067647898984e-4	Hebra opuesta 1	-38.5	TRUE	perm1	9790
Rep 1	Hebra opuesta	-33	-0.09335739090578961	-0.1743426278343039	-0.01308126126950769	0.022201146438921085	128	5287	0.013030642369948081	0.04944800797759696	Hebra opuesta 1	-28.5	TRUE	perm1	9790
Rep 1	Hebra opuesta	-23	-0.06216600142489872	-0.12711831256993963	0.0015614099090586512	0.05630033494743697	191	5287	0.019444161661406903	0.10480603526479282	Hebra opuesta 1	-18.5	FALSE	perm1	9790
Rep 1	Hebra opuesta	-13	-0.11534778830620607	-0.2031022240176062	-0.028288677552682703	0.009281785102113273	108	5287	0.010994604499643693	0.030320498000236694	Hebra opuesta 1	-8.5	TRUE	perm1	9790
Rep 1	Hebra opuesta	-3	-0.09366226118446369	-0.1694483102129823	-0.020672075823404388	0.012102783235314359	140	5287	0.014252265092130713	0.032946465473911314	Hebra opuesta 1	1.5	TRUE	perm1	9790
Rep 1	Hebra opuesta	7	-0.001498241794202716	-0.09154986216572474	0.09172853744669968	0.9745264853928041	117	5287	0.011910821541280668	0.9745264853928041	Hebra opuesta 1	11.5	FALSE	perm1	9790
Rep 2	Misma hebra	-233	-0.06691150409272802	-0.14596265363724908	0.0071800003100690015	0.08665804299617598	258	6184	0.02221648152932059	0.11174326596875324	Misma hebra 1	-228.5	FALSE	perm1	9790
Rep 2	Misma hebra	-223	-0.004218992941888967	-0.08705524299441231	0.07469509620195477	0.8705578068212395	239	6184	0.02058038405235512	0.8705578068212395	Misma hebra 1	-218.5	FALSE	perm1	9790
Rep 2	Misma hebra	-213	-0.09548347164016713	-0.17527803441258155	-0.01691443263756796	0.014373325937005618	252	6184	0.0216998191681736	0.02817171883653101	Misma hebra 1	-208.5	TRUE	perm1	9790
Rep 2	Misma hebra	-203	-0.05969568862772937	-0.13947172616903247	0.013076340385658872	0.11817649864240518	261	6184	0.022474812709894085	0.14476621083694635	Misma hebra 1	-198.5	FALSE	perm1	9790
Rep 2	Misma hebra	-193	-0.02032223379947595	-0.10865504242162802	0.0597048010140844	0.5905121269147284	227	6184	0.019547059330061137	0.6028144628921186	Misma hebra 1	-188.5	FALSE	perm1	9790
Rep 2	Misma hebra	-183	-0.08935360805392571	-0.169600645343261	-0.0076231619241790595	0.027464753356405452	230	6184	0.019805390510634634	0.04578227046307682	Misma hebra 1	-178.5	TRUE	perm1	9790
Rep 2	Misma hebra	-173	-0.12264279018979436	-0.2105109169280829	-0.036611991875014294	0.00419324864383983	197	6184	0.016963747524326188	0.01192115858787938	Misma hebra 1	-168.5	TRUE	perm1	9790
Rep 2	Misma hebra	-163	-0.09409983823359748	-0.17930510765050603	-0.00801520238470327	0.028029961508006216	206	6184	0.01773874106604667	0.04578227046307682	Misma hebra 1	-158.5	TRUE	perm1	9790
Rep 2	Misma hebra	-153	-0.06960803404331282	-0.16715573296343178	0.02147397750732306	0.14067807268289972	178	6184	0.015327650047360716	0.1603075711967927	Misma hebra 1	-148.5	FALSE	perm1	9790
Rep 2	Misma hebra	-143	-0.12624555418703032	-0.21450502699787127	-0.040001076402993385	0.0031727934118824376	214	6184	0.01842762421424266	0.010364458478815963	Misma hebra 1	-138.5	TRUE	perm1	9790
Rep 2	Misma hebra	-133	-0.07635635312307372	-0.17139542155922338	0.010706514317339289	0.09806222856074033	186	6184	0.016016533195556702	0.12320638973016093	Misma hebra 1	-128.5	FALSE	perm1	9790
Rep 2	Misma hebra	-123	-0.12029613472834066	-0.21401650598459196	-0.02736444712357222	0.009714967892336102	182	6184	0.01567209162145871	0.02250447365467909	Misma hebra 1	-118.5	TRUE	perm1	9790
Rep 2	Misma hebra	-113	-0.16324477651944191	-0.25545132491609046	-0.07127068239736109	3.5947006937201684e-4	167	6184	0.014380435718591234	0.001957114822136536	Misma hebra 1	-108.5	TRUE	perm1	9790
Rep 2	Misma hebra	-103	-0.06288096763758545	-0.15891909753172576	0.028686867982255067	0.18406293268905358	176	6184	0.01515542926031172	0.19606703699486144	Misma hebra 1	-98.5	FALSE	perm1	9790
Rep 2	Misma hebra	-93	-0.07295815127611714	-0.17118293100347148	0.017872595619670303	0.12615025933114818	174	6184	0.014983208473262722	0.1507649440786893	Misma hebra 1	-88.5	FALSE	perm1	9790
Rep 2	Misma hebra	-83	-0.07258850905916486	-0.1791037122688555	0.028993093211402185	0.16586352645789648	144	6184	0.012399896667527771	0.1847116544644756	Misma hebra 1	-78.5	FALSE	perm1	9790
Rep 2	Misma hebra	-73	-0.197505720382816	-0.29745252468704864	-0.1003100458660021	4.4644622879187324e-5	142	6184	0.012227675880478774	5.468966302700448e-4	Misma hebra 1	-68.5	TRUE	perm1	9790
Rep 2	Misma hebra	-63	-0.10935013797049258	-0.2122337435202196	-0.009025205861989728	0.029180417909751646	141	6184	0.012141565486954276	0.046123886373478404	Misma hebra 1	-58.5	TRUE	perm1	9790
Rep 2	Misma hebra	-53	-0.14380918990909172	-0.2650199979751565	-0.023306048398139018	0.018983959515328382	109	6184	0.009386032894170327	0.03445237097226262	Misma hebra 1	-48.5	TRUE	perm1	9790
Rep 2	Misma hebra	-43	-0.08876604194307734	-0.18508282308986382	0.0016567741333977483	0.0595985887816205	171	6184	0.014724877292689228	0.08112030139720568	Misma hebra 1	-38.5	FALSE	perm1	9790
Rep 2	Misma hebra	-33	-0.1542390715717479	-0.25185490568868435	-0.0604594717073671	0.0010199223586311256	154	6184	0.013261000602772756	0.004164682964410429	Misma hebra 1	-28.5	TRUE	perm1	9790
Rep 2	Misma hebra	-23	-0.13758501420651273	-0.2486692895955405	-0.029032526566209964	0.010104049395978367	124	6184	0.010677688797037803	0.02250447365467909	Misma hebra 1	-18.5	TRUE	perm1	9790
Rep 2	Misma hebra	-13	-0.06116200779039148	-0.17109300707489905	0.04353292496711738	0.26107489510631454	135	6184	0.011624903125807285	0.2721844651108386	Misma hebra 1	-8.5	FALSE	perm1	9790
Rep 2	Misma hebra	-3	-0.2072487883908847	-0.3281208764710931	-0.09296072669861016	3.2676672037758797e-4	98	6184	0.008438818565400843	0.001957114822136536	Misma hebra 1	1.5	TRUE	perm1	9790
Rep 2	Hebra opuesta	-233	-0.15030202542458912	-0.29515793182700817	-0.014060576161374789	0.02782781063190381	68	6184	0.005855506759665892	0.04578227046307682	Hebra opuesta 1	-228.5	TRUE	perm1	9790
Rep 2	Hebra opuesta	-223	-0.05267705318626666	-0.12938754879964762	0.014136682722456486	0.13554501328238408	293	6184	0.025230345302678033	0.15813584882944812	Hebra opuesta 1	-218.5	FALSE	perm1	9790
Rep 2	Hebra opuesta	-213	-0.10502267725192886	-0.1786926551755531	-0.0310376126127253	0.004379201113914874	285	6184	0.024541462154482045	0.01192115858787938	Hebra opuesta 1	-208.5	TRUE	perm1	9790
Rep 2	Hebra opuesta	-203	-0.19745950345426438	-0.27151239511229236	-0.1254215696601262	5.3057206396041335e-8	264	6184	0.02273314389046758	2.5998031134060255e-6	Hebra opuesta 1	-198.5	TRUE	perm1	9790
Rep 2	Hebra opuesta	-193	-0.1260695752801319	-0.20145596056387144	-0.05148544348210843	5.497224270735698e-4	270	6184	0.02324980625161457	0.002693639892660492	Hebra opuesta 1	-188.5	TRUE	perm1	9790
Rep 2	Hebra opuesta	-183	-0.09883413606257334	-0.1735177131665141	-0.021343238495467803	0.00988497587503493	248	6184	0.021355377594075606	0.02250447365467909	Hebra opuesta 1	-178.5	TRUE	perm1	9790
Rep 2	Hebra opuesta	-173	-0.11698930625266578	-0.19280750940621705	-0.03921618470210192	0.0024060850062845394	263	6184	0.02264703349694308	0.008421297521995889	Hebra opuesta 1	-168.5	TRUE	perm1	9790
Rep 2	Hebra opuesta	-163	-0.0763626511973601	-0.15140591379774077	-0.003101592878117513	0.036673843570257166	261	6184	0.022474812709894085	0.0544551010588667	Hebra opuesta 1	-158.5	FALSE	perm1	9790
Rep 2	Hebra opuesta	-153	-0.1538916698561756	-0.233520482132471	-0.07523346381759985	1.074537035398197e-4	233	6184	0.02006372169120813	0.0010530462946902331	Hebra opuesta 1	-148.5	TRUE	perm1	9790
Rep 2	Hebra opuesta	-143	-0.13850992139540907	-0.21886503319375472	-0.06162452110366522	3.255623256806292e-4	223	6184	0.019202617755963144	0.001957114822136536	Hebra opuesta 1	-138.5	TRUE	perm1	9790
Rep 2	Hebra opuesta	-133	-0.08233411030884666	-0.16501054223984155	-0.001416620884439809	0.04248593973184653	237	6184	0.02040816326530612	0.06122973667236706	Hebra opuesta 1	-128.5	FALSE	perm1	9790
Rep 2	Hebra opuesta	-123	-0.053541097974571815	-0.13798799468739664	0.022975870835196706	0.17911605608615933	232	6184	0.01997761129768363	0.19503748329381793	Hebra opuesta 1	-118.5	FALSE	perm1	9790
Rep 2	Hebra opuesta	-113	-0.09452575292301749	-0.18585497839870863	-0.00507861249080218	0.03519387264408005	184	6184	0.015844312408507706	0.05389061748624757	Hebra opuesta 1	-108.5	FALSE	perm1	9790
Rep 2	Hebra opuesta	-103	-0.17963538082392033	-0.26526410597102	-0.09706669483943657	1.5784706733395012e-5	200	6184	0.017222078704899682	2.5781687664545183e-4	Hebra opuesta 1	-98.5	TRUE	perm1	9790
Rep 2	Hebra opuesta	-93	-0.13511819428764152	-0.22683516096087672	-0.04636681903667575	0.0023482400112639456	185	6184	0.015930422802032204	0.008421297521995889	Hebra opuesta 1	-88.5	TRUE	perm1	9790
Rep 2	Hebra opuesta	-83	-0.10551488101002549	-0.1933295927617443	-0.01767289215731781	0.01601455892346175	193	6184	0.016619305950228192	0.030181284124985604	Hebra opuesta 1	-78.5	TRUE	perm1	9790
Rep 2	Hebra opuesta	-73	-0.1206320598694935	-0.21991928714237072	-0.02380209181855697	0.011819779574158586	160	6184	0.013777662963919746	0.024132049963907113	Hebra opuesta 1	-68.5	TRUE	perm1	9790
Rep 2	Hebra opuesta	-63	-0.08886188053831491	-0.18086694060430525	-6.626011966276238e-4	0.04516783183101417	184	6184	0.015844312408507706	0.06323496456341984	Hebra opuesta 1	-58.5	FALSE	perm1	9790
Rep 2	Hebra opuesta	-53	-0.16000078240952467	-0.2582594065618607	-0.06499917165593476	7.447951298454877e-4	146	6184	0.012572117454576768	0.0033177237602208085	Hebra opuesta 1	-48.5	TRUE	perm1	9790
Rep 2	Hebra opuesta	-43	-0.1952809977789373	-0.29645386006004626	-0.0941892369849137	1.342766854377878e-4	129	6184	0.011108240764660295	0.0010965929310752668	Hebra opuesta 1	-38.5	TRUE	perm1	9790
Rep 2	Hebra opuesta	-33	-0.13449580867962904	-0.23059319463422429	-0.04015952291193956	0.004355159426050815	166	6184	0.014294325325066736	0.01192115858787938	Hebra opuesta 1	-28.5	TRUE	perm1	9790
Rep 2	Hebra opuesta	-23	-0.17911259209079586	-0.26123878272985973	-0.09830534634619043	1.314255837498554e-5	223	6184	0.019202617755963144	2.5781687664545183e-4	Hebra opuesta 1	-18.5	TRUE	perm1	9790
Rep 2	Hebra opuesta	-13	-0.12929951689349592	-0.23493170559336676	-0.027917820829292332	0.010945079135786667	132	6184	0.01136657194523379	0.02331777728928464	Hebra opuesta 1	-8.5	TRUE	perm1	9790
Rep 2	Hebra opuesta	-3	-0.12863666203171378	-0.2241983853560527	-0.037105270962026544	0.005477289848052001	166	6184	0.014294325325066736	0.014125642239713054	Hebra opuesta 1	1.5	TRUE	perm1	9790
Rep 2	Hebra opuesta	7	-0.0878364016888914	-0.19312062104887917	0.007166548263224239	0.07955002460215202	141	6184	0.012141565486954276	0.10535003258122835	Hebra opuesta 1	11.5	FALSE	perm1	9790
Rep 1	Misma hebra	-233	-0.09578283711648862	-0.1562950951342358	-0.034820033152158314	0.0021959071432899662	276	4866	0.02809732261020055	0.004352617470487905	Misma hebra 1	-228.5	TRUE	perm2	10665
Rep 1	Misma hebra	-223	-0.07122562418401039	-0.1342441142452998	-0.008561951374290505	0.025746867249018066	246	4866	0.025043265804743968	0.03234862808209962	Misma hebra 1	-218.5	TRUE	perm2	10665
Rep 1	Misma hebra	-213	-0.08978160219947917	-0.14833715986161317	-0.031452909333769714	0.0026793255984013022	262	4866	0.026672096100987478	0.004862479789691253	Misma hebra 1	-208.5	TRUE	perm2	10665
Rep 1	Misma hebra	-203	-0.06719827027152193	-0.12379556489805903	-0.011059332995486464	0.01882706820722137	272	4866	0.027690115036139672	0.02713312771040727	Misma hebra 1	-198.5	TRUE	perm2	10665
Rep 1	Misma hebra	-193	-0.06900895655706869	-0.12987273607950456	-0.00886565929930372	0.024416268868827435	240	4866	0.024432454443652652	0.03234862808209962	Misma hebra 1	-188.5	TRUE	perm2	10665
Rep 1	Misma hebra	-183	0.0037155480968526495	-0.06098239014075312	0.06884528347286054	0.9077034537263704	229	4866	0.02331263361498524	0.9077034537263704	Misma hebra 1	-178.5	FALSE	perm2	10665
Rep 1	Misma hebra	-173	-0.10264981151078785	-0.16487960691987388	-0.04119316150783155	0.001085692601952435	216	4866	0.021989208999287385	0.0029554965275371842	Misma hebra 1	-168.5	TRUE	perm2	10665
Rep 1	Misma hebra	-163	-0.13142388803962146	-0.19960970527293165	-0.06398695634388173	1.4168697248082338e-4	192	4866	0.01954596355492212	7.714068501733718e-4	Misma hebra 1	-158.5	TRUE	perm2	10665
Rep 1	Misma hebra	-153	-0.08935574272292218	-0.1572493855264631	-0.022348231363625806	0.009137217728236863	170	4866	0.017306321897587296	0.014924122289453542	Misma hebra 1	-148.5	TRUE	perm2	10665
Rep 1	Misma hebra	-143	-0.07716590479434636	-0.14482352762213332	-0.01005955976305673	0.024462045610297283	190	4866	0.019342359767891684	0.03234862808209962	Misma hebra 1	-138.5	TRUE	perm2	10665
Rep 1	Misma hebra	-133	-0.11952236202300655	-0.18995729574207193	-0.05034544100228253	7.218176201832245e-4	172	4866	0.017509925684617733	0.0023579375592651997	Misma hebra 1	-128.5	TRUE	perm2	10665
Rep 1	Misma hebra	-123	-0.12625092583968872	-0.19707827498714256	-0.05611764260741997	4.4838874166274286e-4	161	4866	0.01639010485595032	0.0018453062595173088	Misma hebra 1	-118.5	TRUE	perm2	10665
Rep 1	Misma hebra	-113	-0.11118539267792563	-0.1810005851021191	-0.042651716397354336	0.0015753141842789668	168	4866	0.017102718110556855	0.004062652369982598	Misma hebra 1	-108.5	TRUE	perm2	10665
Rep 1	Misma hebra	-103	-0.11268337444449858	-0.18478552518790461	-0.04190938010412769	0.0017921964975793386	162	4866	0.01649190674946554	0.004092736998432465	Misma hebra 1	-98.5	TRUE	perm2	10665
Rep 1	Misma hebra	-93	-0.059951490770253545	-0.13420179702692572	0.012851085326285136	0.10611925217200918	147	4866	0.01496487834673725	0.12092658968438257	Misma hebra 1	-88.5	FALSE	perm2	10665
Rep 1	Misma hebra	-83	-0.16478249306956702	-0.23713526451374106	-0.09280182343458625	9.485622857900683e-6	147	4866	0.01496487834673725	1.1619888000928337e-4	Misma hebra 1	-78.5	TRUE	perm2	10665
Rep 1	Misma hebra	-73	-0.11938341654782053	-0.19806178096024338	-0.042786811586739824	0.002309552127197664	129	4866	0.0131324442634633	0.004352617470487905	Misma hebra 1	-68.5	TRUE	perm2	10665
Rep 1	Misma hebra	-63	-0.11082459060582542	-0.18654445433101563	-0.03432374196668288	0.005011167935301386	165	4866	0.0167973124300112	0.008467145821716135	Misma hebra 1	-58.5	TRUE	perm2	10665
Rep 1	Misma hebra	-53	-0.1539644187874295	-0.2418996362340707	-0.06825285594500664	4.8393700191663605e-4	95	4866	0.009671179883945842	0.0018453062595173088	Misma hebra 1	-48.5	TRUE	perm2	10665
Rep 1	Misma hebra	-43	-0.0602394782014299	-0.1380917461724043	0.016852799135988483	0.12431461918082498	139	4866	0.014150463198615494	0.13524996169464115	Misma hebra 1	-38.5	FALSE	perm2	10665
Rep 1	Misma hebra	-33	-0.02037982149956287	-0.09559870451119853	0.0550210053462629	0.5954767122213227	175	4866	0.017815331365163393	0.6078824770592669	Misma hebra 1	-28.5	FALSE	perm2	10665
Rep 1	Misma hebra	-23	-0.1333229670890017	-0.2175913763259317	-0.04872048263458414	0.002128525223559081	119	4866	0.012114425328311107	0.004352617470487905	Misma hebra 1	-18.5	TRUE	perm2	10665
Rep 1	Misma hebra	-13	-0.06907903145118047	-0.1578754752069882	0.01914859974898564	0.12375079038000299	115	4866	0.011707217754250229	0.13524996169464115	Misma hebra 1	-8.5	FALSE	perm2	10665
Rep 1	Misma hebra	-3	-0.056183234543880016	-0.12409086517033596	0.010692941557985726	0.10143706919062295	194	4866	0.01974956734195256	0.11834324738906012	Misma hebra 1	1.5	FALSE	perm2	10665
Rep 1	Hebra opuesta	-233	-0.042797506545072694	-0.15775210095975079	0.07018074806429027	0.45650070208090193	63	4866	0.006413519291458821	0.47592626387157866	Hebra opuesta 1	-228.5	FALSE	perm2	10665
Rep 1	Hebra opuesta	-223	-0.11346818614788283	-0.17041338459223676	-0.05653898964034376	1.0441132142682193e-4	260	4866	0.02646849231395704	7.308792499877535e-4	Hebra opuesta 1	-218.5	TRUE	perm2	10665
Rep 1	Hebra opuesta	-213	-0.07296190757012348	-0.13043542187056106	-0.016187592671299024	0.011871456067337562	261	4866	0.02657029420747226	0.018764559590307758	Hebra opuesta 1	-208.5	TRUE	perm2	10665
Rep 1	Hebra opuesta	-203	-0.09059409617812256	-0.144570376534586	-0.037149705097355726	8.618106827735611e-4	292	4866	0.02972615290644406	0.0026392952159940307	Hebra opuesta 1	-198.5	TRUE	perm2	10665
Rep 1	Hebra opuesta	-193	-0.12594106386436751	-0.18250890403899345	-0.06972525825892605	1.2676144958084036e-5	253	4866	0.025755879059350503	1.2422622058922355e-4	Hebra opuesta 1	-188.5	TRUE	perm2	10665
Rep 1	Hebra opuesta	-183	-0.07642001285195767	-0.14154362713307392	-0.01165421657764547	0.020262862133969953	233	4866	0.023719841189046117	0.028368006987557932	Hebra opuesta 1	-178.5	TRUE	perm2	10665
Rep 1	Hebra opuesta	-173	-0.1013251278646067	-0.15972632789522906	-0.043321626577359246	6.314930153740779e-4	258	4866	0.0262648885269266	0.0022102255538092724	Hebra opuesta 1	-168.5	TRUE	perm2	10665
Rep 1	Hebra opuesta	-163	-0.09242168956926616	-0.1511981757276501	-0.034366818296424066	0.0018213742008157611	235	4866	0.023923444976076555	0.004092736998432465	Hebra opuesta 1	-158.5	TRUE	perm2	10665
Rep 1	Hebra opuesta	-153	-0.06657624515419595	-0.13111575237581288	-0.00243086191925122	0.041937507662638984	196	4866	0.019953171128983	0.05137344688673276	Hebra opuesta 1	-148.5	FALSE	perm2	10665
Rep 1	Hebra opuesta	-143	-0.08951545991568988	-0.1530035973393605	-0.02708256700743228	0.004892335370258626	221	4866	0.022498218466863482	0.008467145821716135	Hebra opuesta 1	-138.5	TRUE	perm2	10665
Rep 1	Hebra opuesta	-133	-0.09853606719649423	-0.16301257486219017	-0.03502785414533249	0.002309027386875398	208	4866	0.021174793851165632	0.004352617470487905	Hebra opuesta 1	-128.5	TRUE	perm2	10665
Rep 1	Hebra opuesta	-123	-0.11416473052166588	-0.17873959640918455	-0.04989504924946305	4.895710484433676e-4	200	4866	0.020360378703043875	0.0018453062595173088	Hebra opuesta 1	-118.5	TRUE	perm2	10665
Rep 1	Hebra opuesta	-113	-0.13571055441818064	-0.2065465517789449	-0.06667286294518844	1.228698882375053e-4	158	4866	0.016084699175404664	7.5257806545472e-4	Hebra opuesta 1	-108.5	TRUE	perm2	10665
Rep 1	Hebra opuesta	-103	-0.15333830760156514	-0.21982011378610064	-0.08829749463975378	3.5173358077506175e-6	191	4866	0.019444161661406903	6.002734476188588e-5	Hebra opuesta 1	-98.5	TRUE	perm2	10665
Rep 1	Hebra opuesta	-93	-0.110360987205758	-0.18099282636340439	-0.04097120709314465	0.001837555387051311	161	4866	0.01639010485595032	0.004092736998432465	Hebra opuesta 1	-88.5	TRUE	perm2	10665
Rep 1	Hebra opuesta	-83	-0.08826018232836919	-0.15880366046987643	-0.017680801974387685	0.013794926655101892	160	4866	0.0162883029624351	0.021123481440624772	Hebra opuesta 1	-78.5	TRUE	perm2	10665
Rep 1	Hebra opuesta	-73	-0.14302909342634118	-0.22022794927013511	-0.06842345552979213	1.6213982945249047e-4	138	4866	0.014048661305100275	7.944851643172033e-4	Hebra opuesta 1	-68.5	TRUE	perm2	10665
Rep 1	Hebra opuesta	-63	-0.17690728000983805	-0.2522759291982052	-0.102753917054324	3.675143556850156e-6	139	4866	0.014150463198615494	6.002734476188588e-5	Hebra opuesta 1	-58.5	TRUE	perm2	10665
Rep 1	Hebra opuesta	-53	-0.18393770915151436	-0.25205878069795873	-0.11713225103906673	8.051122361590084e-8	151	4866	0.015372085920798128	3.945049957179142e-6	Hebra opuesta 1	-48.5	TRUE	perm2	10665
Rep 1	Hebra opuesta	-43	-0.09885998757999068	-0.17881059089470352	-0.01962591345709912	0.014466502508675212	135	4866	0.013743255624554617	0.021480564331063195	Hebra opuesta 1	-38.5	TRUE	perm2	10665
Rep 1	Hebra opuesta	-33	-0.07780170597412925	-0.14723890854624022	-0.009281076337796557	0.025378417443657895	171	4866	0.017408123791102514	0.03234862808209962	Hebra opuesta 1	-28.5	TRUE	perm2	10665
Rep 1	Hebra opuesta	-23	-0.06886703381805354	-0.1433094566722266	0.005085612330869075	0.06856569794356064	157	4866	0.01598289728188944	0.08194437071303588	Hebra opuesta 1	-18.5	FALSE	perm2	10665
Rep 1	Hebra opuesta	-13	-0.15387656255526597	-0.23069442895961736	-0.07897082751526428	6.441616401559543e-5	142	4866	0.014455868879161152	5.26065339460696e-4	Hebra opuesta 1	-8.5	TRUE	perm2	10665
Rep 1	Hebra opuesta	-3	-0.09479978142383222	-0.15105863877349215	-0.038549248865735096	0.001047316725828255	292	4866	0.02972615290644406	0.0029554965275371842	Hebra opuesta 1	1.5	TRUE	perm2	10665
Rep 1	Hebra opuesta	7	-0.07633749714048914	-0.1745137884251496	0.022028776497580133	0.12696935179496924	99	4866	0.010078387458006719	0.13524996169464115	Hebra opuesta 1	11.5	FALSE	perm2	10665
Rep 2	Misma hebra	-233	-0.08804356812227274	-0.15717942640122698	-0.019497862993823625	0.008937384916972631	348	5663	0.029966416946525444	0.012164773914768305	Misma hebra 1	-228.5	TRUE	perm2	10665
Rep 2	Misma hebra	-223	-0.05081479388849252	-0.1288670299812889	0.019228230413362978	0.16726524830620154	301	5663	0.02591922845087402	0.178173851456606	Misma hebra 1	-218.5	FALSE	perm2	10665
Rep 2	Misma hebra	-213	-0.07587733963614167	-0.1492400277953226	-0.003263589578411333	0.032506429096512086	327	5663	0.028158098682510978	0.03982037564322731	Misma hebra 1	-208.5	TRUE	perm2	10665
Rep 2	Misma hebra	-203	-0.12703063203581527	-0.19792582366868786	-0.05579067261524391	3.583294610734813e-4	315	5663	0.027124773960216998	0.0010973839745375366	Misma hebra 1	-198.5	TRUE	perm2	10665
Rep 2	Misma hebra	-193	-0.10462046781665828	-0.1776447022546913	-0.03240805367910422	0.0033035576547021587	301	5663	0.02591922845087402	0.005395810836013526	Misma hebra 1	-188.5	TRUE	perm2	10665
Rep 2	Misma hebra	-183	-0.12045347243747846	-0.1965989930188171	-0.043951573073786235	0.001255455232711292	284	5663	0.024455351760957547	0.0024606922561141325	Misma hebra 1	-178.5	TRUE	perm2	10665
Rep 2	Misma hebra	-173	-0.09676970237736168	-0.17305588004501804	-0.021048241704769776	0.009226496980056563	275	5663	0.02368035821923706	0.012218874378993827	Misma hebra 1	-168.5	TRUE	perm2	10665
Rep 2	Misma hebra	-163	-0.15465515885700543	-0.23349273165052598	-0.07726413135039956	6.603121004795447e-5	249	5663	0.021441487987600105	4.044411615437211e-4	Misma hebra 1	-158.5	TRUE	perm2	10665
Rep 2	Misma hebra	-153	-0.1343521226022027	-0.21737295969402212	-0.05074703102635351	0.0012074124048845212	217	5663	0.018685955394816153	0.0024606922561141325	Misma hebra 1	-148.5	TRUE	perm2	10665
Rep 2	Misma hebra	-143	-0.12640386861061068	-0.21208463362165525	-0.04288279835602574	0.002693660349123096	232	5663	0.01997761129768363	0.004888494707667841	Misma hebra 1	-138.5	TRUE	perm2	10665
Rep 2	Misma hebra	-133	-0.11030925200771136	-0.19509291582230348	-0.02630175909348735	0.007955514055596571	220	5663	0.01894428657538965	0.011137719677835198	Misma hebra 1	-128.5	TRUE	perm2	10665
Rep 2	Misma hebra	-123	-0.16493297715156277	-0.25329583964750924	-0.07921611050981531	1.267363205114394e-4	197	5663	0.016963747524326188	5.938212856519936e-4	Misma hebra 1	-118.5	TRUE	perm2	10665
Rep 2	Misma hebra	-113	-0.1599519864042595	-0.24621667339634012	-0.0714492402287136	2.0964141047909027e-4	210	5663	0.018083182640144666	7.337449366768159e-4	Misma hebra 1	-108.5	TRUE	perm2	10665
Rep 2	Misma hebra	-103	-0.1958407329399472	-0.28374477248412255	-0.10818913650950909	8.85643936002772e-6	199	5663	0.017135968311375184	7.232758810689303e-5	Misma hebra 1	-98.5	TRUE	perm2	10665
Rep 2	Misma hebra	-93	-0.14868266582743492	-0.24224187212234316	-0.0574577338769048	0.0010503705727468438	190	5663	0.016360974769654698	0.0022377460028084935	Misma hebra 1	-88.5	TRUE	perm2	10665
Rep 2	Misma hebra	-83	-0.15335531382860917	-0.2380908963947735	-0.0693155475570184	2.541439544266525e-4	202	5663	0.017394299491948678	8.302035844603981e-4	Misma hebra 1	-78.5	TRUE	perm2	10665
Rep 2	Misma hebra	-73	-0.1844867531066279	-0.28160633182760697	-0.08724568980148319	1.673809770732461e-4	165	5663	0.014208214931542238	6.834723230490882e-4	Misma hebra 1	-68.5	TRUE	perm2	10665
Rep 2	Misma hebra	-63	-0.12398471796604638	-0.21392668937841458	-0.033682508815458326	0.005433944748116821	202	5663	0.017394299491948678	0.008068584625991642	Misma hebra 1	-58.5	TRUE	perm2	10665
Rep 2	Misma hebra	-53	-0.20076135821781863	-0.31576089192332985	-0.08720543657948558	4.1545955991479494e-4	115	5663	0.009902695255317317	0.0011309732464347196	Misma hebra 1	-48.5	TRUE	perm2	10665
Rep 2	Misma hebra	-43	-0.09823387022512003	-0.19303087079371747	-0.00641064858165475	0.02966376443523498	188	5663	0.016188753982605702	0.037269857880167026	Misma hebra 1	-38.5	TRUE	perm2	10665
Rep 2	Misma hebra	-33	-0.040134371662878116	-0.12804837926327245	0.04119023187835302	0.33887245433972224	236	5663	0.020322052871781623	0.33887245433972224	Misma hebra 1	-28.5	FALSE	perm2	10665
Rep 2	Misma hebra	-23	-0.06917659828024579	-0.17911925744371832	0.031526483645493715	0.17945111675603942	142	5663	0.012227675880478774	0.18708733449033899	Misma hebra 1	-18.5	FALSE	perm2	10665
Rep 2	Misma hebra	-13	-0.08914719863387366	-0.19730367070458907	0.006794392227386733	0.07773926773474694	143	5663	0.012313786274003272	0.08657327543187728	Misma hebra 1	-8.5	FALSE	perm2	10665
Rep 2	Misma hebra	-3	-0.05267622716928211	-0.14124869054138223	0.02638839032474899	0.1993944267029512	234	5663	0.020149832084732627	0.20354847725926267	Misma hebra 1	1.5	FALSE	perm2	10665
Rep 2	Hebra opuesta	-233	-0.1244784257054519	-0.2640577054967017	0.006282515730244225	0.0674287506575721	84	5663	0.007233273056057866	0.07683741354002403	Hebra opuesta 1	-228.5	FALSE	perm2	10665
Rep 2	Hebra opuesta	-223	-0.0694238962845801	-0.13992019249987356	-2.8065755731400307e-4	0.046066255734253554	329	5663	0.028330319469559977	0.055054793438498145	Hebra opuesta 1	-218.5	FALSE	perm2	10665
Rep 2	Hebra opuesta	-213	-0.06602964027602502	-0.13745686281667707	0.001590302582630069	0.06079355601616946	319	5663	0.027469215534314993	0.0709258153521977	Hebra opuesta 1	-208.5	FALSE	perm2	10665
Rep 2	Hebra opuesta	-203	-0.09871365587171112	-0.16600313923538693	-0.032131297886908335	0.00295443288634819	348	5663	0.029966416946525444	0.005081216825973589	Hebra opuesta 1	-198.5	TRUE	perm2	10665
Rep 2	Hebra opuesta	-193	-0.11800529067098606	-0.1911889251315893	-0.04654922149704015	7.441907020753071e-4	314	5663	0.0270386635666925	0.00173644497150905	Hebra opuesta 1	-188.5	TRUE	perm2	10665
Rep 2	Hebra opuesta	-183	-0.14265934750126674	-0.2170659716555458	-0.06934382938370193	1.333068192279986e-4	284	5663	0.024455351760957547	5.938212856519936e-4	Hebra opuesta 1	-178.5	TRUE	perm2	10665
Rep 2	Hebra opuesta	-173	-0.10526237969813329	-0.1768729093611555	-0.033176467585549665	0.003007250774555798	311	5663	0.026780332386119005	0.005081216825973589	Hebra opuesta 1	-168.5	TRUE	perm2	10665
Rep 2	Hebra opuesta	-163	-0.14999423685669244	-0.22377342717961213	-0.07711794464057561	4.321386185849532e-5	280	5663	0.024110910186859555	3.024970330094672e-4	Hebra opuesta 1	-158.5	TRUE	perm2	10665
Rep 2	Hebra opuesta	-153	-0.11589202673307077	-0.19604904519842228	-0.03674486534363057	0.0034271687204550333	247	5663	0.021269267200551105	0.005417137654912794	Hebra opuesta 1	-148.5	TRUE	perm2	10665
Rep 2	Hebra opuesta	-143	-0.11560751400093949	-0.19119297056630563	-0.04191767938269938	0.0015899031105380248	279	5663	0.024024799793335057	0.002996355862167816	Hebra opuesta 1	-138.5	TRUE	perm2	10665
Rep 2	Hebra opuesta	-133	-0.10947367688404534	-0.18912521234065205	-0.030747508920284217	0.005087846963273297	260	5663	0.022388702316369587	0.007790765662512236	Hebra opuesta 1	-128.5	TRUE	perm2	10665
Rep 2	Hebra opuesta	-123	-0.20324734576059694	-0.28324594372068007	-0.12575806461751432	1.165177216506438e-7	249	5663	0.021441487987600105	1.9031227869605151e-6	Hebra opuesta 1	-118.5	TRUE	perm2	10665
Rep 2	Hebra opuesta	-113	-0.20144912480843694	-0.2872484585092907	-0.11628474680621823	3.365404769877542e-6	200	5663	0.017222078704899682	4.122620843099989e-5	Hebra opuesta 1	-108.5	TRUE	perm2	10665
Rep 2	Hebra opuesta	-103	-0.14890938987551683	-0.23092980121096346	-0.06875120674576184	1.9778682096478043e-4	241	5663	0.020752604839404117	7.337449366768159e-4	Hebra opuesta 1	-98.5	TRUE	perm2	10665
Rep 2	Hebra opuesta	-93	-0.1521404546915138	-0.2389654930288585	-0.0664726967070401	4.026678644927402e-4	203	5663	0.017480409885473176	0.0011309732464347196	Hebra opuesta 1	-88.5	TRUE	perm2	10665
Rep 2	Hebra opuesta	-83	-0.1126783039376505	-0.20341124592880494	-0.02277505507624746	0.010948949561923908	193	5663	0.016619305950228192	0.014118382329849249	Hebra opuesta 1	-78.5	TRUE	perm2	10665
Rep 2	Hebra opuesta	-73	-0.20035464232961853	-0.2900594073909971	-0.11397888853876442	4.524307434993336e-6	193	5663	0.016619305950228192	4.43382128629347e-5	Hebra opuesta 1	-68.5	TRUE	perm2	10665
Rep 2	Hebra opuesta	-63	-0.17212898415638353	-0.26203474830448936	-0.08603418175258948	7.722140205947855e-5	188	5663	0.016188753982605702	4.204276334349388e-4	Hebra opuesta 1	-58.5	TRUE	perm2	10665
Rep 2	Hebra opuesta	-53	-0.2345624713769548	-0.3224409287847004	-0.15227356677647153	1.6934246936725197e-8	183	5663	0.015758202014983208	8.297780998995346e-7	Hebra opuesta 1	-48.5	TRUE	perm2	10665
Rep 2	Hebra opuesta	-43	-0.16148025297805912	-0.2560934457511434	-0.06769209331369097	5.458905283499433e-4	172	5663	0.014810987686213726	0.0014078229415340642	Hebra opuesta 1	-38.5	TRUE	perm2	10665
Rep 2	Hebra opuesta	-33	-0.11575494018146328	-0.19908961730304844	-0.03225049103928954	0.005659808477327865	213	5663	0.01834151382071816	0.008156782805560746	Hebra opuesta 1	-28.5	TRUE	perm2	10665
Rep 2	Hebra opuesta	-23	-0.151948908569176	-0.24102275780985039	-0.06277143266421167	7.213198521005087e-4	194	5663	0.01670541634375269	0.00173644497150905	Hebra opuesta 1	-18.5	TRUE	perm2	10665
Rep 2	Hebra opuesta	-13	-0.24652954431772392	-0.3375952023531948	-0.15817762973774263	3.484213378936346e-8	172	5663	0.014810987686213726	8.536322778394047e-7	Hebra opuesta 1	-8.5	TRUE	perm2	10665
Rep 2	Hebra opuesta	-3	-0.11106331801069842	-0.1799850386605454	-0.04293473595004669	8.698742855317656e-4	353	5663	0.030396968914147938	0.0019374472723207505	Hebra opuesta 1	1.5	TRUE	perm2	10665
Rep 2	Hebra opuesta	7	-0.08529385683920046	-0.20103113996842814	0.024415533242765766	0.12711391008543751	123	5663	0.010591578403513303	0.13841292431525418	Hebra opuesta 1	11.5	FALSE	perm2	10665
Rep 1	Misma hebra	-233	-0.05772426159719274	-0.12587895145358075	0.01182306343090481	0.10328465487732497	182	5732	0.018527944619769927	0.18744252181440457	Misma hebra 1	-228.5	FALSE	perm3	8920
Rep 1	Misma hebra	-223	-0.10703258125136139	-0.17477131833221038	-0.03932172481879055	0.0020797552480422508	178	5732	0.01812073704570905	0.014817969097422917	Misma hebra 1	-218.5	TRUE	perm3	8920
Rep 1	Misma hebra	-213	-0.0036334604430029336	-0.06999856112656438	0.061851586019598115	0.9103334349761236	179	5732	0.01822253893922427	0.9292987148714594	Misma hebra 1	-208.5	FALSE	perm3	8920
Rep 1	Misma hebra	-203	-0.04375960748930683	-0.12455834936728802	0.036800056561087216	0.28487661115948637	135	5732	0.013743255624554617	0.35792189607217517	Misma hebra 1	-198.5	FALSE	perm3	8920
Rep 1	Misma hebra	-193	-0.04128787168290787	-0.11725211337558067	0.03382581411073419	0.2817886540190297	151	5732	0.015372085920798128	0.35792189607217517	Misma hebra 1	-188.5	FALSE	perm3	8920
Rep 1	Misma hebra	-183	-0.010268495684745086	-0.08334014326562225	0.06105781773422279	0.7760032430341877	170	5732	0.017306321897587296	0.8249094166898959	Misma hebra 1	-178.5	FALSE	perm3	8920
Rep 1	Misma hebra	-173	-0.12372515156606587	-0.19600636723664314	-0.051517242803878045	8.542857242106816e-4	158	5732	0.016084699175404664	0.01046500012158085	Misma hebra 1	-168.5	TRUE	perm3	8920
Rep 1	Misma hebra	-163	-0.08074757548428824	-0.16132749215200112	-2.398309746265377e-4	0.04899139720804203	130	5732	0.01323424615697852	0.1263462349049505	Misma hebra 1	-158.5	FALSE	perm3	8920
Rep 1	Misma hebra	-153	-0.0799174132206545	-0.15464722432909467	-0.005946814200397724	0.03404145953782257	140	5732	0.014252265092130713	0.09266841763073921	Misma hebra 1	-148.5	FALSE	perm3	8920
Rep 1	Misma hebra	-143	-0.06271032811247672	-0.1496286541568753	0.027372105513911404	0.16871129688324318	121	5732	0.012318029115341545	0.25833917335246614	Misma hebra 1	-138.5	FALSE	perm3	8920
Rep 1	Misma hebra	-133	-0.026060723656678404	-0.11574545936413604	0.06435818805334644	0.5669837454639776	119	5732	0.012114425328311107	0.6460977564589512	Misma hebra 1	-128.5	FALSE	perm3	8920
Rep 1	Misma hebra	-123	-0.11631096536099615	-0.1951093323831118	-0.03845471879825058	0.0037131051207343457	131	5732	0.013336048050493739	0.018194215091598295	Misma hebra 1	-118.5	TRUE	perm3	8920
Rep 1	Misma hebra	-113	-0.12942118650722534	-0.201466664292672	-0.05855261314153966	3.6660498695945554e-4	134	5732	0.013641453731039397	0.005987881453671106	Misma hebra 1	-108.5	TRUE	perm3	8920
Rep 1	Misma hebra	-103	-0.06301766642334862	-0.149092293740978	0.021732713537486747	0.14564012450526836	102	5732	0.010383793138552377	0.23142449611514299	Misma hebra 1	-98.5	FALSE	perm3	8920
Rep 1	Misma hebra	-93	-0.05978812108333282	-0.1544949138326616	0.032466819700054335	0.20213693944355135	104	5732	0.010587396925582816	0.2829917152209719	Misma hebra 1	-88.5	FALSE	perm3	8920
Rep 1	Misma hebra	-83	-0.042422304498785326	-0.13021245345713436	0.04642658101853921	0.34831545966261185	112	5732	0.011401812073704571	0.41627945179190196	Misma hebra 1	-78.5	FALSE	perm3	8920
Rep 1	Misma hebra	-73	-0.1430836991191198	-0.2394058152535183	-0.04863182047618607	0.003303894887241211	92	5732	0.009365774203400182	0.018194215091598295	Misma hebra 1	-68.5	TRUE	perm3	8920
Rep 1	Misma hebra	-63	-0.09397200893878573	-0.18965627004986754	0.003360461828341406	0.057952120184194024	84	5732	0.008551359055278427	0.1290751767738867	Misma hebra 1	-58.5	FALSE	perm3	8920
Rep 1	Misma hebra	-53	-0.029358989580885585	-0.15244018791428288	0.09455495064538397	0.6426701815321527	69	5732	0.007024330652550138	0.7157008839789882	Misma hebra 1	-48.5	FALSE	perm3	8920
Rep 1	Misma hebra	-43	0.15139650511999694	0.05414080135347505	0.2542290190620178	0.002116852728203274	116	5732	0.011809019647765448	0.014817969097422917	Misma hebra 1	-38.5	TRUE	perm3	8920
Rep 1	Misma hebra	-33	-0.06405474216535992	-0.15150751808030782	0.022600668630437817	0.14641141590958026	105	5732	0.010689198819098035	0.23142449611514299	Misma hebra 1	-28.5	FALSE	perm3	8920
Rep 1	Misma hebra	-23	-0.1290002379327942	-0.24340218884870513	-0.015732645886151475	0.025893757903525542	73	5732	0.007431538226611015	0.080778241492685	Misma hebra 1	-18.5	FALSE	perm3	8920
Rep 1	Misma hebra	-13	-0.04418242836851105	-0.13190574381993445	0.04410160751318228	0.32487469143192793	117	5732	0.011910821541280668	0.3979714970041117	Misma hebra 1	-8.5	FALSE	perm3	8920
Rep 1	Misma hebra	-3	-0.11091297358519761	-0.23819899182823925	0.011505513064781984	0.07548776428080645	47	5732	0.004784688995215311	0.1505999040093931	Misma hebra 1	1.5	FALSE	perm3	8920
Rep 1	Hebra opuesta	-233	-0.10894785996031674	-0.2625958987299272	0.034192721994465484	0.1383135710366103	31	5732	0.0031558586989718007	0.23142449611514299	Hebra opuesta 1	-228.5	FALSE	perm3	8920
Rep 1	Hebra opuesta	-223	0.00894474240786784	-0.058126781455650395	0.07632153536929502	0.7912396445801042	209	5732	0.02127659574468085	0.8249094166898959	Hebra opuesta 1	-218.5	FALSE	perm3	8920
Rep 1	Hebra opuesta	-213	-0.09123142959014371	-0.15535270375652022	-0.027559811199366478	0.005039295294902873	200	5732	0.020360378703043875	0.022447769950021887	Hebra opuesta 1	-208.5	TRUE	perm3	8920
Rep 1	Hebra opuesta	-203	-0.07212375967399054	-0.13336391862194255	-0.010401710516693329	0.022056282132548483	220	5732	0.022396416573348264	0.07719698746391969	Hebra opuesta 1	-198.5	FALSE	perm3	8920
Rep 1	Hebra opuesta	-193	-0.03912097670403887	-0.10556040521806839	0.026511261806826236	0.2442146352207545	190	5732	0.019342359767891684	0.32341938177883706	Hebra opuesta 1	-188.5	FALSE	perm3	8920
Rep 1	Hebra opuesta	-183	-0.04459517350579952	-0.1114585378344455	0.022069102285534728	0.18943700940581418	201	5732	0.020462180596559097	0.2812852563904514	Hebra opuesta 1	-178.5	FALSE	perm3	8920
Rep 1	Hebra opuesta	-173	5.620386677072505e-4	-0.06808724363741117	0.07021149503720577	0.9854642316555019	198	5732	0.020156774916013438	0.9854642316555019	Hebra opuesta 1	-168.5	FALSE	perm3	8920
Rep 1	Hebra opuesta	-163	-0.06603658476924049	-0.13799096496630794	0.006121921430543457	0.07353761882222952	175	5732	0.017815331365163393	0.1505999040093931	Hebra opuesta 1	-158.5	FALSE	perm3	8920
Rep 1	Hebra opuesta	-153	-0.07005358977993134	-0.14157328934443072	0.001716420936329668	0.05588333578037215	166	5732	0.016899114323526417	0.1290751767738867	Hebra opuesta 1	-148.5	FALSE	perm3	8920
Rep 1	Hebra opuesta	-143	-0.02120673401743969	-0.09255528322533096	0.05018353209373976	0.5512437573896665	176	5732	0.01791713325867861	0.643117716954611	Hebra opuesta 1	-138.5	FALSE	perm3	8920
Rep 1	Hebra opuesta	-133	-0.1459247373522219	-0.21660201553349906	-0.07589176117513746	4.661887373643354e-5	160	5732	0.0162883029624351	0.0011421624065426218	Hebra opuesta 1	-128.5	TRUE	perm3	8920
Rep 1	Hebra opuesta	-123	-0.09688870848166166	-0.16589945230138872	-0.027566488196609694	0.006269296882892927	155	5732	0.015779293494859004	0.02363042671244257	Hebra opuesta 1	-118.5	TRUE	perm3	8920
Rep 1	Hebra opuesta	-113	-0.07467856408948262	-0.1421469006764649	-0.008138058293394123	0.02751495990276343	161	5732	0.01639010485595032	0.080778241492685	Hebra opuesta 1	-108.5	FALSE	perm3	8920
Rep 1	Hebra opuesta	-103	-0.12361697527600747	-0.20136216228267712	-0.04759156810180873	0.0014527392904697036	125	5732	0.012725236689402423	0.014236845046603096	Hebra opuesta 1	-98.5	TRUE	perm3	8920
Rep 1	Hebra opuesta	-93	-0.055061795214681346	-0.13940610730825545	0.029120871565220977	0.20072073069013924	109	5732	0.011096406393158913	0.2829917152209719	Hebra opuesta 1	-88.5	FALSE	perm3	8920
Rep 1	Hebra opuesta	-83	-0.10389081507938917	-0.1799426170045779	-0.03020166539647716	0.0057443405738357755	124	5732	0.012623434795887203	0.023456057343162747	Hebra opuesta 1	-78.5	TRUE	perm3	8920
Rep 1	Hebra opuesta	-73	-0.0790043464286179	-0.168443486248383	0.008362404801266505	0.07683668571907812	97	5732	0.00987478367097628	0.1505999040093931	Hebra opuesta 1	-68.5	FALSE	perm3	8920
Rep 1	Hebra opuesta	-63	-0.058391043939501744	-0.15607626781827663	0.04037741560569435	0.24247907863287016	97	5732	0.00987478367097628	0.32341938177883706	Hebra opuesta 1	-58.5	FALSE	perm3	8920
Rep 1	Hebra opuesta	-53	-0.18509454819330032	-0.27212240629873036	-0.10282497961142366	1.0366617603691538e-5	95	5732	0.009671179883945842	5.079642625808854e-4	Hebra opuesta 1	-48.5	TRUE	perm3	8920
Rep 1	Hebra opuesta	-43	-0.07385637923450719	-0.1677549315003798	0.018599948077127282	0.11577163383728492	95	5732	0.009671179883945842	0.2026003592152486	Hebra opuesta 1	-38.5	FALSE	perm3	8920
Rep 1	Hebra opuesta	-33	-0.016303888282901705	-0.09547614134884568	0.06561375335191114	0.6911725291792755	133	5732	0.013539651837524178	0.7526100873285444	Hebra opuesta 1	-28.5	FALSE	perm3	8920
Rep 1	Hebra opuesta	-23	-0.0799594706262631	-0.16036126179191404	0.0016234547507351918	0.054680043872247897	128	5732	0.013030642369948081	0.1290751767738867	Hebra opuesta 1	-18.5	FALSE	perm3	8920
Rep 1	Hebra opuesta	-13	-0.12823447862142867	-0.2179991087720888	-0.04264092252326911	0.0033590783740699466	86	5732	0.008754962842308867	0.018194215091598295	Hebra opuesta 1	-8.5	TRUE	perm3	8920
Rep 1	Hebra opuesta	-3	-0.08937616178434729	-0.1688512501512278	-0.00950217435824649	0.028025104191339696	140	5732	0.014252265092130713	0.080778241492685	Hebra opuesta 1	1.5	FALSE	perm3	8920
Rep 1	Hebra opuesta	7	-0.07745041889822087	-0.17104711301281889	0.015006197298047242	0.09946228814189045	89	5732	0.0090603685228545245	0.18744252181440457	Hebra opuesta 1	11.5	FALSE	perm3	8920
Rep 2	Misma hebra	-233	-0.03630815566698086	-0.12334838611179805	0.0436634058666778	0.3698312483946611	216	6732	0.018599845001291655	0.4419934432033754	Misma hebra 1	-228.5	FALSE	perm3	8920
Rep 2	Misma hebra	-223	-0.13392377623966992	-0.21674847963934837	-0.051678197575414586	0.0010588594607298318	211	6732	0.018169293033669164	0.008647352262626959	Misma hebra 1	-218.5	TRUE	perm3	8920
Rep 2	Misma hebra	-213	-0.027145762550217542	-0.11290388344861904	0.05514182974394234	0.50064254024963	221	6732	0.01903039696891415	0.5451440993829303	Misma hebra 1	-208.5	FALSE	perm3	8920
Rep 2	Misma hebra	-203	-0.06251570924383741	-0.15745375695430588	0.02390491578705589	0.16007831215334448	181	6732	0.015585981227934212	0.24511991548480874	Misma hebra 1	-198.5	FALSE	perm3	8920
Rep 2	Misma hebra	-193	-0.05228308517504945	-0.1427757163328955	0.03483216873622167	0.24073332924575822	189	6732	0.0162748643761302	0.3276648092511709	Misma hebra 1	-188.5	FALSE	perm3	8920
Rep 2	Misma hebra	-183	-0.042576180558637364	-0.13178498442496503	0.039026306128595346	0.3025575598306099	215	6732	0.018513734607767156	0.38154241884825085	Misma hebra 1	-178.5	FALSE	perm3	8920
Rep 2	Misma hebra	-173	-0.11342545593336176	-0.19933954160769404	-0.030684538969310633	0.005618759339176621	202	6732	0.017394299491948678	0.022943267301637867	Misma hebra 1	-168.5	TRUE	perm3	8920
Rep 2	Misma hebra	-163	-0.1635925509777345	-0.25563494863249986	-0.0710963415839314	3.8850882823906406e-4	163	6732	0.01403599414449324	0.004759233145928535	Misma hebra 1	-158.5	TRUE	perm3	8920
Rep 2	Misma hebra	-153	-0.12937658072665412	-0.2214578337791103	-0.03906014045324795	0.003811044223826038	179	6732	0.015413760440885214	0.018674116696747588	Misma hebra 1	-148.5	TRUE	perm3	8920
Rep 2	Misma hebra	-143	-0.10209276156177849	-0.19901007722105094	-0.004212997207198404	0.03287128121615969	164	6732	0.014122104538017738	0.07669965617103928	Misma hebra 1	-138.5	FALSE	perm3	8920
Rep 2	Misma hebra	-133	-0.16042060925598164	-0.26095875110801653	-0.05574029446182378	0.002241950817947757	150	6732	0.012916559028674762	0.013731948759930012	Misma hebra 1	-128.5	TRUE	perm3	8920
Rep 2	Misma hebra	-123	-0.10577411443379128	-0.20288725162589052	-0.010099956554415018	0.026248143242674795	157	6732	0.01351933178334625	0.07145327882728139	Misma hebra 1	-118.5	FALSE	perm3	8920
Rep 2	Misma hebra	-113	-0.11970707444886419	-0.21633671419402442	-0.025603068438944977	0.010731303721272966	161	6732	0.013863773357444244	0.03286461764639846	Misma hebra 1	-108.5	TRUE	perm3	8920
Rep 2	Misma hebra	-103	-0.06695315169528189	-0.17404259649511522	0.030980972281490153	0.19630486782367235	141	6732	0.012141565486954276	0.27482681495314126	Misma hebra 1	-98.5	FALSE	perm3	8920
Rep 2	Misma hebra	-93	-0.0669765998329575	-0.1797217476851497	0.03412280149139738	0.19262008143772805	136	6732	0.011711013519331783	0.27482681495314126	Misma hebra 1	-88.5	FALSE	perm3	8920
Rep 2	Misma hebra	-83	-0.007383048513077004	-0.11631056561136935	0.09359571230146406	0.8434807080720776	141	6732	0.012141565486954276	0.8610532228235792	Misma hebra 1	-78.5	FALSE	perm3	8920
Rep 2	Misma hebra	-73	-0.15383280836679727	-0.2679254699567183	-0.03924092615647888	0.0075863990036612455	111	6732	0.009558253681219323	0.02655239651281436	Misma hebra 1	-68.5	TRUE	perm3	8920
Rep 2	Misma hebra	-63	-0.10378594296991578	-0.21975948556367553	0.005736711069678334	0.06633900235840175	107	6732	0.00921381210712133	0.11649992378421109	Misma hebra 1	-58.5	FALSE	perm3	8920
Rep 2	Misma hebra	-53	-0.07103684901354729	-0.21729258199319476	0.06604635457924976	0.3104794529239989	81	6732	0.006974941875484371	0.38154241884825085	Misma hebra 1	-48.5	FALSE	perm3	8920
Rep 2	Misma hebra	-43	0.05780604559938072	-0.050618818991853824	0.17900811455027957	0.3114631990597966	147	6732	0.012658227848101266	0.38154241884825085	Misma hebra 1	-38.5	FALSE	perm3	8920
Rep 2	Misma hebra	-33	-0.07755575800010533	-0.1943992008341547	0.03366686431301982	0.18520045028205137	120	6732	0.01033324722293981	0.27482681495314126	Misma hebra 1	-28.5	FALSE	perm3	8920
Rep 2	Misma hebra	-23	-0.12103471996287998	-0.24902668530048222	4.1038502312594225e-5	0.04997457124505142	88	6732	0.00757771463015586	0.09795015964030078	Misma hebra 1	-18.5	FALSE	perm3	8920
Rep 2	Misma hebra	-13	-0.006415815161521078	-0.11837803549793853	0.10023163340149814	0.8828922794947973	130	6732	0.011194351158184793	0.8828922794947973	Misma hebra 1	-8.5	FALSE	perm3	8920
Rep 2	Misma hebra	-3	-0.1863023648531752	-0.3274685941183042	-0.04251183897498895	0.008846075387758128	72	6732	0.006199948333763886	0.028897179600009884	Misma hebra 1	1.5	TRUE	perm3	8920
Rep 2	Hebra opuesta	-233	-0.16621324139067536	-0.3409987508089074	-0.008492615123791698	0.03712751269940143	46	6732	0.0039610781021269265	0.08269309646684862	Hebra opuesta 1	-228.5	FALSE	perm3	8920
Rep 2	Hebra opuesta	-223	0.0281495408288364	-0.044162367527589	0.10537520651661915	0.4353297882139763	266	6732	0.022905364677516575	0.5078847529163056	Hebra opuesta 1	-218.5	FALSE	perm3	8920
Rep 2	Hebra opuesta	-213	-0.06923763652130302	-0.1462098573547376	0.003971633837315016	0.06657138501954919	248	6732	0.021355377594075606	0.11649992378421109	Hebra opuesta 1	-208.5	FALSE	perm3	8920
Rep 2	Hebra opuesta	-203	-0.1076994298252255	-0.182449958760096	-0.031955269319959075	0.003694043120726572	265	6732	0.022819254283992077	0.018674116696747588	Hebra opuesta 1	-198.5	TRUE	perm3	8920
Rep 2	Hebra opuesta	-193	-0.04081956876716005	-0.12303964614865975	0.03570818065202517	0.2857650594459696	234	6732	0.020149832084732627	0.37844561926628406	Hebra opuesta 1	-188.5	FALSE	perm3	8920
Rep 2	Hebra opuesta	-183	-0.06624121168035438	-0.14677381271338272	0.01015416492956645	0.09464492260481196	250	6732	0.021527598381124603	0.15458670692119286	Hebra opuesta 1	-178.5	FALSE	perm3	8920
Rep 2	Hebra opuesta	-173	-0.02934879514553292	-0.11654661553413885	0.05222838487876454	0.47634780229361856	235	6732	0.020235942478257125	0.5374386069822034	Hebra opuesta 1	-168.5	FALSE	perm3	8920
Rep 2	Hebra opuesta	-163	-0.11340111717161107	-0.19686001117353377	-0.03169725896894406	0.005302374006524658	216	6732	0.018599845001291655	0.022943267301637867	Hebra opuesta 1	-158.5	TRUE	perm3	8920
Rep 2	Hebra opuesta	-153	-0.0905802982617302	-0.17964304460497574	-0.00641243315183218	0.028989477404876972	204	6732	0.017566520278997674	0.07476233646520904	Hebra opuesta 1	-148.5	FALSE	perm3	8920
Rep 2	Hebra opuesta	-143	-0.06962790181246793	-0.1538672173635177	0.007690720037041413	0.08216532690480167	221	6732	0.01903039696891415	0.13883106959776836	Hebra opuesta 1	-138.5	FALSE	perm3	8920
Rep 2	Hebra opuesta	-133	-0.2238000917857622	-0.30834629738194574	-0.13958399805192834	9.503071925770636e-8	193	6732	0.016619305950228192	4.6565052436276115e-6	Hebra opuesta 1	-128.5	TRUE	perm3	8920
Rep 2	Hebra opuesta	-123	-0.06846689058151012	-0.15992954409150967	0.011276945498686224	0.10549536114903095	198	6732	0.017049857917850686	0.16675073213879085	Hebra opuesta 1	-118.5	FALSE	perm3	8920
Rep 2	Hebra opuesta	-113	-0.08273851708007988	-0.17008407053123362	-2.4959716226391078e-5	0.04957215494830728	194	6732	0.01670541634375269	0.09795015964030078	Hebra opuesta 1	-108.5	FALSE	perm3	8920
Rep 2	Hebra opuesta	-103	-0.15653705666384593	-0.2502852934465598	-0.0632473713902328	6.696839750912187e-4	152	6732	0.013088779815723758	0.006562902955893944	Hebra opuesta 1	-98.5	TRUE	perm3	8920
Rep 2	Hebra opuesta	-93	-0.10844456015188017	-0.21364528553079115	-0.002308486675524246	0.041365083726030115	133	6732	0.011452682338758288	0.08812561315545547	Hebra opuesta 1	-88.5	FALSE	perm3	8920
Rep 2	Hebra opuesta	-83	-0.14854440172470806	-0.24662776777082515	-0.055022813213170235	0.0019005063348514412	146	6732	0.012572117454576768	0.013303544343960088	Hebra opuesta 1	-78.5	TRUE	perm3	8920
Rep 2	Hebra opuesta	-73	-0.13377273315912327	-0.2443940862012035	-0.024423802673097746	0.012637238098743871	120	6732	0.01033324722293981	0.03642498040226175	Hebra opuesta 1	-68.5	TRUE	perm3	8920
Rep 2	Hebra opuesta	-63	-0.03874746792969051	-0.15522574798663447	0.07195525657799534	0.4825979328003459	125	6732	0.010763799190562301	0.5374386069822034	Hebra opuesta 1	-58.5	FALSE	perm3	8920
Rep 2	Hebra opuesta	-53	-0.215908444258964	-0.3191909653739131	-0.11938626579105734	9.252920850481807e-6	121	6732	0.010419357616464307	2.2669656083680427e-4	Hebra opuesta 1	-48.5	TRUE	perm3	8920
Rep 2	Hebra opuesta	-43	-0.11463808789922264	-0.22357469759009002	-0.007286702518114043	0.03162734134710558	123	6732	0.010591578403513303	0.07669965617103928	Hebra opuesta 1	-38.5	FALSE	perm3	8920
Rep 2	Hebra opuesta	-33	-0.019278317044799338	-0.12138908671452431	0.07503836976917	0.6789071558830131	166	6732	0.014294325325066736	0.707796822090801	Hebra opuesta 1	-28.5	FALSE	perm3	8920
Rep 2	Hebra opuesta	-23	-0.09175622302145475	-0.18926369231156454	0.0017378735832917459	0.05868014679072455	153	6732	0.013174890209248256	0.11058950741328857	Hebra opuesta 1	-18.5	FALSE	perm3	8920
Rep 2	Hebra opuesta	-13	-0.23241153255796093	-0.3475384132987639	-0.12106885782740148	2.63748365234395e-5	101	6732	0.008697149745974339	4.307889965495118e-4	Hebra opuesta 1	-8.5	TRUE	perm3	8920
Rep 2	Hebra opuesta	-3	-0.12464119959008374	-0.2199354505684779	-0.02985751607199096	0.007438073331069375	160	6732	0.013777662963919746	0.02655239651281436	Hebra opuesta 1	1.5	TRUE	perm3	8920
Rep 2	Hebra opuesta	7	-0.020611572563821977	-0.13306465088117372	0.08241826044756301	0.6787435390437293	114	6732	0.009816584861792819	0.707796822090801	Hebra opuesta 1	11.5	FALSE	perm3	8920
Rep 1	Misma hebra	-233	-0.09801089492057093	-0.16105902098800476	-0.03573629247793397	0.0020465634070484357	209	5646	0.02127659574468085	0.005277979312914387	Misma hebra 1	-228.5	TRUE	perm4	9317
Rep 1	Misma hebra	-223	-0.054160539262841347	-0.12151098286118431	0.012416641397952136	0.10996909978808794	194	5646	0.01974956734195256	0.13471214724040775	Misma hebra 1	-218.5	FALSE	perm4	9317
Rep 1	Misma hebra	-213	-0.0037491506904648174	-0.07199291222159594	0.06400153482325552	0.9079286335709126	195	5646	0.01985136923546778	0.9079286335709126	Misma hebra 1	-208.5	FALSE	perm4	9317
Rep 1	Misma hebra	-203	-0.11180979655986874	-0.18227079785599826	-0.04200418963821197	0.0017749928949154273	182	5646	0.018527944619769927	0.00483192510282533	Misma hebra 1	-198.5	TRUE	perm4	9317
Rep 1	Misma hebra	-193	-0.041978972646269284	-0.11184059118573417	0.027493511957202548	0.23374918202550102	175	5646	0.017815331365163393	0.2603115890738534	Misma hebra 1	-188.5	FALSE	perm4	9317
Rep 1	Misma hebra	-183	-0.10637208010476232	-0.1800665810583228	-0.03510077803629976	0.003325276660181341	168	5646	0.017102718110556855	0.00773943305398402	Misma hebra 1	-178.5	TRUE	perm4	9317
Rep 1	Misma hebra	-173	-0.05369842248638004	-0.1215125851266843	0.013321078286600863	0.11666049650539108	180	5646	0.01832434083273949	0.13610391258962293	Misma hebra 1	-168.5	FALSE	perm4	9317
Rep 1	Misma hebra	-163	-0.058460143299290335	-0.13280729601991503	0.014375476757637581	0.11458539886296633	166	5646	0.016899114323526417	0.13610391258962293	Misma hebra 1	-158.5	FALSE	perm4	9317
Rep 1	Misma hebra	-153	-0.12911908253993754	-0.2056068152367794	-0.05250261750048861	0.0010030941359973277	140	5646	0.014252265092130713	0.0034667945945619557	Misma hebra 1	-148.5	TRUE	perm4	9317
Rep 1	Misma hebra	-143	-0.050923020487928336	-0.1395194297072796	0.03845345172919525	0.25976564761574306	125	5646	0.012725236689402423	0.2828559274038091	Misma hebra 1	-138.5	FALSE	perm4	9317
Rep 1	Misma hebra	-133	-0.09644726447627525	-0.19032808798054013	-0.0037369971129592224	0.040929585978965524	108	5646	0.010994604499643693	0.05570971424914752	Misma hebra 1	-128.5	FALSE	perm4	9317
Rep 1	Misma hebra	-123	-0.1015519214544638	-0.18177503744905799	-0.022995952628916714	0.011155280124968874	116	5646	0.011809019647765448	0.018848576762878443	Misma hebra 1	-118.5	TRUE	perm4	9317
Rep 1	Misma hebra	-113	-0.08525160970309388	-0.17068010225055316	-0.0014760649161582524	0.04580763782832574	111	5646	0.011300010180189352	0.06066416901589085	Misma hebra 1	-108.5	FALSE	perm4	9317
Rep 1	Misma hebra	-103	-0.12574374847200284	-0.20864735961380607	-0.043670492559980574	0.0028845604276475528	117	5646	0.011910821541280668	0.007067173047736505	Misma hebra 1	-98.5	TRUE	perm4	9317
Rep 1	Misma hebra	-93	-0.08246630817361647	-0.17303812472954358	0.00733422108190291	0.07203378844750855	104	5646	0.010587396925582816	0.09288567457705049	Misma hebra 1	-88.5	FALSE	perm4	9317
Rep 1	Misma hebra	-83	-0.19511203660331505	-0.28728642287711187	-0.10359847153559304	3.636602512084737e-5	99	5646	0.010078387458006719	3.563870461843042e-4	Misma hebra 1	-78.5	TRUE	perm4	9317
Rep 1	Misma hebra	-73	-0.1409508556703796	-0.24235917176991936	-0.041645459944830175	0.005990922466173952	88	5646	0.008958566629339306	0.01129058464778937	Misma hebra 1	-68.5	TRUE	perm4	9317
Rep 1	Misma hebra	-63	-0.13764529069265005	-0.2343728347190791	-0.045009098999455356	0.0037907427203187037	85	5646	0.008653160948793648	0.00773943305398402	Misma hebra 1	-58.5	TRUE	perm4	9317
Rep 1	Misma hebra	-53	-0.11843742371728332	-0.21822234741819818	-0.021884587924405542	0.0157454502463736	74	5646	0.007533340120126234	0.024110220689759574	Misma hebra 1	-48.5	TRUE	perm4	9317
Rep 1	Misma hebra	-43	-0.015103394725211895	-0.08794658307844634	0.060275889286560705	0.686456034538224	191	5646	0.019444161661406903	0.715666929624957	Misma hebra 1	-38.5	FALSE	perm4	9317
Rep 1	Misma hebra	-33	-0.13483454647575757	-0.22994526291147005	-0.043174341292840784	0.0036527333263392846	84	5646	0.008551359055278427	0.00773943305398402	Misma hebra 1	-28.5	TRUE	perm4	9317
Rep 1	Misma hebra	-23	-0.18487599726332923	-0.28889889948875674	-0.08661460432417754	2.2535592458360542e-4	72	5646	0.007329736333095796	0.0010038582095087878	Misma hebra 1	-18.5	TRUE	perm4	9317
Rep 1	Misma hebra	-13	-0.12572439902519647	-0.2124372425376595	-0.041138355137537545	0.0036483580121415525	100	5646	0.010180189351521938	0.00773943305398402	Misma hebra 1	-8.5	TRUE	perm4	9317
Rep 1	Misma hebra	-3	-0.1867857562199624	-0.3209450828133019	-0.05992065656927431	0.004144790917873771	55	5646	0.005599104143337066	0.00812379019903259	Misma hebra 1	1.5	TRUE	perm4	9317
Rep 1	Hebra opuesta	-233	-0.1647464846113142	-0.28626701507470814	-0.04358707173920873	0.007971048239175308	56	5646	0.0057009060368522855	0.014465976434058891	Hebra opuesta 1	-228.5	TRUE	perm4	9317
Rep 1	Hebra opuesta	-223	-0.11815730121814666	-0.18296114649709308	-0.05299278810956466	4.285189343783646e-4	191	5646	0.019444161661406903	0.0016151867526569125	Hebra opuesta 1	-218.5	TRUE	perm4	9317
Rep 1	Hebra opuesta	-213	-0.04898840877733447	-0.11388840458335442	0.016057503125195684	0.13735419138320157	208	5646	0.021174793851165632	0.156519892506439	Hebra opuesta 1	-208.5	FALSE	perm4	9317
Rep 1	Hebra opuesta	-203	-0.07033931872244854	-0.13760803012169123	-0.0035223629087618507	0.03934233315610229	194	5646	0.01974956734195256	0.0550792664185432	Hebra opuesta 1	-198.5	FALSE	perm4	9317
Rep 1	Hebra opuesta	-193	-0.13621483594020722	-0.20687024705777274	-0.06716363334188799	1.0097472054548021e-4	171	5646	0.017408123791102514	6.205561767326927e-4	Hebra opuesta 1	-188.5	TRUE	perm4	9317
Rep 1	Hebra opuesta	-183	-0.110802203787261	-0.16956932168323585	-0.0534460604016021	1.485430868861402e-4	223	5646	0.022701822253893923	7.334376632740016e-4	Hebra opuesta 1	-178.5	TRUE	perm4	9317
Rep 1	Hebra opuesta	-173	-0.07764388431605475	-0.14194915474230768	-0.014725945965534204	0.015439944639672073	203	5646	0.020665784383589535	0.024110220689759574	Hebra opuesta 1	-168.5	TRUE	perm4	9317
Rep 1	Hebra opuesta	-163	-0.12027324956974864	-0.18531452172856216	-0.055299310244352584	3.0375307069206166e-4	199	5646	0.020258576809528656	0.0012403250386592516	Hebra opuesta 1	-158.5	TRUE	perm4	9317
Rep 1	Hebra opuesta	-153	-0.14251385198087674	-0.20853571563449805	-0.07784512423737411	1.825216406896981e-5	193	5646	0.01964776544843734	2.4092099421945743e-4	Hebra opuesta 1	-148.5	TRUE	perm4	9317
Rep 1	Hebra opuesta	-143	-0.1130023771724419	-0.18181567452987257	-0.045088821015843425	0.0011168860510492068	173	5646	0.017611727578132952	0.0034667945945619557	Hebra opuesta 1	-138.5	TRUE	perm4	9317
Rep 1	Hebra opuesta	-133	-0.1764318706562617	-0.24902440665179224	-0.10587444707146713	1.4522185139031234e-6	139	5646	0.014150463198615494	3.5579353590626525e-5	Hebra opuesta 1	-128.5	TRUE	perm4	9317
Rep 1	Hebra opuesta	-123	-0.14960445278637197	-0.22011885378011561	-0.08129008670632425	1.966701993628224e-5	145	5646	0.01476127455970681	2.4092099421945743e-4	Hebra opuesta 1	-118.5	TRUE	perm4	9317
Rep 1	Hebra opuesta	-113	-0.13860056766376067	-0.21117114256505734	-0.06728595450730834	1.4968115577020439e-4	153	5646	0.015575689707828565	7.334376632740016e-4	Hebra opuesta 1	-108.5	TRUE	perm4	9317
Rep 1	Hebra opuesta	-103	-0.1810846306024264	-0.2535073014457545	-0.11000746781631876	6.590497929470072e-7	137	5646	0.013946859411585055	3.229343985440335e-5	Hebra opuesta 1	-98.5	TRUE	perm4	9317
Rep 1	Hebra opuesta	-93	-0.07857959181923217	-0.15548054840799624	-0.0038288993609953523	0.03896164346652899	127	5646	0.012928840476432862	0.0550792664185432	Hebra opuesta 1	-88.5	FALSE	perm4	9317
Rep 1	Hebra opuesta	-83	-0.07597607718554229	-0.16062954819491612	0.007380929938509385	0.07446694406630884	124	5646	0.012623434795887203	0.09356103228843932	Hebra opuesta 1	-78.5	FALSE	perm4	9317
Rep 1	Hebra opuesta	-73	-0.12974090632336957	-0.2096517203892251	-0.0507244510231022	0.0013311978995219787	123	5646	0.012521632902371984	0.003836982180975115	Hebra opuesta 1	-68.5	TRUE	perm4	9317
Rep 1	Hebra opuesta	-63	-0.11618701020797811	-0.20634336264230282	-0.026858018612352146	0.010882192978282718	105	5646	0.010689198819098035	0.018848576762878443	Hebra opuesta 1	-58.5	TRUE	perm4	9317
Rep 1	Hebra opuesta	-53	-0.1352486970503815	-0.21728292349022602	-0.05430955482395972	0.0011320145614896182	117	5646	0.011910821541280668	0.0034667945945619557	Hebra opuesta 1	-48.5	TRUE	perm4	9317
Rep 1	Hebra opuesta	-43	-0.1498137157478632	-0.22778423245289683	-0.07414147071584966	1.0131529416043962e-4	123	5646	0.012521632902371984	6.205561767326927e-4	Hebra opuesta 1	-38.5	TRUE	perm4	9317
Rep 1	Hebra opuesta	-33	-0.1113585111403675	-0.19943333911944594	-0.02434662270187401	0.012603458748852837	112	5646	0.011401812073704571	0.02058564928979297	Hebra opuesta 1	-28.5	TRUE	perm4	9317
Rep 1	Hebra opuesta	-23	-0.011585385969078627	-0.08402713685344271	0.062240018599455285	0.7502162219166733	224	5646	0.022803624147409142	0.7658457265399372	Hebra opuesta 1	-18.5	FALSE	perm4	9317
Rep 1	Hebra opuesta	-13	-0.1639129075226901	-0.244216196879188	-0.08513226274461766	5.624471544878753e-5	116	5646	0.011809019647765448	4.5933184283176477e-4	Hebra opuesta 1	-8.5	TRUE	perm4	9317
Rep 1	Hebra opuesta	-3	-0.10112061368214283	-0.18700524129797924	-0.01826027064922593	0.016948815739323907	115	5646	0.011707217754250229	0.025166423370511254	Hebra opuesta 1	1.5	TRUE	perm4	9317
Rep 1	Hebra opuesta	7	0.04869224035692665	-0.08039278131563705	0.18288500060785406	0.4579443434598948	62	5646	0.006311717397943601	0.4878102789029315	Hebra opuesta 1	11.5	FALSE	perm4	9317
Rep 2	Misma hebra	-233	-0.1193949509990714	-0.19685831849877056	-0.0406168775828716	0.0025721943232486196	237	6514	0.02040816326530612	0.006633553781009598	Misma hebra 1	-228.5	TRUE	perm4	9317
Rep 2	Misma hebra	-223	-0.0208081579521712	-0.1023121239461597	0.054879925979976096	0.5568169910680008	258	6514	0.02221648152932059	0.6063118347184897	Misma hebra 1	-218.5	FALSE	perm4	9317
Rep 2	Misma hebra	-213	-0.028116300434420365	-0.11152169043373224	0.047927443049091675	0.443600827956133	249	6514	0.021441487987600105	0.5054986179035004	Misma hebra 1	-208.5	FALSE	perm4	9317
Rep 2	Misma hebra	-203	-0.09291527157042337	-0.17546089459982225	-0.010345456325910059	0.02046942052052766	232	6514	0.01997761129768363	0.03392969235356034	Misma hebra 1	-198.5	TRUE	perm4	9317
Rep 2	Misma hebra	-193	-0.08438994947921384	-0.17184789281659024	-2.256129135576006e-4	0.046406706938718685	212	6514	0.018255403427193662	0.05984022736834778	Misma hebra 1	-188.5	FALSE	perm4	9317
Rep 2	Misma hebra	-183	-0.10436930645260113	-0.19124967558975958	-0.022550613603687243	0.009965111968812375	220	6514	0.01894428657538965	0.021230021150948103	Misma hebra 1	-178.5	TRUE	perm4	9317
Rep 2	Misma hebra	-173	-0.12760434805871196	-0.20753737623077015	-0.049187460993304385	0.0012713834116175524	224	6514	0.019288728149487643	0.003460988176070004	Misma hebra 1	-168.5	TRUE	perm4	9317
Rep 2	Misma hebra	-163	-0.016988109978721532	-0.10671458010041524	0.06904348150680949	0.6664942487453285	213	6514	0.01834151382071816	0.6948557061387467	Misma hebra 1	-158.5	FALSE	perm4	9317
Rep 2	Misma hebra	-153	-0.10725799387761499	-0.19949703628404855	-0.018379495147865577	0.014480532424803341	173	6514	0.014897098079738224	0.029564420367306818	Misma hebra 1	-148.5	TRUE	perm4	9317
Rep 2	Misma hebra	-143	-0.10108387469835697	-0.20449841099949895	-8.001054874509152e-4	0.04419873998115786	159	6514	0.013691552570395246	0.05853346646153338	Misma hebra 1	-138.5	FALSE	perm4	9317
Rep 2	Misma hebra	-133	-0.11897754156114718	-0.22724412562979124	-0.01574556595211911	0.017593836198189865	142	6514	0.012227675880478774	0.03315761437351167	Misma hebra 1	-128.5	TRUE	perm4	9317
Rep 2	Misma hebra	-123	-0.197905845079323	-0.299954611207728	-0.09881336654428922	6.172009086576925e-5	139	6514	0.01196934469990528	4.813995346069277e-4	Misma hebra 1	-118.5	TRUE	perm4	9317
Rep 2	Misma hebra	-113	-0.003859782536562331	-0.11073219946069403	0.09753229948859615	0.8948057652620723	157	6514	0.01351933178334625	0.8948057652620723	Misma hebra 1	-108.5	FALSE	perm4	9317
Rep 2	Misma hebra	-103	-0.11181922163862286	-0.2108962908261323	-0.015251403042525515	0.01967327818780618	152	6514	0.013088779815723758	0.03392969235356034	Misma hebra 1	-98.5	TRUE	perm4	9317
Rep 2	Misma hebra	-93	-0.1171320820175318	-0.22844372225629989	-0.006545320296873087	0.03346640635867166	125	6514	0.010763799190562301	0.045551497543747536	Misma hebra 1	-88.5	TRUE	perm4	9317
Rep 2	Misma hebra	-83	-0.1877594498642968	-0.29479148862827703	-0.08141097428126878	4.250177165959862e-4	125	6514	0.010763799190562301	0.0018932607375639382	Misma hebra 1	-78.5	TRUE	perm4	9317
Rep 2	Misma hebra	-73	-0.17085576008070477	-0.285672411709649	-0.056190885292833205	0.0027760389216236712	112	6514	0.009644364074743821	0.006801295357977995	Misma hebra 1	-68.5	TRUE	perm4	9317
Rep 2	Misma hebra	-63	-0.18960899423501293	-0.2994228434004223	-0.07958430815624712	5.3237486904171e-4	119	6514	0.010247136829415311	0.0021738640485869823	Misma hebra 1	-58.5	TRUE	perm4	9317
Rep 2	Misma hebra	-53	-0.19583443397398498	-0.3170044849126592	-0.07439143326754165	0.0011457645926383937	96	6514	0.008266597778351847	0.003302497943487135	Misma hebra 1	-48.5	TRUE	perm4	9317
Rep 2	Misma hebra	-43	0.025467878011527077	-0.05739015940848684	0.12107778495394586	0.5335888442509946	250	6514	0.021527598381124603	0.5942239401886076	Misma hebra 1	-38.5	FALSE	perm4	9317
Rep 2	Misma hebra	-33	-0.12727990092744387	-0.24045049998441384	-0.013273248367237866	0.022536352861642028	113	6514	0.00973047446826832	0.03450879031938935	Misma hebra 1	-28.5	TRUE	perm4	9317
Rep 2	Misma hebra	-23	-0.2199040406338864	-0.34222837758301733	-0.10116302746224123	1.728187035596535e-4	95	6514	0.008180487384827349	0.0010585145593028776	Misma hebra 1	-18.5	TRUE	perm4	9317
Rep 2	Misma hebra	-13	-0.11952457713261752	-0.23138382365933413	-0.007908614583660191	0.029847629722184167	124	6514	0.010677688797037803	0.04301570165844189	Misma hebra 1	-8.5	TRUE	perm4	9317
Rep 2	Misma hebra	-3	-0.12335026627491771	-0.2711066807380467	0.021028669967073668	0.09984220008750365	71	6514	0.006113837940239387	0.1244305639010202	Misma hebra 1	1.5	FALSE	perm4	9317
Rep 2	Hebra opuesta	-233	-0.038815895521902684	-0.19012920543912493	0.10089374529789123	0.5956363823258694	70	6514	0.006027727546714889	0.6344822333471217	Hebra opuesta 1	-228.5	FALSE	perm4	9317
Rep 2	Hebra opuesta	-223	-0.12393792516062337	-0.20116561384540627	-0.04751739280947501	9.509681798202927e-4	254	6514	0.021872039955222595	0.003061328643061851	Hebra opuesta 1	-218.5	TRUE	perm4	9317
Rep 2	Hebra opuesta	-213	-0.0878058196936103	-0.16494337494582675	-0.01199693345858164	0.02063100685600489	269	6514	0.023163695858090073	0.03392969235356034	Hebra opuesta 1	-208.5	TRUE	perm4	9317
Rep 2	Hebra opuesta	-203	-0.08786202281430915	-0.1697460932075797	-0.008722461181599108	0.02474027867761477	241	6514	0.020752604839404117	0.03673556530918557	Hebra opuesta 1	-198.5	TRUE	perm4	9317
Rep 2	Hebra opuesta	-193	-0.11972665004025622	-0.20438750975049266	-0.03489318495138372	0.0040399350168045965	218	6514	0.018772065788340654	0.008998037082882965	Hebra opuesta 1	-188.5	TRUE	perm4	9317
Rep 2	Hebra opuesta	-183	-0.16064626237825294	-0.2385118764456382	-0.08444979435974057	2.240809147106852e-5	253	6514	0.021785929561698097	2.195992964164715e-4	Hebra opuesta 1	-178.5	TRUE	perm4	9317
Rep 2	Hebra opuesta	-173	-0.08565796899235184	-0.16909903328461365	-0.004979508969825888	0.032754013625297285	235	6514	0.020235942478257125	0.045551497543747536	Hebra opuesta 1	-168.5	TRUE	perm4	9317
Rep 2	Hebra opuesta	-163	-0.12902512234418648	-0.20842304975712087	-0.050290410994884654	9.99617516101829e-4	241	6514	0.020752604839404117	0.003061328643061851	Hebra opuesta 1	-158.5	TRUE	perm4	9317
Rep 2	Hebra opuesta	-153	-0.21190010738570764	-0.2901973282889693	-0.13623750511633964	5.305474818458503e-8	224	6514	0.019288728149487643	1.2998413305223333e-6	Hebra opuesta 1	-148.5	TRUE	perm4	9317
Rep 2	Hebra opuesta	-143	-0.16454625185916483	-0.24954154194452952	-0.0817436449908403	6.877136208670396e-5	199	6514	0.017135968311375184	4.813995346069277e-4	Hebra opuesta 1	-138.5	TRUE	perm4	9317
Rep 2	Hebra opuesta	-133	-0.14861303425803865	-0.24074006336351972	-0.0595689304928145	8.037758648661625e-4	174	6514	0.014983208473262722	0.0028132155270315685	Hebra opuesta 1	-128.5	TRUE	perm4	9317
Rep 2	Hebra opuesta	-123	-0.24565067830732437	-0.3315610813040551	-0.16150154259105134	6.104130028128605e-9	183	6514	0.015758202014983208	2.9910237137830164e-7	Hebra opuesta 1	-118.5	TRUE	perm4	9317
Rep 2	Hebra opuesta	-113	-0.15207962832307428	-0.23653008194096425	-0.06995921261659083	2.1713968008031672e-4	195	6514	0.01679152673727719	0.0011822049248817244	Hebra opuesta 1	-108.5	TRUE	perm4	9317
Rep 2	Hebra opuesta	-103	-0.21008872645941665	-0.30336775727448234	-0.11932397623137769	2.3996445047846934e-6	167	6514	0.014380435718591234	2.9395645183612494e-5	Hebra opuesta 1	-98.5	TRUE	perm4	9317
Rep 2	Hebra opuesta	-93	-0.1126430529405444	-0.21275710315346788	-0.013860498973085035	0.02134120272926608	157	6514	0.01351933178334625	0.03392969235356034	Hebra opuesta 1	-88.5	TRUE	perm4	9317
Rep 2	Hebra opuesta	-83	-0.16292552072259275	-0.265296278510921	-0.06655250008281473	6.717974655766366e-4	146	6514	0.012572117454576768	0.002532159677942707	Hebra opuesta 1	-78.5	TRUE	perm4	9317
Rep 2	Hebra opuesta	-73	-0.1172685443568402	-0.2160046485237086	-0.02087771711128125	0.015486859233921024	149	6514	0.012830448635150263	0.030354244098485205	Hebra opuesta 1	-68.5	TRUE	perm4	9317
Rep 2	Hebra opuesta	-63	-0.1828928170107807	-0.28267314549440004	-0.08269902699152014	2.521231943291221e-4	147	6514	0.012658227848101266	0.0012354036522126985	Hebra opuesta 1	-58.5	TRUE	perm4	9317
Rep 2	Hebra opuesta	-53	-0.11709727725707322	-0.22160450692721775	-0.015320799374833305	0.02146572373388511	133	6514	0.011452682338758288	0.03392969235356034	Hebra opuesta 1	-48.5	TRUE	perm4	9317
Rep 2	Hebra opuesta	-43	-0.2391740856908112	-0.3372945165020098	-0.14612560332044708	2.3799265196835905e-7	146	6514	0.012572117454576768	3.8872133154831975e-6	Hebra opuesta 1	-38.5	TRUE	perm4	9317
Rep 2	Hebra opuesta	-33	-0.07812836146162792	-0.18226418488775745	0.018280089365666236	0.11651038687344631	136	6514	0.011711013519331783	0.13924412089753338	Hebra opuesta 1	-28.5	FALSE	perm4	9317
Rep 2	Hebra opuesta	-23	0.008854775041759825	-0.06722426926857795	0.09600475300571605	0.7795424060295246	271	6514	0.02333591664513907	0.7957828728218064	Hebra opuesta 1	-18.5	FALSE	perm4	9317
Rep 2	Hebra opuesta	-13	-0.14582793785811912	-0.2488267807290438	-0.04395053827060935	0.0034928276180012973	132	6514	0.01136657194523379	0.008149931108669694	Hebra opuesta 1	-8.5	TRUE	perm4	9317
Rep 2	Hebra opuesta	-3	-0.08692101503141611	-0.19220999013434809	0.014637362007565808	0.10157597053144506	143	6514	0.012313786274003272	0.1244305639010202	Hebra opuesta 1	1.5	FALSE	perm4	9317
Rep 2	Hebra opuesta	7	-0.06876900709904805	-0.2141604219677094	0.07074068934411801	0.3079907155984847	73	6514	0.006286058727288384	0.3593225015315655	Hebra opuesta 1	11.5	FALSE	perm4	9317
Rep 1	Misma hebra	-233	-0.044085589169639186	-0.10654295417839617	0.017299496109144476	0.15967422244955903	233	5384	0.023719841189046117	0.1778190204551907	Misma hebra 1	-228.5	FALSE	perm5	9749
Rep 1	Misma hebra	-223	-0.0850581031146646	-0.1467523273693141	-0.023632462922137307	0.006502562365507176	229	5384	0.02331263361498524	0.011379484139637557	Misma hebra 1	-218.5	TRUE	perm5	9749
Rep 1	Misma hebra	-213	-0.09432752460173728	-0.16301005330661614	-0.025973235645987976	0.007120669351591261	206	5384	0.020971190064135194	0.011630426607599059	Misma hebra 1	-208.5	TRUE	perm5	9749
Rep 1	Misma hebra	-203	-0.045830831344315454	-0.11220253450289065	0.020228571462712668	0.17215297481475614	203	5384	0.020665784383589535	0.18745546146495667	Misma hebra 1	-198.5	FALSE	perm5	9749
Rep 1	Misma hebra	-193	-0.115127261146774	-0.17459923840565703	-0.056190592346058006	1.307450881279513e-4	235	5384	0.023923444976076555	5.338757765224677e-4	Misma hebra 1	-188.5	TRUE	perm5	9749
Rep 1	Misma hebra	-183	-0.10756744862651269	-0.17677917290180728	-0.0373524628065231	0.0027407153919973377	186	5384	0.018935152193830806	0.006104320645812252	Misma hebra 1	-178.5	TRUE	perm5	9749
Rep 1	Misma hebra	-173	-0.09423926843405456	-0.1588009882064751	-0.030045377924864974	0.003969850640510323	195	5384	0.01985136923546778	0.007481641591730994	Misma hebra 1	-168.5	TRUE	perm5	9749
Rep 1	Misma hebra	-163	-0.10344753916740111	-0.17332835584818043	-0.03273555192137471	0.004363192522701771	176	5384	0.01791713325867861	0.007918386430088398	Misma hebra 1	-158.5	TRUE	perm5	9749
Rep 1	Misma hebra	-153	-0.14630976241440857	-0.21715885690862147	-0.07788065817059941	2.556661224463202e-5	160	5384	0.0162883029624351	1.768797863008091e-4	Misma hebra 1	-148.5	TRUE	perm5	9749
Rep 1	Misma hebra	-143	-0.09820690333517607	-0.17679718682447051	-0.01960332630577958	0.014073600590844832	140	5384	0.014252265092130713	0.02089716451367869	Misma hebra 1	-138.5	TRUE	perm5	9749
Rep 1	Misma hebra	-133	-0.12352998666313153	-0.20181661921967137	-0.04558262248337876	0.0020082616508320947	142	5384	0.014455868879161152	0.004920241044538632	Misma hebra 1	-128.5	TRUE	perm5	9749
Rep 1	Misma hebra	-123	-0.08054734554058013	-0.15912540529261668	-0.00233751725246152	0.04350909145874507	137	5384	0.013946859411585055	0.05922070781884746	Misma hebra 1	-118.5	FALSE	perm5	9749
Rep 1	Misma hebra	-113	-0.02820684289891225	-0.10922346825464434	0.05308683910800225	0.4928035854407175	138	5384	0.014048661305100275	0.5030703268040657	Misma hebra 1	-108.5	FALSE	perm5	9749
Rep 1	Misma hebra	-103	-0.14324590653814548	-0.22086840513460107	-0.06713493387376733	2.665871104346683e-4	140	5384	0.014252265092130713	8.708512274199164e-4	Misma hebra 1	-98.5	TRUE	perm5	9749
Rep 1	Misma hebra	-93	-0.11974783753439354	-0.2014690343758253	-0.039665723546493566	0.003358384930826834	117	5384	0.011910821541280668	0.006856702567104785	Misma hebra 1	-88.5	TRUE	perm5	9749
Rep 1	Misma hebra	-83	-0.09842298940904072	-0.17300220530270155	-0.024729477952754805	0.009060069738373948	139	5384	0.014150463198615494	0.013873231786885107	Misma hebra 1	-78.5	TRUE	perm5	9749
Rep 1	Misma hebra	-73	-0.1468986823051313	-0.22582301460864565	-0.06998047480498543	2.075105459010452e-4	127	5384	0.012928840476432862	7.262869106536582e-4	Misma hebra 1	-68.5	TRUE	perm5	9749
Rep 1	Misma hebra	-63	-0.07657111463086512	-0.16013996179288495	0.007510968841396903	0.07451452687319839	124	5384	0.012623434795887203	0.08905394675089563	Misma hebra 1	-58.5	FALSE	perm5	9749
Rep 1	Misma hebra	-53	-0.14219819956585153	-0.2381649798764894	-0.050693813998438884	0.002326111706367809	84	5384	0.008551359055278427	0.005427593981524888	Misma hebra 1	-48.5	TRUE	perm5	9749
Rep 1	Misma hebra	-43	-0.1358149126132625	-0.23600116525834253	-0.03692132274468973	0.007042873125626527	93	5384	0.009467576096915403	0.011630426607599059	Misma hebra 1	-38.5	TRUE	perm5	9749
Rep 1	Misma hebra	-33	-0.05014186469972107	-0.13482777391157783	0.03405913108516562	0.236846888899167	131	5384	0.013336048050493739	0.25229342513172137	Misma hebra 1	-28.5	FALSE	perm5	9749
Rep 1	Misma hebra	-23	-0.19130492343186703	-0.27828786032727487	-0.10611546373692873	1.4232551930503065e-5	102	5384	0.010383793138552377	1.1623250743244168e-4	Misma hebra 1	-18.5	TRUE	perm5	9749
Rep 1	Misma hebra	-13	-0.15594212353476242	-0.2595816632254901	-0.05172024309773677	0.003710175313233168	75	5384	0.0076351420136414536	0.007271943613937009	Misma hebra 1	-8.5	TRUE	perm5	9749
Rep 1	Misma hebra	-3	-0.1714746767813757	-0.27951042149505584	-0.06608859400110194	0.0015608313450300698	77	5384	0.007838745800671893	0.004025301889814391	Misma hebra 1	1.5	TRUE	perm5	9749
Rep 1	Hebra opuesta	-233	-0.048036648026037625	-0.23316721227074821	0.15447641745029908	0.6192372399936039	35	5384	0.003563066273032678	0.6192372399936039	Hebra opuesta 1	-228.5	FALSE	perm5	9749
Rep 1	Hebra opuesta	-223	-0.049028561098557785	-0.11058528915692664	0.012257605288223486	0.1165683976216335	240	5384	0.024432454443652652	0.13599646389190576	Hebra opuesta 1	-218.5	FALSE	perm5	9749
Rep 1	Hebra opuesta	-213	-0.1165200624129856	-0.173995205076433	-0.05911425811610043	6.641159330061756e-5	233	5384	0.023719841189046117	3.254168071730261e-4	Hebra opuesta 1	-208.5	TRUE	perm5	9749
Rep 1	Hebra opuesta	-203	-0.10426245060957107	-0.1644687884339999	-0.04487205549059966	6.005889995269293e-4	234	5384	0.023821643082561336	0.0017885822693811885	Hebra opuesta 1	-198.5	TRUE	perm5	9749
Rep 1	Hebra opuesta	-193	-0.09050459473682666	-0.1512057502459937	-0.030788297022266653	0.0029102249480431387	211	5384	0.02148019953171129	0.006200044454526687	Hebra opuesta 1	-188.5	TRUE	perm5	9749
Rep 1	Hebra opuesta	-183	-0.07559479650547465	-0.13998362916505447	-0.011215355166995235	0.021323043576928827	219	5384	0.022294614679833045	0.029852261007700356	Hebra opuesta 1	-178.5	TRUE	perm5	9749
Rep 1	Hebra opuesta	-173	-0.12349893103804152	-0.18216550546902407	-0.06561707371259765	2.8878332457274953e-5	216	5384	0.021989208999287385	1.768797863008091e-4	Hebra opuesta 1	-168.5	TRUE	perm5	9749
Rep 1	Hebra opuesta	-163	-0.05946329613718801	-0.12291851559485749	0.0033446299733057034	0.063477161410064	216	5384	0.021989208999287385	0.08185212918666147	Hebra opuesta 1	-158.5	FALSE	perm5	9749
Rep 1	Hebra opuesta	-153	-0.12721300632197172	-0.19142129455600387	-0.06417610985251171	7.475156700663235e-5	183	5384	0.018629746513285146	3.329842530295441e-4	Hebra opuesta 1	-148.5	TRUE	perm5	9749
Rep 1	Hebra opuesta	-143	-0.07277518312530797	-0.14562671289456586	-4.5720083211752685e-4	0.04847172158304315	178	5384	0.01812073704570905	0.06419227993430039	Hebra opuesta 1	-138.5	FALSE	perm5	9749
Rep 1	Hebra opuesta	-133	-0.15022208494523942	-0.21515808146424031	-0.08663194001337375	4.32752048404666e-6	201	5384	0.020462180596559097	7.068283457276212e-5	Hebra opuesta 1	-128.5	TRUE	perm5	9749
Rep 1	Hebra opuesta	-123	-0.08795399598590327	-0.15391376446835045	-0.02273473983746267	0.008224615555456859	185	5384	0.018833350300315587	0.013000198781206002	Hebra opuesta 1	-118.5	TRUE	perm5	9749
Rep 1	Hebra opuesta	-113	-0.15778541335009327	-0.22769770476637996	-0.08905490082901611	9.20537518556683e-6	158	5384	0.016084699175404664	1.0103525055035485e-4	Hebra opuesta 1	-108.5	TRUE	perm5	9749
Rep 1	Hebra opuesta	-103	-0.15088137851927444	-0.22016162132329237	-0.08370569883122933	1.030971944391376e-5	154	5384	0.015677491601343786	1.0103525055035485e-4	Hebra opuesta 1	-98.5	TRUE	perm5	9749
Rep 1	Hebra opuesta	-93	-0.1426649535759247	-0.21482642996245632	-0.07321335464702111	5.162124799970918e-5	155	5384	0.015779293494859004	2.8104901688730553e-4	Hebra opuesta 1	-88.5	TRUE	perm5	9749
Rep 1	Hebra opuesta	-83	-0.053437766421290556	-0.12850703594007282	0.02039754206425468	0.1564195341950139	153	5384	0.015575689707828565	0.1778190204551907	Hebra opuesta 1	-78.5	FALSE	perm5	9749
Rep 1	Hebra opuesta	-73	-0.1896338639033238	-0.264810209710098	-0.11751927010064649	2.2487985036441035e-7	132	5384	0.013437849944008958	5.509556333928054e-6	Hebra opuesta 1	-68.5	TRUE	perm5	9749
Rep 1	Hebra opuesta	-63	-0.09850401469949897	-0.18219873526695116	-0.016325399327474784	0.018557650062209954	120	5384	0.012216227221826326	0.02674484861906729	Hebra opuesta 1	-58.5	TRUE	perm5	9749
Rep 1	Hebra opuesta	-53	-0.12707851051496188	-0.20328891448849773	-0.0541468386258077	6.205285424383715e-4	114	5384	0.01160541586073501	0.0017885822693811885	Hebra opuesta 1	-48.5	TRUE	perm5	9749
Rep 1	Hebra opuesta	-43	-0.2120069347130376	-0.2936056294877446	-0.1338161793358223	1.245730759280128e-7	116	5384	0.011809019647765448	5.509556333928054e-6	Hebra opuesta 1	-38.5	TRUE	perm5	9749
Rep 1	Hebra opuesta	-33	-0.12611711691916636	-0.20121832277103152	-0.0516240266338349	9.607675213867603e-4	140	5384	0.014252265092130713	0.002615422697108403	Hebra opuesta 1	-28.5	TRUE	perm5	9749
Rep 1	Hebra opuesta	-23	-0.080446255380657	-0.1659923616687306	0.005987585788250958	0.06859805662913146	119	5384	0.012114425328311107	0.08618730191865234	Hebra opuesta 1	-18.5	FALSE	perm5	9749
Rep 1	Hebra opuesta	-13	-0.16510565808370187	-0.2529247138243428	-0.07987087821124968	1.6006150405189847e-4	106	5384	0.010791000712613255	6.033087460417711e-4	Hebra opuesta 1	-8.5	TRUE	perm5	9749
Rep 1	Hebra opuesta	-3	-0.0638699051939211	-0.13625002149790622	0.006312097788105954	0.07437159516886925	171	5384	0.017408123791102514	0.08905394675089563	Hebra opuesta 1	1.5	FALSE	perm5	9749
Rep 1	Hebra opuesta	7	-0.042207677139084646	-0.1545843090806807	0.0669784940037979	0.45108889787362777	79	5384	0.008042349587702332	0.4702841701235694	Hebra opuesta 1	11.5	FALSE	perm5	9749
Rep 2	Misma hebra	-233	-0.05913281222479192	-0.1338139963964566	0.004965633282525469	0.08214713439874902	304	6239	0.026177559631447515	0.10063023963846755	Misma hebra 1	-228.5	FALSE	perm5	9749
Rep 2	Misma hebra	-223	-0.06535549945845555	-0.14121997941072156	0.004002027514580933	0.07041501926184678	273	6239	0.023508137432188065	0.09079831431132873	Misma hebra 1	-218.5	FALSE	perm5	9749
Rep 2	Misma hebra	-213	-0.08198036091389845	-0.16342850271380185	-0.0018513431244824017	0.038447075637127244	270	6239	0.02324980625161457	0.054872277320083394	Misma hebra 1	-208.5	FALSE	perm5	9749
Rep 2	Misma hebra	-203	-0.0672525710601278	-0.1478262311527257	0.004733346052320472	0.07310895906101085	252	6239	0.0216998191681736	0.09185484599973158	Misma hebra 1	-198.5	FALSE	perm5	9749
Rep 2	Misma hebra	-193	-0.09592382665897922	-0.17090513163511903	-0.02209746855505278	0.008446774577623273	298	6239	0.025660897270300527	0.018813270650160925	Misma hebra 1	-188.5	TRUE	perm5	9749
Rep 2	Misma hebra	-183	-0.08255937824264319	-0.16461137256660488	-0.0027020209582577	0.038712648073385175	229	6239	0.019719280117110136	0.054872277320083394	Misma hebra 1	-178.5	FALSE	perm5	9749
Rep 2	Misma hebra	-173	-0.11792746006744484	-0.1979076629377068	-0.037730932101625446	0.002708634504269794	250	6239	0.021527598381124603	0.007543353148315724	Misma hebra 1	-168.5	TRUE	perm5	9749
Rep 2	Misma hebra	-163	-0.08638638337507645	-0.17292462686646948	-0.0022120405704215665	0.03919448380005957	214	6239	0.01842762421424266	0.054872277320083394	Misma hebra 1	-158.5	FALSE	perm5	9749
Rep 2	Misma hebra	-153	-0.16425858844816196	-0.24710947082611426	-0.0819068327402345	6.045190136858734e-5	206	6239	0.01773874106604667	3.7026789588259746e-4	Misma hebra 1	-148.5	TRUE	perm5	9749
Rep 2	Misma hebra	-143	-0.11145347228565784	-0.2013306254353875	-0.023243138620098	0.011575294439340014	184	6239	0.015844312408507706	0.023632892813652526	Misma hebra 1	-138.5	TRUE	perm5	9749
Rep 2	Misma hebra	-133	-0.11139624515972862	-0.20578340115158197	-0.019000974024654577	0.013702015887313687	186	6239	0.016016533195556702	0.025823029941475794	Misma hebra 1	-128.5	TRUE	perm5	9749
Rep 2	Misma hebra	-123	-0.1389251506571376	-0.2331421691990813	-0.04426563556559147	0.0026057831571594664	184	6239	0.015844312408507706	0.007543353148315724	Misma hebra 1	-118.5	TRUE	perm5	9749
Rep 2	Misma hebra	-113	-0.028192916275234684	-0.1301495807016036	0.06756172534966638	0.5458376547449153	167	6239	0.014380435718591234	0.5690647889893798	Misma hebra 1	-108.5	FALSE	perm5	9749
Rep 2	Misma hebra	-103	-0.11385696633965124	-0.20629207281300233	-0.020947382091850365	0.012221092898564812	180	6239	0.015499870834409714	0.023953342081187032	Misma hebra 1	-98.5	TRUE	perm5	9749
Rep 2	Misma hebra	-93	-0.15411114830973574	-0.25496983072148843	-0.053834078637893336	0.0019219265474622307	148	6239	0.012744338241625764	0.006278293388376621	Misma hebra 1	-88.5	TRUE	perm5	9749
Rep 2	Misma hebra	-83	-0.1211035108308608	-0.22199278211808293	-0.018846420992697132	0.015995515736871132	160	6239	0.013777662963919746	0.029028898929877242	Misma hebra 1	-78.5	TRUE	perm5	9749
Rep 2	Misma hebra	-73	-0.10316878204220982	-0.20273438909128141	-0.006046569318966734	0.03312669810488966	163	6239	0.01403599414449324	0.05236155506901914	Misma hebra 1	-68.5	FALSE	perm5	9749
Rep 2	Misma hebra	-63	-0.05809123336411637	-0.16183957845319502	0.03865033474508516	0.23711323575771528	157	6239	0.01351933178334625	0.26405792163927383	Misma hebra 1	-58.5	FALSE	perm5	9749
Rep 2	Misma hebra	-53	-0.12448349521124233	-0.24480228032452997	-0.0070977708071123516	0.032739514824598866	110	6239	0.009472143287694825	0.05236155506901914	Misma hebra 1	-48.5	FALSE	perm5	9749
Rep 2	Misma hebra	-43	-0.08276469711704591	-0.19861961400115644	0.025531900549801995	0.13986086589975436	130	6239	0.011194351158184793	0.1593763355601852	Misma hebra 1	-38.5	FALSE	perm5	9749
Rep 2	Misma hebra	-33	-0.07948558310859577	-0.17803411443711312	0.013489419919476582	0.10493419409539151	171	6239	0.014724877292689228	0.12242322644462343	Misma hebra 1	-28.5	FALSE	perm5	9749
Rep 2	Misma hebra	-23	-0.15802127118816053	-0.2690119552397062	-0.04855723124360805	0.004276982268552909	117	6239	0.010074916042366313	0.010478606557954628	Misma hebra 1	-18.5	TRUE	perm5	9749
Rep 2	Misma hebra	-13	-0.1686641376622705	-0.2907907850246008	-0.048695962683484674	0.00510608238828282	108	6239	0.009299922500645827	0.01191419223932658	Misma hebra 1	-8.5	TRUE	perm5	9749
Rep 2	Misma hebra	-3	-0.1351606202123332	-0.25772879932655807	-0.015279016274288484	0.024849992250003183	100	6239	0.008611039352449841	0.04198791793966055	Misma hebra 1	1.5	TRUE	perm5	9749
Rep 2	Hebra opuesta	-233	-0.07272421299606795	-0.2509092610453609	0.09741517659019958	0.37961579361005315	58	6239	0.004994402824420908	0.4043733453672306	Hebra opuesta 1	-228.5	FALSE	perm5	9749
Rep 2	Hebra opuesta	-223	-0.013277337114128204	-0.08776338194113588	0.05603630912715345	0.68014581791526	301	6239	0.02591922845087402	0.6943155224551611	Hebra opuesta 1	-218.5	FALSE	perm5	9749
Rep 2	Hebra opuesta	-213	-0.10798808804435481	-0.18172398429780073	-0.03436340300533661	0.003388025033344104	276	6239	0.02376646861276156	0.008737538243887427	Hebra opuesta 1	-208.5	TRUE	perm5	9749
Rep 2	Hebra opuesta	-203	-0.13317231923403722	-0.2064388338595798	-0.06085411243207706	2.2118418441210468e-4	282	6239	0.02428313097390855	9.852750032902844e-4	Hebra opuesta 1	-198.5	TRUE	perm5	9749
Rep 2	Hebra opuesta	-193	-0.07361099515727933	-0.15121977347143825	-3.870235302787539e-5	0.04983137178745412	274	6239	0.023594247825712563	0.06599289777257437	Hebra opuesta 1	-188.5	FALSE	perm5	9749
Rep 2	Hebra opuesta	-183	-0.13166517123564533	-0.20855202740204073	-0.055389138024781515	5.793056557609785e-4	266	6239	0.022905364677516575	0.0021835367024836882	Hebra opuesta 1	-178.5	TRUE	perm5	9749
Rep 2	Hebra opuesta	-173	-0.12493725517448583	-0.2006391345047139	-0.048352400565075226	0.0010009498601211459	258	6239	0.02221648152932059	0.0035033245104240107	Hebra opuesta 1	-168.5	TRUE	perm5	9749
Rep 2	Hebra opuesta	-163	-0.08695498608033532	-0.16514523606384243	-0.01141275297841725	0.020833363013820976	253	6239	0.021785929561698097	0.03645838527418671	Hebra opuesta 1	-158.5	TRUE	perm5	9749
Rep 2	Hebra opuesta	-153	-0.17386627172508926	-0.25484574690679385	-0.09409804603362623	9.565556379706933e-6	232	6239	0.01997761129768363	7.811871043427329e-5	Hebra opuesta 1	-148.5	TRUE	perm5	9749
Rep 2	Hebra opuesta	-143	-0.06861503419610657	-0.15549375762226228	0.011127450699073753	0.10245274150997352	215	6239	0.018513734607767156	0.12242322644462343	Hebra opuesta 1	-138.5	FALSE	perm5	9749
Rep 2	Hebra opuesta	-133	-0.17550224517760984	-0.25389909222094326	-0.09952250356978731	4.7666583962236555e-6	238	6239	0.020494273658830622	5.839156535373978e-5	Hebra opuesta 1	-128.5	TRUE	perm5	9749
Rep 2	Hebra opuesta	-123	-0.15122706887385992	-0.23280608619779738	-0.07018689347196246	1.776361253065905e-4	228	6239	0.019633169723585638	8.704170140022935e-4	Hebra opuesta 1	-118.5	TRUE	perm5	9749
Rep 2	Hebra opuesta	-113	-0.20457355615646516	-0.2886290284876538	-0.12058905605302397	1.3020135303859441e-6	205	6239	0.017652630672522172	3.189933149445563e-5	Hebra opuesta 1	-108.5	TRUE	perm5	9749
Rep 2	Hebra opuesta	-103	-0.16293367608176898	-0.24873379874930507	-0.0789543683447597	1.1360791189501559e-4	185	6239	0.015930422802032204	6.185319647617516e-4	Hebra opuesta 1	-98.5	TRUE	perm5	9749
Rep 2	Hebra opuesta	-93	-0.17233761639910009	-0.2567623535552533	-0.09011183228833089	2.7906939942506644e-5	211	6239	0.018169293033669164	1.953485795975465e-4	Hebra opuesta 1	-88.5	TRUE	perm5	9749
Rep 2	Hebra opuesta	-83	-0.10064910510799135	-0.19677382969659069	-0.0021873628317246054	0.04121699650874596	175	6239	0.015069318866787222	0.05610091191468201	Hebra opuesta 1	-78.5	FALSE	perm5	9749
Rep 2	Hebra opuesta	-73	-0.20874374272766016	-0.3031232844347967	-0.11696515799769375	6.597225043193205e-6	150	6239	0.012916559028674762	6.465280542329341e-5	Hebra opuesta 1	-68.5	TRUE	perm5	9749
Rep 2	Hebra opuesta	-63	-0.14450863376093995	-0.24490800775887311	-0.04694819662310827	0.0027710276871363883	157	6239	0.01351933178334625	0.007543353148315724	Hebra opuesta 1	-58.5	TRUE	perm5	9749
Rep 2	Hebra opuesta	-53	-0.22880963724032688	-0.3219088028355306	-0.1372850209117967	7.286489408969123e-7	149	6239	0.012830448635150263	3.189933149445563e-5	Hebra opuesta 1	-48.5	TRUE	perm5	9749
Rep 2	Hebra opuesta	-43	-0.2186456214225573	-0.31613974432939096	-0.12594443115780687	2.9651411360687604e-6	148	6239	0.012744338241625764	4.843063855578975e-5	Hebra opuesta 1	-38.5	TRUE	perm5	9749
Rep 2	Hebra opuesta	-33	-0.11880643856435422	-0.21325290739803626	-0.024629288734985263	0.010741251117974427	169	6239	0.01455265650564023	0.02288353499046726	Hebra opuesta 1	-28.5	TRUE	perm5	9749
Rep 2	Hebra opuesta	-23	-0.17563462929770426	-0.27465332352954674	-0.0798820436553636	3.257973243787914e-4	154	6239	0.013261000602772756	0.0013303390745467315	Hebra opuesta 1	-18.5	TRUE	perm5	9749
Rep 2	Hebra opuesta	-13	-0.11222568258763073	-0.21867848447513435	-0.006657518623607793	0.034995842252267775	128	6239	0.011022130371135795	0.05358738344878503	Hebra opuesta 1	-8.5	FALSE	perm5	9749
Rep 2	Hebra opuesta	-3	-0.04567363042017656	-0.1379901180540869	0.038839029279250356	0.2845935347398043	197	6239	0.016963747524326188	0.30989073782778687	Hebra opuesta 1	1.5	FALSE	perm5	9749
Rep 2	Hebra opuesta	7	-0.007026460375870181	-0.1308362075837729	0.11241631152174525	0.8710155232350958	107	6239	0.00921381210712133	0.8710155232350958	Hebra opuesta 1	11.5	FALSE	perm5	9749
Rep 1	Misma hebra	-233	-0.15519230297615016	-0.20742144967813272	-0.1032115838186123	4.696903604746e-9	281	4850	0.028606332077776648	8.711375297716644e-8	Misma hebra 1	-228.5	TRUE	perm6	10704
Rep 1	Misma hebra	-223	-0.06781742618494631	-0.1292046020327805	-0.007205061640059619	0.028187130341332654	256	4850	0.026061284739896162	0.032884985398221434	Misma hebra 1	-218.5	TRUE	perm6	10704
Rep 1	Misma hebra	-213	-0.07851121769160335	-0.1361073809761373	-0.021197466123111137	0.007175890019170281	262	4850	0.026672096100987478	0.010655109422404356	Misma hebra 1	-208.5	TRUE	perm6	10704
Rep 1	Misma hebra	-203	-0.14204848324392222	-0.20082080726586804	-0.08386968448784278	2.457189965243425e-6	266	4850	0.027079303675048357	1.2040230829692783e-5	Misma hebra 1	-198.5	TRUE	perm6	10704
Rep 1	Misma hebra	-193	-0.12146348193497863	-0.1842881436577387	-0.05829804922970845	1.713186988116657e-4	214	4850	0.021785605212256948	3.815734655350736e-4	Misma hebra 1	-188.5	TRUE	perm6	10704
Rep 1	Misma hebra	-183	-0.06325993400298772	-0.12433432200330241	-0.00352442682796012	0.03749122466322114	240	4850	0.024432454443652652	0.042722558337158975	Misma hebra 1	-178.5	TRUE	perm6	10704
Rep 1	Misma hebra	-173	-0.08690458001812283	-0.1510051244658329	-0.021877263094841982	0.008986320954174244	250	4850	0.025450473378804846	0.012814224365855258	Misma hebra 1	-168.5	TRUE	perm6	10704
Rep 1	Misma hebra	-163	-0.11208452330483873	-0.17572947365429972	-0.04878371522777578	5.370953977624682e-4	215	4850	0.021887407105772166	0.0010527069796144376	Misma hebra 1	-158.5	TRUE	perm6	10704
Rep 1	Misma hebra	-153	-0.10750390864181994	-0.17366707468278808	-0.04221186940510078	0.0012930780363520772	213	4850	0.02168380331874173	0.002184855992456958	Misma hebra 1	-148.5	TRUE	perm6	10704
Rep 1	Misma hebra	-143	-0.16348055695193472	-0.2296610971391185	-0.09865416424952979	1.0853456329916072e-6	190	4850	0.019342359767891684	5.909104001843195e-6	Misma hebra 1	-138.5	TRUE	perm6	10704
Rep 1	Misma hebra	-133	-0.09812765755640734	-0.16735062979568435	-0.028471804656559744	0.005933452460155207	187	4850	0.019036954087346025	0.00908559907961266	Misma hebra 1	-128.5	TRUE	perm6	10704
Rep 1	Misma hebra	-123	-0.15111983465225257	-0.21856947030167664	-0.08561334021554307	6.985758908763351e-6	179	4850	0.01822253893922427	2.445015618067173e-5	Misma hebra 1	-118.5	TRUE	perm6	10704
Rep 1	Misma hebra	-113	-0.0710530141485906	-0.15421629206825302	0.013584596535560635	0.09945493496258978	151	4850	0.015372085920798128	0.10152691277431039	Misma hebra 1	-108.5	FALSE	perm6	10704
Rep 1	Misma hebra	-103	-0.14607225423927342	-0.21193627305525914	-0.08143653405046596	1.0497275391281795e-5	196	4850	0.019953171128983	3.21479058858005e-5	Misma hebra 1	-98.5	TRUE	perm6	10704
Rep 1	Misma hebra	-93	-0.1407012822078994	-0.21079151304943028	-0.07191664642748535	5.933526833929666e-5	164	4850	0.01669551053649598	1.6152378603475202e-4	Misma hebra 1	-88.5	TRUE	perm6	10704
Rep 1	Misma hebra	-83	-0.12063332764106777	-0.19015493905464217	-0.05220145904645122	5.905780375444187e-4	173	4850	0.017611727578132952	0.0011097915046060336	Misma hebra 1	-78.5	TRUE	perm6	10704
Rep 1	Misma hebra	-73	-0.200750552620163	-0.27495446312173094	-0.1281596066987417	1.071122357213935e-7	144	4850	0.014659472666191591	1.0496999100696564e-6	Misma hebra 1	-68.5	TRUE	perm6	10704
Rep 1	Misma hebra	-63	-0.16793329069719753	-0.24397056599376093	-0.09337217126689436	1.0188684893847832e-5	126	4850	0.012827038582917642	3.21479058858005e-5	Misma hebra 1	-58.5	TRUE	perm6	10704
Rep 1	Misma hebra	-53	-0.192116880832959	-0.27720108164497553	-0.11066153551963273	4.62368826828192e-6	115	4850	0.011707217754250229	1.888006042881784e-5	Misma hebra 1	-48.5	TRUE	perm6	10704
Rep 1	Misma hebra	-43	-0.077391032073143	-0.15464685211997534	-2.896044596943099e-4	0.049090359712404115	161	4850	0.01639010485595032	0.053453947242395584	Misma hebra 1	-38.5	FALSE	perm6	10704
Rep 1	Misma hebra	-33	-0.055682896873375534	-0.13292812537158827	0.02154665036290812	0.15706482236267613	172	4850	0.017509925684617733	0.15706482236267613	Misma hebra 1	-28.5	FALSE	perm6	10704
Rep 1	Misma hebra	-23	-0.08466475871565261	-0.17394107209496537	0.003835069120943306	0.06114875339945445	128	4850	0.013030642369948081	0.06513671557767975	Misma hebra 1	-18.5	FALSE	perm6	10704
Rep 1	Misma hebra	-13	-0.12340206615572244	-0.19671927987762086	-0.05061632629151684	8.477676632477457e-4	163	4850	0.01659370864298076	0.001483593410683555	Misma hebra 1	-8.5	TRUE	perm6	10704
Rep 1	Misma hebra	-3	-0.14454199603996007	-0.2352863723901236	-0.05398164059516025	0.0018928561553997008	100	4850	0.010180189351521938	0.00299193392305114	Misma hebra 1	1.5	TRUE	perm6	10704
Rep 1	Hebra opuesta	-233	-0.14006916164814975	-0.2558830043607666	-0.027051693714157703	0.015257006903447445	68	4850	0.006922528759034918	0.019393494960964226	Hebra opuesta 1	-228.5	TRUE	perm6	10704
Rep 1	Hebra opuesta	-223	-0.0873098564944007	-0.14205575725947825	-0.03312749141160306	0.0016397386029979126	294	4850	0.0299297566934745	0.002678239718229924	Hebra opuesta 1	-218.5	TRUE	perm6	10704
Rep 1	Hebra opuesta	-213	-0.11246459170264538	-0.1701117309274472	-0.055487790794527765	1.0890284997798278e-4	270	4850	0.027486511249109235	2.5410664994862653e-4	Hebra opuesta 1	-208.5	TRUE	perm6	10704
Rep 1	Hebra opuesta	-203	-0.07751097679412171	-0.14034539637420393	-0.014768732754556426	0.015435638846481732	253	4850	0.025755879059350503	0.019393494960964226	Hebra opuesta 1	-198.5	TRUE	perm6	10704
Rep 1	Hebra opuesta	-193	-0.06637433224599384	-0.12199637646874766	-0.01046123460994823	0.020028847941557515	283	4850	0.028809935864807085	0.02453533872840796	Hebra opuesta 1	-188.5	TRUE	perm6	10704
Rep 1	Hebra opuesta	-183	-0.11108290572096345	-0.16921360851310668	-0.05270302259681051	1.9699097454952197e-4	274	4850	0.02789371882317011	4.1967642404028597e-4	Hebra opuesta 1	-178.5	TRUE	perm6	10704
Rep 1	Hebra opuesta	-173	-0.14585131143921984	-0.20314549954317906	-0.08891871837168006	5.324057353661458e-7	243	4850	0.024737860124198312	3.260985129117643e-6	Hebra opuesta 1	-168.5	TRUE	perm6	10704
Rep 1	Hebra opuesta	-163	-0.06405099277017993	-0.12101454629408198	-0.007716119501931635	0.025744761796473274	285	4850	0.029013539651837523	0.030768129951882692	Hebra opuesta 1	-158.5	TRUE	perm6	10704
Rep 1	Hebra opuesta	-153	-0.17228435615770585	-0.23093615065242828	-0.11459876990579665	5.33349508023468e-9	225	4850	0.02290542604092436	8.711375297716644e-8	Hebra opuesta 1	-148.5	TRUE	perm6	10704
Rep 1	Hebra opuesta	-143	-0.07636320264348052	-0.13468667979012322	-0.019072797876966453	0.009153017404182328	244	4850	0.02483966201771353	0.012814224365855258	Hebra opuesta 1	-138.5	TRUE	perm6	10704
Rep 1	Hebra opuesta	-133	-0.17049078184787103	-0.23367722443794556	-0.10803769981128893	8.295672914816409e-8	205	4850	0.020869388170619972	1.0162199320650102e-6	Hebra opuesta 1	-128.5	TRUE	perm6	10704
Rep 1	Hebra opuesta	-123	-0.1181157913764184	-0.17858738401836108	-0.05865266698230373	9.219541837393342e-5	216	4850	0.021989208999287385	2.258787750161369e-4	Hebra opuesta 1	-118.5	TRUE	perm6	10704
Rep 1	Hebra opuesta	-113	-0.15759457661173598	-0.21999861898604547	-0.09688547465816132	4.1527370950239567e-7	209	4850	0.02127659574468085	2.9069159665167695e-6	Hebra opuesta 1	-108.5	TRUE	perm6	10704
Rep 1	Hebra opuesta	-103	-0.20292078316688988	-0.2622931933952177	-0.14424546372706928	6.951425437820127e-12	211	4850	0.02148019953171129	3.4061984645318624e-10	Hebra opuesta 1	-98.5	TRUE	perm6	10704
Rep 1	Hebra opuesta	-93	-0.12524016601280996	-0.19460125226184913	-0.05744384657903609	2.626597689005324e-4	165	4850	0.0167973124300112	5.362636948385869e-4	Hebra opuesta 1	-88.5	TRUE	perm6	10704
Rep 1	Hebra opuesta	-83	-0.09168714838093382	-0.163767298631649	-0.020047081270927462	0.012141338897708978	166	4850	0.016899114323526417	0.01652571127743722	Hebra opuesta 1	-78.5	TRUE	perm6	10704
Rep 1	Hebra opuesta	-73	-0.13290464527445112	-0.20014062115583833	-0.06717136840920165	7.027470482217367e-5	162	4850	0.01649190674946554	1.8123476506771104e-4	Hebra opuesta 1	-68.5	TRUE	perm6	10704
Rep 1	Hebra opuesta	-63	-0.15729759161596304	-0.22524364713212217	-0.09103976493974518	2.949807724955143e-6	146	4850	0.01486307645322203	1.3140052592982e-5	Hebra opuesta 1	-58.5	TRUE	perm6	10704
Rep 1	Hebra opuesta	-53	-0.17073324714759433	-0.23689319325276326	-0.10646276356110868	2.6994685344050724e-7	167	4850	0.017000916217041636	2.2045659697641425e-6	Hebra opuesta 1	-48.5	TRUE	perm6	10704
Rep 1	Hebra opuesta	-43	-0.17059015820348922	-0.2428873721179808	-0.09834613913689093	5.360151900906961e-6	145	4850	0.01476127455970681	2.0203649472649312e-5	Hebra opuesta 1	-38.5	TRUE	perm6	10704
Rep 1	Hebra opuesta	-33	-0.06608546692300649	-0.14042409991218574	0.00697464205746091	0.07641650788212191	158	4850	0.016084699175404664	0.07966827417497817	Hebra opuesta 1	-28.5	FALSE	perm6	10704
Rep 1	Hebra opuesta	-23	-0.07193952956703457	-0.1421709537333754	-8.219001110370465e-4	0.04719072477311575	193	4850	0.01964776544843734	0.05255330713369708	Hebra opuesta 1	-18.5	FALSE	perm6	10704
Rep 1	Hebra opuesta	-13	-0.1387518358423422	-0.21695752024838325	-0.05957740681411325	6.115177678441409e-4	149	4850	0.015168482133767688	0.0011097915046060336	Hebra opuesta 1	-8.5	TRUE	perm6	10704
Rep 1	Hebra opuesta	-3	-0.13491711290447642	-0.19579070216549252	-0.07436364852643704	1.3104114415423833e-5	231	4850	0.023516237402015677	3.777068272680987e-5	Hebra opuesta 1	1.5	TRUE	perm6	10704
Rep 1	Hebra opuesta	7	-0.09895059067997315	-0.177999343479993	-0.020614474931544887	0.013569495256742146	141	4850	0.014354066985645933	0.017970412637307167	Hebra opuesta 1	11.5	TRUE	perm6	10704
Rep 2	Misma hebra	-233	-0.15735611386608717	-0.225907597858457	-0.09115448912717895	2.4834731233367956e-6	339	5638	0.02919142340480496	1.3389362108121732e-5	Misma hebra 1	-228.5	TRUE	perm6	10704
Rep 2	Misma hebra	-223	-0.07633238523802541	-0.15034243080830118	-0.002869193360164289	0.03490221496545531	346	5638	0.029794196159476448	0.03977229147226302	Misma hebra 1	-218.5	TRUE	perm6	10704
Rep 2	Misma hebra	-213	-0.07655915016561536	-0.15016987817146965	-0.00413533929711649	0.03198461178191873	322	5638	0.027727546714888487	0.037315380412238516	Misma hebra 1	-208.5	TRUE	perm6	10704
Rep 2	Misma hebra	-203	-0.12702336083446855	-0.1998206584706759	-0.0529270125349275	5.340973000091164e-4	320	5638	0.02755532592783949	8.723589233482235e-4	Misma hebra 1	-198.5	TRUE	perm6	10704
Rep 2	Misma hebra	-193	-0.1858281157604943	-0.2620454245150946	-0.1113800262516596	4.037350624062506e-7	268	5638	0.023077585464565575	2.472877257238285e-6	Misma hebra 1	-188.5	TRUE	perm6	10704
Rep 2	Misma hebra	-183	-0.13921536297532727	-0.21400372707851711	-0.06432953790702776	1.9921201113669605e-4	288	5638	0.024799793335055543	3.6153290909992985e-4	Misma hebra 1	-178.5	TRUE	perm6	10704
Rep 2	Misma hebra	-173	-0.14731655716789074	-0.2230258843863731	-0.07114700072477162	1.129102706344748e-4	296	5638	0.025488676483251527	2.3594209449917866e-4	Misma hebra 1	-168.5	TRUE	perm6	10704
Rep 2	Misma hebra	-163	-0.14783672581348886	-0.22367312534634254	-0.07117560770348445	1.3894433346884583e-4	260	5638	0.022388702316369587	2.618566284605171e-4	Misma hebra 1	-158.5	TRUE	perm6	10704
Rep 2	Misma hebra	-153	-0.11887092608446796	-0.19826996894713395	-0.04113124197685128	0.002081280009426168	260	5638	0.022388702316369587	0.0029137920131966353	Misma hebra 1	-148.5	TRUE	perm6	10704
Rep 2	Misma hebra	-143	-0.12632051574073583	-0.20655644598902714	-0.04838735799341108	0.0010867027693652336	247	5638	0.021269267200551105	0.0016135889605726195	Misma hebra 1	-138.5	TRUE	perm6	10704
Rep 2	Misma hebra	-133	-0.03863757196127869	-0.12790108161436228	0.04381460704800049	0.34679103169585096	217	5638	0.018685955394816153	0.35401584485618115	Misma hebra 1	-128.5	FALSE	perm6	10704
Rep 2	Misma hebra	-123	-0.23041960206195972	-0.30929769722874006	-0.14907903436122985	1.566002248749913e-8	222	5638	0.019116507362438646	2.557803672958191e-7	Misma hebra 1	-118.5	TRUE	perm6	10704
Rep 2	Misma hebra	-113	-0.07380435801647303	-0.16518902997929696	0.009861303603414154	0.09388294479707841	202	5638	0.017394299491948678	0.1022280954457076	Misma hebra 1	-108.5	FALSE	perm6	10704
Rep 2	Misma hebra	-103	-0.17480511663676707	-0.25401572530972516	-0.0956337209522901	6.9764069213272595e-6	246	5638	0.021183156807026607	2.8271456261645518e-5	Misma hebra 1	-98.5	TRUE	perm6	10704
Rep 2	Misma hebra	-93	-0.1672786823845846	-0.2533785642526983	-0.0836133339564585	6.200103647936788e-5	215	5638	0.018513734607767156	1.5989740986784349e-4	Misma hebra 1	-88.5	TRUE	perm6	10704
Rep 2	Misma hebra	-83	-0.11991650684009345	-0.2055434672888798	-0.03702908090213226	0.004003667999732842	222	5638	0.019116507362438646	0.005162624525971297	Misma hebra 1	-78.5	TRUE	perm6	10704
Rep 2	Misma hebra	-73	-0.23967066420923308	-0.32908585832372217	-0.15360246625436816	9.885751033302947e-9	187	5638	0.016102643589081204	2.422009003159222e-7	Misma hebra 1	-68.5	TRUE	perm6	10704
Rep 2	Misma hebra	-63	-0.20258610718788064	-0.3010162022737828	-0.10964990941857354	1.3983650908709124e-5	156	5638	0.013433221389821752	4.584837188970325e-5	Misma hebra 1	-58.5	TRUE	perm6	10704
Rep 2	Misma hebra	-53	-0.17383626310022474	-0.27835974361795546	-0.06865966517576079	9.869712174217216e-4	138	5638	0.01188323430638078	0.0015600512791504632	Misma hebra 1	-48.5	TRUE	perm6	10704
Rep 2	Misma hebra	-43	-0.12098782795855917	-0.20899242888480699	-0.03324001098163404	0.005471066673175542	213	5638	0.01834151382071816	0.006873904281682092	Misma hebra 1	-38.5	TRUE	perm6	10704
Rep 2	Misma hebra	-33	-0.056932593758048704	-0.14697296787585687	0.027831941997254646	0.19545328017907762	212	5638	0.018255403427193662	0.2037704410377618	Misma hebra 1	-28.5	FALSE	perm6	10704
Rep 2	Misma hebra	-23	-0.17076839114649703	-0.2711532688178571	-0.06473513095299155	0.001253349726410758	172	5638	0.014810987686213726	0.0018062981351213868	Misma hebra 1	-18.5	TRUE	perm6	10704
Rep 2	Misma hebra	-13	-0.1829108755915002	-0.26908632129170784	-0.10103280508322462	7.5005904367630965e-6	210	5638	0.018083182640144666	2.8271456261645518e-5	Misma hebra 1	-8.5	TRUE	perm6	10704
Rep 2	Misma hebra	-3	-0.16219580325141109	-0.278242959442293	-0.05248409710276131	0.003448869311790976	121	5638	0.010419357616464307	0.004567421521020482	Misma hebra 1	1.5	TRUE	perm6	10704
Rep 2	Hebra opuesta	-233	-0.08346018793815899	-0.2188786464134993	0.03900389060308898	0.17725215856830562	89	5638	0.007663825023680358	0.18881208195319513	Hebra opuesta 1	-228.5	FALSE	perm6	10704
Rep 2	Hebra opuesta	-223	-0.08554722668907129	-0.15267492107282754	-0.019686596941476647	0.008157941414224185	373	5638	0.0321191767846379	0.009993478232424627	Hebra opuesta 1	-218.5	TRUE	perm6	10704
Rep 2	Hebra opuesta	-213	-0.13325201651312704	-0.2019995291953897	-0.06433024885431333	1.1556347485674058e-4	347	5638	0.029880306553000946	2.3594209449917866e-4	Hebra opuesta 1	-208.5	TRUE	perm6	10704
Rep 2	Hebra opuesta	-203	-0.07968063343872896	-0.15392148634326036	-0.005254838270861503	0.02790496710659495	317	5638	0.027296994747265994	0.03334983873715006	Hebra opuesta 1	-198.5	TRUE	perm6	10704
Rep 2	Hebra opuesta	-193	-0.030345226439945746	-0.1031762403231483	0.036498079843621974	0.3656557236723284	333	5638	0.02867476104365797	0.3656557236723284	Hebra opuesta 1	-188.5	FALSE	perm6	10704
Rep 2	Hebra opuesta	-183	-0.1180324740735901	-0.19189832223518705	-0.04517724576459682	0.0010313885634246056	316	5638	0.027210884353741496	0.0015793137377439273	Hebra opuesta 1	-178.5	TRUE	perm6	10704
Rep 2	Hebra opuesta	-173	-0.1565199905310463	-0.22743198060048564	-0.08698130193582136	6.6552421098293405e-06	310	5638	0.026694221992594507	2.8271456261645518e-5	Hebra opuesta 1	-168.5	TRUE	perm6	10704
Rep 2	Hebra opuesta	-163	-0.13229416197634997	-0.20203916093087515	-0.06385887175241253	1.0195014727615118e-4	340	5638	0.02927753379832946	2.2707078256960944e-4	Hebra opuesta 1	-158.5	TRUE	perm6	10704
Rep 2	Hebra opuesta	-153	-0.19612481242487953	-0.2703601927787401	-0.12527196587222572	3.049106843792839e-8	277	5638	0.023852579006286057	2.9881247069169825e-7	Hebra opuesta 1	-148.5	TRUE	perm6	10704
Rep 2	Hebra opuesta	-143	-0.18056410844983986	-0.2516792296332696	-0.1128030577446997	1.2293033865109889e-7	306	5638	0.02634978041849651	8.605123705576923e-7	Hebra opuesta 1	-138.5	TRUE	perm6	10704
Rep 2	Hebra opuesta	-133	-0.15722577367092588	-0.23688439661330027	-0.0822027148308708	2.479681209174841e-5	247	5638	0.021269267200551105	6.750243291642622e-5	Hebra opuesta 1	-128.5	TRUE	perm6	10704
Rep 2	Hebra opuesta	-123	-0.1430484343266818	-0.22149209676641615	-0.06900377130918257	1.3117204669638757e-4	250	5638	0.021527598381124603	2.570972115249196e-4	Hebra opuesta 1	-118.5	TRUE	perm6	10704
Rep 2	Hebra opuesta	-113	-0.20679238676175896	-0.2811258287435029	-0.13472392399027389	8.028485957498956e-9	262	5638	0.022560923103418583	2.422009003159222e-7	Hebra opuesta 1	-108.5	TRUE	perm6	10704
Rep 2	Hebra opuesta	-103	-0.1995346055400049	-0.2738782553045718	-0.12846946802563128	2.172242228672777e-8	257	5638	0.02213037113579609	2.660996730124152e-7	Hebra opuesta 1	-98.5	TRUE	perm6	10704
Rep 2	Hebra opuesta	-93	-0.15274145727195773	-0.2373823605942062	-0.07076437054537496	2.2397073287003754e-4	206	5638	0.01773874106604667	3.9194878252256566e-4	Hebra opuesta 1	-88.5	TRUE	perm6	10704
Rep 2	Hebra opuesta	-83	-0.12778092232118837	-0.21354053890234528	-0.040825854272541644	0.003343590023903975	212	5638	0.018255403427193662	0.004550997532535966	Hebra opuesta 1	-78.5	TRUE	perm6	10704
Rep 2	Hebra opuesta	-73	-0.17962810983569696	-0.2644256876945326	-0.09550930340543268	1.6430521153892136e-5	210	5638	0.018083182640144666	4.74867991741318e-5	Hebra opuesta 1	-68.5	TRUE	perm6	10704
Rep 2	Hebra opuesta	-63	-0.18282590061165108	-0.27104793261241644	-0.09890719583102779	1.4035215884603036e-5	194	5638	0.01670541634375269	4.584837188970325e-5	Hebra opuesta 1	-58.5	TRUE	perm6	10704
Rep 2	Hebra opuesta	-53	-0.18977137298311225	-0.2752700992854312	-0.10861112986332104	2.7325228792085164e-6	206	5638	0.01773874106604667	1.3389362108121732e-5	Hebra opuesta 1	-48.5	TRUE	perm6	10704
Rep 2	Hebra opuesta	-43	-0.23027397197686789	-0.316130821413208	-0.14655957996191563	5.727189457162989e-8	189	5638	0.0162748643761302	4.677204723349774e-7	Hebra opuesta 1	-38.5	TRUE	perm6	10704
Rep 2	Hebra opuesta	-33	-0.15682851770454245	-0.24433848433854774	-0.07136059799645844	2.8563485386078877e-4	206	5638	0.01773874106604667	4.8262440824753963e-4	Hebra opuesta 1	-28.5	TRUE	perm6	10704
Rep 2	Hebra opuesta	-23	-0.16495466195859132	-0.24808362964299463	-0.08160458907522376	9.513281041691269e-5	234	5638	0.020149832084732627	2.2197655763946296e-4	Hebra opuesta 1	-18.5	TRUE	perm6	10704
Rep 2	Hebra opuesta	-13	-0.2035788444372135	-0.2990264208617978	-0.10967178174992649	1.6475011958372258e-5	171	5638	0.014724877292689228	4.74867991741318e-5	Hebra opuesta 1	-8.5	TRUE	perm6	10704
Rep 2	Hebra opuesta	-3	-0.14846890536970977	-0.22544668073397953	-0.07327763349217449	6.795182721569704e-5	269	5638	0.023163695858090073	1.6648197667845776e-4	Hebra opuesta 1	1.5	TRUE	perm6	10704
Rep 2	Hebra opuesta	7	-0.08411271982869709	-0.18277046208357034	0.006531864076128809	0.07449472165970969	168	5638	0.014466546112115732	0.08296003093922215	Hebra opuesta 1	11.5	FALSE	perm6	10704
Rep 1	Misma hebra	-233	-0.047546531731951704	-0.11151017299293399	0.016200939679631834	0.14391555250766086	188	5662	0.019138755980861243	0.22747942170565746	Misma hebra 1	-228.5	FALSE	perm7	9132
Rep 1	Misma hebra	-223	-0.07944282325651227	-0.1485409082322565	-0.011309006351475014	0.022374380501098304	175	5662	0.017815331365163393	0.07582520269869394	Misma hebra 1	-218.5	FALSE	perm7	9132
Rep 1	Misma hebra	-213	-0.026010507052410564	-0.09984138488695828	0.04898890075573626	0.4946639920694353	174	5662	0.017713529471648174	0.5386341246978295	Misma hebra 1	-208.5	FALSE	perm7	9132
Rep 1	Misma hebra	-203	-0.07915437368556567	-0.14733138305147983	-0.010817461600822332	0.023211796744498147	186	5662	0.018935152193830806	0.07582520269869394	Misma hebra 1	-198.5	FALSE	perm7	9132
Rep 1	Misma hebra	-193	-0.10237850891688384	-0.1733334965949737	-0.03272568599205541	0.00423078602614688	152	5662	0.015473887814313346	0.03216148856409832	Misma hebra 1	-188.5	TRUE	perm7	9132
Rep 1	Misma hebra	-183	-0.07122636744371265	-0.1396061079102959	-0.0027242134039557183	0.041543385335751616	166	5662	0.016899114323526417	0.1007058496099041	Misma hebra 1	-178.5	FALSE	perm7	9132
Rep 1	Misma hebra	-173	-0.104781840392005	-0.17741306059820308	-0.03247335167667663	0.0045944983662997594	174	5662	0.017713529471648174	0.03216148856409832	Misma hebra 1	-168.5	TRUE	perm7	9132
Rep 1	Misma hebra	-163	-0.11272848373517216	-0.1889372157517051	-0.038435607917729535	0.003176416751929672	136	5662	0.013845057518069836	0.03216148856409832	Misma hebra 1	-158.5	TRUE	perm7	9132
Rep 1	Misma hebra	-153	-0.09846664862304949	-0.17643354426137592	-0.02086973463889698	0.012804194779585623	130	5662	0.01323424615697852	0.06274055441996956	Misma hebra 1	-148.5	FALSE	perm7	9132
Rep 1	Misma hebra	-143	-0.08361184914066076	-0.17052951870656252	0.0035559398559444036	0.060442987965110426	126	5662	0.012827038582917642	0.12340443376210045	Misma hebra 1	-138.5	FALSE	perm7	9132
Rep 1	Misma hebra	-133	-0.023548724521003886	-0.10366288113438878	0.057372648478599395	0.5638363549658798	159	5662	0.016186501068919883	0.6006082911593068	Misma hebra 1	-128.5	FALSE	perm7	9132
Rep 1	Misma hebra	-123	-0.08774452995458165	-0.1722185851330061	-0.0042974713755217515	0.0389580229170774	119	5662	0.012114425328311107	0.10047069068088382	Misma hebra 1	-118.5	FALSE	perm7	9132
Rep 1	Misma hebra	-113	-0.04033875923649559	-0.13486504486077303	0.05045813874996966	0.38283127322740085	98	5662	0.0099765855644915	0.45753005824738147	Misma hebra 1	-108.5	FALSE	perm7	9132
Rep 1	Misma hebra	-103	-0.0911403352180323	-0.17778955942439256	-0.004975650985247621	0.03835098274239077	103	5662	0.010485595032067597	0.10047069068088382	Misma hebra 1	-98.5	FALSE	perm7	9132
Rep 1	Misma hebra	-93	-0.051824476263091154	-0.14939332890002224	0.04961473832989741	0.3079370045781041	93	5662	0.009467576096915403	0.4261253668720492	Misma hebra 1	-88.5	FALSE	perm7	9132
Rep 1	Misma hebra	-83	-0.0713351070913117	-0.15608744885796508	0.013181351525758432	0.09731849638021293	110	5662	0.011198208286674132	0.17661504898631236	Misma hebra 1	-78.5	FALSE	perm7	9132
Rep 1	Misma hebra	-73	-0.03900979352243168	-0.13031361429680496	0.05152109098660845	0.39825453483503925	106	5662	0.010791000712613255	0.4646302906408792	Misma hebra 1	-68.5	FALSE	perm7	9132
Rep 1	Misma hebra	-63	-0.11812139622601103	-0.20334714950038432	-0.03431427109119459	0.005829021434567723	101	5662	0.010281991245037158	0.035702756286727304	Misma hebra 1	-58.5	TRUE	perm7	9132
Rep 1	Misma hebra	-53	-0.08037261702016778	-0.19603554364016568	0.03719049677204614	0.1766614388712386	69	5662	0.007024330652550138	0.2705128282715841	Misma hebra 1	-48.5	FALSE	perm7	9132
Rep 1	Misma hebra	-43	-0.012280940445731909	-0.09836809485691327	0.07414878497106875	0.7795888744310335	121	5662	0.012318029115341545	0.8127628690876733	Misma hebra 1	-38.5	FALSE	perm7	9132
Rep 1	Misma hebra	-33	-0.0415525946917239	-0.126118622509096	0.04489994406456882	0.3407669223688494	123	5662	0.012521632902371984	0.43656279558092353	Misma hebra 1	-28.5	FALSE	perm7	9132
Rep 1	Misma hebra	-23	-0.09041729218171697	-0.1839002155345857	0.0010515652078490682	0.052975869281394854	87	5662	0.008856764735824087	0.1179917088540158	Misma hebra 1	-18.5	FALSE	perm7	9132
Rep 1	Misma hebra	-13	-0.05903569046238946	-0.15599758981952208	0.03908538927735794	0.23416915528329535	88	5662	0.008958566629339306	0.337479076731808	Misma hebra 1	-8.5	FALSE	perm7	9132
Rep 1	Misma hebra	-3	-0.14579309397159787	-0.27433215412356493	-0.023308273798463012	0.020166161327691612	47	5662	0.004784688995215311	0.07582520269869394	Misma hebra 1	1.5	FALSE	perm7	9132
Rep 1	Hebra opuesta	-233	-0.17977921674616118	-0.31266750260982323	-0.05945864147020348	0.00333470456723139	40	5662	0.004072075740608775	0.03216148856409832	Hebra opuesta 1	-228.5	TRUE	perm7	9132
Rep 1	Hebra opuesta	-223	-0.10527094223365219	-0.17658424458384844	-0.03415102534955626	0.0037692287035052687	178	5662	0.01812073704570905	0.03216148856409832	Hebra opuesta 1	-218.5	TRUE	perm7	9132
Rep 1	Hebra opuesta	-213	-0.05157285942490709	-0.11715562846466983	0.013555733695662767	0.12228191174601868	204	5662	0.020767586277104753	0.20661426467430744	Hebra opuesta 1	-208.5	FALSE	perm7	9132
Rep 1	Hebra opuesta	-203	-0.030245764261224366	-0.09366278767616411	0.033417887915353946	0.3477175695931223	224	5662	0.022803624147409142	0.43656279558092353	Hebra opuesta 1	-198.5	FALSE	perm7	9132
Rep 1	Hebra opuesta	-193	-0.05535334288727071	-0.11860563538222002	0.008061208029990032	0.08735205800071218	219	5662	0.022294614679833045	0.16462503238595755	Hebra opuesta 1	-188.5	FALSE	perm7	9132
Rep 1	Hebra opuesta	-183	-0.026481447188293324	-0.09960445937162901	0.04759304039012229	0.4761158837257376	167	5662	0.017000916217041636	0.5302199614218441	Hebra opuesta 1	-178.5	FALSE	perm7	9132
Rep 1	Hebra opuesta	-173	-0.05384594658898838	-0.12213075306379857	0.013201916762627835	0.11487528749577491	188	5662	0.019138755980861243	0.2010317531176061	Hebra opuesta 1	-168.5	FALSE	perm7	9132
Rep 1	Hebra opuesta	-163	-0.044586634935064644	-0.11596252059042872	0.026960001123873308	0.21917912350300017	177	5662	0.01801893515219383	0.3254477894438487	Hebra opuesta 1	-158.5	FALSE	perm7	9132
Rep 1	Hebra opuesta	-153	-0.11383524875089013	-0.1759150902029029	-0.0523346518100072	2.745779445509321e-4	186	5662	0.018935152193830806	0.013454319282995675	Hebra opuesta 1	-148.5	TRUE	perm7	9132
Rep 1	Hebra opuesta	-143	-0.06551143691589065	-0.13459896185050466	0.0018952083630639526	0.057116564788980605	183	5662	0.018629746513285146	0.12168311628956738	Hebra opuesta 1	-138.5	FALSE	perm7	9132
Rep 1	Hebra opuesta	-133	-0.07628019617904448	-0.14627041299036908	-0.006590903481173427	0.031840185612267785	157	5662	0.01598289728188944	0.0917746526471248	Hebra opuesta 1	-128.5	FALSE	perm7	9132
Rep 1	Hebra opuesta	-123	-0.08529569097252783	-0.16159598459024696	-0.010342995148908022	0.025780733580782523	132	5662	0.013437849944008958	0.07895349659114648	Hebra opuesta 1	-118.5	FALSE	perm7	9132
Rep 1	Hebra opuesta	-113	-0.11754880659686862	-0.18721999265485845	-0.04868453604629056	8.278439465657873e-4	164	5662	0.01669551053649598	0.02028217669086179	Hebra opuesta 1	-108.5	TRUE	perm7	9132
Rep 1	Hebra opuesta	-103	-0.09109400329042801	-0.16633192914382366	-0.017343334211870447	0.015595477149378775	135	5662	0.013743255624554617	0.06947076184723272	Hebra opuesta 1	-98.5	FALSE	perm7	9132
Rep 1	Hebra opuesta	-93	-0.07900491163310665	-0.15651745650970583	-0.002186060901419034	0.04315964983281604	142	5662	0.014455868879161152	0.1007058496099041	Hebra opuesta 1	-88.5	FALSE	perm7	9132
Rep 1	Hebra opuesta	-83	-0.07837712348173337	-0.16285959543169087	0.0054304942644092065	0.06690290991952444	107	5662	0.010892802606128474	0.1311297034422679	Hebra opuesta 1	-78.5	FALSE	perm7	9132
Rep 1	Hebra opuesta	-73	-0.09400015597392429	-0.17380632669331963	-0.015233207898922232	0.01923711418881323	124	5662	0.012623434795887203	0.07582520269869394	Hebra opuesta 1	-68.5	FALSE	perm7	9132
Rep 1	Hebra opuesta	-63	-0.040351162323037426	-0.12435332129524806	0.04326212945475923	0.34362485995121134	115	5662	0.011707217754250229	0.43656279558092353	Hebra opuesta 1	-58.5	FALSE	perm7	9132
Rep 1	Hebra opuesta	-53	-0.1067397445778642	-0.18830166660609057	-0.027165308826268324	0.00870462444976911	107	5662	0.010892802606128474	0.047391844226520714	Hebra opuesta 1	-48.5	TRUE	perm7	9132
Rep 1	Hebra opuesta	-43	-0.04426756898910419	-0.13812188369420456	0.04948099133249766	0.35637779231095795	98	5662	0.0099765855644915	0.43656279558092353	Hebra opuesta 1	-38.5	FALSE	perm7	9132
Rep 1	Hebra opuesta	-33	-0.07806223983936178	-0.1777704599835661	0.024728412876174284	0.13311277573807392	90	5662	0.009162170416369745	0.21741753370552075	Hebra opuesta 1	-28.5	FALSE	perm7	9132
Rep 1	Hebra opuesta	-23	0.003174492851015619	-0.07292544252728106	0.07900472247520592	0.9323157111487107	159	5662	0.016186501068919883	0.9517389551309754	Hebra opuesta 1	-18.5	FALSE	perm7	9132
Rep 1	Hebra opuesta	-13	-0.0028968342024103255	-0.10838058754230692	0.10826990178917076	0.9557169980261992	99	5662	0.010078387458006719	0.9557169980261992	Hebra opuesta 1	-8.5	FALSE	perm7	9132
Rep 1	Hebra opuesta	-3	0.03194700684153846	-0.054894367724537006	0.12392980272517355	0.4739037875564564	118	5662	0.012012623434795887	0.5302199614218441	Hebra opuesta 1	1.5	FALSE	perm7	9132
Rep 1	Hebra opuesta	7	-0.04634472525648047	-0.1331441986433781	0.04488927212657306	0.31307169811007696	128	5662	0.013030642369948081	0.4261253668720492	Hebra opuesta 1	11.5	FALSE	perm7	9132
Rep 2	Misma hebra	-233	-0.027316820377981225	-0.10619064430941165	0.0457194760677793	0.4519836062468353	246	6592	0.021183156807026607	0.5985728839485116	Misma hebra 1	-228.5	FALSE	perm7	9132
Rep 2	Misma hebra	-223	-0.023145930002114776	-0.10608593406350376	0.05349145269314147	0.5252630864460699	230	6592	0.019805390510634634	0.6599459291245493	Misma hebra 1	-218.5	FALSE	perm7	9132
Rep 2	Misma hebra	-213	-0.017619288971223793	-0.10038693577420062	0.06375297231389844	0.6595877333269224	235	6592	0.020235942478257125	0.7345408848413454	Misma hebra 1	-208.5	FALSE	perm7	9132
Rep 2	Misma hebra	-203	-0.05150445896318724	-0.13619891157965386	0.029518812097633844	0.21694737135101308	210	6592	0.018083182640144666	0.3876668488741777	Misma hebra 1	-198.5	FALSE	perm7	9132
Rep 2	Misma hebra	-193	-0.05205899569213054	-0.1446963113274472	0.028996665670331805	0.22152391364238724	194	6592	0.01670541634375269	0.3876668488741777	Misma hebra 1	-188.5	FALSE	perm7	9132
Rep 2	Misma hebra	-183	-0.047535689617655114	-0.13704737165335906	0.033167784246662724	0.24071503796414506	205	6592	0.017652630672522172	0.3931678953414369	Misma hebra 1	-178.5	FALSE	perm7	9132
Rep 2	Misma hebra	-173	-0.05900885056685228	-0.14657176288740492	0.021000040887781943	0.15667594121729406	196	6592	0.016877637130801686	0.30708484478589637	Misma hebra 1	-168.5	FALSE	perm7	9132
Rep 2	Misma hebra	-163	-0.12160966563589387	-0.21528524749073352	-0.031092063963051645	0.006394138930842214	174	6592	0.014983208473262722	0.044758972515895494	Misma hebra 1	-158.5	TRUE	perm7	9132
Rep 2	Misma hebra	-153	-0.13163804620591135	-0.22721007888177208	-0.039664893389019455	0.004032623450087507	158	6592	0.013605442176870748	0.032933091509047975	Misma hebra 1	-148.5	TRUE	perm7	9132
Rep 2	Misma hebra	-143	-0.09433707467078001	-0.19666459040900056	-5.0247416148077215e-5	0.04934228831592739	155	6592	0.013347110996297254	0.15111075796752765	Misma hebra 1	-138.5	FALSE	perm7	9132
Rep 2	Misma hebra	-133	-0.09252651159640711	-0.18150218081213998	-0.004020661349187589	0.03443187382219521	196	6592	0.016877637130801686	0.11247745448583768	Misma hebra 1	-128.5	FALSE	perm7	9132
Rep 2	Misma hebra	-123	-0.11104516118770065	-0.21404313507851122	-0.013229892940423291	0.022685266907309584	151	6592	0.01300266942219926	0.08550600603524382	Misma hebra 1	-118.5	FALSE	perm7	9132
Rep 2	Misma hebra	-113	-0.05481554000896133	-0.16661101852912752	0.0548420370965673	0.314677493108903	125	6592	0.010763799190562301	0.46724839885867414	Misma hebra 1	-108.5	FALSE	perm7	9132
Rep 2	Misma hebra	-103	-1.7872251329509767e-4	-0.10922036521692267	0.1092029705941699	0.9845431093824012	130	6592	0.011194351158184793	0.9845431093824012	Misma hebra 1	-98.5	FALSE	perm7	9132
Rep 2	Misma hebra	-93	-0.03551197718489204	-0.1523129112706109	0.069340511591852	0.4853778291359052	132	6592	0.01136657194523379	0.625881937569983	Misma hebra 1	-88.5	FALSE	perm7	9132
Rep 2	Misma hebra	-83	-0.0832766927516116	-0.18777131363532804	0.01000664056899677	0.08548565627223305	136	6592	0.011711013519331783	0.2115549906718854	Misma hebra 1	-78.5	FALSE	perm7	9132
Rep 2	Misma hebra	-73	-0.11827641385876275	-0.22757790775427097	-0.010648206963389584	0.030157935838971424	126	6592	0.0108499095840868	0.10555277543639999	Misma hebra 1	-68.5	FALSE	perm7	9132
Rep 2	Misma hebra	-63	-0.12261265817161142	-0.22992952212010526	-0.021416959963124683	0.014074473411438167	120	6592	0.01033324722293981	0.06405962248907804	Misma hebra 1	-58.5	FALSE	perm7	9132
Rep 2	Misma hebra	-53	-0.09918669732950369	-0.22368548039113634	0.01993312047674701	0.10575880702759932	93	6592	0.008008266597778351	0.2355537065614712	Misma hebra 1	-48.5	FALSE	perm7	9132
Rep 2	Misma hebra	-43	-0.06121537838084049	-0.16663469480220175	0.035130544957030364	0.21922377288474493	153	6592	0.013174890209248256	0.3876668488741777	Misma hebra 1	-38.5	FALSE	perm7	9132
Rep 2	Misma hebra	-33	0.0023630890432164015	-0.0998452140047594	0.10672442851643323	0.9384782859338958	151	6592	0.01300266942219926	0.9580299168908519	Misma hebra 1	-28.5	FALSE	perm7	9132
Rep 2	Misma hebra	-23	-0.14306270471510432	-0.2643327603374001	-0.028630785235282438	0.01284228891897587	100	6592	0.008611039352449841	0.06405962248907804	Misma hebra 1	-18.5	FALSE	perm7	9132
Rep 2	Misma hebra	-13	-0.06661386365861434	-0.18530623318224895	0.05022207173498323	0.26085149406751246	107	6592	0.00921381210712133	0.39942885029087843	Misma hebra 1	-8.5	FALSE	perm7	9132
Rep 2	Misma hebra	-3	-0.19358065424799886	-0.351080618285694	-0.032581252234888586	0.014380731579180784	61	6592	0.005252734004994403	0.06405962248907804	Misma hebra 1	1.5	FALSE	perm7	9132
Rep 2	Hebra opuesta	-233	-0.21223322500133343	-0.35782959369967166	-0.07077920749995165	0.002664070966337972	62	6592	0.005338844398518902	0.02610789547011213	Hebra opuesta 1	-228.5	TRUE	perm7	9132
Rep 2	Hebra opuesta	-223	0.007884017666782173	-0.07134491575828372	0.08993599340763613	0.8008369709023709	240	6592	0.02066649444587962	0.8530654690046995	Hebra opuesta 1	-218.5	FALSE	perm7	9132
Rep 2	Hebra opuesta	-213	-0.0680109896025271	-0.14554316583372995	0.006614538521313325	0.07987880699867377	237	6592	0.02040816326530612	0.2115549906718854	Hebra opuesta 1	-208.5	FALSE	perm7	9132
Rep 2	Hebra opuesta	-203	-0.05378767685575228	-0.1289271317626018	0.014968059013150181	0.1332082221811602	273	6592	0.023508137432188065	0.2837914298642109	Hebra opuesta 1	-198.5	FALSE	perm7	9132
Rep 2	Hebra opuesta	-193	-0.0501949719377284	-0.12705458194049102	0.015998017170107137	0.1408528368824387	270	6592	0.02324980625161457	0.2875745419683123	Hebra opuesta 1	-188.5	FALSE	perm7	9132
Rep 2	Hebra opuesta	-183	-0.03855795706319115	-0.12861137898409597	0.04338563027732432	0.34798214477524925	205	6592	0.017652630672522172	0.501503679234918	Hebra opuesta 1	-178.5	FALSE	perm7	9132
Rep 2	Hebra opuesta	-173	-0.030359651498070732	-0.11251523722835212	0.04532114793654114	0.4270372899881464	223	6592	0.019202617755963144	0.5812452002616437	Hebra opuesta 1	-168.5	FALSE	perm7	9132
Rep 2	Hebra opuesta	-163	-0.010230665110320718	-0.09433026808311157	0.06958021853246772	0.7859732816067044	206	6592	0.01773874106604667	0.8530654690046995	Hebra opuesta 1	-158.5	FALSE	perm7	9132
Rep 2	Hebra opuesta	-153	-0.1384288501007032	-0.21575678355467984	-0.06064118066923889	3.8815747437987217e-4	226	6592	0.01946094893653664	0.006339905414871245	Hebra opuesta 1	-148.5	TRUE	perm7	9132
Rep 2	Hebra opuesta	-143	-0.0334175109694185	-0.11702171786779686	0.043877541687700423	0.38291205207255724	230	6592	0.019805390510634634	0.5360768729015801	Hebra opuesta 1	-138.5	FALSE	perm7	9132
Rep 2	Hebra opuesta	-133	-0.16418720494681854	-0.24636987978409802	-0.07871440618678222	9.558583124246272e-5	201	6592	0.01730818909842418	0.0023418528654403368	Hebra opuesta 1	-128.5	TRUE	perm7	9132
Rep 2	Hebra opuesta	-123	-0.12309690932728957	-0.21683350483068506	-0.029072461115887526	0.009423775678113411	164	6592	0.014122104538017738	0.057720626028444647	Hebra opuesta 1	-118.5	FALSE	perm7	9132
Rep 2	Hebra opuesta	-113	-0.17315620689169278	-0.25360660041510785	-0.09386766706942817	1.5022821130384092e-5	202	6592	0.017394299491948678	7.361182353888205e-4	Hebra opuesta 1	-108.5	TRUE	perm7	9132
Rep 2	Hebra opuesta	-103	-0.1467631514610721	-0.23511569130332155	-0.057362245142164904	0.0012016417029058557	181	6592	0.015585981227934212	0.014720110860596733	Hebra opuesta 1	-98.5	TRUE	perm7	9132
Rep 2	Hebra opuesta	-93	-0.10981519452486382	-0.20379414425047168	-0.017562073519411796	0.017622694706309137	163	6592	0.01403599414449324	0.07195933671742898	Hebra opuesta 1	-88.5	FALSE	perm7	9132
Rep 2	Hebra opuesta	-83	-0.09401843742438838	-0.19776571777356583	0.0021231781122888205	0.05849638117275922	145	6592	0.01248600706105227	0.16860721632148246	Hebra opuesta 1	-78.5	FALSE	perm7	9132
Rep 2	Hebra opuesta	-73	-0.05955904171889989	-0.16222727208922524	0.03758794890416087	0.23115661943628046	154	6592	0.013261000602772756	0.39057497766819804	Hebra opuesta 1	-68.5	FALSE	perm7	9132
Rep 2	Hebra opuesta	-63	-0.0882466822457045	-0.19507906794503652	0.014646793577880375	0.09529469310303557	135	6592	0.011624903125807285	0.222354283907083	Hebra opuesta 1	-58.5	FALSE	perm7	9132
Rep 2	Hebra opuesta	-53	-0.08527561570480342	-0.18541956443892146	0.010775296788590814	0.08634897578444302	136	6592	0.011711013519331783	0.2115549906718854	Hebra opuesta 1	-48.5	FALSE	perm7	9132
Rep 2	Hebra opuesta	-43	-0.06075497172321331	-0.1695414803721978	0.04481979521115319	0.2586606844166637	124	6592	0.010677688797037803	0.39942885029087843	Hebra opuesta 1	-38.5	FALSE	perm7	9132
Rep 2	Hebra opuesta	-33	-0.030256706287451432	-0.15010785888783065	0.08376896747293666	0.5780179029350927	123	6592	0.010591578403513303	0.6908018839955986	Hebra opuesta 1	-28.5	FALSE	perm7	9132
Rep 2	Hebra opuesta	-23	-0.024894532831950134	-0.11773571520238954	0.06428628200170625	0.5457779364539168	193	6592	0.016619305950228192	0.6685779721560482	Hebra opuesta 1	-18.5	FALSE	perm7	9132
Rep 2	Hebra opuesta	-13	-0.029380919417349063	-0.15611230050167516	0.08761233629302978	0.6175021651841668	109	6592	0.009386032894170327	0.7204191927148613	Hebra opuesta 1	-8.5	FALSE	perm7	9132
Rep 2	Hebra opuesta	-3	-0.005829417602028351	-0.113328325549819	0.09851998010979623	0.8866170757571217	149	6592	0.012830448635150263	0.9243454619595525	Hebra opuesta 1	1.5	FALSE	perm7	9132
Rep 2	Hebra opuesta	7	0.02041631111612193	-0.07575436498995158	0.12172018905015182	0.6522747389575121	155	6592	0.013347110996297254	0.7345408848413454	Hebra opuesta 1	11.5	FALSE	perm7	9132
Rep 1	Misma hebra	-233	-0.0295521038605204	-0.09469631365736639	0.034868513440158004	0.363950922006523	215	5065	0.021887407105772166	0.4349657360565763	Misma hebra 1	-228.5	FALSE	perm8	10462
Rep 1	Misma hebra	-223	-0.08475671855165248	-0.1449563319777544	-0.024636585844074344	0.0057775428902309255	248	5065	0.025246869591774405	0.018873306774754357	Misma hebra 1	-218.5	TRUE	perm8	10462
Rep 1	Misma hebra	-213	-0.010804130726949605	-0.07695333241139717	0.05525083070083007	0.7458349971214322	224	5065	0.022803624147409142	0.7775726565734081	Misma hebra 1	-208.5	FALSE	perm8	10462
Rep 1	Misma hebra	-203	-0.06795105638090634	-0.1337424766921936	-0.0014077906034443404	0.045090317437193446	212	5065	0.02158200142522651	0.07618708808353375	Misma hebra 1	-198.5	FALSE	perm8	10462
Rep 1	Misma hebra	-193	-0.13794520508335004	-0.1981391581570961	-0.07821551197668514	6.61323501636893e-6	232	5065	0.023618039295530895	3.2404851580207755e-4	Misma hebra 1	-188.5	TRUE	perm8	10462
Rep 1	Misma hebra	-183	-0.07642500334610922	-0.1433015591528984	-0.009638749266939554	0.024774890785177466	177	5065	0.01801893515219383	0.05058206868640399	Misma hebra 1	-178.5	FALSE	perm8	10462
Rep 1	Misma hebra	-173	-0.08853445306968026	-0.15327897005663987	-0.02497147227933077	0.0063720660283436495	220	5065	0.022396416573348264	0.019514452211802428	Misma hebra 1	-168.5	TRUE	perm8	10462
Rep 1	Misma hebra	-163	-0.06262334791924651	-0.12931337350641278	0.0043438832812935976	0.06788239135048754	200	5065	0.020360378703043875	0.10394491175543405	Misma hebra 1	-158.5	FALSE	perm8	10462
Rep 1	Misma hebra	-153	-0.05878364650095606	-0.131446934665232	0.012466933701567531	0.10571129944883727	173	5065	0.017611727578132952	0.14482570912662754	Misma hebra 1	-148.5	FALSE	perm8	10462
Rep 1	Misma hebra	-143	-0.04244940133186645	-0.12434964279102383	0.03937333476815066	0.3053518909886586	156	5065	0.015881095388374223	0.3836472476524172	Misma hebra 1	-138.5	FALSE	perm8	10462
Rep 1	Misma hebra	-133	-0.026658234373579573	-0.11384477259882235	0.06060778633379285	0.5521082851528538	144	5065	0.014659472666191591	0.6011845771664408	Misma hebra 1	-128.5	FALSE	perm8	10462
Rep 1	Misma hebra	-123	-0.08926607930913998	-0.16114612202763273	-0.017092909166192362	0.015170808633116416	170	5065	0.017306321897587296	0.03474576922038679	Misma hebra 1	-118.5	TRUE	perm8	10462
Rep 1	Misma hebra	-113	-0.1358237971484959	-0.20954588940553448	-0.062363219211010866	2.886256582479015e-4	142	5065	0.014455868879161152	0.0028285314508294346	Misma hebra 1	-108.5	TRUE	perm8	10462
Rep 1	Misma hebra	-103	-0.13193315432172067	-0.2072087310989942	-0.058744724443941514	4.2388870583195064e-4	138	5065	0.014048661305100275	0.0034617577642942635	Misma hebra 1	-98.5	TRUE	perm8	10462
Rep 1	Misma hebra	-93	-0.11782653957918013	-0.19655012828612553	-0.04061009454436384	0.0027404799546928383	130	5065	0.01323424615697852	0.012207592525449914	Misma hebra 1	-88.5	TRUE	perm8	10462
Rep 1	Misma hebra	-83	-0.07023793411589947	-0.15617544851054574	0.014430698246817215	0.10485850174178618	119	5065	0.012114425328311107	0.14482570912662754	Misma hebra 1	-78.5	FALSE	perm8	10462
Rep 1	Misma hebra	-73	-0.17118916286855976	-0.2501712358405776	-0.09250988485697959	2.9652123218089974e-5	136	5065	0.013845057518069836	4.843180125621362e-4	Misma hebra 1	-68.5	TRUE	perm8	10462
Rep 1	Misma hebra	-63	-0.08449775440923851	-0.16516078817432558	-0.003128689280294624	0.041717780095928025	135	5065	0.013743255624554617	0.07300611516787404	Misma hebra 1	-58.5	FALSE	perm8	10462
Rep 1	Misma hebra	-53	-0.13833642688466438	-0.22967949324629408	-0.0501241856013558	0.0020850166218338343	102	5065	0.010383793138552377	0.011039338643589486	Misma hebra 1	-48.5	TRUE	perm8	10462
Rep 1	Misma hebra	-43	-0.07638791636907458	-0.15770272125291226	0.005339634014476258	0.06671944613471746	145	5065	0.01476127455970681	0.10394491175543405	Misma hebra 1	-38.5	FALSE	perm8	10462
Rep 1	Misma hebra	-33	0.047501910034044935	-0.02714788969840187	0.12337977735206805	0.21063807052574252	181	5065	0.01842614272625471	0.27895312042598336	Misma hebra 1	-28.5	FALSE	perm8	10462
Rep 1	Misma hebra	-23	-0.09893032870523151	-0.1904089202335142	-0.00911542562217732	0.03074146671992437	107	5065	0.010892802606128474	0.06025327477105176	Misma hebra 1	-18.5	FALSE	perm8	10462
Rep 1	Misma hebra	-13	-0.031318717584598116	-0.11478737386231573	0.05238163597644375	0.4609131018201637	129	5065	0.0131324442634633	0.5132895906633641	Misma hebra 1	-8.5	FALSE	perm8	10462
Rep 1	Misma hebra	-3	-0.0031934140830439787	-0.11479876195352594	0.10624867912047618	0.9532298695674665	70	5065	0.007126132546065356	0.9542676344677373	Misma hebra 1	1.5	FALSE	perm8	10462
Rep 1	Hebra opuesta	-233	-0.15733606743544307	-0.3015383448399869	-0.011011190381731317	0.035360325916006	40	5065	0.004072075740608775	0.06629022598037718	Hebra opuesta 1	-228.5	FALSE	perm8	10462
Rep 1	Hebra opuesta	-223	-0.04834531416558852	-0.10765194438858008	0.010379671198357462	0.10640256180731819	229	5065	0.02331263361498524	0.14482570912662754	Hebra opuesta 1	-218.5	FALSE	perm8	10462
Rep 1	Hebra opuesta	-213	-0.08722255351530511	-0.14405975397070275	-0.031209100292061413	0.0022529262537937726	237	5065	0.024127048763106992	0.011039338643589486	Hebra opuesta 1	-208.5	TRUE	perm8	10462
Rep 1	Hebra opuesta	-203	-0.03340923450565222	-0.09220408079065147	0.024072116006649196	0.2533160432995243	252	5065	0.025654077165835284	0.3266443716230708	Hebra opuesta 1	-198.5	FALSE	perm8	10462
Rep 1	Hebra opuesta	-193	-0.02870541253540158	-0.09461843600077148	0.03702349782210582	0.39447969851652825	244	5065	0.02483966201771353	0.4531115679000879	Hebra opuesta 1	-188.5	FALSE	perm8	10462
Rep 1	Hebra opuesta	-183	-0.053539373221472536	-0.1149012153732666	0.006593542145217962	0.08109010026627819	215	5065	0.021887407105772166	0.1204065125165949	Hebra opuesta 1	-178.5	FALSE	perm8	10462
Rep 1	Hebra opuesta	-173	-0.0895217566190305	-0.1504389870990913	-0.02980984719640938	0.0033601865624715743	237	5065	0.024127048763106992	0.013720761796758928	Hebra opuesta 1	-168.5	TRUE	perm8	10462
Rep 1	Hebra opuesta	-163	-0.10294285042983956	-0.16564862077540513	-0.04075966293960224	0.0011883906265983079	210	5065	0.02137839763819607	0.007278892587914636	Hebra opuesta 1	-158.5	TRUE	perm8	10462
Rep 1	Hebra opuesta	-153	-0.0648576464654088	-0.1260799821024667	-0.0041410249455603124	0.03652726737694253	209	5065	0.02127659574468085	0.06629022598037718	Hebra opuesta 1	-148.5	FALSE	perm8	10462
Rep 1	Hebra opuesta	-143	-0.08145147218595804	-0.14937896383051835	-0.01432731561776233	0.017445187707570815	188	5065	0.019138755980861243	0.03716583468134652	Hebra opuesta 1	-138.5	TRUE	perm8	10462
Rep 1	Hebra opuesta	-133	-0.13156789264600116	-0.19263579793951993	-0.07160410886007192	1.901417592294168e-5	222	5065	0.022600020360378704	4.6584731011207114e-4	Hebra opuesta 1	-128.5	TRUE	perm8	10462
Rep 1	Hebra opuesta	-123	-0.09097707563277804	-0.15911780890210456	-0.02325168006931998	0.008444481405655775	181	5065	0.01842614272625471	0.02068897944385665	Hebra opuesta 1	-118.5	TRUE	perm8	10462
Rep 1	Hebra opuesta	-113	-0.08968841211132116	-0.15588419863799088	-0.02404083854441202	0.007293647933547176	190	5065	0.019342359767891684	0.02068897944385665	Hebra opuesta 1	-108.5	TRUE	perm8	10462
Rep 1	Hebra opuesta	-103	-0.09412485856797706	-0.1725074976824858	-0.01808633095490382	0.01560014128262264	153	5065	0.015575689707828565	0.03474576922038679	Hebra opuesta 1	-98.5	TRUE	perm8	10462
Rep 1	Hebra opuesta	-93	-0.09440902284779264	-0.16080749460514548	-0.02932104149579423	0.004446820303894732	189	5065	0.019240557874376462	0.016761091914680143	Hebra opuesta 1	-88.5	TRUE	perm8	10462
Rep 1	Hebra opuesta	-83	-0.07016130316125226	-0.14164036770474794	3.5599230574661164e-4	0.051475464009154495	173	5065	0.017611727578132952	0.08407659121495234	Hebra opuesta 1	-78.5	FALSE	perm8	10462
Rep 1	Hebra opuesta	-73	-0.12755062206100626	-0.20294686372681534	-0.05288560987621814	8.143829934826255e-4	147	5065	0.01496487834673725	0.005700680954378378	Hebra opuesta 1	-68.5	TRUE	perm8	10462
Rep 1	Hebra opuesta	-63	-0.09840975207452995	-0.1696392820916749	-0.02907816308627414	0.005570963319523985	165	5065	0.0167973124300112	0.018873306774754357	Hebra opuesta 1	-58.5	TRUE	perm8	10462
Rep 1	Hebra opuesta	-53	-0.09715156482569137	-0.1720203664025564	-0.02489059820585668	0.00813508914464965	146	5065	0.01486307645322203	0.02068897944385665	Hebra opuesta 1	-48.5	TRUE	perm8	10462
Rep 1	Hebra opuesta	-43	-0.1396345008440451	-0.2095458363413707	-0.07090276785425616	7.33834287327985e-5	139	5065	0.014150463198615494	8.989470019767817e-4	Hebra opuesta 1	-38.5	TRUE	perm8	10462
Rep 1	Hebra opuesta	-33	-0.03222527202287601	-0.10611519172824567	0.042584494601513916	0.39762851876946487	167	5065	0.017000916217041636	0.4531115679000879	Hebra opuesta 1	-28.5	FALSE	perm8	10462
Rep 1	Hebra opuesta	-23	0.002279803770889404	-0.07424543770171602	0.08077336660305222	0.9542676344677373	193	5065	0.01964776544843734	0.9542676344677373	Hebra opuesta 1	-18.5	FALSE	perm8	10462
Rep 1	Hebra opuesta	-13	-0.10849465631787128	-0.1897299777646064	-0.02837343347938381	0.007825979535085018	129	5065	0.0131324442634633	0.02068897944385665	Hebra opuesta 1	-8.5	TRUE	perm8	10462
Rep 1	Hebra opuesta	-3	-0.016992061185094085	-0.08436654733086167	0.050652152764245895	0.6235690086186969	186	5065	0.018935152193830806	0.6642365526590468	Hebra opuesta 1	1.5	FALSE	perm8	10462
Rep 1	Hebra opuesta	7	-0.046256042135788655	-0.1412863800655341	0.05112083552958114	0.3472897604231107	115	5065	0.011707217754250229	0.42542995651831067	Hebra opuesta 1	11.5	FALSE	perm8	10462
Rep 2	Misma hebra	-233	-0.02311929063227091	-0.0987175126796246	0.04498117882590639	0.47936895326322626	292	5858	0.025144234909153535	0.5144751836542398	Misma hebra 1	-228.5	FALSE	perm8	10462
Rep 2	Misma hebra	-223	-0.04367881088042577	-0.11713108458318353	0.022766825729204174	0.21286158011005896	298	5858	0.025660897270300527	0.2980062121540825	Misma hebra 1	-218.5	FALSE	perm8	10462
Rep 2	Misma hebra	-213	-0.032933545853179605	-0.11139580462129957	0.03827054388044243	0.36152196900134903	283	5858	0.02436924136743305	0.413164378624537	Misma hebra 1	-208.5	FALSE	perm8	10462
Rep 2	Misma hebra	-203	-0.04833535011155379	-0.12609130693562343	0.023915523646551553	0.2014965285135862	274	5858	0.023594247825712563	0.2903920557989919	Misma hebra 1	-198.5	FALSE	perm8	10462
Rep 2	Misma hebra	-193	-0.16312759671584506	-0.23548394713728285	-0.09064433349904132	7.94113922394612e-6	269	5858	0.023163695858090073	3.891158219733599e-4	Misma hebra 1	-188.5	TRUE	perm8	10462
Rep 2	Misma hebra	-183	-0.14604345664811647	-0.22737275969312415	-0.06614349279523679	2.3394503854740458e-4	231	5858	0.019891500904159132	0.0019105511481371372	Misma hebra 1	-178.5	TRUE	perm8	10462
Rep 2	Misma hebra	-173	-0.09839971136812019	-0.17705847175232522	-0.02055687837200751	0.010599592568370569	249	5858	0.021441487987600105	0.03246125224063487	Misma hebra 1	-168.5	TRUE	perm8	10462
Rep 2	Misma hebra	-163	-0.06027589378423809	-0.1430090910329459	0.016398419588302387	0.1295026778969068	243	5858	0.020924825626453113	0.19830097552963855	Misma hebra 1	-158.5	FALSE	perm8	10462
Rep 2	Misma hebra	-153	-0.051553194680510284	-0.13880616846660818	0.028917507892436287	0.2203072300299627	215	5858	0.018513734607767156	0.2998626186518937	Misma hebra 1	-148.5	FALSE	perm8	10462
Rep 2	Misma hebra	-143	-0.034386694511091935	-0.1298465818257611	0.055195805887930494	0.43030731373162256	188	5858	0.016188753982605702	0.479205872110216	Misma hebra 1	-138.5	FALSE	perm8	10462
Rep 2	Misma hebra	-133	-0.05333573318994162	-0.15346991709338909	0.03773370366400171	0.2576179201404736	179	5858	0.015413760440885214	0.3321915286021896	Misma hebra 1	-128.5	FALSE	perm8	10462
Rep 2	Misma hebra	-123	-0.10591136087763589	-0.19391426577202633	-0.018425865814081843	0.014526764860254065	205	5858	0.017652630672522172	0.035590573907622464	Misma hebra 1	-118.5	TRUE	perm8	10462
Rep 2	Misma hebra	-113	-0.042798366335682396	-0.13771642312067772	0.04352724683130659	0.3324448848426519	183	5858	0.015758202014983208	0.40317093411046995	Misma hebra 1	-108.5	FALSE	perm8	10462
Rep 2	Misma hebra	-103	-0.08997708464423548	-0.17899658945585237	-0.0029133666017727875	0.03862648317640899	177	5858	0.015241539653836218	0.07027422924286515	Misma hebra 1	-98.5	FALSE	perm8	10462
Rep 2	Misma hebra	-93	-0.14767576222368123	-0.2419336536532852	-0.05138191175516046	0.0017009350085448304	178	5858	0.015327650047360716	0.010418226927337087	Misma hebra 1	-88.5	TRUE	perm8	10462
Rep 2	Misma hebra	-83	-0.08062623184824927	-0.18959480919501986	0.01901807134975395	0.1239099523558529	144	5858	0.012399896667527771	0.1958576666269933	Misma hebra 1	-78.5	FALSE	perm8	10462
Rep 2	Misma hebra	-73	-0.12465230266103403	-0.21810543898511625	-0.030515506117427513	0.007465293820070154	167	5858	0.014380435718591234	0.026476268436291965	Misma hebra 1	-68.5	TRUE	perm8	10462
Rep 2	Misma hebra	-63	-0.06133291219352725	-0.1594347128485367	0.02821545795708668	0.18725380069935652	166	5858	0.014294325325066736	0.27804352225055967	Misma hebra 1	-58.5	FALSE	perm8	10462
Rep 2	Misma hebra	-53	-0.1538278989129103	-0.2636023374952946	-0.045425913855920756	0.004069614936939791	135	5858	0.011624903125807285	0.01994111319100498	Misma hebra 1	-48.5	TRUE	perm8	10462
Rep 2	Misma hebra	-43	-0.012208506392767464	-0.11021699632601735	0.07904616662665123	0.7566298179561568	178	5858	0.015327650047360716	0.7672270124241337	Misma hebra 1	-38.5	FALSE	perm8	10462
Rep 2	Misma hebra	-33	-0.022141264230739508	-0.11182641428016482	0.0619699647553778	0.5733318151870481	228	5858	0.019633169723585638	0.597728913705646	Misma hebra 1	-28.5	FALSE	perm8	10462
Rep 2	Misma hebra	-23	-0.14544121157338905	-0.25443803298849255	-0.033693083876828483	0.007097329548577377	132	5858	0.01136657194523379	0.026476268436291965	Misma hebra 1	-18.5	TRUE	perm8	10462
Rep 2	Misma hebra	-13	-0.07785540686166664	-0.1795246390329028	0.012968378517583834	0.10161779879436764	155	5858	0.013347110996297254	0.16597573803080046	Misma hebra 1	-8.5	FALSE	perm8	10462
Rep 2	Misma hebra	-3	-0.14561606425755338	-0.2747347586588728	-0.01874559445954982	0.02177051276460881	89	5858	0.007663825023680358	0.0484864991863171	Misma hebra 1	1.5	TRUE	perm8	10462
Rep 2	Hebra opuesta	-233	0.024509879875123906	-0.1468935813070892	0.20283085429404535	0.7672270124241337	56	5858	0.004822182037371911	0.7672270124241337	Hebra opuesta 1	-228.5	FALSE	perm8	10462
Rep 2	Hebra opuesta	-223	-0.08134075971553864	-0.15651792442066495	-0.0078016224170811745	0.0247380097889373	294	5858	0.02531645569620253	0.0484864991863171	Hebra opuesta 1	-218.5	TRUE	perm8	10462
Rep 2	Hebra opuesta	-213	-0.11645588411839068	-0.18919345372349067	-0.04608307954153176	7.838955247838814e-4	293	5858	0.025230345302678033	0.0054872686734871706	Hebra opuesta 1	-208.5	TRUE	perm8	10462
Rep 2	Hebra opuesta	-203	-0.03388243917120714	-0.10758751265115056	0.033816262723519536	0.33425672258094036	305	5858	0.026263670024972013	0.40317093411046995	Hebra opuesta 1	-198.5	FALSE	perm8	10462
Rep 2	Hebra opuesta	-193	-0.03984616634782355	-0.11676339516526206	0.027394029981484217	0.24893850242822285	293	5858	0.025230345302678033	0.3296753140265654	Hebra opuesta 1	-188.5	FALSE	perm8	10462
Rep 2	Hebra opuesta	-183	-0.09165897040172011	-0.16814719427836414	-0.014613090772554264	0.015397463619077784	263	5858	0.02264703349694308	0.0359274151111815	Hebra opuesta 1	-178.5	TRUE	perm8	10462
Rep 2	Hebra opuesta	-173	-0.15006888819003245	-0.2217328974381836	-0.07965474236298938	2.1373566883964907e-5	293	5858	0.025230345302678033	5.236523886571402e-4	Hebra opuesta 1	-168.5	TRUE	perm8	10462
Rep 2	Hebra opuesta	-163	-0.15081729281634712	-0.22784934302155788	-0.07583944739768254	4.954034221314378e-5	254	5858	0.021872039955222595	6.068691921110112e-4	Hebra opuesta 1	-158.5	TRUE	perm8	10462
Rep 2	Hebra opuesta	-153	-0.10763227839223924	-0.18483284415505077	-0.03353847380248569	0.0036717717506563065	258	5858	0.02221648152932059	0.01994111319100498	Hebra opuesta 1	-148.5	TRUE	perm8	10462
Rep 2	Hebra opuesta	-143	-0.07364153918123895	-0.1581211580289974	0.002183283695135576	0.0653576405607858	229	5858	0.019719280117110136	0.11437587098137515	Hebra opuesta 1	-138.5	FALSE	perm8	10462
Rep 2	Hebra opuesta	-133	-0.10673048837895345	-0.18477935231388826	-0.03086362906598273	0.004486773625430035	265	5858	0.022819254283992077	0.01998653705873379	Hebra opuesta 1	-128.5	TRUE	perm8	10462
Rep 2	Hebra opuesta	-123	-0.10186137675835334	-0.18415382575232683	-0.018297183395527113	0.01285214070460464	240	5858	0.02066649444587962	0.03314499444871723	Hebra opuesta 1	-118.5	TRUE	perm8	10462
Rep 2	Hebra opuesta	-113	-0.09178096593331475	-0.1721428441705898	-0.01030736846616666	0.02289368118552876	247	5858	0.021269267200551105	0.0484864991863171	Hebra opuesta 1	-108.5	TRUE	perm8	10462
Rep 2	Hebra opuesta	-103	-0.10163744264925373	-0.1931963773138963	-0.010166818685159132	0.02440140223026536	187	5858	0.016102643589081204	0.0484864991863171	Hebra opuesta 1	-98.5	TRUE	perm8	10462
Rep 2	Hebra opuesta	-93	-0.10083657918438804	-0.17710034768653066	-0.023335733950401692	0.00962848738619091	237	5858	0.02040816326530612	0.031453058794890305	Hebra opuesta 1	-88.5	TRUE	perm8	10462
Rep 2	Hebra opuesta	-83	-0.10504780498462207	-0.1918984234910984	-0.02090215718333205	0.012244784670937899	208	5858	0.01791096185309567	0.03314499444871723	Hebra opuesta 1	-78.5	TRUE	perm8	10462
Rep 2	Hebra opuesta	-73	-0.11735358966437548	-0.2066233099602441	-0.02765419389664709	0.007564648124654847	207	5858	0.01782485145957117	0.026476268436291965	Hebra opuesta 1	-68.5	TRUE	perm8	10462
Rep 2	Hebra opuesta	-63	-0.08915319263992362	-0.1752955624101608	-0.0033033935135287143	0.038722534480762426	193	5858	0.016619305950228192	0.07027422924286515	Hebra opuesta 1	-58.5	FALSE	perm8	10462
Rep 2	Hebra opuesta	-53	-0.1601539874905845	-0.24858071042611818	-0.0724337829265781	2.3195767586837207e-4	181	5858	0.015585981227934212	0.0019105511481371372	Hebra opuesta 1	-48.5	TRUE	perm8	10462
Rep 2	Hebra opuesta	-43	-0.18120616694928698	-0.2721976851693549	-0.09398590738186194	3.316014195758895e-5	163	5858	0.01403599414449324	5.416156519739528e-4	Hebra opuesta 1	-38.5	TRUE	perm8	10462
Rep 2	Hebra opuesta	-33	-0.03812069486400154	-0.1262507013280003	0.046786924178987575	0.36257282205826713	201	5858	0.01730818909842418	0.413164378624537	Hebra opuesta 1	-28.5	FALSE	perm8	10462
Rep 2	Hebra opuesta	-23	-0.03844448006867844	-0.12594683750836796	0.041087001901730806	0.33734710813325036	238	5858	0.020494273658830622	0.40317093411046995	Hebra opuesta 1	-18.5	FALSE	perm8	10462
Rep 2	Hebra opuesta	-13	-0.11501688368155097	-0.21144868413058307	-0.022612021780267832	0.011628384106970048	162	5858	0.013949883750968742	0.03314499444871723	Hebra opuesta 1	-8.5	TRUE	perm8	10462
Rep 2	Hebra opuesta	-3	-0.07282562761666574	-0.15545140320290515	0.004991771334755253	0.06924726196608531	225	5858	0.01937483854301214	0.11700399435648898	Hebra opuesta 1	1.5	FALSE	perm8	10462
Rep 2	Hebra opuesta	7	-0.0372161145204216	-0.14930632664831112	0.07089240928515489	0.4829767030223476	140	5858	0.012055455093429777	0.5144751836542398	Hebra opuesta 1	11.5	FALSE	perm8	10462
Rep 1	Misma hebra	-233	-0.03964160973355897	-0.10622454455667531	0.026995601219455878	0.24482208650628254	191	5530	0.019444161661406903	0.2665840497512854	Misma hebra 1	-228.5	FALSE	perm9	9328
Rep 1	Misma hebra	-223	-0.12262918108839309	-0.1837039388972414	-0.06152318425947719	9.059235841724042e-5	212	5530	0.02158200142522651	6.012474861237162e-4	Misma hebra 1	-218.5	TRUE	perm9	9328
Rep 1	Misma hebra	-213	-0.10140297611695252	-0.16846166173632787	-0.03481733057932283	0.0028971348278436573	188	5530	0.019138755980861243	0.006759981264968534	Misma hebra 1	-208.5	TRUE	perm9	9328
Rep 1	Misma hebra	-203	-0.05395707427800145	-0.12866427914984976	0.02130001115750899	0.1572228688857925	181	5530	0.01842614272625471	0.18790050183911788	Misma hebra 1	-198.5	FALSE	perm9	9328
Rep 1	Misma hebra	-193	-0.10018282534117211	-0.1631224555371057	-0.038062158141407613	0.0015940338310119248	199	5530	0.020258576809528656	0.004339314317754684	Misma hebra 1	-188.5	TRUE	perm9	9328
Rep 1	Misma hebra	-183	-0.1615582457309096	-0.23068359145209946	-0.09451120412650388	2.7265561637232257e-6	162	5530	0.01649190674946554	6.680062601121903e-5	Misma hebra 1	-178.5	TRUE	perm9	9328
Rep 1	Misma hebra	-173	-0.09267190557172839	-0.16058630140207808	-0.026255761700032854	0.006141271003323968	175	5530	0.017815331365163393	0.011899160020350562	Misma hebra 1	-168.5	TRUE	perm9	9328
Rep 1	Misma hebra	-163	-0.10475378998110445	-0.17509909270300317	-0.034744155284235204	0.003541799936681971	173	5530	0.017611727578132952	0.007888554404428027	Misma hebra 1	-158.5	TRUE	perm9	9328
Rep 1	Misma hebra	-153	-0.16199911027700117	-0.23488880068368367	-0.09229004256444806	4.6945362311429685e-6	177	5530	0.01801893515219383	7.667742510866848e-5	Misma hebra 1	-148.5	TRUE	perm9	9328
Rep 1	Misma hebra	-143	-0.1094258591956278	-0.1855805585173817	-0.032619476422009665	0.005307971581004101	151	5530	0.015372085920798128	0.010837108644550038	Misma hebra 1	-138.5	TRUE	perm9	9328
Rep 1	Misma hebra	-133	-0.09117812460331824	-0.1743334621696097	-0.009854099517584832	0.027755767993896133	126	5530	0.012827038582917642	0.04387202037744872	Misma hebra 1	-128.5	TRUE	perm9	9328
Rep 1	Misma hebra	-123	-0.15282125769636068	-0.2315460052877425	-0.07633512570575603	9.816285487734143e-5	121	5530	0.012318029115341545	6.012474861237162e-4	Misma hebra 1	-118.5	TRUE	perm9	9328
Rep 1	Misma hebra	-113	-0.08606538013642946	-0.16279019368371714	-0.009994640093238931	0.02677325216388633	137	5530	0.013946859411585055	0.043729645201014335	Misma hebra 1	-108.5	TRUE	perm9	9328
Rep 1	Misma hebra	-103	-0.05228790816559046	-0.14223794513865554	0.03769005173567537	0.25302856486210473	120	5530	0.012216227221826326	0.2695304277878942	Misma hebra 1	-98.5	FALSE	perm9	9328
Rep 1	Misma hebra	-93	-0.14578334856197322	-0.2318818573829801	-0.05875761587739868	0.0013169509996088396	113	5530	0.01150361396721979	0.004033162436302072	Misma hebra 1	-88.5	TRUE	perm9	9328
Rep 1	Misma hebra	-83	-0.13208706521295993	-0.21945991005816437	-0.04850522159730557	0.0021255867322696165	110	5530	0.011198208286674132	0.005481776309537432	Misma hebra 1	-78.5	TRUE	perm9	9328
Rep 1	Misma hebra	-73	-0.14502857329277186	-0.22949009165869555	-0.0617797571894188	6.87633642832289e-4	118	5530	0.012012623434795887	0.0024067177499130115	Misma hebra 1	-68.5	TRUE	perm9	9328
Rep 1	Misma hebra	-63	-0.13472747199090312	-0.22940883277234572	-0.04278474138003375	0.00438458559025491	111	5530	0.011300010180189352	0.00934107364880394	Misma hebra 1	-58.5	TRUE	perm9	9328
Rep 1	Misma hebra	-53	-0.06679534198528647	-0.16176839703484433	0.029257885843972677	0.17308406837703572	105	5530	0.010689198819098035	0.19723533373197094	Misma hebra 1	-48.5	FALSE	perm9	9328
Rep 1	Misma hebra	-43	-0.10861946825203891	-0.1990312023609561	-0.019986416977978934	0.01615853119303966	108	5530	0.010994604499643693	0.028277429587819407	Misma hebra 1	-38.5	TRUE	perm9	9328
Rep 1	Misma hebra	-33	-0.06862113319255524	-0.148593396315871	0.012162206446446912	0.09596612673625629	142	5530	0.014455868879161152	0.13062056139101552	Misma hebra 1	-28.5	FALSE	perm9	9328
Rep 1	Misma hebra	-23	-0.0691741201933926	-0.16419170157614	0.023685279402435568	0.14591721936191224	92	5530	0.009365774203400182	0.1787485937183425	Misma hebra 1	-18.5	FALSE	perm9	9328
Rep 1	Misma hebra	-13	-0.09822948544495311	-0.22946718648322648	0.029932645693860747	0.1308590381424094	58	5530	0.005904509823882724	0.16441263766610412	Misma hebra 1	-8.5	FALSE	perm9	9328
Rep 1	Misma hebra	-3	-0.12223863844362318	-0.2265131643632934	-0.023497401695158363	0.015214087066165442	68	5530	0.006922528759034918	0.027610750601559507	Misma hebra 1	1.5	TRUE	perm9	9328
Rep 1	Hebra opuesta	-233	-0.00762146256232809	-0.14005707771545595	0.1314138311197951	0.9122006861577041	55	5530	0.005599104143337066	0.9122006861577041	Hebra opuesta 1	-228.5	FALSE	perm9	9328
Rep 1	Hebra opuesta	-223	-0.06486470124558295	-0.12962428479560575	-1.709750123938713e-4	0.049118584408285974	212	5530	0.02158200142522651	0.07078854811782391	Hebra opuesta 1	-218.5	FALSE	perm9	9328
Rep 1	Hebra opuesta	-213	-0.12107180451558401	-0.1821902810866272	-0.06115944971608745	7.460920694031657e-5	214	5530	0.021785605212256948	6.012474861237162e-4	Hebra opuesta 1	-208.5	TRUE	perm9	9328
Rep 1	Hebra opuesta	-203	-0.04512035724330006	-0.11054363693854131	0.019786541706083467	0.17187751623612782	212	5530	0.02158200142522651	0.19723533373197094	Hebra opuesta 1	-198.5	FALSE	perm9	9328
Rep 1	Hebra opuesta	-193	-0.11503459323431775	-0.17610929995618396	-0.05522990119165274	1.6987238005421995e-4	203	5530	0.020665784383589535	9.248607358507531e-4	Hebra opuesta 1	-188.5	TRUE	perm9	9328
Rep 1	Hebra opuesta	-183	-0.09898490668985947	-0.16439772632302282	-0.035397471864622346	0.00230970172615062	197	5530	0.02005497302249822	0.005658769229069019	Hebra opuesta 1	-178.5	TRUE	perm9	9328
Rep 1	Hebra opuesta	-173	-0.1341820031204364	-0.20631074594561918	-0.06188828218295569	3.2345590885171047e-4	180	5530	0.01832434083273949	0.0015849339533733815	Hebra opuesta 1	-168.5	TRUE	perm9	9328
Rep 1	Hebra opuesta	-163	-0.06748349116418607	-0.13504197972922713	-0.0011150487999873988	0.046210642944814834	168	5530	0.017102718110556855	0.06861580316048263	Hebra opuesta 1	-158.5	FALSE	perm9	9328
Rep 1	Hebra opuesta	-153	-0.10828010693841852	-0.17179478394616832	-0.04703396526170592	5.376392824699096e-4	190	5530	0.019342359767891684	0.0021953604034187974	Hebra opuesta 1	-148.5	TRUE	perm9	9328
Rep 1	Hebra opuesta	-143	-0.11076222787541276	-0.1800636588989309	-0.04289251705293072	0.0014211484365788951	175	5530	0.017815331365163393	0.004096251376021521	Hebra opuesta 1	-138.5	TRUE	perm9	9328
Rep 1	Hebra opuesta	-133	-0.08293383772342486	-0.15404916219483258	-0.012146595479505813	0.021575084388519416	180	5530	0.01832434083273949	0.03645445293232591	Hebra opuesta 1	-128.5	TRUE	perm9	9328
Rep 1	Hebra opuesta	-123	-0.14082274917539306	-0.2060502417296103	-0.0771855627981134	1.7018769665026877e-5	182	5530	0.018527944619769927	2.0847992839657925e-4	Hebra opuesta 1	-118.5	TRUE	perm9	9328
Rep 1	Hebra opuesta	-113	-0.1393413940953631	-0.20749634156100616	-0.07256854641830633	4.175557525598606e-5	154	5530	0.015677491601343786	4.092046375086634e-4	Hebra opuesta 1	-108.5	TRUE	perm9	9328
Rep 1	Hebra opuesta	-103	-0.12609268641695948	-0.20139735146661233	-0.05189991585426143	9.439096378240596e-4	148	5530	0.015066680240252468	0.003083438150225261	Hebra opuesta 1	-98.5	TRUE	perm9	9328
Rep 1	Hebra opuesta	-93	-0.10459301719881153	-0.1803403123847703	-0.029591670651228072	0.0063138400107982575	166	5530	0.016899114323526417	0.011899160020350562	Hebra opuesta 1	-88.5	TRUE	perm9	9328
Rep 1	Hebra opuesta	-83	-0.05185431140405965	-0.12959745038939868	0.02590023812899871	0.19139680275310694	142	5530	0.014455868879161152	0.21314643942959635	Hebra opuesta 1	-78.5	FALSE	perm9	9328
Rep 1	Hebra opuesta	-73	-0.13526590268584568	-0.21685495375770833	-0.057197451482718785	6.225259138436326e-4	120	5530	0.012216227221826326	0.0023464438291029227	Hebra opuesta 1	-68.5	TRUE	perm9	9328
Rep 1	Hebra opuesta	-63	-0.08820999171920754	-0.17506006485777928	-0.0022010530945872483	0.044368688606012924	121	5530	0.012318029115341545	0.0679395544279573	Hebra opuesta 1	-58.5	FALSE	perm9	9328
Rep 1	Hebra opuesta	-53	-0.23719653237526447	-0.32498783226487254	-0.15306305829152075	3.384854474061789e-8	95	5530	0.009671179883945842	1.6585786922902766e-6	Hebra opuesta 1	-48.5	TRUE	perm9	9328
Rep 1	Hebra opuesta	-43	-0.06699945359485383	-0.1545180303528265	0.01869519381518342	0.1246627964907246	107	5530	0.010892802606128474	0.16074939547488173	Hebra opuesta 1	-38.5	FALSE	perm9	9328
Rep 1	Hebra opuesta	-33	-0.03435835245305583	-0.10684949294883478	0.03962786666370725	0.3620742905455743	168	5530	0.017102718110556855	0.3696175049319404	Hebra opuesta 1	-28.5	FALSE	perm9	9328
Rep 1	Hebra opuesta	-23	-0.1457450952217977	-0.22671654500152344	-0.06615818583812866	4.158342074847967e-4	127	5530	0.012928840476432862	0.0018523523787959124	Hebra opuesta 1	-18.5	TRUE	perm9	9328
Rep 1	Hebra opuesta	-13	-0.08102585670967694	-0.16599349897164958	0.0021267582652579713	0.05644594804550859	112	5530	0.011401812073704571	0.07902432726371203	Hebra opuesta 1	-8.5	FALSE	perm9	9328
Rep 1	Hebra opuesta	-3	-0.06390837113864872	-0.14571249079010498	0.01737442344983587	0.1240435046128112	151	5530	0.015372085920798128	0.16074939547488173	Hebra opuesta 1	1.5	FALSE	perm9	9328
Rep 1	Hebra opuesta	7	-0.05373022360451079	-0.16029779016536022	0.05172777549065997	0.315829315807007	68	5530	0.006922528759034918	0.3292688611604967	Hebra opuesta 1	11.5	FALSE	perm9	9328
Rep 2	Misma hebra	-233	-0.08402790720079212	-0.1601709201195643	-0.009556030330914912	0.02273012527450875	260	6465	0.022388702316369587	0.03182217538431225	Misma hebra 1	-228.5	TRUE	perm9	9328
Rep 2	Misma hebra	-223	-0.07571016115329537	-0.15373568055536052	-0.0014934771225282488	0.04148373338050316	275	6465	0.02368035821923706	0.05646397043457375	Misma hebra 1	-218.5	FALSE	perm9	9328
Rep 2	Misma hebra	-213	-0.12459170939165651	-0.20329833736910768	-0.04730489216426211	0.0012061792785575032	247	6465	0.021269267200551105	0.002814418316634174	Misma hebra 1	-208.5	TRUE	perm9	9328
Rep 2	Misma hebra	-203	-0.023201663839695925	-0.1106778974428936	0.06191953090134655	0.5440908530342186	230	6465	0.019805390510634634	0.5795750391016676	Misma hebra 1	-198.5	FALSE	perm9	9328
Rep 2	Misma hebra	-193	-0.1541747385287484	-0.2305518236027848	-0.07736572384455763	4.426167136463077e-5	249	6465	0.021441487987600105	2.1688218968669078e-4	Misma hebra 1	-188.5	TRUE	perm9	9328
Rep 2	Misma hebra	-183	-0.18052716217739456	-0.2636332845866532	-0.10004126571230698	9.013593476457104e-6	202	6465	0.017394299491948678	7.90363217970072e-5	Misma hebra 1	-178.5	TRUE	perm9	9328
Rep 2	Misma hebra	-173	-0.1829726652337915	-0.2641833281702008	-0.10322222262436959	4.665620739048296e-6	215	6465	0.018513734607767156	5.7153854053341625e-5	Misma hebra 1	-168.5	TRUE	perm9	9328
Rep 2	Misma hebra	-163	-0.14426736751897654	-0.227855694913641	-0.06138736387474053	5.364458476962075e-4	219	6465	0.018858176181865152	0.001691365407580871	Misma hebra 1	-158.5	TRUE	perm9	9328
Rep 2	Misma hebra	-153	-0.17664952456596691	-0.2578940671934705	-0.09836452782126649	9.677916954735577e-6	208	6465	0.01791096185309567	7.90363217970072e-5	Misma hebra 1	-148.5	TRUE	perm9	9328
Rep 2	Misma hebra	-143	-0.14998673069800966	-0.24031622986929105	-0.06098673114210409	5.868002434464246e-4	176	6465	0.01515542926031172	0.001691365407580871	Misma hebra 1	-138.5	TRUE	perm9	9328
Rep 2	Misma hebra	-133	-0.15684627009482358	-0.24832710286518353	-0.06868329553097732	4.3253029113531587e-4	163	6465	0.01403599414449324	0.0015138560189736055	Misma hebra 1	-128.5	TRUE	perm9	9328
Rep 2	Misma hebra	-123	-0.14575978552260357	-0.24607349747388946	-0.044848866477184966	0.003300499386741384	150	6465	0.012916559028674762	0.006738519581263658	Misma hebra 1	-118.5	TRUE	perm9	9328
Rep 2	Misma hebra	-113	-0.13603212389743224	-0.23209111245273992	-0.04476190028822537	0.0029823963518501337	170	6465	0.01463876689916473	0.006353800923506807	Misma hebra 1	-108.5	TRUE	perm9	9328
Rep 2	Misma hebra	-103	-0.13478951391704994	-0.2364932373665593	-0.03334682857581542	0.008118013740800527	157	6465	0.01351933178334625	0.012831699138684703	Misma hebra 1	-98.5	TRUE	perm9	9328
Rep 2	Misma hebra	-93	-0.13750172519343237	-0.24237076299025295	-0.033540858870185215	0.007463506190054238	144	6465	0.012399896667527771	0.012610751838367506	Misma hebra 1	-88.5	TRUE	perm9	9328
Rep 2	Misma hebra	-83	-0.17163071432328778	-0.27547973705787177	-0.0677564544299781	8.039097896107103e-4	144	6465	0.012399896667527771	0.002188421093940267	Misma hebra 1	-78.5	TRUE	perm9	9328
Rep 2	Misma hebra	-73	-0.13116667680465216	-0.23654015952959243	-0.029021499121103144	0.010776222998463737	133	6465	0.011452682338758288	0.016501091466397597	Misma hebra 1	-68.5	TRUE	perm9	9328
Rep 2	Misma hebra	-63	-0.09538809605292657	-0.20347753014370681	0.005408283558330169	0.06861303144207305	134	6465	0.011538792732282787	0.08847469843846262	Misma hebra 1	-58.5	FALSE	perm9	9328
Rep 2	Misma hebra	-53	-0.07532218468303206	-0.19053040266866633	0.031231635045607775	0.1647432980375177	124	6465	0.010677688797037803	0.2018105400959592	Misma hebra 1	-48.5	FALSE	perm9	9328
Rep 2	Misma hebra	-43	-0.18644654272317296	-0.2898515924758169	-0.08689971112797704	2.0514990321046414e-4	136	6465	0.011711013519331783	9.138495688466129e-4	Misma hebra 1	-38.5	TRUE	perm9	9328
Rep 2	Misma hebra	-33	-0.060984660639148314	-0.16260469914108386	0.03222708378646101	0.2040705464560818	171	6465	0.014724877292689228	0.24388918966702458	Misma hebra 1	-28.5	FALSE	perm9	9328
Rep 2	Misma hebra	-23	-0.05420865507477721	-0.17022272082319406	0.05895253999194534	0.3340014423679656	114	6465	0.009816584861792819	0.37195615172796165	Misma hebra 1	-18.5	FALSE	perm9	9328
Rep 2	Misma hebra	-13	-0.034932260923874116	-0.18829639531434128	0.10403872542163561	0.6130081563528881	80	6465	0.006888831481959873	0.6390936098147132	Misma hebra 1	-8.5	FALSE	perm9	9328
Rep 2	Misma hebra	-3	-0.15232108074565054	-0.28782805285224866	-0.02101816170569464	0.02062297425394617	81	6465	0.006974941875484371	0.03062199207404128	Misma hebra 1	1.5	TRUE	perm9	9328
Rep 2	Hebra opuesta	-233	-0.016092177032330433	-0.17162068504577088	0.135221049356711	0.8307438962819226	65	6465	0.005597175579092397	0.8307438962819226	Hebra opuesta 1	-228.5	FALSE	perm9	9328
Rep 2	Hebra opuesta	-223	-0.03653736306869107	-0.11607531170002228	0.03728283470477555	0.32679150384165606	266	6465	0.022905364677516575	0.37195615172796165	Hebra opuesta 1	-218.5	FALSE	perm9	9328
Rep 2	Hebra opuesta	-213	-0.12908159179243242	-0.20433439181158794	-0.05629865210752909	3.667019128485671e-4	260	6465	0.022388702316369587	0.0014973661441316489	Hebra opuesta 1	-208.5	TRUE	perm9	9328
Rep 2	Hebra opuesta	-203	-0.05684215359553599	-0.1373228678096221	0.016601563417646067	0.1349347529222669	266	6465	0.022905364677516575	0.16953340751771995	Hebra opuesta 1	-198.5	FALSE	perm9	9328
Rep 2	Hebra opuesta	-193	-0.11453737386520066	-0.18979214965210733	-0.04204618387256396	0.0014163818316307664	264	6465	0.02273314389046758	0.0031546686249957975	Hebra opuesta 1	-188.5	TRUE	perm9	9328
Rep 2	Hebra opuesta	-183	-0.12925098599981988	-0.21083772043701776	-0.04930056422692665	9.777279140170026e-4	239	6465	0.02058038405235512	0.002521508830885954	Hebra opuesta 1	-178.5	TRUE	perm9	9328
Rep 2	Hebra opuesta	-173	-0.16706781074731644	-0.2481307270816668	-0.08659450698284077	3.384195869114772e-5	223	6465	0.019202617755963144	1.8425066398513758e-4	Hebra opuesta 1	-168.5	TRUE	perm9	9328
Rep 2	Hebra opuesta	-163	-0.17343741246324165	-0.25843472170214754	-0.0911998954889963	2.020294525486734e-5	196	6465	0.016877637130801686	1.414206167840714e-4	Hebra opuesta 1	-158.5	TRUE	perm9	9328
Rep 2	Hebra opuesta	-153	-0.10381523576551703	-0.18656932596267178	-0.025975104363280155	0.007193743908156474	240	6465	0.02066649444587962	0.01258905183927383	Hebra opuesta 1	-148.5	TRUE	perm9	9328
Rep 2	Hebra opuesta	-143	-0.14233665329741002	-0.2251010032612742	-0.06238586827460145	4.2870136379620223e-4	219	6465	0.018858176181865152	0.0015138560189736055	Hebra opuesta 1	-138.5	TRUE	perm9	9328
Rep 2	Hebra opuesta	-133	-0.1411948193916975	-0.2281214565553844	-0.054363196032691484	0.0010771595663658182	211	6465	0.018169293033669164	0.002639040937596255	Hebra opuesta 1	-128.5	TRUE	perm9	9328
Rep 2	Hebra opuesta	-123	-0.16435510615865334	-0.24549535545178164	-0.08605749550346078	2.5164150908144052e-5	215	6465	0.018513734607767156	1.541304243123823e-4	Hebra opuesta 1	-118.5	TRUE	perm9	9328
Rep 2	Hebra opuesta	-113	-0.20595636782653534	-0.28968491348285275	-0.12517689324649442	4.6773272035262827e-7	196	6465	0.016877637130801686	1.4191590910279518e-5	Hebra opuesta 1	-108.5	TRUE	perm9	9328
Rep 2	Hebra opuesta	-103	-0.127976305068196	-0.22122699685841074	-0.03561956916709849	0.005054731935998863	184	6465	0.015844312408507706	0.009318752325519087	Hebra opuesta 1	-98.5	TRUE	perm9	9328
Rep 2	Hebra opuesta	-93	-0.12471435724391895	-0.21198083460683076	-0.03772394314794624	0.0039251882767387504	206	6465	0.01773874106604667	0.007693369022407951	Hebra opuesta 1	-88.5	TRUE	perm9	9328
Rep 2	Hebra opuesta	-83	-0.10840643658234056	-0.20420198106043608	-0.013937997694843853	0.022488221399419375	169	6465	0.01455265650564023	0.03182217538431225	Hebra opuesta 1	-78.5	TRUE	perm9	9328
Rep 2	Hebra opuesta	-73	-0.2273559506507667	-0.3221195912669654	-0.13782311905830566	5.792486085828375e-7	155	6465	0.013347110996297254	1.4191590910279518e-5	Hebra opuesta 1	-68.5	TRUE	perm9	9328
Rep 2	Hebra opuesta	-63	-0.16916440304372066	-0.26855376828700345	-0.06972024579498338	5.554180908312623e-4	151	6465	0.01300266942219926	0.001691365407580871	Hebra opuesta 1	-58.5	TRUE	perm9	9328
Rep 2	Hebra opuesta	-53	-0.2457723120203424	-0.3506272859773783	-0.14525220627442534	1.93082034859117e-6	118	6465	0.010161026435890811	3.153673236032244e-5	Hebra opuesta 1	-48.5	TRUE	perm9	9328
Rep 2	Hebra opuesta	-43	-0.1385853580946466	-0.24578588794614126	-0.03185367417489083	0.007746770090476858	133	6465	0.011452682338758288	0.012653057814445534	Hebra opuesta 1	-38.5	TRUE	perm9	9328
Rep 2	Hebra opuesta	-33	-0.051114232758852095	-0.14037356859139144	0.030660159956323273	0.2254714990164177	199	6465	0.017135968311375184	0.26305008218582066	Hebra opuesta 1	-28.5	FALSE	perm9	9328
Rep 2	Hebra opuesta	-23	-0.1466020238631982	-0.2498683591844077	-0.04251895343276715	0.0051348227099799046	144	6465	0.012399896667527771	0.009318752325519087	Hebra opuesta 1	-18.5	TRUE	perm9	9328
Rep 2	Hebra opuesta	-13	-0.1047953746458604	-0.21655466515422075	0.0010243499301494214	0.05476811480999273	126	6465	0.0108499095840868	0.07253074664026064	Hebra opuesta 1	-8.5	FALSE	perm9	9328
Rep 2	Hebra opuesta	-3	-0.029601172619747797	-0.12738065227689488	0.06481205445953817	0.5391142022973837	175	6465	0.015069318866787222	0.5795750391016676	Hebra opuesta 1	1.5	FALSE	perm9	9328
Rep 2	Hebra opuesta	7	-0.02285487631187922	-0.17268805929142667	0.12081985387239355	0.7393191143943123	76	6465	0.006544389907861879	0.7547215959441937	Hebra opuesta 1	11.5	FALSE	perm9	9328
Rep 1	Misma hebra	-233	-0.07545085541215513	-0.1404417966375599	-0.011089160840911178	0.022090481448671727	200	5249	0.020360378703043875	0.04706233004282238	Misma hebra 1	-228.5	TRUE	perm10	10012
Rep 1	Misma hebra	-223	-0.02998780489248748	-0.09683198041220145	0.03713112244369042	0.37805793861570086	205	5249	0.020869388170619972	0.4749958715940857	Misma hebra 1	-218.5	FALSE	perm10	10012
Rep 1	Misma hebra	-213	-0.09296630207659638	-0.15440558808080698	-0.03340278092773352	0.002247534832828774	218	5249	0.022192812786317826	0.007341947120573995	Misma hebra 1	-208.5	TRUE	perm10	10012
Rep 1	Misma hebra	-203	-0.06311462146057006	-0.12781012446163872	0.0012567719437235143	0.055108555512164335	222	5249	0.022600020360378704	0.09311445586538113	Misma hebra 1	-198.5	FALSE	perm10	10012
Rep 1	Misma hebra	-193	-0.03072019656221496	-0.09792027791714071	0.036263282920621975	0.36437460319104614	183	5249	0.018629746513285146	0.4698514620095069	Misma hebra 1	-188.5	FALSE	perm10	10012
Rep 1	Misma hebra	-183	-0.1461948573568351	-0.21412666028394062	-0.07921498130595823	2.2016977004485822e-5	190	5249	0.019342359767891684	2.697079683049513e-4	Misma hebra 1	-178.5	TRUE	perm10	10012
Rep 1	Misma hebra	-173	-0.06747989459840077	-0.13936653404890112	0.003701834049284019	0.06353127473419007	185	5249	0.018833350300315587	0.10376774873251045	Misma hebra 1	-168.5	FALSE	perm10	10012
Rep 1	Misma hebra	-163	-0.06106305727544321	-0.13211705383865496	0.010291907899185937	0.09443545933241	192	5249	0.01954596355492212	0.1402223487056997	Misma hebra 1	-158.5	FALSE	perm10	10012
Rep 1	Misma hebra	-153	-0.09833087738672458	-0.17297621936458735	-0.023811165883865514	0.010000921868706599	177	5249	0.01801893515219383	0.02450225857833117	Misma hebra 1	-148.5	TRUE	perm10	10012
Rep 1	Misma hebra	-143	-0.14008572951551207	-0.2146575969080983	-0.06653511729434412	2.166254250032552e-4	158	5249	0.016084699175404664	0.0014574813460965937	Misma hebra 1	-138.5	TRUE	perm10	10012
Rep 1	Misma hebra	-133	-0.12647990278501978	-0.1949968105326694	-0.05806500126626158	3.21178361837827e-4	154	5249	0.015677491601343786	0.0015737739730053524	Misma hebra 1	-128.5	TRUE	perm10	10012
Rep 1	Misma hebra	-123	-0.055470119280383354	-0.13405413143934744	0.021666195638013707	0.1588873928937098	152	5249	0.015473887814313346	0.2224423500511937	Misma hebra 1	-118.5	FALSE	perm10	10012
Rep 1	Misma hebra	-113	-0.079855251012247	-0.15495395134074463	-0.005670557248796276	0.03488142524040693	154	5249	0.015677491601343786	0.06817172986003657	Misma hebra 1	-108.5	FALSE	perm10	10012
Rep 1	Misma hebra	-103	-0.1441246794206917	-0.21672134240344698	-0.07233633406909301	9.267578678361693e-5	139	5249	0.014150463198615494	7.568522587328715e-4	Misma hebra 1	-98.5	TRUE	perm10	10012
Rep 1	Misma hebra	-93	-0.11762296153289307	-0.20010761275701178	-0.03651338610711927	0.0043921371584933555	112	5249	0.011401812073704571	0.01265968945683379	Misma hebra 1	-88.5	TRUE	perm10	10012
Rep 1	Misma hebra	-83	-0.11877565540344853	-0.20633299494008556	-0.031660575754336756	0.007861846569603852	108	5249	0.010994604499643693	0.020275288521609935	Misma hebra 1	-78.5	TRUE	perm10	10012
Rep 1	Misma hebra	-73	-0.055203338492270285	-0.1505033368143372	0.03934701630512155	0.25237845980242885	113	5249	0.01150361396721979	0.34351512584219485	Misma hebra 1	-68.5	FALSE	perm10	10012
Rep 1	Misma hebra	-63	-0.12170838094424838	-0.2096616947199006	-0.035165294582660094	0.006084120324489532	106	5249	0.010791000712613255	0.01656232754999928	Misma hebra 1	-58.5	TRUE	perm10	10012
Rep 1	Misma hebra	-53	0.028138608788043664	-0.06261278225617646	0.12033459938081309	0.5475777621812357	105	5249	0.010689198819098035	0.5962513410417899	Misma hebra 1	-48.5	FALSE	perm10	10012
Rep 1	Misma hebra	-43	-0.029300589893275525	-0.11618311404384025	0.06066068799983195	0.5179304036451102	105	5249	0.010689198819098035	0.5962513410417899	Misma hebra 1	-38.5	FALSE	perm10	10012
Rep 1	Misma hebra	-33	-0.10988001673424327	-0.18352807008204583	-0.0373388713555753	0.0030431246393186756	154	5249	0.015677491601343786	0.009319569207913443	Misma hebra 1	-28.5	TRUE	perm10	10012
Rep 1	Misma hebra	-23	-0.10229516108551742	-0.1975764771932778	-0.006612556896775749	0.03617275461961124	94	5249	0.009569377990430622	0.06817172986003657	Misma hebra 1	-18.5	FALSE	perm10	10012
Rep 1	Misma hebra	-13	-0.13066399080442123	-0.20942804765025283	-0.054486861257325506	7.401950516011195e-4	112	5249	0.011401812073704571	0.0030224631273712377	Misma hebra 1	-8.5	TRUE	perm10	10012
Rep 1	Misma hebra	-3	9.076874823868283e-4	-0.1143076996724099	0.11687715904331133	0.9855794733613888	72	5249	0.007329736333095796	0.9855794733613888	Misma hebra 1	1.5	FALSE	perm10	10012
Rep 1	Hebra opuesta	-233	0.007093067941779087	-0.18563763286154805	0.21420903746780165	0.9398690648787232	28	5249	0.0028504530184261427	0.9594496703970299	Hebra opuesta 1	-228.5	FALSE	perm10	10012
Rep 1	Hebra opuesta	-223	-0.01683013958900164	-0.07952089400586028	0.04481317420487166	0.5880057950901243	224	5249	0.022803624147409142	0.6263539991177411	Hebra opuesta 1	-218.5	FALSE	perm10	10012
Rep 1	Hebra opuesta	-213	-0.03319404312734275	-0.09414676724372391	0.02710720791940525	0.2816562361150046	260	5249	0.02646849231395704	0.3730042045847359	Hebra opuesta 1	-208.5	FALSE	perm10	10012
Rep 1	Hebra opuesta	-203	-0.13144464682760756	-0.19057880041337047	-0.07347100241873052	9.809633311474496e-6	244	5249	0.02483966201771353	1.6022401075408343e-4	Hebra opuesta 1	-198.5	TRUE	perm10	10012
Rep 1	Hebra opuesta	-193	-0.07600731826164019	-0.13675120266583352	-0.015775877634057345	0.014115799027548384	233	5249	0.023719841189046117	0.0329368643976129	Hebra opuesta 1	-188.5	TRUE	perm10	10012
Rep 1	Hebra opuesta	-183	-0.11108314438313283	-0.17528239660795228	-0.04761163102081139	6.562406182779395e-4	214	5249	0.021785605212256948	0.0029232536632380936	Hebra opuesta 1	-178.5	TRUE	perm10	10012
Rep 1	Hebra opuesta	-173	-0.09925416292368687	-0.15915038042720037	-0.04030745435927501	0.001015778573596262	228	5249	0.02321083172147002	0.003555225007586917	Hebra opuesta 1	-168.5	TRUE	perm10	10012
Rep 1	Hebra opuesta	-163	-0.056394833343828686	-0.12076330146857116	0.007196386251004952	0.0822834157051094	210	5249	0.02137839763819607	0.12599648029844876	Hebra opuesta 1	-158.5	FALSE	perm10	10012
Rep 1	Hebra opuesta	-153	-0.1299276854100081	-0.19418079534164773	-0.06739621189652685	4.394115662378762e-5	192	5249	0.01954596355492212	4.306233349131187e-4	Hebra opuesta 1	-148.5	TRUE	perm10	10012
Rep 1	Hebra opuesta	-143	-0.12255711112324855	-0.18692458976651552	-0.058040552800865994	2.379561381382194e-4	197	5249	0.02005497302249822	0.0014574813460965937	Hebra opuesta 1	-138.5	TRUE	perm10	10012
Rep 1	Hebra opuesta	-133	-0.07974566768226797	-0.14796395375667465	-0.011992828874068127	0.02134180111805354	187	5249	0.019036954087346025	0.04706233004282238	Hebra opuesta 1	-128.5	TRUE	perm10	10012
Rep 1	Hebra opuesta	-123	-0.11165816055054377	-0.178849869103535	-0.045990450960955824	9.054169791252385e-4	172	5249	0.017509925684617733	0.003412725536702822	Hebra opuesta 1	-118.5	TRUE	perm10	10012
Rep 1	Hebra opuesta	-113	-0.08001902088340125	-0.151316320548549	-0.00970427361468383	0.02575167874279927	177	5249	0.01801893515219383	0.052576344099881836	Hebra opuesta 1	-108.5	FALSE	perm10	10012
Rep 1	Hebra opuesta	-103	-0.07611340992377576	-0.14843507480531914	-0.003257784408886236	0.04024275867306375	165	5249	0.0167973124300112	0.07303315462889347	Hebra opuesta 1	-98.5	FALSE	perm10	10012
Rep 1	Hebra opuesta	-93	-0.1700912799675118	-0.24289016359488266	-0.09847658205707577	3.5684561090629034e-6	142	5249	0.014455868879161152	1.4179790294937796e-4	Hebra opuesta 1	-88.5	TRUE	perm10	10012
Rep 1	Hebra opuesta	-83	-0.16413234287140688	-0.23659635628260547	-0.09306936663251762	5.787669508137876e-6	140	5249	0.014252265092130713	1.4179790294937796e-4	Hebra opuesta 1	-78.5	TRUE	perm10	10012
Rep 1	Hebra opuesta	-73	-0.08011086957328215	-0.1585771911347159	-0.00267692025454361	0.04304614587830246	133	5249	0.013539651837524178	0.0753307552870293	Hebra opuesta 1	-68.5	FALSE	perm10	10012
Rep 1	Hebra opuesta	-63	-0.02579533804314193	-0.10877666845167837	0.057057350323695744	0.5356431074145875	145	5249	0.01476127455970681	0.5962513410417899	Hebra opuesta 1	-58.5	FALSE	perm10	10012
Rep 1	Hebra opuesta	-53	-0.14088030716398353	-0.21836553295920205	-0.065764991431705	2.859177894662001e-4	122	5249	0.012419831008856765	0.0015566635204270895	Hebra opuesta 1	-48.5	TRUE	perm10	10012
Rep 1	Hebra opuesta	-43	-0.03660745978045663	-0.13238379476899326	0.06145870690734799	0.46182389550519465	98	5249	0.0099765855644915	0.5657342719938635	Hebra opuesta 1	-38.5	FALSE	perm10	10012
Rep 1	Hebra opuesta	-33	-0.021496674045752596	-0.08985061510076497	0.0469444994207067	0.5379086690226849	168	5249	0.017102718110556855	0.5962513410417899	Hebra opuesta 1	-28.5	FALSE	perm10	10012
Rep 1	Hebra opuesta	-23	-0.06752239137530161	-0.15049161903672081	0.015367358787104867	0.10948591472950309	122	5249	0.012419831008856765	0.15778852416898975	Hebra opuesta 1	-18.5	FALSE	perm10	10012
Rep 1	Hebra opuesta	-13	-0.029327408061711913	-0.12293509197680745	0.06382661680641451	0.5342841596226358	105	5249	0.010689198819098035	0.5962513410417899	Hebra opuesta 1	-8.5	FALSE	perm10	10012
Rep 1	Hebra opuesta	-3	-0.06541192011912855	-0.13770201643126984	0.0071018314252548655	0.07614177101654994	167	5249	0.017000916217041636	0.12035312192938538	Hebra opuesta 1	1.5	FALSE	perm10	10012
Rep 1	Hebra opuesta	7	0.015389207997013418	-0.10524828932386965	0.1320689423889241	0.7948113520116508	65	5249	0.00661712307848926	0.828633111671721	Hebra opuesta 1	11.5	FALSE	perm10	10012
Rep 2	Misma hebra	-233	-0.09812591843730749	-0.1737898388246676	-0.021808929697042238	0.009980975185496089	271	6136	0.02333591664513907	0.022230353822241287	Misma hebra 1	-228.5	TRUE	perm10	10012
Rep 2	Misma hebra	-223	-0.06604187337046234	-0.14580167332776267	0.007567787375867447	0.09313849116820702	257	6136	0.02213037113579609	0.12965256313404183	Misma hebra 1	-218.5	FALSE	perm10	10012
Rep 2	Misma hebra	-213	-0.11105550981511214	-0.18554275325396125	-0.03886991585428922	0.0021291453855594917	269	6136	0.023163695858090073	0.006955208259494339	Misma hebra 1	-208.5	TRUE	perm10	10012
Rep 2	Misma hebra	-203	-0.060606606648755106	-0.13850700910965907	0.012834758874624213	0.11323168794296468	263	6136	0.02264703349694308	0.14995547862716943	Misma hebra 1	-198.5	FALSE	perm10	10012
Rep 2	Misma hebra	-193	-0.10367406805377617	-0.18842803929371535	-0.02134742082801037	0.011461664298713614	232	6136	0.01997761129768363	0.02441832828856379	Misma hebra 1	-188.5	TRUE	perm10	10012
Rep 2	Misma hebra	-183	-0.13176553478492833	-0.21233370259276363	-0.05307290445994344	7.464542653209756e-4	231	6136	0.019891500904159132	0.0040640287778586455	Misma hebra 1	-178.5	TRUE	perm10	10012
Rep 2	Misma hebra	-173	-0.05545578389071094	-0.14451969279022625	0.02568798882394651	0.17996175166196302	210	6136	0.018083182640144666	0.22045314578590472	Misma hebra 1	-168.5	FALSE	perm10	10012
Rep 2	Misma hebra	-163	-0.04127909568033768	-0.12659733381408406	0.03793279785562936	0.315312398495586	223	6136	0.019202617755963144	0.3593094773554352	Misma hebra 1	-158.5	FALSE	perm10	10012
Rep 2	Misma hebra	-153	-0.07719301360305822	-0.16067526851734448	0.002402076505157437	0.06138608007739968	217	6136	0.018685955394816153	0.10026393079308614	Misma hebra 1	-148.5	FALSE	perm10	10012
Rep 2	Misma hebra	-143	-0.12167038628696411	-0.21102610992688245	-0.03118555047719257	0.006654846575002614	194	6136	0.01670541634375269	0.016304374108756407	Misma hebra 1	-138.5	TRUE	perm10	10012
Rep 2	Misma hebra	-133	-0.1707440644887665	-0.2603319649287302	-0.08265320829069377	1.0598184054512015e-4	191	6136	0.016447085163179196	9.682831818997996e-4	Misma hebra 1	-128.5	TRUE	perm10	10012
Rep 2	Misma hebra	-123	-0.03448766482679258	-0.1300952596949744	0.05372832439857321	0.4345747738961826	182	6136	0.01567209162145871	0.4839582709298397	Misma hebra 1	-118.5	FALSE	perm10	10012
Rep 2	Misma hebra	-113	-0.06641231074973468	-0.16496095672290342	0.026640802039592192	0.17174091828659868	174	6136	0.014983208473262722	0.21577705118059834	Misma hebra 1	-108.5	FALSE	perm10	10012
Rep 2	Misma hebra	-103	-0.14338616571860102	-0.2362119896724083	-0.05080060171560056	0.001898399872864198	169	6136	0.01455265650564023	0.006721253666658385	Misma hebra 1	-98.5	TRUE	perm10	10012
Rep 2	Misma hebra	-93	-0.20546787547629042	-0.30529099672619087	-0.10888761575195685	1.8203093842450512e-5	144	6136	0.012399896667527771	2.973171994266917e-4	Misma hebra 1	-88.5	TRUE	perm10	10012
Rep 2	Misma hebra	-83	-0.18665633630103265	-0.28617789435057844	-0.08904365008322193	1.1856528757956731e-4	149	6136	0.012830448635150263	9.682831818997996e-4	Misma hebra 1	-78.5	TRUE	perm10	10012
Rep 2	Misma hebra	-73	-0.09558492471592304	-0.21083968905448527	0.00901892629905377	0.08521711729414258	133	6136	0.011452682338758288	0.12965256313404183	Misma hebra 1	-68.5	FALSE	perm10	10012
Rep 2	Misma hebra	-63	-0.0731692955596949	-0.17960324431812466	0.029523546442155754	0.16550646285598353	135	6136	0.011624903125807285	0.2134162284195577	Misma hebra 1	-58.5	FALSE	perm10	10012
Rep 2	Misma hebra	-53	-0.026598714176207936	-0.14351858099281348	0.08302865510701397	0.6051374908488565	135	6136	0.011624903125807285	0.6308880223743398	Misma hebra 1	-48.5	FALSE	perm10	10012
Rep 2	Misma hebra	-43	0.010733445386088674	-0.09962785137825449	0.12032406590099462	0.8226809887114306	133	6136	0.011452682338758288	0.839820175976252	Misma hebra 1	-38.5	FALSE	perm10	10012
Rep 2	Misma hebra	-33	-0.13911124976738842	-0.22676808489223624	-0.049784768222088986	0.0019203581904738243	186	6136	0.016016533195556702	0.006721253666658385	Misma hebra 1	-28.5	TRUE	perm10	10012
Rep 2	Misma hebra	-23	-0.18196054388273658	-0.29477670587214083	-0.07008110084812569	0.0011821080186273443	111	6136	0.009558253681219323	0.0052657539011581695	Misma hebra 1	-18.5	TRUE	perm10	10012
Rep 2	Misma hebra	-13	-0.15360776323307548	-0.26173250698218903	-0.05033642732068004	0.003500514285537027	137	6136	0.011797123912856282	0.00952917777729524	Misma hebra 1	-8.5	TRUE	perm10	10012
Rep 2	Misma hebra	-3	-0.03496514328037407	-0.1670130780223085	0.09197970313905428	0.5734020658110355	89	6136	0.007663825023680358	0.6107978527117552	Misma hebra 1	1.5	FALSE	perm10	10012
Rep 2	Hebra opuesta	-233	0.1195317509769545	-0.07814378091618157	0.33079181744205505	0.2534184128558474	51	6136	0.004391630069749419	0.2956548149984886	Hebra opuesta 1	-228.5	FALSE	perm10	10012
Rep 2	Hebra opuesta	-223	-0.07241229968930228	-0.14691966058412012	-2.825628468528181e-4	0.04627170512780263	293	6136	0.025230345302678033	0.07818322590559755	Hebra opuesta 1	-218.5	FALSE	perm10	10012
Rep 2	Hebra opuesta	-213	-0.07999965769903213	-0.1521603441589918	-0.008913192173796273	0.021559780262793454	307	6136	0.02643589081202101	0.037729615459888545	Hebra opuesta 1	-208.5	TRUE	perm10	10012
Rep 2	Hebra opuesta	-203	-0.12363440563230643	-0.19633422236422907	-0.05197614433766723	4.48443215462296e-4	301	6136	0.02591922845087402	0.002746714694706563	Hebra opuesta 1	-198.5	TRUE	perm10	10012
Rep 2	Hebra opuesta	-193	-0.06287346034791998	-0.14117520623339044	0.009095972090117766	0.09525494434337767	278	6136	0.02393868939981056	0.12965256313404183	Hebra opuesta 1	-188.5	FALSE	perm10	10012
Rep 2	Hebra opuesta	-183	-0.09195751556782217	-0.1695640786863034	-0.015611284749159883	0.01481375220559858	265	6136	0.022819254283992077	0.03024474408643043	Hebra opuesta 1	-178.5	TRUE	perm10	10012
Rep 2	Hebra opuesta	-173	-0.16294308743495703	-0.2367883936751545	-0.0916603960291037	6.021424095571951e-6	267	6136	0.022991475071041073	2.817177561803385e-4	Hebra opuesta 1	-168.5	TRUE	perm10	10012
Rep 2	Hebra opuesta	-163	-0.10389523868625802	-0.18355988837320306	-0.024725058863404516	0.0072843091664873405	261	6136	0.022474812709894085	0.016996721388470463	Hebra opuesta 1	-158.5	TRUE	perm10	10012
Rep 2	Hebra opuesta	-153	-0.11767374333954385	-0.20023188576448472	-0.036654539868897676	0.0031883055939577716	233	6136	0.02006372169120813	0.009189822006113577	Hebra opuesta 1	-148.5	TRUE	perm10	10012
Rep 2	Hebra opuesta	-143	-0.145954546569196	-0.2269951071267049	-0.06662040725930496	1.9987731420829209e-4	230	6136	0.019805390510634634	0.0013991411994580447	Hebra opuesta 1	-138.5	TRUE	perm10	10012
Rep 2	Hebra opuesta	-133	-0.04892471752276494	-0.13431269895243073	0.03174505171052259	0.23267061551075716	222	6136	0.019116507362438646	0.27806976000066097	Hebra opuesta 1	-128.5	FALSE	perm10	10012
Rep 2	Hebra opuesta	-123	-0.16159726984053255	-0.24374898081111188	-0.08205640505141619	6.114365875527919e-5	217	6136	0.018685955394816153	7.4900981975217e-4	Hebra opuesta 1	-118.5	TRUE	perm10	10012
Rep 2	Hebra opuesta	-113	-0.09716769877175334	-0.18069673151553423	-0.015449405061111343	0.016677459746271755	227	6136	0.019547059330061137	0.03143059721412754	Hebra opuesta 1	-108.5	TRUE	perm10	10012
Rep 2	Hebra opuesta	-103	-0.10180399787064465	-0.1906542236855244	-0.015318884437722165	0.01739350861252095	192	6136	0.016533195556703694	0.03156599711161209	Hebra opuesta 1	-98.5	TRUE	perm10	10012
Rep 2	Hebra opuesta	-93	-0.1834639804319463	-0.2688861310977081	-0.09825922345937495	1.1498683925728102e-5	192	6136	0.016533195556703694	2.817177561803385e-4	Hebra opuesta 1	-88.5	TRUE	perm10	10012
Rep 2	Hebra opuesta	-83	-0.1452462318175969	-0.23451995085332716	-0.05634615455022299	0.001059117411882569	180	6136	0.015499870834409714	0.005189675318224588	Hebra opuesta 1	-78.5	TRUE	perm10	10012
Rep 2	Hebra opuesta	-73	-0.11013636130904009	-0.2050069587682146	-0.01783836402014217	0.016318101996687148	178	6136	0.015327650047360716	0.03143059721412754	Hebra opuesta 1	-68.5	TRUE	perm10	10012
Rep 2	Hebra opuesta	-63	-0.1318092749126487	-0.22375291410162887	-0.036466448757028806	0.004957626302413848	174	6136	0.014983208473262722	0.012785457306225188	Hebra opuesta 1	-58.5	TRUE	perm10	10012
Rep 2	Hebra opuesta	-53	-0.146456181255244	-0.24216376104381274	-0.052124548854029173	0.0018507056021755868	165	6136	0.014208214931542238	0.006721253666658385	Hebra opuesta 1	-48.5	TRUE	perm10	10012
Rep 2	Hebra opuesta	-43	-0.03609260247669365	-0.15305045980188942	0.0737876725879178	0.5207868311744015	116	6136	0.009988805648841815	0.5670789939454594	Hebra opuesta 1	-38.5	FALSE	perm10	10012
Rep 2	Hebra opuesta	-33	-0.12673043471322915	-0.21243151242267902	-0.043068439691896436	0.0023664347359336887	212	6136	0.018255403427193662	0.007247206378796922	Hebra opuesta 1	-28.5	TRUE	perm10	10012
Rep 2	Hebra opuesta	-23	-0.08655354793381644	-0.19062760725750633	0.012132907135196892	0.09399614030963095	151	6136	0.01300266942219926	0.12965256313404183	Hebra opuesta 1	-18.5	FALSE	perm10	10012
Rep 2	Hebra opuesta	-13	-0.100252212608848	-0.21640461623063326	0.008954155250302794	0.07901764076282324	130	6136	0.011194351158184793	0.1248988515283335	Hebra opuesta 1	-8.5	FALSE	perm10	10012
Rep 2	Hebra opuesta	-3	-0.07029931523100552	-0.1596201844444152	0.00893351837343763	0.09074689645634276	209	6136	0.017997072246620168	0.12965256313404183	Hebra opuesta 1	1.5	FALSE	perm10	10012
Rep 2	Hebra opuesta	7	-0.012784271586836083	-0.16401362946159373	0.1339578095622234	0.8578980282460773	71	6136	0.006113837940239387	0.8578980282460773	Hebra opuesta 1	11.5	FALSE	perm10	10012
